timestamp,text,views
2026-04-01 10:28:04,England have a serious Harry Kane problem,13
2026-04-01 10:42:17,England's three winners and five losers from dire World Cup warm-ups,33
2026-04-01 10:42:29,Read the full article for free here: [https://inews.co.uk/sport/football/england-winners-losers-world-cup-4325203](https://inews.co.uk/sport/football/england-winners-losers-world-cup-4325203),1
2026-04-01 10:52:29,"Harry Maguire listed as a loser rather than a winner despite getting more shots on target in his five minutes than Foden, Rogers, Palmer and Gordon 😂  Awful article.",30
2026-04-01 10:57:22,That was pure dross. All these useless matches proved was without Harry England aren’t going anywhere but home.,8
2026-04-01 10:57:52,Another shit article. How is it a problem to have the best striker in the world?,9
2026-04-01 11:54:41,Referring to Garner as a 'former Manchester United' player when you could just say he's an Everton player does annoy me a bit.,6
2026-04-01 12:02:07,"It’s a bit of a silly point really, any team would have a problem if they lost their talisman…  France go from Mbappe to Thuram, Argentina go from Messi to Paz, Portugal go from Ronaldo to Ramos, Belgium go from Lukaku to Openda, etc.  Of course it would be a worry but the fact that we have that ‘problem’ in the first place is a good thing, many countries don’t have that problem because they don’t have anyone that good.  We also saw at the last tournament that despite Toney/Watkins not being on Kane’s level, they can both offer something different from the bench. I’ll only worry if we’ve just got DCL backing him up.",5
2026-04-01 12:13:42,"World Cup 2026: Who will make Thomas Tuchel's England squad? Do you agree with Phil McNulty's choices? GOALKEEPERS: Jordan Pickford, Dean Henderson, James Trafford.  DEFENDERS: Reece James, Ezri Konsa, Marc Guehi, Tino Livramento, John Stones, Harry Maguire, Nico O'Reilly, Lewis Hall.  MIDFIELD: Jude Bellingham, Elliot Anderson, Morgan Rogers, Declan Rice, Adam Wharton, Kobbie Mainoo.  FORWARDS: Harry Kane, Marcus Rashford, Anthony Gordon, Bukayo Saka, Noni Madueke, Eberechi Eze, Cole Palmer, Danny Welbeck, Jarrod Bowen.",827
2026-04-01 12:19:25,"I pretty much do agree with it but don't think it'll be the squad selected.   Welbeck won't go, Henderson will go. Also not sure about Foden but Tuchel seems to be falling into the ""I can fix him"" trap.",18
2026-04-01 12:21:44,"Mainoo going over Garner would be an absolute joke. Last night proved there is a clear gulf in quality. I’d also take Watkins over Welbeck, but tbh I couldn’t really care less as neither will play much. Think it’s a bit irresponsible to only bring 8 defenders in a 26 man squad, especially with the injury issues a few of our defenders have had, and would bring either Burn or Branthwaite (if fully fit) instead. EDIT: would probably remove Madueke to facilitate this, but I’m fine with it being Bowen too.  I have no clue why there’s this consensus that Mainoo is a fantastic player when he doesn’t have the legs nor the physicality to work effectively as the deeper player and therefore the primary ball-winner in a double pivot. He doesn’t have the G/A threat to make up for this and his passing, while really good in tight pockets, lacks the range required to effectively decimate low blocks.",21
2026-04-01 12:22:01,James Garner over Mainoo,12
2026-04-01 12:29:15,Foden has never played well for England so he shouldn’t be selected. Henderson shouldn’t be either but he’ll go. Welbeck is a good shout but he won’t go either. Agree with all the other picks.,5
2026-04-01 12:48:50,"I really don’t get the John Stones pick.  I rate his past work so highly, but that’s just not him anymore.",2
2026-04-01 13:04:37,That’s a lot of forwards,3
2026-04-01 13:45:01,Can already tell this is going to be a disappointing world cup..,4
2026-04-01 13:48:44,"Ridiculous to suggest Welbeck has more chance of going than Watkins and Solanke.  If Welbeck was in Tuchel's thoughts, he'd have called him up either for this squad or the last so he could take a look at him.  If Tuchel doesn't think Solanke or Calvert-Lewin fit the bill, he'll revert to Watkins who he has included in multiple squads and knows can do a job.",4
2026-04-01 14:14:06,"Get Mainoo out of there until he learns how to run faster. Garner comes in. I’m not opposed to Welbeck or Bowen as such, but you cannot take 8 defenders only, when three of them are as injury prone as Stones, James, and Livramento",2
2026-04-01 14:37:24,"Why is Morgan Gibbs-White the forgotten man right now? Extremely casual football watcher here... Why is Morgan Gibbs-White out of the England set up right now? Not even in the 35 man friendly squad for Uruguay and Japan. Not mentioned at all in Phil McNulty's England Squad article that even gives Domininc Solanke (striker, 3 goals all season) an outside chance of getting on the plane!     Meanwhile attacking midfielder Morgan Gibbs-White is the English third top scorer in the premier league with 9 goals. Behind Welbeck (12) and Calvert-Lewin (10) and ahead of assumed to be going Jarrod Bowen. Also on the plane according to McNulty should be Marcus Rashford of Barcelona (ZERO GOALS this season)  In a sea of mediocrity he seems no less mediocre than the others to me. At a time when we're worried about where goals might come from outside of Harry Kane... Why not take an in form (more in form?) midfield threat? He surely deserves to be more in the conversation than not in the 35 man squad?   Is it the driving conviction stuff?",107
2026-04-01 14:58:37,"Why is Morgan Gibbs-White not in the conversation at all? I even did a post and it got modded lol. It's like a conspiracy theory that we aren't allowed to mention him. Phil McNulty doesn't.... he's the third top English scorer in the premier league this season. We're worried about where goals are coming from outside of Harry Kane, yet wasn't even in the 35 man friendly squad. What gives?",2
2026-04-01 14:59:55,"If only 1 was possible and you had to choose one, would you rather win the 2026 World Cup and finally end 60 years of hurt or win a home Euros at Wembley in Euro 2028. Just a lighthearted question to lift the mood after the uninspiring performances in the last two friendlies. Obviously it would be preferable if we won both but I would rather win the World Cup this summer in America and end 60 years of hurt and finally end all the misery, heartbreak and ridiculing that comes with being an England fan ASAP. It would also be cool to see Harry Kane finally have his crowning moment, win the Ballon D’or and also basically confirm the status of the likes of Kane, Bellingham, Saka &amp; Rice, Pickford and others as England legends. And I do believe that the World Cup is the biggest trophy and the highest stage in football.  But I do understand the appeal of winning the Euros at Wembley in 2028 to make up for what happened in 2021. Saka also winning the Euros after what happened in 2021 would also be a great storyline. And the victory and celebrations might be sweeter if the tournament was won at home after playing in Wembley in 5/7 games. The vibes and the unity of the country would be at the maximum level if England were playing well in winning every game in front of a home crowd. And I also see the appeal and euphoria on the idea of ending the drought at Wembley.  So what would you guys prefer?",95
2026-04-01 15:02:17,The WC obviously.,41
2026-04-01 15:02:30,World Cup,3
2026-04-01 15:03:09,The World Cup for sure,12
2026-04-01 15:04:03,There’s only one answer.,12
2026-04-01 15:04:16,"The World Cup.   Winning a tournament with major European teams AND teams like Argentina and Brazil would mean more.   Also I don’t think winning a Euros on home soil makes it more special to be honest. I know that’s probably a minority opinion but I feel it we go to a foreign country, kick ass and win then it would be more satisfying than winning in our own country where our own fans fill every stadium.",17
2026-04-01 15:06:49,Dumbest question ever,11
2026-04-01 15:07:20,"World cup, and I've already seen us win a home euro!",2
2026-04-01 15:07:34,World Cup for certain.,2
2026-04-01 15:08:04,"Always the World Cup. Plus if we won the Euros in 2028, there would be that caveat for the moaners that we can only win tournaments at home.",32
2026-04-01 15:12:09,World Cup on foreign soil,2
2026-04-01 15:14:10,WC,2
2026-04-01 15:17:00,"World cup is a bigger contest so that for a start   Id also rather win euros *not*at home, so we don't need an advantage to win the thing",2
2026-04-01 15:18:07,"World Cup.   I don’t think anyone would prefer us to win the euros over the World Cup, even if it was a home tournament. Away tournaments are much more fun, better vibes with the people there.",2
2026-04-01 15:18:29,"WC, especially cause of our Yank hosts",4
2026-04-01 15:19:06,It changes things a bit if you would have to be at the final.  Winning 2028 at Wembley then going out in London would be insane.,2
2026-04-01 15:19:49,I'd rather win both..,2
2026-04-01 15:22:50,World Cup.  World Cups are remembered &amp; etched in legend in a way that Euros don't quite reach.,2
2026-04-01 15:27:04,"There’s only one answer. The WC.   Plus, giving some of our foul fan base the scenes at Wembley? No chance. I’d probably never want that to happen.",1
2026-04-01 15:28:25,"World Cup, preferably against Germany again to avenge all the penalty disappointments!",2
2026-04-01 15:30:18,"It's not even close bruh, WC.",5
2026-04-01 15:32:03,World Cup every single time.,3
2026-04-01 15:34:06,"He’s not as good as palmer, Bellingham or Rogers and his skill set doesn’t suit playing deeper. I think that is pretty much all it is.",14
2026-04-01 15:34:24,"Rashford has scored for Barca though, 4 league, 5 European",14
2026-04-01 15:34:32,World Cup. It's the bigger prize.   I don't really think the Euros being at home will make much difference to the vast majority of fans. Most of us will still be watching on TV.,4
2026-04-01 15:35:53,"For the first half of the season he has largely been quite average, to be honest. In the second half he's really stepped up, but he plays a position which is swamped with talent.",5
2026-04-01 15:36:11,"Despite FIFA trying so hard to make it shit, the World Cup will always be special. For me it even eclipses the Olympics as the most prestigious global sporting event in the modern era.   Winning the Euros would be unbelievable but the World Cup is the one.",4
2026-04-01 15:36:36,World cup every time. Not that Wembley wouldn't be great too.,3
2026-04-01 15:37:02,"He had a rough start to this season in a pretty turbulent team, but he's just light years ahead of Foden and has been excellent these past few months. In terms of form he's ahead of Rogers too.  I'm massively biased as a Forest fan but I'd have him on the plane - the work rate, creativity and directness all looked so lacking last night.",2
2026-04-01 15:37:06,"Bit of a forgotten man in club football also. I think people are trying to workout whether he would thrive around better players, or Forest is his level. I like to think it’s the former, anytime i’ve seen him play in an England shirt also in Under ages setups, I’ve come away thinking he’s got tons of ability, up there with the Palmers and Fodens for sure.",2
2026-04-01 15:44:43,Hes an attacking midfielder and you’re comparing him with Strikers and wingers.  We have no depth at striker or left winger but lots of depth at attacking midfielder,5
2026-04-01 15:44:49,WC and it isn’t close at all,2
2026-04-01 15:45:46,Rashford has got 10 goals for Barcelona this season.,4
2026-04-01 15:52:54,Rashford has 10 goals this season? This further highlights my case for people overlooking him because hes in spain competing with the 2 best wingers itw. How is a take like that normalised,3
2026-04-01 15:55:08,1) Solanke has scored 6 goals this season 2) Rashford has scored 10 goals this season  I'm not agreeing or disagreeing with your point but why are you making up statistics.,2
2026-04-01 15:55:20,"just cos of his position really.  At 10, I reckon we see bellingham, rogers and even eze ahead of him. Palmer and Foden have been given more chances too. It's a crowded part of the pitch.  Bowen is only getting mins since he's third choice right winger, with some injuries ahead of him.   Welbeck could feel equally hard done by since he's in a similar spot to gibbs-white. kane, watkins, solanke, calvert lewin, foden are all considered options up front.",2
2026-04-01 15:58:01,what is this question😂😂😂😂😂,2
2026-04-01 15:58:53,Ben white?,2
2026-04-01 16:01:20,"World. More countries, more achievement",2
2026-04-01 16:04:02,Rashford has 10 goals and 13 assists this season for Barcelona,3
2026-04-01 16:10:22,Obviously the World Cup.,2
2026-04-01 16:18:02,He should be on the plane no question. The fact that people in the comments are even debating that is insane to me. Just watch him play. He is very skilled and offers way more defensively than someone like Palmer.,4
2026-04-01 16:18:22,?  Like asking if you would want a million pound or a kick in the bollocks,2
2026-04-01 16:20:06,"If I get a ticket to Wembley then Euros, otherwise it’s World Cup all day",2
2026-04-01 16:27:35,"Solanke has been injured for large parts of the season, and is in a position with much less competition",3
2026-04-01 16:30:44,where on earth did u get rashford 0 goals from?,3
2026-04-01 16:33:16,"World Cup  We have never won a title without home advantage. Winning 26 world cup would surpass 1966.   Winning euros at wembley wouldnt.  I would rather we didnt host another tournament, kinda feels like a home win should have an asterick.",2
2026-04-01 16:35:34,The World Cup !,3
2026-04-01 17:07:09,You answered your question with your first sentence,2
2026-04-01 17:09:25,"I agree with you here. He stands out at Forest, where he's dragging that team at times. Such energy and passion for the game.",2
2026-04-01 17:12:17,Made the wrong call choosing Forest over a team nearer the top. Very good player tho.,1
2026-04-01 17:14:00,"Thomas Tuchel defends England's Harry Kane dependency: “Well, why would Argentina not rely on Messi or Portugal not rely on Cristiano Ronaldo? They are key players. This is totally normal. We lacked a punch in the last 20 metres in both matches. In the absence of Kane, we don't have the same threat”",2342
2026-04-01 17:14:00,"**This is a quotes thread. Remember that there's only one quotes post allowed per interview/press conference, so new quotes with the same origin will be removed. Feel free to comment other quotes/the whole interview as a reply to this comment so users can see them too!**   *I am a bot, and this action was performed automatically. Please [contact the moderators of this subreddit](/message/compose/?to=/r/soccer) if you have any questions or concerns.*",2
2026-04-01 17:14:36,The Harry Kane Team- England.,29
2026-04-01 17:20:13,He has a point.  Scotland are not the same without John McGinn's sumptuous arse distracting the opposition players.,1684
2026-04-01 17:21:17,Being worse without your best striker is one thing that's normal but looking shit without him vs a team like Japan is another thing they're just not that good,26
2026-04-01 17:25:43,Kanedependencia,102
2026-04-01 17:28:03,"He's one of the best strikers in the world at the moment, of course England aren't gonna be as good without him.",337
2026-04-01 17:28:38,"He’s not wrong - every good side will focus on getting their good players involved as much as possible   If you don’t have the players to work around it at national level, you’re gonna rely on one or two",23
2026-04-01 17:30:15,"I love him, he's 100% right. Yeah man we're wank without the best player in the world in his position. Argentina don't win 2022 without Messi or 1986 without Maradona. It's the world cup, it's 8 games that are about moments of magic, we just need him to be fit",1033
2026-04-01 17:31:46,"The last few times he's had a chance for England, he's either created some good chances or had the chance to score himself.",3
2026-04-01 17:31:50,"The problem isn't that we pose less of a threat without Kane, it's that we pose no threat without Kane.  Of course every team is going to be weaker without their best player on the pitch, but you probably should have a plan B of some kind.",266
2026-04-01 17:34:05,"Because Bellingham, Rogers, Palmer and Eze are all considerably better than him. And that’s not even including Foden who doesn’t make the squad. He’s 6th-best in his position, arguably 7th behind a fully-fit Maddison.",2
2026-04-01 17:40:43,"Rashford is our best, most inform left winger and the one that suits Kane (our best player) the most",2
2026-04-01 17:40:54,the world cup is a much bigger prize than the euros 1000% id prefer the world cup and it is more special to win a tournament away from home than on home soil as hosts have an advantage.. id take either though!,3
2026-04-01 17:42:31,He’s probably in a battle for 4th choice no.10 with Foden and Eze,3
2026-04-01 17:43:45,Is tuchel just a foreign Southgate?,13
2026-04-01 17:44:21,He didn't pick any width or creativity and played without a proper striker. Hardly surprising that the team didn't look much of a threat.,32
2026-04-01 17:51:04,They ain't able without kane..,29
2026-04-01 18:04:24,"I don't get why English fans are disappointed?   Apart from Kane, Rice, Anderson and maybe Guehi which player has been in really good form in this team  Bellingham, Eze, Foden, Palmer, Saka all have had bellow par seasons via their standards  Reece James has not been fit   John Stones has regressed drastically   It's fair enough to say Southgate had a much better team even though Tuchel has prime kane",32
2026-04-01 18:06:26,"Phil Foden may not make World Cup squad, admits Thomas Tuchel “He tried everything,” Tuchel said when asked whether Foden had taken his chance to force his way into his plans. “I would say he was excellent in camp but, yeah, he struggles to show it on the pitch.”  “Obviously, he didn’t have a lot of minutes for City recently. Then he came to camp with the brightest smile and was so good in training and I thought he would just surprise us and play with the same verve and excitement but, yeah, he struggles to have the full impact.”  Tuchel considers Morgan Rogers and Jude Bellingham in competition for the No10 position, while Harry Kane, the England captain and Bayern Munich forward, is the first-choice striker. The England manager touted the idea of Foden being potential cover for Kane on a few occasions, but Foden’s case appears weakened by his performance against Japan.  Asked if he would consider taking a player to the World Cup who was struggling to perform, Tuchel said: “I can. The question would be if we will.”  When subsequently questioned whether this would make Foden a doubt to travel this summer, Tuchel said: “Well, it’s not a guarantee that he would come.”",3735
2026-04-01 18:06:27,"**This is a quotes thread. Remember that there's only one quotes post allowed per interview/press conference, so new quotes with the same origin will be removed. Feel free to comment other quotes/the whole interview as a reply to this comment so users can see them too!**   *I am a bot, and this action was performed automatically. Please [contact the moderators of this subreddit](/message/compose/?to=/r/soccer) if you have any questions or concerns.*",2
2026-04-01 18:11:08,48 games. 4 goals. Most notable moments in his England career so far is about 20 minutes against Holland and “putting it on a plate” for Eze who hit it top corner from outside the box.   Should be nowhere near our squad for the summer.,2017
2026-04-01 18:12:12,Please don't give me hope,908
2026-04-01 18:12:38,Nice to see Tuchel not wanting to choose purely on past reputation.,3188
2026-04-01 18:13:39,I just can’t make a case for him barring a major injury crisis.  So ‘might not’ is probably ‘should not make’.,525
2026-04-01 18:13:59,Good - he offers very little and has been shoehorned in far too much IMO  Don’t see him picking up form magically,117
2026-04-01 18:20:53,But then who's going to put it on a plate for Eze?,54
2026-04-01 18:25:44,England need a no bullshit straight shooter manager like this. Their talent pool is too big to not take form into consideration.,728
2026-04-01 18:30:24,"He just hasn't done anywhere near enough for the national side to be able to merit the kind of treatment he gets from the media.  His performances for City have dipped a lot in the last 2 years and he's just not at the level required for the national side and arguably never has been.  When players like Kane, Saka, Pickford, Guéhi, Rice or Bellingham dip for the national side, there's more understanding because they've proven, over the course of their respective careers, that they can be trusted when called upon and a few poor games here or there doesn't erase that.  Foden just doesn't regularly do it enough for the national side to engender any loyalty from the manager/coach.   If he doesn't seriously turn it on in the next few weeks of the season for City, then Tuchel will have to leave him at home.",159
2026-04-01 18:31:25,"If he needs backup for Kane, why not just take Welbeck?",368
2026-04-01 18:38:45,Phil Foden is the most protected English player of all time. Swap the names Foden and Sterling and then look at the performances and stat sheets for England…Sterling would’ve been run out of the country,249
2026-04-01 18:49:14,"We have plenty of talent though. The question is why are they are not performing for England when Kane is absent. I know injury and fatigue are more of an issue at this point in the season, however we still come across as toothless without Kane.",9
2026-04-01 19:12:29,Come on did he really not see his pass to eze,106
2026-04-01 19:19:30,"Tin foil hat, Tuchel's big surprise tactic will be to deploy Jude as a false 9 in place of Kane in 3 matches to keep Kane as fresh as possible.  That will launch England to their first world cup final in decades",13
2026-04-01 19:25:27,I get what you are saying but this is kind of like asking would you prefer to come first or second. World Cup always.,2
2026-04-01 19:38:07,Ex-England boss urges Harry Maguire to consider rejecting World Cup call-up,110
2026-04-01 19:42:30,Fuck big sam,20
2026-04-01 19:43:21,"Lol. While factually correct that Allardyce was once England manager, we basically all forget it happened. Carsley managed them for longer.    Also great advice- back into contention because club form merits it and his advice is to tell Tuchel to stuff it out of spite",87
2026-04-01 19:47:24,Why on earth would you not want to go to a last World Cup?,175
2026-04-01 19:48:13,"With Rice and Saka on corners, Maguire is going to be crucial in the middle on corners",47
2026-04-01 20:05:28,He's just saying something controversial so that Spurs remember he exists,12
2026-04-01 20:09:09,***It is April fools after all…***,10
2026-04-01 20:09:16,World Cup. The momentum from and belief  winning it would increase the chances of then winning the Euros.,2
2026-04-01 20:18:13,"He lost his place on merit and is regaining it on merit. Tuchel’s words may have been harsh but he seems to have a way of challenging players to step up - he made noises about Pickford not being first choice, but in retrospect it’s clear he just wanted to encourage Pickford to up his game in the face of renewed competition. He was already playing exceptionally well, but it feels like he’s found another level this season. At this point I’d be quite surprised if Maguire didn’t go to the WC",8
2026-04-01 20:28:01,Thought he actually brought something to the game when he came on last night,3
2026-04-01 20:33:59,"Imagine a reality where he wasn’t a twat while drinking pints of wine and we never got Gareth, it would have been another 10 years of shite",2
2026-04-01 20:49:24,I bet Allardyce wishes he had someone urge him not to go meet that businessman for dinner,2
2026-04-01 21:24:29,"World Cup every time, it’s the pinnacle",2
2026-04-01 21:26:53,It is dumb as fuck but I also presume it’s a lie. No England manager that wants to win is putting chalobah in his team,2
2026-04-01 21:29:40,"Oddly Satisfying England Things 1. When a player stars in the U21 euros then plays at the World Cup/Euros a year later - e.g Elliot Anderson.  2. Having Captains/star players of small prem teams as bench/fringe players - e.g Bowen, Gibbs-White.  3. Red away kits for world cups, blue for euros.  4. Red numbers.  5. Matches against rogue teams - e.g Japan, Senegal.  6. Matches in other English Stadiums - e.g Elland Road, Villa Park.  Feel free to add more, of course.",72
2026-04-01 21:33:13,5-1,4
2026-04-01 21:39:11,Don't get this at all. Only 6 makes any sense.,1
2026-04-01 21:42:32,"Oh shit, does this mean that if he does go, the plane's going to get shot down?",2
2026-04-01 21:45:00,I didn't find Number 5 particularly satisfying last night.,19
2026-04-01 21:45:10,"Having huge players of smaller teams as only bench warmers isn’t satisfying, it’s a shame. I wanna see them star, they’re usually the ones with passion.",14
2026-04-01 21:53:43,"“X get battered, everywhere they go…”",7
2026-04-01 22:54:20,"But, but, but … Ben White is a traitor for abandoning England",1
2026-04-01 23:32:30,Huge crowds for friendlies.,3
2026-04-02 07:43:34,"I don't think just 4 pivots is enough. I think we should take 5 and I think we will. For me, Rice, Anderson, Wharton, Garner, Henderson.",2
2026-04-02 08:10:28,"I understand what you’re saying, but calling Japan and Senegal rogue teams and the only ‘e.g’s’ when they’re the only top 20 ranked teams Tuchel has faced, and lost to both at home, is funny to me.",1
2026-04-02 09:04:32,Will Wembley wobbles actually matter when England head to World Cup training camp?,29
2026-04-02 09:14:37,Assuming we have a normal-to-good tournament and get knocked out by one of the best sides... Then nobody will remember these friendly games or ever speak of them again. Tbh if our two warm up games are remotely positive then they'll be forgotten before then.,23
2026-04-02 09:29:47,Maguire has continually shown he will fight for his place. No way he turns down a call up. Can’t question his attitude.,2
2026-04-02 09:29:56,"“Maverick” players we are all waiting to be subbed on to change the game. Grealish, Joe Cole in an era before him.",4
2026-04-02 09:31:50,"No, is basically our best team at a time when players are just trying not to get injured or play for themselves to get on the plane",9
2026-04-02 09:33:20,"Nobody remembers Iceland loss before last Euros. So, no.",14
2026-04-02 09:35:30,''Rogue'' teams??,3
2026-04-02 10:19:54,"Yes friendlies, B team at best with players who are arguably not going on the plane. A dirty Uruguay side with a bent ref and an in form Japan side. I'd hazard a guess our best starting 11 would have won both games. Given how Uruguay played Im relieved none of our shoe-ins actually got in the team.",6
2026-04-02 10:40:56,Yes because if you remember the euros last time out we struggled to beat everyone even smaller opponents,2
2026-04-02 11:11:06,"I'd put Garner in over Mainoo, and Foden in the squad instead of Welbeck - I think baring any drastic upturns in form, we'll see the final squad come from the team that was picked for the last Internationals.",2
2026-04-02 11:23:34,"Garner has to go instead of Mainoo, far more versatile and can act as an understudy to both Rice or Anderson and play at fullback as well if needed.",2
2026-04-02 12:50:20,"The remarkable parallels between Germany's (2000-14) and England's (2012-26) talent projects It's no secret that the FA took heavy inspiration from Germany's earlier talent reform plans when Greg Dyke set out his (now infamous) target of a World Cup trophy by 2022. But while there's been no silverware yet, it's fair to say the timelines of both projects have, to date, been so similar that it's almost spooky:  |Year|Germany|England| |:-|:-|:-| |Year 0|After a dismal Euro 2000, the DFB sets to work reforming German football, introducing an Extended Talent Development Program that makes it compulsory for every club to run a youth academy, among other changes.|After a dismal World Cup in 2010, the FA introduces a new Elite Player Performance Plan with a four-tier academy system in 2012, and later a rule requiring a mandatory 12 homegrown players in every top flight team.| |4|Germany's existing bunch of misfits suffers the most embarrassing result in their history, a draw with Latvia that knocks them out of Euro 2004.|England's existing bunch of misfits suffers the most embarrassing result in their history, a loss to Iceland that knocks them out of Euro 2016.| |6|Entering with very limited expectations, Germany surprise fans by reaching the world cup semi-finals, losing only to an experienced Italian side, as young striker Miroslav Klose takes home the golden boot.|Entering with very limited expectations, England surprise fans by reaching the world cup semi-finals, losing only to an experienced Croatian side, as young striker Harry Kane takes home the golden boot.| |8-9|Despite getting fortunate with the draw, a solid Germany back up that world cup semi with an impressive run to the final at Euro 2008.|Despite getting fortunate with the draw, a solid England back up that world cup semi with an impressive run to the final at Euro 2020 (in 2021).| |10|Buoyed by great performances from new superstar Mesut Ozil (shortly to move to Real), Thomas Muller, Sami Khedira, and a young Toni Kroos, a free-scoring Germany makes the semis at the 2010 World Cup, losing only to the best side in Europe, Spain.|Buoyed by great performances from new superstar Jude Bellingham (shortly to move to Real), Bukayo Saka, Marcus Rashford and a young Declan Rice, a free-scoring England makes the quarters at the 2022 World Cup, losing only to the best side in Europe, France.| |12|Coming in as one of the favourites, a slightly underwhelming Euro 2012 campaign for Germany ends in the semis with a 2-1 defeat to an outstanding Italian performance.|Coming in as one of the favourites, a slightly underwhelming Euro 2024 campaign for England ends in the final with a 2-1 defeat to an outstanding Spanish performance.| |14|Germany are placed in a World Cup group with Portugal's post-golden generation squad, Ghana, and finally a veteran US side. They go on to lift the trophy, beating France, Brazil and Argentina en route.|England are placed in a World Cup group with Croatia's post-golden generation squad, Ghana, and finally a veteran Panama side. Their most likely route to the trophy would see them play Brazil, Argentina and France.|  **TL;DR: Football isn't necessarily coming home, but it's on the doorstep searching for its keys.**",151
2026-04-02 12:54:42,You've sold me!,4
2026-04-02 12:56:00,Nice analogies here. Feel Germany's 2014 squad was a bit deeper than England's current one. And it helped that Brazil just lost their marbles in the semi in 2014 (and that Messi etc misfired a bit in the final). Also in 2014 I don't remember there being other national sides as formidable as Spain and France are now.,32
2026-04-02 13:08:06,Open secret at this point that England has probably one of the best youth set ups in the world now.  You even have players like Michael Olise being product of England even if he plays elsewhere.    Italy hasn't produced a world class player in forever now. Brazil has also declined from the talents produced 25 years ago,24
2026-04-02 13:08:59,"I've said elsewhere, but I suspect we will really come to regard Euro 2020 (2021) as a generational missed opportunity. Unless we win WC26, I suspect our chances of silverware will decrease again (especially the post-Kane era).",26
2026-04-02 13:14:20,Have we also had a bit of luck in the numbers of talented players coming through or do we have a production line that will never stop? The Germans dipped again after 2014.,3
2026-04-02 13:18:56,Japan fans stayed behind to clean after their 1-0 win against England at Wembley Stadium,765
2026-04-02 13:19:03,"**Mirrors / Alternative Angles**     *I am a bot, and this action was performed automatically. Please [contact the moderators of this subreddit](/message/compose/?to=/r/soccer) if you have any questions or concerns.*",2
2026-04-02 13:26:41,"top 1 respect moment, class act, fair play, 👏👏👏",37
2026-04-02 13:33:12,Can the Japanese please start coming to our movie theaters here in the States,107
2026-04-02 13:33:35,The Irish and Scottish must be gutted someone has stolen their performative friendliest fans shtick,136
2026-04-02 13:47:14,We've never eliminated a major football nation on foreign soil in the World Cup,7
2026-04-02 13:47:34,"Miroslav Klose was 28 at the 2006 world cup, at which point did he stop being a ""young striker""?",3
2026-04-02 13:50:47,"Death, taxes, and videos of Japanese fans cleaning up after themselves at international games.",459
2026-04-02 14:10:30,The fans from Japan is one of my favorite parts of football fan culture,12
2026-04-02 14:10:53,The Japanese must be the classiest fans out there.,4
2026-04-02 14:10:53,Who do England thrash 7-1 then? If that happens then the country would probably explode.,7
2026-04-02 14:26:54,"Order of difficulty for the World Cup groups according to FIFA points I have prepared this using FIFA points.  |**Rank**|**Group**|**Average Points**|**Total Points**| |:-|:-|:-|:-| ||||| |**1**|**Group I** (France, Senegal, Norway, Iraq)|**1616.10**|6464.39| |**2**|**Group F** (Netherlands, Japan, Sweden, Tunisia)|**1604.03**|6416.12| |**3**|**Group D** (USA, Türkiye, Australia, Paraguay)|**1589.09**|6356.34| |**4**|**Group H** (Spain, Uruguay, Saudi Arabia, Cape Verde)|**1584.26**|6337.03| |**5**|**Group A** (Mexico, South Korea, Czechia, South Africa)|**1550.45**|6201.80| |**6**|**Group J** (Argentina, Austria, Algeria, Jordan)|**1530.99**|6123.97| |**7**|**Group E** (Germany, Ecuador, Ivory Coast, Curaçao)|**1513.20**|6052.78| |**8**|**Group G** (Belgium, Iran, Egypt, New Zealand)|**1498.71**|5994.82| |**9**|**Group B** (Switzerland, Canada, Qatar, Bosnia)|**1486.67**|5946.68| |**10**|**Group L** (England, Croatia, Panama, Ghana)|**1482.50**|5930.01| |**11**|**Group K** (Portugal, Colombia, DR Congo, Uzbekistan)|**1452.15**|5808.61| |**12**|**Group C** (Brazil, Morocco, Scotland, Haiti)|**1451.77**|5807.09|",69
2026-04-02 14:26:55,"**This is a stats thread. Remember that there's only one stat post allowed per match/team, so new stats about the same will be removed. Feel free to comment other stats as a reply to this comment so users can see them too!**   *I am a bot, and this action was performed automatically. Please [contact the moderators of this subreddit](/message/compose/?to=/r/soccer) if you have any questions or concerns.*",2
2026-04-02 14:30:30,Brazil getting grouped,5
2026-04-02 14:32:57,Who takes these videos? The fellow japanese or otherwise?,7
2026-04-02 14:33:14,"Seems like the weakest team skews the difficulty of most groups.  E.g. number 3 is a group with no particular “strong” teams, all non-favorite average teams.",25
2026-04-02 14:33:16,Japan has established that as one of their footballing transitions.,11
2026-04-02 14:34:00,Told you that Coach is Azs,2
2026-04-02 14:36:04,I cannot wait for the USMNT crashout in the group stage.,12
2026-04-02 14:38:45,"Good job Japan.   50 plus years ago this could have happened i Sweden, in the fashion of nobody littering in the first place. Now it is litter and filth left everywhere.",2
2026-04-02 14:40:47,"Class act. Fans need to learn to pick up after themselves, though. If you have enough hands to bring it to your seat, you have enough hands to take it to the trash after.",5
2026-04-02 14:41:19,And were racially abused outside by England fans,15
2026-04-02 14:46:24,"kind of agrees with eye test as well, group I and F are the hardest looking ones on paper, especially with how strong Japan has been looking recently",3
2026-04-02 14:48:58,Would love to watch Scotland games. Too bad the tickets are ridiculous,2
2026-04-02 14:55:38,Iraqi kings carrying group I to be honest,2
2026-04-02 15:05:57,Scotland and Morocco are with Brazil again?? That should be interesting,2
2026-04-02 15:07:49,Why do they not just take their rubbish out with them and use the bins rather than everyone choosing to litter?,3
2026-04-02 15:16:25,https://www.reddit.com/r/singapore/s/YkyTpO5V2t  The Bangladeshis did the same thing a few days ago. Are we gonna go over to praise them too?,61
2026-04-02 15:37:02,Did they bring their own trash bags?,4
2026-04-02 15:38:06,That is certainly an analogy,2
2026-04-02 15:46:18,"England's World Cup chances could be harmed by fixture congestion, FA warns",61
2026-04-02 15:54:18,"England won't win the world cup France, Spain, Argentina all much better squads.",3
2026-04-02 15:54:24,Excuses in early. That Japan loss hurt them.,35
2026-04-02 16:04:09,"Given that the Premier League doesn’t start until mid-August because clubs want to go on money-spinning tours abroad, forgive me if I don’t have any sympathy.",16
2026-04-02 16:14:11,Never rated Will Wembley anyway,8
2026-04-02 16:26:17,Amazing,2
2026-04-02 16:42:29,"No groups of death this year, I guess that's because of the increase of teams.  That being said, a lot of the groups are competitive, it's not certain who goes through.",2
2026-04-02 16:46:40,Some reddit posts be like - “hey man look how much time I can waste”,7
2026-04-02 16:50:19,"England MU16s squad named for Florida trip The Young Lions will play three fixtures in the USA, beginning with a game against the USA at FIU Soccer Stadium on Thursday 16 April.  England then play Argentina on Sunday 19 April at Beyond Bancard Field in an open fixture.  And Lewtas’ team return to FIU Soccer Stadium on Wednesday 22 April to play Mexico.  The Squad  Goalkeepers: Mikel Jack (Tottenham Hotspur), Jake Murray (Chelsea), Charles Phillips (Arsenal)  Defenders: Theodore Carrington (Manchester City), Emmanuel Fejokwu (West Ham United), Josh Henry (Chelsea), George Jobling (Tottenham Hotspur), Bobby Martin (Southampton), Thomas McDermott (Chelsea), Prince Otabor Osifo (Manchester City), Aristide Yeutembip (Newcastle United)  Midfielders: David Eze (Manchester City), Jayden Presley Kouossu (Newcastle United), Mishel Nduka (Arsenal), Xavier Parker (Manchester City), Kwasi Senyah (Wolverhampton Wanderers), Oluwatitojumi Wellspring (Tottenham Hotspur)  Forwards: Mylo Bernard (Crystal Palace), Trey Faromo-Adebayo (Chelsea), Oscar Johnson (Aston Villa), Vincent Joseph (Liverpool), Heaven Kilwa (Aston Villa), Darren Motsi (Leicester City)",2
2026-04-02 16:55:13,It’s about time fifa rankings get overhauled. Results from 3-4 years ago hell even 2 shouldn’t hold weight. So much can happen in 2 years,2
2026-04-02 16:55:26,Did they pick up Cole Palmer? Because he was absolutely rubbish in that game,87
2026-04-02 17:09:51,"A bit too early to start with the excuses, no? Its not like they are the only ones. Stop touring abroad like a circus and you'll be fine.",5
2026-04-02 17:30:50,"I've heard enough, it's coming home",3
2026-04-02 17:46:38,Here we go now. The delusion begins. Next comes it’s coming home then reality kicks in.,2
2026-04-02 18:35:42,"Any longtime match-going supporters skipping this World Cup? Reporter looking to hear from you Hi, I’m a U.S.-based reporter with the Associated Press.  I’m working on a story about the challenges fans are facing as they try to attend the World Cup, especially given the absurd costs of tickets, flights, lodging, etc.  If you’re someone who generally follows the Three Lions – went to Qatar, Brazil, South Africa, etc. – but are skipping this tournament for financial and/or political reasons, I’d love to hear from you   Alternatively, if you are shocked at the expense but still determined to make the trip, I’d love to hear from you as well.   You can DM me here or email: rrico AT ap DOT org  Thanks! - R.J.  EDIT: Just to be clear -- I'm not interested in just pricing issues. If you had planned on coming but are no longer because of Trump, ICE, etc., I want to capture that perspective too",220
2026-04-02 18:54:14,The tanned guy is about to make it boycotted on masse due to mass inflation if he continues,7
2026-04-02 18:55:46,I'm sure there will be a large contingent of uk fans who will still make the trip but the ticket prices are eye watering I'd be surprised if there are not a lot of empty seats particularly in the earlier group games. I personally wouldn't travel to the States at the moment given the treatment being dished out to travellers and legitimate residents who have the wrong skin colour or who dare to express a personal opinion not in line with the current regime. Which is a shame because I love the States and the vast majority of Americans.,12
2026-04-02 18:58:14,RJ  We ain’t going because trump is a prick.  Prices are inflated.  You’ve got ICE agents manning airports FFS You started a war with one of teams that are meant to be there.  Your leader is a paedophile Your government is corrupt The tournament should have never have been held there in the first place.   Both your peace award winning president and fifa can get fucked.,180
2026-04-02 18:59:36,There is nothing that speaks more class about a country than how much they care about public hygiene.,2
2026-04-02 19:03:23,I'm a Wales fan. I was planning on boycotting the World Cup because of your idiot president but luckily for me my team beat me to it.,70
2026-04-02 19:23:14,I went to live in China for a while when I was younger. Going to the US for the WC would sit worse with me than that did even in retrospect.,4
2026-04-02 19:29:10,"18 out of our 20 , definitely not going ,, who knows if we called trump a dick on Jan 6th ,, too expensive to find out ,, ibiza instead",9
2026-04-02 19:32:09,"Tbh you're more likely to get a response from people here, and not in the DMs.   I think for me and my friends, the worry is that there's a lot of uncertainty with American politics, and the seemingly uncapped powers of ICE.    I haven't really got a clue what will happen if we go there.",33
2026-04-02 19:49:27,Hey RJ.  Your president is the biggest threat to world peace since 1939. Your country is universally hated. That's why.,33
2026-04-02 19:51:36,Went to Germany WC in 2006 and caught the tournament bug. Ever since then 4 of us see the World cup/ Euros as a chance to get away for a few days and catch a random game in new surroundings.  There were discussions about Mexico but ultimately unjustifiable ticket prices meant we're not going.  Shame as previous trips have made unforgettable memories but not this time.,38
2026-04-02 20:11:49,"Prices are predictably ridiculous, trump is a wazzok no thanks nuff said.",7
2026-04-02 20:17:29,Canada will be nice,5
2026-04-02 20:42:21,"More than who will go, I'm concerned with who will be the first names on the sheet in an attacking sense. Kane I know. But what about the other 5 players that aren't defenders or midfielders?   I'm kind of just hoping Palmer will start and that he'll show what he can do in a tournament. What are people's thoughts on who will start ahead of the defence?",2
2026-04-02 21:49:53,"Even if you wanted to, who the hell can afford to go to this World Cup. It’s gonna’ be an all time stinker",4
2026-04-02 22:02:10,We’ve only twice had a blue away kit in 11 euros tournaments and only ever worn one once in an actual euros game. How is it oddly satisfying?,2
2026-04-02 22:19:30,"If there aren't headlines of fans being detained at airports and deported to a prison where they have no connection to nationality wise, I will buy a lottery ticket",7
2026-04-02 22:28:24,"I wouldn’t go to the US if you paid me, never mind fork out thousands to do so.",2
2026-04-02 22:36:57,"I was planning on this being my first England tournament. I have family in the US and I have a UK-US dual citizenship so it seemed like a no brainer since I have family based all over the East Coast so it would massively save on accommodation costs. After seeing the prices for tickets there’s no chance that’s happening. Even though my accommodation would be 20% of what an average England supporter would be paying, the ticket and flight costs are far to prohibitive to someone in the British middle class. The lack of public transportation in most cities adds an additional likely &gt;£200 cost per city where it’s simply not justifiable financially. Given how many other England supporters aren’t going, I’d rather be in England if by chance we manage to bring football home.",2
2026-04-02 22:42:58,What the fuck happened to the World Cup all these cup stage games are more ass than ever before.,2
2026-04-02 22:45:12,We've tried nothing and nothing's working!,3
2026-04-02 22:49:52,Make sure you mention Trump and ICE deporting tourists.,5
2026-04-03 00:17:47,Only financial. The prices are absolutely egregious.    Politics is not a factor for me.,4
2026-04-03 01:32:46,"It's not the cost of flights, match tickets, etc that's the problem.  The problem is the country in which it is being hosted.",2
2026-04-03 04:08:47,"Yep, no Trumpyland for me. I don't want to spend 6-7 months in a Detention Centre.",4
2026-04-03 04:33:19,"I’m on over 30 caps and I could have probably got tickets for a lot of matches.  But I do not want to go to a fascist dictatorship run by a convicted rapist and alleged paedophile.   Then we get to fifa’s insane ticket pricing. That alone would have stopped me going plus they have legitimised ticket touting by bringing it in house.  They are taking the piss. Big time.   I love the euros, good tournament and I think we stand a chance of winning next time at home and I’ll probably go to every game.  The maddest thing about fifa is how they got more bent after Blatter left. Bonkers.",19
2026-04-03 06:29:23,Big mean trumpy orange man mean me suddenly no like football anymore and I'm scared of holiday now... uWu 🥺,3
2026-04-03 07:48:21,Great bunch of lads.,2
2026-04-03 09:02:02,"Many reasons we won't travel to the US World Cup. Firstly, we hardly afford ticket prices along with travel costs which will increase significantly due to the current war. Secondly, we don't want to get detained by the ICE. Thirdly, we don't want to fund a Nazi state like the US led by a rapist and pedo in Trump.   That's all, folks",2
2026-04-03 09:31:11,"Athletic- ‘England’s World Cup starting XI: Who our writers are picking, and who drops out’ Dan Sheldon - Pickford, James, Konsa, Guehi, O’Reilly, Anderson, Rice, Saka, Bellingham, Rogers, Kane  Dan Kilpatrick - Pickford, James, Stones, Guehi, Hall, Anderson, Rice, Saka, Bellingham, Gordon, Kane  Nick Miller - Pickford, James, Maguire, Guehi, Hall, Rice, Anderson. Saka, Bellingham, Rashford, Kane  Steve Madeley - Pickford, James, Konsa, Guehi, O’Reilly, Anderson, Rice, Saka, Bellingham, Rashford, Kane  Seb Stafford-Bloor - Pickford, James, Maguire, Guehi, O’Reilly, Rice, Rogers, Wharton, Saka, Kane, Rashford.  Jordan Halford - Pickford, James, Stones, Guehi, O’Reilly, Anderson, Rice, Saka, Bellingham, Gordon, Kane",128
2026-04-03 09:40:08,"Surprised so many pundits have NOR in over Hall. I'd have Nick Miller's list here, with maybe Rashford for Gordon depending on the opposition (Gordon a better presser/defender)",38
2026-04-03 10:04:27,I dont get how we haven’t moved past starting 11 because clearly the starting 11 to play France is very different from the starting 11 to play like Panama.   O’Reilly is maybe the better pick against the latter but the former no chance Hall all day.,18
2026-04-03 10:13:39,Calling nick Miller a writer is a bit of a stretch.,1
2026-04-03 10:35:42,"Dan Kilpatrick is what I think it’ll be, if Stones is fit…",4
2026-04-03 10:47:12,Shocking how many people still pick konsa and guehi as a duo considering they’ve never worked well together.,6
2026-04-03 11:17:25,https://preview.redd.it/qg0ugc5qlysg1.jpeg?width=1147&amp;format=pjpg&amp;auto=webp&amp;s=8005154d30482519a3f594dbae42add5f2eb807e  Nick Miller is the best XI only right answer,36
2026-04-03 11:30:57,Interesting that seb chose Wharton over Anderson,4
2026-04-03 11:54:48,"[The Athletic] It's questionable whether Tuchel learnt much from England's two friendlies in the March international break, but it's only 76 days until he has to pick a side to face Croatia at the 2026 World Cup on June 17. Our experts offer their view on what his starting XI should look like",485
2026-04-03 11:54:49,"**Mirrors / Alternative Angles**     *I am a bot, and this action was performed automatically. Please [contact the moderators of this subreddit](/message/compose/?to=/r/soccer) if you have any questions or concerns.*",2
2026-04-03 11:55:05,Perfect lineup,11
2026-04-03 11:56:58,"I think I'd take Gordon over Rashford but that aside, I think it looks the best line up.  Gordan just has a better work rate and better versatility. I think he's a much better player then he gets credit for.  There are games where there is an argument Jude plays deeper and you can fit in Rodgers or Eze in the support striker role.",190
2026-04-03 12:01:40,"Yup, I think that’s it",11
2026-04-03 12:01:45,Maguire probably the most disrespected player for England (same with Pickford)   Gets called average yet id ask name one bad thing he’s done in the three tournaments he’s played in,110
2026-04-03 12:01:51,That's a worse team than 2021 or 2022.  Not sure if England should be considered favourites in this competition tbf.,51
2026-04-03 12:06:59,But what do Winston and Schmidt think?,117
2026-04-03 12:10:44,"I think most people have been overrating England, this looks like a quarter-final exit team compared to the other top nations.",136
2026-04-03 12:11:08,Gordon for Rashford and O'Reilly for Hall.,4
2026-04-03 12:28:15,Need to get Stones in the team. We look so shit moving the ball forward from the back without him.,18
2026-04-03 12:48:53,Anybody that picks Rashford should be sacked immediately,1
2026-04-03 13:05:39,"As a Croatia supporter, give us rundown on Elliot Anderson and Lewis Hall!",9
2026-04-03 13:16:52,"I'd have konsa or (stone if he's fit ig) ahead of maguire, otherwise i agree with the rest of it",6
2026-04-03 13:31:45,Hall over Nico? Curious what non city fans think   He's been one of our best players this season,9
2026-04-03 14:09:19,Quite like that team if they all stay fit.   James is the best RB we have but made of glass.   Arguable Gordon over Rashford too.,13
2026-04-03 14:13:10,Think I agree with Nick Miller.,6
2026-04-03 14:43:08,"What I find unusual is that despite the fact that Tuchel has played Konsa and Rogers far more than he has played Geuhi and Bellingham, pundits and fans always seem to assume he is just going to drop them.    I understand the reasons are nuanced and neither have been in the best form lately. But they have consistently played and I would stake money that both start the first game.",8
2026-04-03 15:07:47,Re Pricing.  I fancy going to a world cup but not this one for american reasons. Not exactly a boycott as I havent been before.  Unfortunately england games will probably sell out because england fans go.  The group stage is extremely long with very little jeopardy. I suspect the crowds in some games could be very small indeed.  Probably encourage fifa to widen the prices between games likely to sell out and those less likely.,3
2026-04-03 15:35:15,Has saka done anything this season? I feel like people dont really care about him because usually a player who was as hyped as him underperforming would be talked about all the time,7
2026-04-03 15:40:03,"James is obviously the best player for right back, but he is the best choice to make? His injury history makes him a high risk.",2
2026-04-03 17:23:12,I recommend reading ‘Das Reboot’ by Raphael Honigstein on this.,4
2026-04-03 17:26:59,"anyways, its coming home",2
2026-04-03 19:24:35,"[Sky] Alessandro Del Piero: “The first time we missed the World Cup was a shock, the second was a nightmare, and the third is becoming too embarrassing to justify.” Alessandro Del Piero’s full interview from the latest episode of Sky Sport Unplugged: “The first time we missed the World Cup was a shock, the second was a nightmare, and the third is becoming too embarrassing to justify. Our opponents were studying us, and today we’re falling short of our own standards. But it’s during crises that we Italians draw on our energy, creativity, and ingenuity. We need to set pride aside: what’s needed is humility, a willingness to take risks, and hard work.”  What is your analysis of this moment? Where can we start over? And what remains now, after missing the World Cup for the third time in a row?  ""What has been felt over these past few days is a lot of negative emotion, from sadness to anger, to disappointment and disbelief. I often speak about Italian football abroad and, obviously, about the national team as well. We were an enormous powerhouse, and to find ourselves without the World Cup for a third time is incredible. The first time in 2018 was a shock; the second time you think, 'this is a nightmare'; by the third time, it starts to become embarrassing to justify. So, this is the situation we are living in today, and I say this regardless of who is to blame, whether it is just one person or several. I think there are many complex situations converging toward this result. We cannot even look solely at the recent path of Gattuso, Buffon, and Gravina; there is so much more behind it. Whoever goes to elect the new president will be called into account, with their choices, their ideas, and their vote.""  “The fact remains that today, unfortunately, we are lagging behind, and by quite a bit. We are behind both our own standards and those of others who have studied hard, who have studied us in the past, and who continue to learn from those who are better than us; there are many national teams from which we can draw inspiration. Essentially, they’ve figured out how to rebuild from scratch. True, perhaps some national teams had more time than Italy, but others like Germany and France were in the same situation as us and had the courage to take certain paths. We need to address many issues; it’s not just about the federation president, whom everyone might blame today as the main person responsible simply because he’s at the helm. What we need now is the will to react and start over, and there is only one way: to get back in the game, work, and study; to do so with enthusiasm, which we must find within ourselves through what has always defined us as the Italian people. That is, in times of major sporting crisis, such as the 2006 or 1982 World Cups, we managed to draw upon energy, creativity, determination, and solutions. Even today, at a time when we still seem very far from finding solutions.""  What might be the first steps toward revitalizing Italian football?  ""There are many issues to address, but any idea we have must be discussed in a group setting with others. In short: we need a team. I believe in teamwork, and there must not be, I repeat, a single scapegoat; just as I don’t believe there can be a single person who can solve everything. In Italy, we have gaps compared to others in so many sectors. First, I want to emphasize and here I’ll digress that what we’re talking about is a problem in men’s football, while women’s football is doing extraordinary things, just as we’re performing exceptionally well in so many other sports. We’ve just come off the best Olympics ever, and look at what Italian tennis is doing. It means the talent is here, but today it’s focused on other sports that’ve had the drive to get back in the game, rebuild, and perform through different paths. In this sense, I don’t know if football has the same patience and time to do so, or the courage to make certain choices. In this context, we need to sit down and talk. The youth sectors aren’t doing well, neither are the stadiums, nor the investments, and far fewer Italians are playing.”  “Some things can be fixed, others not so much. The things that can’t be fixed depend on the people, from the presidents down, such as the selection of coaches or players: these choices must be made with care. We’ve gone from a very local style of football, where clubs were run by locals—in Turin, people from Turin; in Milan, people from Milan—to becoming much more open, and this causes you to lose some of your territory and tradition. Setting aside the big teams, abroad you can still see a strong sense of tradition. I’m thinking of Bilbao or Seville, there’s a real sense of identity. As Italian football, we need to take a step back: admit that we’re no longer the best, and that we’re not even second or third. The first step is to acknowledge it, we’re no longer who we think we are or what our pride demands we be. Pride must be set aside, and humility must be brought to the field, putting ourselves back in the game, studying, and analyzing those who are doing well. In England, back in 2006, they were in a situation similar to ours. And we need a complete team in every area. We need something more than just saving our own skins, because fundamentally, that’s all we think about.”  Let’s talk about long-term planning: it takes time to put it into practice…  ""There’s a lot of talk about long-term planning, isn’t there? But if you’re going to talk about it, you have to follow the steps, there needs to be a solid foundation. Today, all too often, everything is consumed too quickly. There are coaching careers that have gone from near-disaster to great success. I’m thinking of Gasperini in Bergamo, who got off to a terrible start, but the club had the courage to keep him. And up until that point, he hadn’t had a particularly notable career; yet he stayed, and in Bergamo, he became a legend. Or even Allegri and Ancelotti at my Juve are prime examples. Ancelotti seemed like the worst coach in the world, but then, unfortunately, he beat us in the Champions League final a few years later…”  Speaking of the future, how do you develop a player beyond what happens on the field?  ""We often hear about developing a player, but in my opinion, you don’t really ‘develop’ a player. At most, you shape them and offer guidance. You shouldn’t always just agree with them; instead, you should present them with choices. We also live in a different generation than mine: everyone is talking about football these days, even those in important political roles. A politician shouldn’t speak as a fan; they should speak as a politician and handle matters as a politician, just as the Minister of Sport did. Whether or not you agree with what he said, he has the right to speak about sports. But for everyone else, let’s not make too much of a fuss.”   So how can we nurture new talent?  ""These days we’ve all been rooting for the national team; some people ask me to describe what it was like in my day. I’ll tell you that I was almost terrified of going to the national team. Going there meant two things: a knife between your teeth and a helmet on your head. Today’s young players have different habits. I know there are coaches who try to get to know them better, like Pisacane or Grosso, coaches who try to build that kind of relationship.”  ""I don't know if this is how things are done in youth football today or not, there is so much to do… Coaches are underpaid, national teams have many expenses, we complain about having to pay for football academies: it’s a free-for-all, and you can't move forward like that. We need to understand how to find a balance. To find solutions. And taking responsibility is fundamental; there are moments where those who have made mistakes must admit it and say goodbye. Today we live in a world where admitting an error is a problem. I’ve made mistakes a thousand times, even when I didn't admit it, but deep down I knew it, and there must be people who tell you that you've made a mistake, but with serenity, without placing blame.""  How important is team chemistry in football?  ""Quality determines whether a player is better or worse, but their quality is determined by multiple factors. If someone is technical, they aren't automatically a 'number ten'; there is much more to it. Otherwise, talents we’ve had in the past would have won much more. In this sense, human qualities are certainly fundamental. Any coach who has won a lot will tell you that they did so by managing a group that was superior on the human side.""  Do clubs have a strong responsibility in choosing people?  ""Clubs have a responsibility to choose the person first, before the player. In my day, there were masters at this—people like Moggi and Galliani, who even knew how many times you went to the bathroom… while you were on vacation. There was an obsessive focus on getting to know the player on a personal level. Because the better you know the people you work with, the more you can get the most out of them. Otherwise, you have to rely on intuition or… on data. Now, data is relevant, yes, but it needs to be interpreted. Did a player make 150 passes? Okay, but forward or backward? And what team do you play for? Do you have a duty to win?”  Or depending on the pressure that comes with the jersey you wear…  “Today we’re praising Como, a wonderful club, but right now they don’t have to win; in a year or two, maybe they will, and by ‘win,’ I also mean qualifying for the Champions League. That’s when things would change. And that’s why some players have done extraordinary things at certain clubs and less so at others.”  Are some young players today, like Yamal, much more exuberant than the young players of previous generations?  ""I’m thinking of Yildiz; I know him well. He has great character and is constantly growing. Yamal does extraordinary things, even though I don’t know him personally. We were used to Messi and Ronaldo; today there are different players. We’re also in a different era; I have children and I see that I’m a boomer, that they have different ideas and a different pace. The only thing that saves us is knowledge, not restrictions… except for the one about going to the disco… (laughs, ed.). Victory for a parent is when a child makes good choices: the way I see it, we shouldn’t be overprotective and always telling them what to do.”  “And this is reflected in youth development. We tell the kids too much about what to do, and that stifles their creativity. If we give overly strict instructions, young players will only know how to do that; they’ll become good within that system, but as soon as they step outside of it, they make mistakes and get labeled as poor players. That’s not the case, they aren’t poor players: the problem is that they’ve only been taught one thing. They haven’t been taught to solve problems on their own. In other countries, these problems don’t exist; there isn’t the same “prohibition on taking initiative” as we have here. We’re in a situation where kids need to express their own qualities and test themselves. Do you know what my greatest joy was? Challenging my friends. And therefore challenging myself as well. Back in the day, video games cost money too; you paid a hundred lire to play, so you really cared. Today, video games are free….”  In the youth sectors, is there also a problem with the scouting process and those who evaluate the players?  ""I don't have all the solutions, but we must start from a clear premise: today, with Italy's U15, U16, or U17 teams, we do extraordinary things, but in the U21s, we don't reach the top—whereas in my day, we won the European Championship with the U21s for two editions in a row. This is an aspect to analyze: why are we as strong as, and perhaps stronger than, others at 15 or 16, and then we aren't anymore? What is missing in that phase? And where do these problems stem from? What kind of players are we shaping? Answering these questions is a slow process...""  Could Conte be the Italy manager after Gattuso?  ""I have no idea, but he can certainly do it. He has all the qualities and has already done it in the past. He has human and technical depth; he is obviously a potential candidate.""  [Full Interview](http://www.youtube.com/playlist?list=PLuh4tU_zP6FRslwYhsNZC6e8Sj3R2bIkY)  Might be geo restricted to Italy.",277
2026-04-03 19:24:36,"**This is a quotes thread. Remember that there's only one quotes post allowed per interview/press conference, so new quotes with the same origin will be removed. Feel free to comment other quotes/the whole interview as a reply to this comment so users can see them too!**   *I am a bot, and this action was performed automatically. Please [contact the moderators of this subreddit](/message/compose/?to=/r/soccer) if you have any questions or concerns.*",2
2026-04-03 19:27:06,"I read the same quotes from Madini somewhere i believe, maybe i misread",46
2026-04-03 19:32:44,"Good quotes in there, interesting comparison with England",5
2026-04-03 19:42:08,"Once as tragedy, second as farce, third as some undescribable horrible third thing.",45
2026-04-03 19:45:24,"Harry Kane , England’s Ballon d’Or hopeful , Is finally getting the love he deserves | Barney Ronay",50
2026-04-03 19:48:53,"There is much I agree with what he said but I also disagree with him on some points.  A point of disagreement - why is he calling Como a wonderful club? In who's eyes? We need to start calling a spade a spade. Como does not have a single Italian playing for them. It's a disgrace. It's exactly the diminishing of Italian players in Serie A that is accountable for the lack of Italian youth coming through.  30 years ago, there were 500 Italian players in Serie A. Now, there is so much less. I don't know the numbers of how much less, but we all know it is catastrophic. Como should he called out for this bs, not praised.",33
2026-04-03 20:01:03,"The article by Barney Ronay, written for The Guardian in April 2026, analyzes Harry Kane’s current form, describing it as the pinnacle of his career and his best-ever chance to win the Ballon d'Or. Kane is identified as one of the three frontrunners for the award, alongside Kylian Mbappé and Lamine Yamal, and is expected to finish the season as the European Golden Shoe winner. To secure the Ballon d'Or, the text suggests he will need either a Champions League title or a standout performance in the 2026 World Cup.  Kane's impact at Bayern Munich is described as transformative; under Vincent Kompany, he has become the team's centerpiece, shattering scoring records—with 136 goals in 133 appearances by that point—and acting as a key catalyst in elevating the squad's overall level. The author also notes a shift in public perception, observing that Kane has become ""cool."" Previously viewed as a talented but ""ordinary"" player, he is now appreciated as England’s best and most intelligent footballer, with the public and the internet valuing his vision and passing over trendier players like Phil Foden.  Furthermore, for the first time ahead of a major tournament, Kane is seen as an unquestionable leader and a model of professionalism properly valued by English fans. However, despite this success, the article mentions a recent injury that could affect his performance in the Champions League quarterfinals against Real Madrid, a recurring pattern of physical fatigue that often haunts him at the end of seasons. Ultimately, the piece celebrates Kane’s maturity as a complete player who, at 32 years old, is finally receiving the global recognition and affection his talent has always deserved.",1
2026-04-03 20:04:55,"Kinda ironic how he had to leave England &amp; play abroad to get more love &amp; respect from foreign media, than he ever received by english media, even though  he was the best english player in prem for such a long time.  Hopefully he wins the Balon d'or and shuts up so many of the clown pundits who still to this day criticise him for leaving england to win trophies in a bigger team.",19
2026-04-03 20:42:28,"So, how we will define the fourth one?",5
2026-04-03 21:36:24,"I can imagine Bellingham pushing up beside Kane, so I'd have O'Reilly so he can sometimes invert to give us more bodies in midfield.",3
2026-04-04 02:45:44,To be honest cornflake box head is our last hope.,2
2026-04-04 07:13:04,"Kevin De Bruyne on if he still loves football as much as when he started: “No, I don't think so. But I suppose that's normal after 30 years. Sometimes you lose a little interest, just like in any job, I guess.” First of all, how are you feeling?  “I'm fine. I'm still dealing with a bit of jet lag after coming back from America. But I'm fine.”  What was it like returning to the Belgian national team?  ""Great, it's always special. Everything is moving in the right direction; representing your country is an honor. I know people expect a lot from me; I have to help this new generation grow so they can go far. It’s different from the past, but I like it.""  What are your expectations for the upcoming World Cup?  “I don’t know; I think there’s less anticipation than before. Obviously, we had a very special group in 2018; now there are a lot of new players. Let’s start by getting through the group stage; then it depends on who we face. We want to play good football and go as far as possible. We hope to achieve something good.”  Italy won’t be at the World Cup: are you surprised?  “I think the level of play in Europe is getting higher and higher. It’s not easy to win every game, and even smaller national teams can put together a decent squad and get results. Of course, missing the World Cup is a huge loss for a country like Italy. But there’s nothing we can do about it.”  From the Belgian training camp, you said you were ready to help Lukaku if needed. How much did your friends Romelu and Mertens help you in your decision to come to Naples?  “Not much, actually. I talked to them a bit, but in the end I weighed all the options, discussed them with my family and close friends. I spoke with them to understand how things work, but ultimately you have to make your own decisions, and I decided that Napoli was the best choice for me.”  Why Naples?  ""Because it offered the best opportunity for me and my family. I wanted to keep playing at the highest level, and Naples gave me that chance. So it was the best choice for everyone. I need to try to be happy in my work and in my life. I have three young children, a family, and I want to do my best to make sure they’re happy. Obviously, it’s different from England, the mentality, the climate, even a different way of life. It wasn’t easy to make the change after ten years in Manchester, but now we’ve adapted, and we’re doing well. And we’re all happy.""  You were sidelined for many months. From the outside, what did Napoli lack to contend for the Scudetto?  “We had some difficult moments where we dropped a few points. The middle of the season was very tough; we had several injuries and didn’t play our best in some matches.”  Is the Napoli-Milan match only about second place?  ""That’s how it stands right now, though everything obviously depends on Inter, who hold their fate in their own hands: if they win all their remaining games, they’ll be champions. We can only give it our all to try to win as many games as possible. A few weeks ago we were 14 points behind; now we’re 7 points behind. It’s always very difficult, but in football, things change quickly. But we shouldn’t be thinking about that right now; instead, we need to focus on our goal, which is to finish in the top four and return to the Champions League next year. Then we’ll see what Inter does. In the meantime, let’s focus on winning Monday’s match.""  Napoli vs. Milan will also be a showdown between you and Luka Modrić. What do you think of Luka?  ""A top player! I know him well. I’ve faced him many times, and we’ve spoken many times. He’s one of the best midfielders of all time in my opinion: obviously, I can’t compare generations, but he’s certainly one of the best of the last 20 years. I think I’ve faced him at least 20 times between Croatia and Madrid. Now with Milan. To me, he’s a fantastic player, a fantastic person. And he has a great family.""  Are you also friends?  “I wouldn’t say friends, but I’m friends with Kovacic, and they’re very close. We’ve run into each other often.”  Is Conte's method really that tough?  “Yes!”  The expression is that of a seasoned actor. Ironic, smiling. Serene. You’ve returned with a new system of play. What changes for you?  ""There isn't much difference. Even at the beginning of the season, we often defended with five, with Matteo (Politano) dropping back to help.""  You haven’t scored from open play yet. Does that weigh on you?  “No, absolutely not. I don’t give it much thought. I think I’ve played well in the past and also in these two games since I came back: for me, it’s important to provide assists, create chances, and have opportunities and that’s what’s happening.”  I’ll read you some things your teammates have said about you. McTominay: “We’re honored to have Kevin here with us.”  “It’s nice to hear that, but the same goes for me. I’ve built my career on what I’ve done, but I’m no different from them. I came here as a player and have often played against Scott in big games. But yes, it’s nice to hear that from him…”  Hojlund: “With Kevin, you just have to focus on running; you know the right pass is coming.”  “I try, but I don’t know… every time someone makes a run, I try to find him. I have to try to find him; if you don’t give him the ball, they’ll stop making runs, and that would be worse for me too. He can become a top player; he has great qualities. He went through a tough time in Manchester, but now he’s doing very well here. He’s still young; he has a lot of time ahead of him.”  Alisson wrote on social media that one day he’ll talk about having played with De Bruyne.  “That makes me feel a little old (smiles, ed.). As I said before, I’m happy to hear these things. I try to give my all for myself and for the team, and since they’re young, I hope maybe I can offer some guidance that will help them in the future.”  Do you consider yourself a special player?  ""I don't know what you mean by ‘special.’ I think I'm a good player, not a special person. I have my strengths as a player, and like everyone else, I try to do my job to the best of my ability, but I don’t feel any different from anyone else. As I said, my career is my career; what I’ve done is why people say that, but it’s in the past. Obviously, it will help me in the future in a couple of ways, but as a person, I’m the same.""  What kind of dad is De Bruyne?  “Sometimes I’m very strict, but I try to be there for my kids as much as possible. It’s not easy given the situation, I can’t be a normal dad. People recognize me and don’t leave me alone. I try, but it’s not easy to find the right balance.”  How does it feel to watch your son play football?  “I like it; I’m proud. But I’m also proud when I see my other son riding a bike, or my daughter dancing. I like seeing them happy, doing what they want and what makes them feel good. My middle son likes to play football too, but I don’t put any pressure on them, they have to do what they love. I’ll always support them.”  Could Napoli be your last team?  “I don’t know that; I’m not thinking about it right now. I’m not that kind of person. I still have a contract, and I’m really happy in Naples. I’m trying to enjoy the moment now. I think I can play for a few more years, and then when my body tells me to stop, I’ll do it. But for now, I feel good.”  And what does the future hold for you?  ""When will I retire? I really don't know. There certainly won't be anything right away, because I'll want to spend some time with my family, who have made so many sacrifices for me. Then I'll have to find something to do, of course. In the near future, though, I just want to keep playing football and give it my all to stay at the highest level possible. I feel good, I’m happy, and my family is happy for me.""  Do you still love football as much as when you started?  “No, I don't think so. But I suppose that's normal after 30 years. Sometimes you lose a little interest, just like in any job, I guess.”",1892
2026-04-04 07:13:07,"**This is a quotes thread. Remember that there's only one quotes post allowed per interview/press conference, so new quotes with the same origin will be removed. Feel free to comment other quotes/the whole interview as a reply to this comment so users can see them too!**   *I am a bot, and this action was performed automatically. Please [contact the moderators of this subreddit](/message/compose/?to=/r/soccer) if you have any questions or concerns.*",2
2026-04-04 07:22:42,"Ohhhh, Kevin De Bruyne 🗣",320
2026-04-04 07:23:58,Serie A is lucky to have a player of this quality in it.,566
2026-04-04 07:31:20,the prem midfield goat. an absolute monster and one of the very best of all time,221
2026-04-04 07:45:43,"&gt;Could Conte be the Italy manager after Gattuso?  &gt;""I have no idea, but he can certainly do it. He has all the qualities and has already done it in the past. He has human and technical depth; he is obviously a potential candidate.""  I bit skeptic on this. Compared to league tournament, Conte results in knocked-out tournaments is bad. He have more league title than he reach knocked-out tournaments final, let alone reaching the semi-finals. No doubt the world class manager, but his main strength when playing in league format tournaments, not knocked-out tournaments like World Cup.",1
2026-04-04 07:50:48,"I'm gonna be honest, in my head he already retired",201
2026-04-04 08:01:07,"I don't know with this opinion in the title. It highly depends on the kind of job you have, your objectives and outlook.  I'm quite sure my CEO/deputy CEO are the most involved in my company, the drive is different. I would understand that their is a midpoint in one's career where the outlooks are limited to stagnation, and it hits harder. Most get out of that zone by not caring, or by getting up the ranks.   As a football player, De Bruyne probably reached this point where there is not much to one-up as he achieved most, beside a World Cup probably, hence it makes sense to lose the drive.",1
2026-04-04 08:20:19,"Especially when your co-workers are assholes, and your boss a psycho who’s keep yealing at you things you don’t understand.     When you think about it….     Man, I know it can be really lucrative, but footballer is a terrible job for 3/4 of them, especially if they don’t know anything about what another job is.    And as someone who was fired at 36, after a start at 19 as an aprentice and make it to be a professional in my branch I love so much at first and needed 2 years to cope, get my shit together after the shook, man I think I realised something.     And I can still try to do the same kind of job. Not them.    I made a reconversion in the same area and boy, it’s better now.  Si I hope they can too.     (I won’t pity them but still, it’s not that easy)",1
2026-04-04 08:42:29,Football and the world is just less good than it was 20 years ago.,47
2026-04-04 08:42:40,"The GOAT midfielder for the prem, absolutely blessed to be a fan while he ran the league",24
2026-04-04 09:33:26,he's just like me frfr,33
2026-04-04 09:40:17,"""Journalist""",3
2026-04-04 09:50:28,Money destroys everything,1
2026-04-04 10:12:33,I'm shocked more of them don't regularly lose interest.,6
2026-04-04 10:36:57,Ja ö,2
2026-04-04 10:59:47,Best English striker of all time.,8
2026-04-04 11:21:53,Well he grew up when football still had a bit of charm to it. Now it's just a soulless corporate profiteering machine.,10
2026-04-04 11:31:19,"Not our best players, it was purely a final game to decide who will be on the plane. Does anyone remember the Senegal game?  Essentially we are screwed if Harry Kane gets injured. Needs to be wrapped in cotton wool until the WC!",2
2026-04-04 12:47:14,&gt;But there’s nothing we can do about it.  Don't know why this cracked me up so much,9
2026-04-04 13:32:27,No.,2
2026-04-04 14:31:46,"Strive for a healthy work/life balance, everyone.",7
2026-04-04 15:53:42,Could be deliberate motivation by Tuchel? Or maybe just that he doesn’t think Maguire is capable of playing the way he wants England to play,2
2026-04-04 16:11:59,Nick's list is the closest to what I'd probably pick,2
2026-04-04 23:59:00,"Went to Italia 90, France 98, Japan 2002, Germany 2006, and Russia 2018, and had been planning since 2018 to come to North America, but the absolute farce that is Fifa and their ticketing fiasco has basically thrown all my dreams of going out the window, regarding the world cup, i have to say as a Englishman, Russia was hands down the best tournament,the red tape for visas was removed, the people were very friendly, and respectable,it was very affordable, there was free railway travel across the country, it was well organized, it was safe, the tickets were easy to get and reasonably priced, the stadiums were good, as well as transport links.",2
2026-04-05 00:33:02,Obviously not,2
2026-04-05 00:48:19,Kroos-esque response,2
2026-04-05 01:13:52,"United fan here, always liked de Bruyne Eventho he wore blue. He and Bruno Fernandes are in a league of their own.",3
2026-04-05 05:42:31,"Scotland fan here. Absolutely no chance I'd set foot on that fascist dictatorship of a country. Bar a few other mental countries, the world detests the USA and that orange fucking imbecile of a leader",2
2026-04-05 05:59:30,"Notice how the bid documented prices for games, especially the finally, are WAYYYY off the mark?  They're also using dynamic pricing no?",2
2026-04-05 06:04:50,Swept with World Cup Fever this Week! So branched out my YouTube Channel! Just 67 days to go and I am still buzzing for this tournament. I do not care at all about the results in the friendlies. Tuchel is the man and he knows his squad! Come on England!  https://youtu.be/n94lJDVPHQo?si=9DRayeemSGEFBaH5,9
2026-04-05 06:13:07,"If there 1 thing we can be confident about, it’s that international football, and especially England, will have boring matches prior to the knockout stages.",2
2026-04-05 07:58:58,"I’m not going this time. Reasons a multiple, but basically it boils down to not supporting the corrupt organisation that is FIFA. They have completely lost the plot. Also did not go to Qatar; not because of Qatar, have been there, but because of the corruption that fave them the tournament in the first place.   Also ticket prices are ridiculous, I have no desire to support USA in its current state, having a WC spread across 3 enormous countries is just more money grab and takes away from the occasion of the event,and having half the countries in the world turning up for it just devalues the tournament.  So no, just not interested in it now.",2
2026-04-05 07:59:07,🤣🤣🤣🤣  Trump derangement syndrome,2
2026-04-05 08:00:21,I’ve bought two tickets  One for me and one for Trump incase he would like to sit next to me  Great investment,2
2026-04-05 10:38:26,"Pickford  James, Konsa, Guehi, Hall  Jude, Anderson, Rice  Saka, Kane, Gordon",2
2026-04-05 11:24:16,Jack Wilshere interview: England should take Dowman to World Cup – Spain would,73
2026-04-05 11:27:18,Spain definitely wouldnt?,8
2026-04-05 11:29:12,"This hype has got to stop, just let him develop in peace. How many senior appearances has he had in total? What winger/10 could you possibly justify taking Dowman over? Swear this country will never learn when it comes to player development",20
2026-04-05 11:34:14,Bowen all day he miles ahead of him now. Z,6
2026-04-05 11:37:59,I think Jack may've missed the game last night,1
2026-04-05 11:39:02,We did this with Walcott 20 years ago and he carried the players bags the entire tournament and left Dafoe at home. Criminal.,3
2026-04-05 11:42:23,Nonsense from a lightweight,2
2026-04-05 11:56:21,"Jack is right, Gavi had similar senior appearances when Spain called him up. Dowman would immediately be England's best no.10. Tuchel needs to be brave, ignore the noise and pick him",4
2026-04-05 11:57:15,What's the rush.   Can't he just develop through the age groups and have a normal preseason in the summer.,2
2026-04-05 12:42:18,"Wilshere on England career and Roy Hodgson: “Arguably, I shouldn’t have been in those squads, but he trusted me. Sometimes I look back and think of what might have been. But I have really good memories of scoring two goals [against Slovenia]; of having a run in the team as a No 6. I loved that.” Wilshere would not play another competitive game for 16 months after that day at Wembley in June 2011. History records that in 2011-12, when he should have emerged as one of the pre-eminent midfielders in Europe, ready to lead England in the summer at Euro 2012, not a single minute was added to his professional tally. Things would never be the same again.  “I didn’t know at the time [in June 2011],” he says. “And sometimes I think, ‘That was the last time when I was actually really, really free as a player’.”  “I look back on my England career and those 34 caps could easily have been 75 – even if you cut down half the injuries,” he says. “I look back with pride. I went to the World Cup [in 2014] and I went to the Euros [in 2016]. Probably didn’t get the best out of me because both were off the back of a season with bad injuries, but I had a coach in Roy Hodgson who I really liked.  “Arguably, I shouldn’t have been in those squads, but he trusted me. Sometimes I look back and think of what might have been. But I have really good memories of scoring two goals [against Slovenia in June 2015]; of having a run in the team as a No 6. I loved that. So, yeah, frustrating, but also really proud.”",581
2026-04-05 12:42:19,"**This is a quotes thread. Remember that there's only one quotes post allowed per interview/press conference, so new quotes with the same origin will be removed. Feel free to comment other quotes/the whole interview as a reply to this comment so users can see them too!**   *I am a bot, and this action was performed automatically. Please [contact the moderators of this subreddit](/message/compose/?to=/r/soccer) if you have any questions or concerns.*",2
2026-04-05 12:43:14,"The story of Wilshere is why I'm always kinda nervous when players get huge game time early on, I don't want Pedri or Bellingham for example to end up like him",218
2026-04-05 12:44:55,"Arsenals injury What Ifs are massive during late in Wenger’s time there.  Ramsey, Wiltshire and Walcott amongst others. No lack of talent but all that potential not being reached deffo hurt",133
2026-04-05 12:46:35,I am not ready for guys like fucking Wilshere talking like an old man,425
2026-04-05 13:04:08,That Slovenia performance Wilshere is referring to was one of our finest under Hodgson. We were top class that day.,35
2026-04-05 13:15:09,I don't particularly remember Wilshere's inclusion being that controversial at the time.,79
2026-04-05 13:24:45,i use to go to school swearing he was going to be the next big thing 😭  still one of my favourite players for a brief time,9
2026-04-05 14:33:31,Didn't Wilshere go on a run of like 6 MotM performances under Hodgson? He more than repaid any faith that Roy put in him.,42
2026-04-05 15:13:20,"Still remember he had an outstanding game against Brazil, ran our midfield. Still one of the best talents of the past 20 years, and the Barcelona game is rightfully one of my favourite performances by a player ever.",11
2026-04-05 15:16:42,"In an alternative universe, Arsenal had Wilshere, Ramsey, Cazorla and Diaby consistently fit and untroubled by injury at the same time - that could've been a very, very strong midfield.",14
2026-04-06 01:54:42,Probably the FA looking for ways for the Sky 6 only enter the FA Cup in the quarter finals..,2
2026-04-06 08:37:11,Happy for you. I've never been less interested in whatever farce of a tournament FIFA have turned this into.,2
2026-04-06 10:45:39,Reece James on track to deliver England World Cup boost with Chelsea return,101
2026-04-06 10:48:29,That’s always been the timeline but the media started clickbaiting saying there’s fears of him missing the wc,17
2026-04-06 10:54:31,Reece James we are talking about here.   He’s got another injury or two in him before June.,1
2026-04-06 10:57:54,"Chelsea and England just need to rest him till the summer, only starting him at the World Cup with sub appearances in the friendlies leading up to it",4
2026-04-06 11:29:52,bEN whITe iS bETteR,5
2026-04-06 12:06:32,Anyone who thinks he will be fit is naive,1
2026-04-06 12:42:21,![gif](giphy|XqpnXaeZPnupy),2
2026-04-06 12:43:31,Let’s pray there’s not too much wind between now and the World Cup,1
2026-04-06 12:52:41,"I don't think Reece James will make the world cup.  Enzo Maresca took over Chelsea in June 2024. Reece had his last hamstring injury in November 2024.  At some point after his return Maresca was interviewed stating that he now knows how to prevent Reece James form getting those recurring injuries (something to do with limiting how much running he does during the game).  Maresca leaves Jan 2026 and Liam Rosenior takes over with his new ideas, then Reece James picks up another injury March 2026.  If Rosenior doesn't manage Reece in the same way Maresca did then I can easily see him picking up another injury before the end of the season.",1
2026-04-06 13:02:20,Wc ffs waste of a player he ain't as great as made out to be an gem play 1 game an be sent home injured,1
2026-04-06 15:19:22,Him and shaw..on paper two of the best fullbacks around..but sadly they are shot of fitness and consistency..I would take both as backups as both can fill in at CB as well but our primary fullbacks can't be either.,1
2026-04-06 16:23:25,You can't be taking a player with his injury record to a world cup.,1
2026-04-06 17:37:11,I’ll believe it when he starts a game in the World Cup. Being fit now with his track record is meaningless.,1
2026-04-06 23:09:39,"Train from Boston to foxborough usually $20 is now going to be $80 in a price gouge on the fans.   How can we be in a world where South Africa, Brazil, Russia and Qatar all offered better local transport options - either by service or pricing - than the USA.   Absolute fucking shambles of a nation.",2
2026-04-07 13:01:20,Versions of England players needed to win the world cup,748
2026-04-07 13:06:04,I think Kane is just doing the same in a better team in a shitter league. Be better when he was younger and faster,7
2026-04-07 13:08:16,I think you want Maguire for the headers in tournament play.,60
2026-04-07 13:10:24,&gt; Injury-free James  If we're allowed fictional versions of them why not go for 'can-leap-over-buildings Kane' and 'teleportation-enabled Pickford'?,259
2026-04-07 13:15:20,2018 Maguire &gt; current Guehi,26
2026-04-07 13:20:21,"After this world Cup when kane retires, our options are so limited",5
2026-04-07 13:20:38,"Can we not just have the Messi version of Saka, the Maradona version of Bellingham and the Maldini version of Guehi?",5
2026-04-07 13:26:09,So funny that Rashford’s ‘best version’ is two months long,217
2026-04-07 13:26:13,'06 Rooney up top,4
2026-04-07 13:26:26,"Gotta be clearer about the rules otherwise it just becomes a fantasy free for all.  How liberal can we be with the time machine? Is it any currently playing English player even if they haven't been in the mix for years?  Because if it is then 17/18 Harry McGuire, 17/18 Kalvin Phillips, 21/22 Kieran Trippier, 21/22 Kyle Walker, 15/16 Jamie Vardy, 15/16 Jack Grealish, 22/33 Trent Alexander Arnold, 13/14 James Milner and 15/16 Delle Ali",12
2026-04-07 13:26:29,By current guehi you mean the start of the season,3
2026-04-07 13:31:33,Current Rice is better than 24/25 Rice,86
2026-04-07 13:34:00,"Bellingham in Madrid utilized badly after when Mbappe got in his position shifted deeper, making him false 9 and you will get the version you desire.",5
2026-04-07 13:39:06,2024 Palmer is statistically the best player on here,7
2026-04-07 13:42:55,"""Doesn't delay surgery in a hope to make world cup squad, tanking his own form and confidence and ironically putting him at risk of not being selected"" Palmer  Doesn't roll of the tongue though",12
2026-04-07 14:00:09,On Spanish radio they were saying Kane is carrying an injury. I hope we don't have yet another tournament where it's only admitted after we have been eliminated that he wasn't fully fit.,6
2026-04-07 14:16:22,Are u dumb? Where is 23/24 Palmer?,5
2026-04-07 14:53:40,Current Rice is better than 24/25 Rice.,8
2026-04-07 15:08:45,Saka was better in 23/24,4
2026-04-07 15:27:22,"Hall hype need to calm down he is 12 in the league, Luke shaw prime i would take euros 21..",3
2026-04-07 15:52:43,2022 Beth Mead,16
2026-04-07 15:53:35,25/26 Rice is better than 24/25,4
2026-04-07 15:59:41,"The absurdly-narrow path for England to lose out on an extra Champions League place With their sizeable lead atop the Country Coefficient table, England are all but assured of locking up one of the top two places in the standings and the accompanying extra Champions League qualification place. England just need to earn one more point to mathematically secure a top two finish, which they will do if any of their five teams earn a win or draw in either of their quarterfinal legs.  But even if they all lose out over the next week and a half, the path to keep England out of the top two is absurdly narrow. The only way it can happen is if Spain earn at least 37 points and Portugal earn at least 30. With the way the brackets have worked out, there is a handful of combinations of results across all three competitions that will knock England to 3rd place. How narrow? Of the 21 remaining ties, *17* of them need to play out a specific way.   If you're curious, here's what needs to happen for England to miss out on an extra Champions League place.  ---  **Champions League**  * PSG win both quarterfinal legs against Liverpool * Real Madrid win both quarterfinal legs against Bayern * Sporting win both quarterfinal legs against Arsenal * Real Madrid win both semifinal legs against PSG * Sporting win both semifinal legs against Barca/Atleti  * Sporting win the final against Real Madrid  The Barcelona/Atletico Madrid tie is the only one where the result does not matter (largely because Spain will gain 5.5 points from the tie no matter how it plays out). Other than that, Sporting must win every game from here on out, Real Madrid must win every game except for the final, and the English clubs must lose both legs of their quarters.   **Europa League**  * Braga win both quarterfinal legs against Real Betis * Celta win both quarterfinal legs against Freiburg * Porto win both quarterfinal legs against Nottingham Forest  * Bologna win both quarterfinal legs against Aston Villa * Celta win both semifinal legs against Braga * Porto win both semifinal legs against Bologna * Porto win the final against Celta  The draw really works in England's favor with two Spanish and one Portuguese team on the same side of the bracket. This really limits the ways both countries can gain enough points to pass England. There is a very little bit of flexibility here, as Braga could drop a game to Betis and then take a game from Celta, but that's all of the leeway that there is. Porto must run the table, Celta must make the final, Braga must make the semis, and both English teams must crash out.  **Conference League**  * Fiorentina win both quarterfinal legs against Crystal Palace * Rayo Vallecano win both quarterfinal legs against AEK * Rayo Vallecano win both semifinal legs * Rayo Vallecano win the final  This scenario is the most straightforward of the three competitions as there is just one Spanish team and no Portuguese sides still in the Conference League. Rayo Vallecano must win the competition, and they must do it by winning every game. And even if that happens, they need Fiorentina to do them a solid and pick up two wins over Crystal Palace.",71
2026-04-07 15:59:42,"**The OP has marked this post as Original Content (OC). If you think it is a great contribution, upvote this comment so we add it to the Star Posts collection of the subreddit!**  *I am a bot, and this action was performed automatically. Please [contact the moderators of this subreddit](/message/compose/?to=/r/soccer) if you have any questions or concerns.*",2
2026-04-07 16:02:06,In other words: Not happening,57
2026-04-07 16:33:10,"All this coefficient business is a fair way to go about allocating CL spots, but honestly they should be capped at 4.",22
2026-04-07 16:41:45,"Fuck it, stick a fiver on it",3
2026-04-07 16:54:51,Palace are going to batter Florence,3
2026-04-07 17:39:19,THE ARROGANCE,2
2026-04-07 17:53:27,"My English friends, we must work together to prevent such a scenario.",2
2026-04-07 18:16:25,For how long. Luke shaw all over again,1
2026-04-07 18:39:32,"DON'T YOU DARE!   Love, united, Liverpool, and Chelsea",3
2026-04-07 19:02:10,"25/26 Rice has been pretty much the best player in the league, let alone better than 24/25 Rice.",6
2026-04-07 19:29:55,"Good, I think he's really important to the side. Other than Kane, Pickford and Rice, he's probably got the greatest value over the potential replacement.",4
2026-04-07 21:19:05,England and Scotland World Cup tickets on resale at inflated prices,54
2026-04-07 21:19:05,"For tickets, please [create an account with England and use your membership to buy tickets through official channels](https://www.englandfootball.com/members/Ticket-Priority). If you wish to try your luck in the aftermarket, please be buyer beware as tickets are often under tight controls.   *I am a bot, and this action was performed automatically. Please [contact the moderators of this subreddit](/message/compose/?to=/r/ThreeLions) if you have any questions or concerns.*",2
2026-04-07 21:19:36,England and Scotland World Cup tickets on resale at inflated prices,7
2026-04-07 21:19:36,"Hi /u/nolesfan2011, this submission is waiting for moderator approval, before it can appear on the subreddit. Such posts are usually better suited using the [Weekly Discussion Thread](https://www.reddit.com/r/football/search?q=flair_name%3A%22Daily%20Discussion%22&amp;restrict_sr=1&amp;t=day&amp;sort=new).  *I am a bot, and this action was performed automatically. Please [contact the moderators of this subreddit](/message/compose/?to=/r/football) if you have any questions or concerns.*",2
2026-04-07 22:49:16,How are category d tickets being resold?,2
2026-04-08 00:38:22,"BOSTON: Anyone travelling to Boston and hoping to pick up a cheap last minute ticket per the Club World Cup, bear in mind the local transit system is selling max 20,000 train tickets to each group match starting tomorrow and the stadium at Foxborough is famously inaccessible at 35 miles away from downtown.   So picking up last minute tickets brings its own headaches.  https://www.mbta.com/news/2026-04-06/mbta-announces-service-updates-and-mticket-availability-world-cup-2026-matches  There will be likely be unofficially dedicated pubs for Scotland and England games and the fan park is still planned at Government Center downtown if you can’t get tickets.   https://bostonfwc26.com/newsroom/the-boston-host-committee-for-fifa-world-cup-2026-announces-fifa-fan-festival-at-city-hall-plaza/  (Source: live in USA and don’t have match tickets but plan to be in Boston for Eng v Ghana)",8
2026-04-08 05:23:30,"Arsenal here, you're all welcome btw",2
2026-04-08 09:14:05,“Fifa takes a 30% fee - 15% each off both buyer and seller - from each ticket which is sold.”  Absolute scum.,12
2026-04-08 11:46:24,Scotland and England fans face paying more than four times the usual prices for train tickets when they travel to World Cup group stage matches in Boston,180
2026-04-08 11:46:24,"Hello! Thanks for your submission to r/worldcup, your post is up and running!  A general reminder to check out our rules in the sidebar, have fun, and most of all to be civil.  Finally, take a closer look at [this post](https://www.reddit.com/r/worldcup/comments/z2v46l/announcement_quick_reminder_of_our_most_important/) regarding our civility rules and reddiquette because we would like for each and everyone to feel welcome on the subreddit and to keep a healthy and safe environment for the community.  Please also make sure to [Join us on Discord](https://discord.gg/football)  Thank you!  - - -   *I am a bot, and this action was performed automatically. Please [contact the moderators of this subreddit](/message/compose/?to=/r/worldcup) if you have any questions or concerns.*",2
2026-04-08 13:31:46,"We are all getting screwed no matter what, flights, hotels, parking, etc is crazy up so dont feel bad England and Scotland fans you are not alone hahahaha",3
2026-04-08 13:33:00,80$ return trip or 175$ parking? Madness.,4
2026-04-08 13:51:55,Countries that got drawn to play in Vancouver &amp; Toronto have no idea how lucky they are 😂😭,15
2026-04-08 14:06:37,"[Figc] The report on the state of health of Italian football has been published. The critical issues facing Italian football (which directly or indirectly impact the national team’s performance)  The low percentage of Italian and young players on the field (which deprives the national team of an adequate pool of talent to draw from):  Average age: Italy’s Serie A continues to be one of the “oldest” leagues in Europe, with an average age of 27 for players on the field, making it the eighth-oldest league in Europe, worse than England, Germany, France, the Netherlands, Portugal, Norway, Belgium, etc. (source: CIES Football Observatory, Appendix 1).  Percentage of foreign players on the field: In the current Serie A season, players ineligible for the Italian national team played 67.9% of total minutes. This is the sixth-worst figure in Europe: in Spain, foreign players account for 39.6% of minutes, and in France for 48.3% (source: CIES Football Observatory, Appendix 2).  Number of players eligible for the national team: As of the 31st matchday of this season’s Serie A league, of the 284 players who have averaged at least 30 minutes per game, only 89, including 10 goalkeepers are Italian (source: [www.fotmob.com](http://www.fotmob.com), Appendix 3).  Investments in youth academies at the national level: Italy ranks last, behind (in order) France, Spain, Portugal, the Netherlands, England, and Germany, in terms of total revenue generated over the past decade from international transfers of “home-grown” players (source: CIES Football Observatory, Appendix 4).  Investments in youth sectors at the club level: in the ranking of the top 50 youth sectors in the world by ten-year revenue from the sale of “home-grown” players, there are only two Italian clubs (Atalanta and Juventus), while Inter ranks 53rd. It is probably no coincidence that these are three of the four Italian clubs with “reserve teams,” the introduction of which was, moreover, long opposed within our system (source: CIES Football Observatory, Appendix 5).  A telling statistic that leaves no room for interpretation: Italy’s Serie A ranks 49th in the world (out of 50 leagues tracked) in terms of the percentage of minutes played by U21 players eligible for the national team, at just 1.9%! (Source: CIES Football Observatory, Appendix 6).  The progressive decline in technical quality and the dispersion of young talent in Italian football (which also affects the national team’s competitiveness):  Serie A does not rank among the top ten European leagues in terms of meters covered in sprints;  in Serie A, the average ball speed during matches is much lower (7.6 m/s) than the UEFA Champions League average (10.4 m/s) and that of other major European leagues (9.2 m/s);  Serie A ranks last among the top five European leagues in terms of dribbles per game (26.69 vs. 29.97);  from the 2019/2020 season to the present, the number of successful dribbles in Serie A has been declining, dropping from an average of 19.02 per game to 12.36;  Serie A ranks last among the top five European leagues in terms of aggressiveness during pressing phases, allowing the opposing team in possession of the ball to complete a higher number of passes.  Furthermore, although Italy’s youth national teams (up to the Under-20 level) have achieved their best-ever results under this federation’s leadership, as evidenced by their first-ever victory in the prestigious UEFA Burlaz Trophy and the significant improvement in their UEFA ranking for that age group, the comparison between the number of players called up to club first teams, in Italy and the rest of Europe, of players who win youth trophies is stark: the Spanish players who competed in the 2023 Under-19 European Championship (won by Italy) no longer play in youth leagues and have nearly double the playing time in the top division and nearly six times more in European cup matches compared to their Italian counterparts. The Italian players who finished second at the 2023 Under-20 World Cup were still largely playing for youth teams, while their French and English peers were no longer doing so (source: Area Football Analysis Club Italia studies, Attachments 7, 8, and 9).",239
2026-04-08 14:09:20,"Super interesting stats honestly  &gt;from the 2019/2020 season to the present, the number of successful dribbles in Serie A has been declining, dropping from an average of 19.02 per game to 12.36;   That's a big decline but i want to see other leagues too, i think in other leagues dribbles overall have dropped because teams are much better at setting up defences and wingers are not allowed to go 1v1 like they used to",101
2026-04-08 14:13:47,Curious what percentage of minutes are played by ‘ineligible’ players in the Prem.,5
2026-04-08 14:14:51,"Damn, that was a proper report.",35
2026-04-08 14:21:49,Very interesting report. I would say the most important part is showing that at Youth level Italy is not bad. But they're terrible in the transition to professional football. And find the problems is always the first step to find the solutions.,79
2026-04-08 14:21:53,Status;dead,7
2026-04-08 14:22:53,"Really interesting stuff. I wonder if this:  ""Serie A does not rank among the top ten European leagues in terms of meters covered in sprints;  in Serie A, the average ball speed during matches is much lower (7.6 m/s) than the UEFA Champions League average (10.4 m/s) and that of other major European leagues (9.2 m/s);""  is a consequence of the 352 or if the 352 became meta because of the relatively slow paced game.",40
2026-04-08 14:29:29,"So basically, Italian youth sector isn't bad but gets worse when it's time for those youth players to transition to first team in Serie A.  We've seen this for many years now and it's nothing new.  The teams fighting for Top 4 aren't risking youth players because that Champions League money can make or break them.",38
2026-04-08 14:30:19,Very damning report will it lead to any wholesale changes? Remains to be seen....,9
2026-04-08 14:38:48,"Quite dire stats overall. If nothing changes, Italy’s status as a top-tier footballing nation is at risk.",15
2026-04-08 14:47:41,"&gt; Italy’s Serie A ranks 49th in the world (out of 50 leagues tracked) in terms of the percentage of minutes played by U21 players eligible for the national team, at just 1.9%!  This is mad considering the statements highlighting the lack of international youth academy sales in the lines above",26
2026-04-08 14:50:30,This year’s tournament is fully showing the original meaning of “WC”,8
2026-04-08 14:52:02,It is insane that I'll be paying less to take the NYC subway --&gt; Amtrak from NYC to Philadelphia --&gt; Philadelphia subway to the stadium AND BACK for less than the Boston to Foxborough RT.,9
2026-04-08 14:59:05,I didn't even know it was sick,5
2026-04-08 15:05:03,"&gt;The Italian players who finished second at the 2023 Under-20 World Cup were still largely playing for youth teams, while their French and English peers were no longer doing so  This is the biggest thing for me. Youth players that just aren’t being given chances at a pro level early enough",21
2026-04-08 15:05:15,Won't let me buy my train ticket as I was not the original ticket buyer (ticket is in my Fifa account).  This is going to be a huge mess.,6
2026-04-08 15:07:37,I thought my eyes were deceiving me when I thought Serie A matches looked so slow compared to PL. But actually backed by stats,6
2026-04-08 15:08:12,Why is Boston having so much trouble with this event…,6
2026-04-08 15:45:13,Anyone else not able to register their email to buy commuter rail tiks? I’ve had the app for years with this nearly 20 year old email account! 🤬,4
2026-04-08 15:46:56,and ticket prices are up to 10 times as expensive compared to 4 years ago,4
2026-04-08 15:49:12,Why are the prices so crazy high? Why do they need to add 14 express services on match days? That seems wildly excessive . Or do they mean 14 in total for the course of the 7 games and just worded it poorly?  14 total would make more sense but doesn’t justify a 4x price increase . If 14 in a day that’s just silly planning and ur gonna have a lot of empty seats.,6
2026-04-08 15:54:12,Sounds like our average report on Italy,4
2026-04-08 16:17:55,"All true, but the big factor is that the quality of Serie A is just really really bad.  That stat about speed and distance run is the most telling, to me.",7
2026-04-08 16:43:41,We are cooked,3
2026-04-08 16:49:36,Good. I hope Gravina and the federation burn.,3
2026-04-08 16:53:46,"Been watching this league closely for 2 decades. It has been declining for nearly the same amount of time. The past 5 years or so have been a fast decline. Top billed matches are almost always complete snooze fests. Napoli vs Milan this past Monday was horrible horrible quality football. I can’t remember a single memorable performance other than Maignan. Milan looked more sterile on offense than Dyche’s Burnley. Napoli could not do much either for most of the match. Neither of these clubs despite being 2/3 are going to be any good in the champions league. Bodo glimt show more balls and willingness to win matches than most serie a clubs. Milan having some of the highest revenue in Italy have zero striker options, they are all trash. What a joke",3
2026-04-08 17:09:37,"Seems like this is one big battle between FIFA and local governments to recoup as much money as possible, resulting in both sides trying to out-greed the other",5
2026-04-08 17:14:09,Why you'd go to the USA to support this FIFA sycophantic to Trump organisation beats us all. Don't go.,2
2026-04-08 17:28:52,"of all the venues in the WC this one's shaping up to be the biggest shitshow (and IMHO is one of the worst venues in the country, it's in a cow pasture an hour outside Boston, definitely not putting our best foot forward)",6
2026-04-08 18:06:03,"I live 45 minutes from a stadium hosting 6 games, on a lite rail line.......can't get a ticket...meanwhile....",4
2026-04-08 18:11:56,"If you're daft enough to pay it, they are daft enough to charge it.",10
2026-04-08 19:47:27,"Most matches without a league win in UEFA-recognized top flights Livingston (Scotland) - 30 games (09 Aug 2025)  Shkupi (North Macedonia) - 25 games (18 May 2025)\*\*\*  Karvan (Azerbaijan) - 24 games (23 Aug 2025)  Montana (Bulgaria) - 21 games (12 Sep 2025)  Hound Dogs (Gibraltar) - 20 games (24 Aug 2025)\*  Murata (San Marino) - 20 games (19 Oct 2025)   Metz (France) - 16 games (11 Nov 2025)  Oleksandriya (Ukraine) - 15 games (27 Sep 2025)  Heidenheim (Germany) - 15 games (6 Dec 2025)  Dacia Buiucani (Moldova) - 14 games (30 Aug 2025)  Imisli FK (Azerbaijan) - 14 games (29 Nov 2025)  Waterford (Rep. of Ireland) - 13 games (5 Oct 2025)\*\*  Šiauliai FA (Lithuania) - 13 games (27 Oct 2025)\*\*  Espanyol (Spain) - 13 games (22 Dec 2025)  Tottenham (England) - 13 games (28 Dec 2025)  \*Hound Dogs' season ended one month ago, as there is no relegation group after the Gibraltarian regular season.  \*\*Not including the relegation playoffs against second division teams from the previous season  \*\*\*Shkupi's last win in the official books was awarded as a 3-0 forfeit against Voska Sport last season. Their last win on the pitch is so far back it won't show me on Flashscore!    This is an OC stat compiled by me checking every league playing in European competition.",203
2026-04-08 19:47:27,"**This is a stats thread. Remember that there's only one stat post allowed per match/team, so new stats about the same will be removed. Feel free to comment other stats as a reply to this comment so users can see them too!**   *I am a bot, and this action was performed automatically. Please [contact the moderators of this subreddit](/message/compose/?to=/r/soccer) if you have any questions or concerns.*",2
2026-04-08 19:48:45,Espanyol started the season off so well too…,61
2026-04-08 19:49:22,"Livingston, I wasn't familiar with your game.  Note that I didn't consider teams with a summer league which have played fewer than 7 games, as that would mean the majority of their streak was achieved last season.  ~~Fun fact about Hound Dogs: [they lost 17-0 to mid-table side Magpies](https://www.flashscore.com/match/football/hound-dogs-bHzgsvQK/magpies-EVDrNIYl/?mid=C2bNB5iC) in a cup game in February - there's only one league in Gibraltar.~~",9
2026-04-08 19:49:39,Tottenham without Son and Kane is just a relegation battling club unfortunately,9
2026-04-08 19:51:25,Its just Ireland.,1
2026-04-08 19:55:18,Livi with 1 win this season in total,41
2026-04-08 20:00:35,I think last week Metz had a VAR disallowed winning goal at the last minute of their match,9
2026-04-08 20:03:18,"All 32 of [Livingston's League results](https://postimg.cc/0Ms5CK2P).  They have 12 points from a last possible 90, ticking along at 0.4 points per game since 9th August.  Character building season.",29
2026-04-08 20:16:51,Please for the love of fucking God can Waterford win a game of football my hair is going grey watching them every week,6
2026-04-08 20:17:58,"&gt;Murata (San Marino) - 20 games (19 Oct 2025)  I had no idea that San Marino had a league of their own. I guess I assumed they'd be like Monaco/Ligue 1 and have a club that plays in Serie A. The whole country only has a population of like 34,000.",4
2026-04-08 21:04:14,We are bad I didn't need to know we were this bad,11
2026-04-08 22:00:13,Remember when Rangers were scraping past Shkupi in Europa? 1 draw and 24 losses this season in Macedonia!,4
2026-04-08 22:25:33,"It's simple, they're cursed. Grosso dived in the box in 2006 and robbed Australia of the greatest fairy tale story football would've ever seen. Winning the final only fully consummated the curse. And the rest is history: lost in groups, lost in groups, and three no-shows.  To break the curse every member of the Italian team has to eat a curse breaking pizza made using broken-in-half spaghetti, pulled supermarket rotisserie chicken, pineapple chunks, and a Vegemite base.",5
2026-04-08 22:46:22,Livingston play Dundee in a few days.   I will put the house on Dundee to win or draw and watch Livingston get the win.   Maybe everyone else should put a fiver on Livingston?,4
2026-04-08 23:31:56,It’s a shame because this should be one of the best tournaments ever….but the fans are being fleeced at every turn.,10
2026-04-09 07:53:31,"To be honest, my feelings towards this World Cup are meh.  What with Fifa's greed, the ridiculous peace prize non-sense and Trump. It is difficult to care about it.  At this point the Euros are better than the World Cup.",1
2026-04-09 10:00:03,[BBC] Face value vs resale ticket prices to watch England play at the 2026 World Cup. [Source](https://www.bbc.com/sport/football/articles/c20d5pq6zplo),887
2026-04-09 10:02:36,This is the official FIFA resale platform too,712
2026-04-09 10:03:13,What type of moron pays over 1000 to go to a football game,127
2026-04-09 10:03:59,I hope this whole fkin bubble crashes…,442
2026-04-09 10:04:57,Watch as Infantino/Trump blames the Hormuz Strait being closed somehow,11
2026-04-09 10:07:28,Would be more interesting to see what prices tickets are actually being sold for. By the looks of things anyone can set the price but doesn't mean they actually sell for that price,63
2026-04-09 10:13:17,1053 to watch England vs Panama 🤣✌️,62
2026-04-09 10:16:03,Honestly it’s just disgusting. Do not go.   I sincerely hope there’s a series of empty stadiums.,22
2026-04-09 10:17:51,"I legitimately wouldn’t even pay the £80 to watch England in the nosebleeds. Let alone £1,485. This is monstrous. Even £532 for a good seat is abhorrent.",230
2026-04-09 10:37:07,"If you pay this, you're an idiot and deserve to have a terrible time.",10
2026-04-09 10:52:51,"I love football and it’s a great sport but just looking at these prices, cost of transportation and the whole USA thing I can’t help but think that people who are going to this World Cup are just a bit of a mug and are being scammed.",12
2026-04-09 11:12:50,"Looking a Shkupi, it seems that they won a game on the pitch on 02 March, 12 rounds before the off-pitch game in your stat. 11 winless games between those two.  I also noticed that Voska Sport forfeited 6 games in a row.",3
2026-04-09 11:25:51,Cat 4 resale is more expensive than cat 1 resale. Why?,19
2026-04-09 12:35:36,"[Alasdair Gold] Mohammed Kudus is believed to have had a setback just as he was set to return to action for Tottenham after a long-term quad injury. However, Kudus is yet to appear in any footage from training and football.london understands that the Ghana star has faced a setback with his quad although the extent is unclear. There are some suggestions that an operation may be required and if so that could potentially place the remainder of his Premier League season and World Cup participation in doubt. Ghana face England as well as Croatia and Panama in their group at the showpiece tournament this summer.  Kudus had not missed a single game through injury for West Ham but could potentially miss half of his first season at their north London rivals.",626
2026-04-09 12:39:15,This is a fucking nightmare season.  Literally NOTHING has gone our way at all.,57
2026-04-09 12:39:47,I completely forgot about this guy playing for Spurs,68
2026-04-09 12:41:22,"&gt; Postecoglou ""Every time I think I see the light at the end of the tunnel it turns out to be an oncoming train.""",650
2026-04-09 12:44:39,Legitimately zero luck for Spurs this season. Seems like nothing ever goes right anymore.,213
2026-04-09 12:45:36,"We have 0 wins, 4 draws, and 11 losses in the PL since his injury. I was kinda hopeful we'd avoid relegation with him coming back, so yeah, should've seen this coming",52
2026-04-09 12:47:47,Utterly cursed,16
2026-04-09 12:48:08,So glad we didn’t panic buy in January and sold his backup!,140
2026-04-09 12:49:06,My god spurs need to fire their whole medical department if this is true. The number of players constantly unavailable are now borderline absurd.,261
2026-04-09 12:52:11,Oh. Sad. I'm so sad. I've no words to express it.,35
2026-04-09 12:59:16,Love that Livi are dominating the discussion in here lol,4
2026-04-09 13:00:32,"All this bad luck just directs spurs to relegation, the universe wants it to happen at this point.  All the sacrifices for the Europa league trophy, I guess.",6
2026-04-09 13:06:01,Yeah but once again at least we didn't panic in January!!  He went down 20 minutes into the Sunderland game on the 4th of January... just 2 days after we sold Johnson and now we probably won't see him again for the rest of the season.,30
2026-04-09 13:09:20,Relegation battle Kudus is undefeated,9
2026-04-09 13:18:34,How do you get to the point of *almost* returning to then needing surgery   Is our medical team that shit with rehab it somehow got worse in the space of 2.5 months? Surely you send him for surgery in Jan if it was that bad,64
2026-04-09 13:19:02,"People want to give all these big picture reasons why Spurs might be relegated, but the main reason is injuries. If Spurs have two of Maddison, Kulusevski, Kudus, or Solanke available consistently they get at least another win or two and aren’t that close to relegation.",71
2026-04-09 13:54:40,"Kudus, Solanke and Kulusevski all had longer injuries than initially suspected.   At some point you have to stop blaming bad luck when it keeps happening.",13
2026-04-09 13:58:13,Sick bro.  Brb gonna walk into the ocean,8
2026-04-09 14:52:23,Harry Maguire eyes England World Cup spot,102
2026-04-09 14:58:42,He should be going,70
2026-04-09 15:03:54,If we need a goal but can't risk losing anymore defenders he's a great choice to have. He was good from set pieces against Japan.,8
2026-04-09 15:07:41,"Time and time again, Maguire has proved himself for England. He should be going to the world cup and with the lack of leadership in the squad right now, there's no reason to not take him",53
2026-04-09 15:10:17,"He’s been there, done it and done it well, in good form. Get him in",7
2026-04-09 15:13:33,"I've never quite understood Tuchel's preference for Dan Burn. Maguire is a similar age, similar size, more of a goal threat, and more experienced in big games, both for club and country. Not only that, he's a great locker room guy too.",33
2026-04-09 15:15:36,"He should for sure be going to this one, and I say this as someone who thinks the ""reborn can now do no wrong"" narrative is wildly over the top.",2
2026-04-09 15:22:34,"When chasing a goal, I'd much rather have Maguire put on than DCL.",38
2026-04-09 15:25:00,"İt s not WC at all,it s richests cup",1
2026-04-09 15:28:02,He's well suited to international knockout football   Can score a goal and go on a mazy run / diagonal long ball as well,6
2026-04-09 15:38:12,"[Oliver Glasner] Eddie Nketiah suffers hamstring injury in training as the England international forward nears 170 days of injury this season. The dual FA Cup winning forward is out injured again as he suffers a hamstring injury 2 minutes before the end of a training session. Tonights UECL match against Fiorentina will mark the 30th match missed this season.  All other players are will be available for selection tonight, bar Jørgen Strand Larsen who is suspended due to an accumulation of yellow cards.",224
2026-04-09 15:39:20,30M wasted,75
2026-04-09 15:44:08,The WHAT international? I bloody hope not,105
2026-04-09 15:44:51,Thought he would do better than this at palace but been a expensive signing so far. Still got time though,1
2026-04-09 15:45:38,Palace has spent an obscene amount of money on ridiculously unserious footballer like Nketiah and whatever of an excuse of a footballer Brennan Johnson is.,19
2026-04-09 15:54:04,"I didn't understand this signing at the time but I convinced myself that there must be a reason we're spending so much money on him, and I'm still none the wiser now",14
2026-04-09 15:55:06,If tuchel doesnt put him on the plane he is on crack,6
2026-04-09 16:04:29,Honestly he delivers about 3 goals a season as a striker. He is an actual waste of a space on a team. Him being out sucks for himself and nobody wants him to be injured but he is surely not even remotely missed by Palace.,8
2026-04-09 16:06:04,"Id definitely take him. Composed on the ball, likes to move it FORWARDS and likes to get forwards. Set piece threat, great aerial defender and committed as we have seen through the years. Tried and tested. He and Stones are arguably our best combination at centre back.",10
2026-04-09 16:11:57,"A lot of people not only have him going, they have him in their starting line ups",3
2026-04-09 16:18:08,"The fact that this is even debatable is ridiculous. England Maguire has proven himself time and time again. He has the experience, leadership capability, and offers tactical flexibility, not to mention how clutch he is at penalties. He should be on the plane without a doubt",3
2026-04-09 16:27:24,You can’t call up Henderson upon the basis of leadership and omit Maguire. He’s been solid this season and has an excellent record with England.,13
2026-04-09 16:36:22,Well he is one of the best center backs in both boxes!,3
2026-04-09 16:47:38,"Hey didn’t need him anyways, Sarr is going to absolutely terrorize our defense, the only one capable of even keeping up with him is Dodo. And he’s injured. We are going to get fish and chipped today.",6
2026-04-09 17:22:04,"World Cup groups. A deep dive into the numbers. There are two rating systems for ranking national teams: Elo Rating and Fifa Ranking. Elo has been shown to be a bit better at predicting future results, but Fifa ranking is more widely used and actually influences seeding, so is the more important number.  For all the below numbers: **the ""Rating"" I am using is an average of the Elo Rating and the Fifa Rating.**  Let's look at the groups. Here are all the **groups ranked from toughest to least tough by average Rating**.  |**Group I**|*Avg Rating*: 1756| :--|--:| |France|1980| |Senegal|1784| |Norway|1731| |Iraq|1527|  |Group J|*Avg Rating*: 1725| :--|--:| |Argentina|1994| |Austria|1710| |Algeria|1654| |Jordan|1541|  |Group K|*Avg Rating*: 1718| :--|--:| |Portugal|1874| |Colombia|1834| |Uzbekistan|1596| |DR Congo|1567|  |Group F|*Avg Rating*: 1705| :--|--:| |Netherlands|1859| |Japan|1782| |Sweden|1617| |Tunisia|1560|  |Group L|*Avg Rating*: 1703| :--|--:| |England|1923| |Croatia|1824| |Panama|1639| |Ghana|1426|  |Group D|*Avg Rating*: 1699| :--|--:| |Turkiye|1751| |United States|1697| |Australia|1682| |Paraguay|1668|  |Group H|*Avg Rating*: 1689| :--|--:| |Spain|2021| |Uruguay|1783| |Saudi Arabia|1495| |Cabo Verde|1458|  |Group C|*Avg Rating*: 1676| :--|--:| |Brazil|1873| |Morocco|1788| |Scotland|1633| |Haiti|1412|  |Group E|*Avg Rating*: 1640| :--|--:| |Germany|1827| |Ecuador|1764| |Ivory Coast|1604| |Curaçao|1365|  |Group G|*Avg Rating*: 1637| :--|--:| |Belgium|1800| |Iran|1688| |Egypt|1626| |New Zealand|1433|  |Group A|*Avg Rating*: 1633| :--|--:| |Mexico|1770| |South Korea|1670| |Czechia|1614| |South Africa|1477|  |Group B|*Avg Rating*: 1592| :--|--:| |Switzerland|1769| |Canada|1670| |Bosnia &amp;amp; Herzegovina|1490| |Qatar|1440|  Groups **ranked from most evenly matched to least evenly matched** by Standard Deviation of the Ranking  |WC Group|Std Dev| :--|:--| |Group D|36.04| |Group A|122.18| |Group F|139.93| |Group G|153.7| |Group B|153.9| |Group K|158.66| |Group I|186.03| |Group J|192.85| |Group C|202.43| |Group E|205.68| |Group L|219.06| |Group H|264.63|  Confederations ranked by average Rating of their representatives:  |Confederation|# of Reps|Avg Rating| :--|:--|:--| |CONMEBOL (S. America)|6|1819| |UEFA (Europe)|16|1776| |AFC (Asia)|9|1602| |CAF (Africa)|10|1594| |CONCACAF (N./C. America)|6|1592| |OFC (Oceania)|1|1433|  Finally, here's something interesting to me. The countries where *Elo Ratings and Fifa Ranking most disagree*. I've calculated this by normalizing each rating system across the set of countries in the world cup, and then getting the diff of the two normalized ratings. I've listed the five most extreme diffs in each direction.  Here are the countries that **Elo likes better than Fifa** by the highest margin:  |Country|Diff| :--|--:| |New Zealand|21.6%| |Norway|20.6%| |Paraguay|17.9%| |Jordan|17.4%| |Ecuador|16.1%|  And here are the countries that **Fifa likes better than Elo** by the highest margin:  |Country|Diff| :--|--:| |Qatar|29.1%| |Morocco|26.1%| |United States|25.7%| |Belgium|16.5%| |Egypt|11.6%|",39
2026-04-09 17:22:04,"**This is a stats thread. Remember that there's only one stat post allowed per match/team, so new stats about the same will be removed. Feel free to comment other stats as a reply to this comment so users can see them too!**   *I am a bot, and this action was performed automatically. Please [contact the moderators of this subreddit](/message/compose/?to=/r/soccer) if you have any questions or concerns.*",2
2026-04-09 17:29:57,He should be in the squad for so many reasons - great passion that we need,2
2026-04-09 17:32:44,&gt; Group D  36.04   Welp that should be fun,4
2026-04-09 19:18:05,"Could Maguire stones (if fit) and Guehi not play across the middle of a back 5 if we play a top top team? Not saying that’s the way to go, but taking him goes us that option as well",3
2026-04-09 19:19:35,Rather Maguire than Burn,3
2026-04-09 19:30:07,ticket prices are ridiculous now,3
2026-04-09 20:03:22,Hope it’s at the pub,3
2026-04-09 20:31:45,Without doubt should be in there. Even if he’s not going to be starting (which he should imo) he should be there as a sub if England need a goal as a threat to bring on for one of the CBs.,2
2026-04-09 20:57:53,Great post!,2
2026-04-09 21:18:53,I'm certain he'll be in Tuchel's plans. As he should be.,2
2026-04-10 05:37:10,"Injury aside, he is one heck of a selfish player that thinks too highly of himself in comparison to what he really delivers   Thanks Crystal Palace",2
2026-04-10 08:51:07,"Good, if they still make that conscious decision to go inspite of everything that's happened over the past year; and continues to happen then getting fleeced may be the least of their worries.",2
2026-04-10 10:36:28,But only Scottish and English fans.  Lol.,4
2026-04-10 16:51:58,Just watch it on the tv. They deserve empty stadiums for mugging off all the fans.,3
2026-04-10 17:57:05,"England and Scotland have ruled out doing official World Cup songs for this summer’s tournament, believing there is no appetite for such projects. The last FA-ratified England World Cup song was Embrace’s World At Your Feet in 2006. Scotland’s last World Cup appearance in 1998 was accompanied by the downbeat Del Amitri dirge Don’t Come Home Too Soon.  New Order’s World In Motion, recorded for England’s 1990 World Cup campaign, remains the outstanding example of the genre.  A Scottish FA insider said official tournament songs had had their day. Scotland fans have adopted Yes Sir, I Can Boogie as an unofficial anthem for the last two Euros, inspired by the former Scotland and Aberdeen defender Andrew Considine’s remarkable cross-dressing video he made for his stag do, which is well worth googling.  Belle and Sebastian, the Scottish indie band, played their World Cup offering at the Royal Albert Hall on Thursday night called It Only Takes One Lion.",919
2026-04-10 18:01:17,Has tuchel not heard the grealish song,71
2026-04-10 18:03:50,"And the final nail hits the coffin.   The game's officially gone, lads.",131
2026-04-10 18:04:46,Get Declan to rap Ice Ice baby,57
2026-04-10 18:04:55,I thought this was Scotland’s song: https://youtu.be/HvcxfaQo79s,212
2026-04-10 18:14:06,I mean 3 Lions is basically every single tournament anthem for England anyway.   Iconic tune - it's so cheesy that it's good.,821
2026-04-10 18:14:31,BOOOORRIIING,27
2026-04-10 18:16:54,Not much will top world in motion,37
2026-04-10 18:18:13,Scotland has like 4 already what’s this all about,12
2026-04-10 18:23:35,I can absolutely assure you that Ant and Dec’s *we’re on the ball* beats World in Motion by miles,21
2026-04-10 18:27:47,"Just keep doing Yes Sir I Can Boogie, if it ain’t broke don’t fix it",25
2026-04-10 18:28:58,do we think that there will be a new version of 3 lions? considering it has been the same amount of time since that has been recorded to now as it was when it was recorded to when we won the world cup.,18
2026-04-10 18:47:31,Depriving us of the Declan Rice rap is the last straw from the FA.,11
2026-04-10 18:55:59,Utter woke nonsense,14
2026-04-10 19:09:38,Vindaloo. Vindaloo. Vindaloo.,27
2026-04-10 19:12:31,Games unironically gone,8
2026-04-10 19:27:17,"We have some really good official songs. We have a dream, ally’s tartan army, scotland for me.   And some of the original unofficial songs people have made since we started qualifying again have been pretty good, no Scotland no party as an example.  Bit annoyed we’re not continuing this tradition, literally anything more upbeat than del amitri and it’ll be remembered forever.",9
2026-04-11 09:53:49,Should be starting,2
2026-04-11 22:07:35,Tells us all we need to know about the strength of the squad.,2
2026-04-12 13:15:40,Reliving England vs Portugal in the 2006 World Cup shootout,2123
2026-04-12 13:17:16,"Hello! Thanks for your submission to r/worldcup, your post is up and running!  A general reminder to check out our rules in the sidebar, have fun, and most of all to be civil.  Finally, take a closer look at [this post](https://www.reddit.com/r/worldcup/comments/z2v46l/announcement_quick_reminder_of_our_most_important/) regarding our civility rules and reddiquette because we would like for each and everyone to feel welcome on the subreddit and to keep a healthy and safe environment for the community.  Please also make sure to [Join us on Discord](https://discord.gg/football)  Thank you!  - - -   *I am a bot, and this action was performed automatically. Please [contact the moderators of this subreddit](/message/compose/?to=/r/worldcup) if you have any questions or concerns.*",2
2026-04-12 13:32:46,Ref did Carragher dirty,12
2026-04-12 13:34:19,Why did Andy Murray shoot a penalty for Portugal?,13
2026-04-12 13:36:41,England 2030 WC,687
2026-04-12 13:40:51,"Fuck it, do it now.",14
2026-04-12 13:41:51,We're gonna have to run this at the 2034 one too,157
2026-04-12 13:42:44,"As gifted as Rio is, he shouldn't be a starter for England yet. We much more seasoned players in that position. He would make a excellent impact sub though",2
2026-04-12 13:46:21,Is Kane still gonna be kicking in 2030 the way he is today?,4
2026-04-12 13:54:56,I’ve seen people make predictions like this before   They were all wrong,89
2026-04-12 13:55:49,"No way someone as slow as Dowman is a winger, long term. Kids a number 10, or playing in the championship as a winger",14
2026-04-12 14:02:54,"I was 16 and watching at a pub wearing an England Gerrard shirt. Drunk bloke tried to fight me as if I was actually Steven Gerrard and had perpously missed the penalty to intentionally annoy him, and then teleported to Peterborough just to wind this one bloke up.",48
2026-04-12 14:04:55,"I'm confused, shouldn't Foden be shoehorned into this front three as a false 9",45
2026-04-12 14:05:05,"Portugal had talent, but they leant on the 'dark arts' that tournament.   Beat the Dutch in the previous round in the battle of Nuremberg. Rooney lost his cool which probably cost England this one",11
2026-04-12 14:13:16,Why the fuck would I want to relive that?,50
2026-04-12 14:20:20,Haven’t arsenal been seeing how saka does more central in recent matches? He might be our 2030 number 9.,10
2026-04-12 14:23:02,"I miss with the PK was simple, not the lame, stutter step dance shit of today",29
2026-04-12 14:52:32,Accurate,3
2026-04-12 15:11:07,Paul Robinson diving months before the ball was struck,14
2026-04-12 15:20:12,England’s kicks were awful. They mentally lost this shootout before it began.,24
2026-04-12 15:35:20,Gerard was really a choker,19
2026-04-12 16:09:50,"They’ll be 20 and 21 respectively in 2030, while Saka and Palmer will be 28 and 27 respectively. Plus there’s Nwaneri, George, Dibling, Moore who’ll be between 22 and 24",4
2026-04-12 16:12:32,It just had to be Ronaldo huh....What a shootout,27
2026-04-12 16:34:05,Rio and Dowman are like bffs. So they are already on the same wavelength,3
2026-04-12 16:36:45,JJ Gabriel,4
2026-04-12 16:44:07,If both teams get second in their groups which could be a real possibility they will play each other in the round of 32 in Toronto,17
2026-04-12 16:53:01,"We'll see how Brian Madjo progresses once Aston Villa can register him, assuming he commits to England that is.  Unless someone emerges in the next season or two though, you wouldn't say there's a nailed on prospect right now though. Either going to be a case of shoehorning a Winger or Number 10 or committing to a Strikerless system sooner rather than later.",3
2026-04-12 17:07:25,"Thanks for sharing, from a Scot.",21
2026-04-12 17:18:14,Kane’s not going to be there by 2030,4
2026-04-12 17:54:33,Having Gerrard and Lampard miss a penalty in the same shoot-out…,18
2026-04-12 18:44:09,"Gerrard and Lampard were supposed to be good at penalty taking, but they bottled it at the biggest stage with the highest stakes",23
2026-04-12 19:05:09,Swap kane for JJ Gabriel and thats the euros front 3!,3
2026-04-12 19:31:07,What was Wenger thinking sending Walcott on that early?,18
2026-04-12 19:54:07,You missed JJ Gabriel,3
2026-04-12 19:57:06,"Man, I remember forcing my friend's dad to let us take a break from our camping trip and take me to a bar in Parry Sound, Ontario to watch this. (I was 14 and the only Portuguese kid in a bar full of English fans.)",18
2026-04-12 20:20:20,Even remembering a nice moment had to be ruined by fucking betting ads,35
2026-04-12 23:29:08,Ricardo was just incredible at penalties,9
2026-04-13 00:08:34,Carragher as PK taker on ‘Golden Generation’ needs more explanation,23
2026-04-13 00:23:47,GK was waiting for a Postiga panenka and got easily fooled,12
2026-04-13 04:41:44,I remember this Portuguese GK. He was so good at penalties.,18
2026-04-13 07:24:32,"10 years later, Looking back at how r/soccer reacted to Leicester City's historic season as it happened, GW 34: Leicester City 2-2 West Ham United [Match Thread](https://www.reddit.com/r/soccer/comments/4f68qe/match_thread_leicester_city_vs_west_ham_united/)  [West Ham hit the post, 2'](https://www.reddit.com/r/soccer/comments/4f6kv8/evidence_that_god_supports_leicester_streamable/)  [Andy Carroll penalty goal vs Leicester [1-1]](https://www.reddit.com/r/soccer/comments/4f6pub/andy_carroll_penalty_goal_vs_leicester_11/)  [Aaron Cresswell goal vs Leicester [1-2]](https://www.reddit.com/r/soccer/comments/4f6q5i/aaron_cresswell_goal_vs_leicester_12/)  [Leicester penalty shout vs West Ham (89th minute)](https://www.reddit.com/r/soccer/comments/4f6qsi/leicester_penalty_shout_vs_west_ham_89th_minute/)  [Post Match Thread](https://www.reddit.com/r/soccer/comments/4f6rtg/postmatch_thread_leicester_city_2_2_west_ham/)  [Table at the end of GW 34](https://www.transfermarkt.com/premier-league/spieltagtabelle/wettbewerb/GB1?saison_id=2015&amp;spieltag=34)  Some other posts during this time:  [Long balls: Leicester 1st in England and 3rd in Europe](https://www.reddit.com/r/soccer/comments/4fc630/long_balls_leicester_1st_in_england_and_3rd_in/)  [Leicester City's Jamie Vardy charged with improper conduct by the FA](https://www.reddit.com/r/soccer/comments/4fch7q/leicester_citys_jamie_vardy_charged_with_improper/)  [Whether Leicester (14th) or Tottenham (5th) win the league, they'll be the first Premier League Champions in at least 20 years to not finish in the Top 3 the year before.](https://www.reddit.com/r/soccer/comments/4fcx4h/whether_leicester_14th_or_tottenham_5th_win_the/)  [Union ref Nigel Owens said this is a 'great read': The Guardian, ""Was Jon Moss that bad at Leicester or is the game too full of blame?""](https://www.reddit.com/r/soccer/comments/4fgr5g/union_ref_nigel_owens_said_this_is_a_great_read/)  [Jamie Carragher hails 'fantastic' referee Jon Moss as former Liverpool defender slams 'joke' criticism after Leicester's controversial draw with West Ham](https://www.reddit.com/r/soccer/comments/4fh2o7/jamie_carragher_hails_fantastic_referee_jon_moss/)  [The terminally ill Leicester fan who said the Foxes was keeping him alive has lost his battle with cancer](https://www.reddit.com/r/soccer/comments/4fih9c/the_terminally_ill_leicester_fan_who_said_the/)  [#NoFuchsGiven is about being brave and bold."" Leicester's Christian Fuchs introduces new clothing line](https://www.reddit.com/r/soccer/comments/4fjpjk/nofuchsgiven_is_about_being_brave_and_bold/)  [West Ham's penalty against Leicester on Sunday was their first premier league penalty awarded away since November 2010 against Wolves; 5 and a half years | Martin Tyler's stats](https://www.reddit.com/r/soccer/comments/4fmd5k/west_hams_penalty_against_leicester_on_sunday_was/)  [A Leicester City fan, who made a $29 bet at the start of season for team to win EPL, has taken William Hill's 61% cash out offer of $88,578](https://www.reddit.com/r/soccer/comments/4fqfpm/a_leicester_city_fan_who_made_a_29_bet_at_the/)  [Bookies face £10m payout if Leicester win Premier League title](https://www.reddit.com/r/soccer/comments/4ftvfp/bookies_face_10m_payout_if_leicester_win_premier/)  [Leicester City to freeze season ticket prices for next season](https://www.reddit.com/r/soccer/comments/4fu65e/leicester_city_to_freeze_season_ticket_prices_for/)  [The Times: Kanté’s perpetual motion has kept Leicester bandwagon going](https://www.reddit.com/r/soccer/comments/4fxu1t/the_times_kantés_perpetual_motion_has_kept/)  [""I know exactly how Leicester and Spurs are feeling right now"" - Steven Gerrard](https://www.reddit.com/r/soccer/comments/4g0xta/i_know_exactly_how_leicester_and_spurs_are/)",86
2026-04-13 07:24:32,"**While the general rule is that throwback posts aren't allowed, there's an exception for events that happened 5x (5-10-15-...) years ago, and for remembrances of events that are honoured every year. If this post isn't about one of them, please report it.**  *I am a bot, and this action was performed automatically. Please [contact the moderators of this subreddit](/message/compose/?to=/r/soccer) if you have any questions or concerns.*",2
2026-04-13 07:26:44,"This is honestly one of the games I remember the best from that season, phenomenal game.",20
2026-04-13 07:31:32,Any idea on why this gets posted every couple of days ?,1
2026-04-13 07:31:58,Leicester winning the Premier League is a fairy tale.,28
2026-04-13 07:44:37,Mad that gerrard and Lampard both missed.,10
2026-04-13 08:43:14,Interesting to see comments that I upvoted back then.  However I do wonder if /u/vosszaa adopted that fox.,15
2026-04-13 08:44:24,Can you even imagine that penalty call this season? Crazy.,4
2026-04-13 08:54:55,"i was there, i was one of the kids that walked in with the players.   I would never forget the feeling of this game.   Fun fact: Ricardo the PT Goalkeeper wasnt even looking when PT was scoring penaltys ! He was just looking for the column of Portuguese fans to see if they celebrated or not  This isnt even showing the full clip. Ricardo took the gloves off by some unknown reason to defend the last penalty without gloves and he did defend it !  Ill never forget this game feelings.",17
2026-04-13 09:39:43,It's almost more shocking to look back on Spurs as genuine title contenders,9
2026-04-13 10:30:53,"The best 17 year olds aren't always the best 21 year olds.  And they probably won't be better than the best 25-30 year olds either.  Just because Dowman and Mgumoha are ahead of their peers at the moment, lets not assume they'll continue to develop at the same pace over the next 4 years and become the abolute best in their positions by 21 years old.  Maybe they will, but there are more examples of players who don't quite hit the expected heights than those that do - and plenty of players who actually turn out better who are not superstars at age 17-18.  Harry Kane is actually a perfect example of this.",3
2026-04-13 11:02:55,"Gerrard, Lampard &amp; Carrager showing why their teams won so many Premier Leagues.",10
2026-04-13 11:50:52,"Wait, is this just a sneaky betting ad???",16
2026-04-13 12:01:32,What would i give flr FIFA to make this the norm for penalties again. No bullshit just walk up and take your shot.  Edit: wrote the comment too early. Ofc the last one had to be BS.,9
2026-04-13 12:14:36,Funny. This game pissed me off so much. That pen was such bullshit because the foul was outside the box. Had we won this game we would have most likely finished the season 4th.,4
2026-04-13 12:31:42,"We were pushing for champions league that season, and this is one of those games we should have got 3 points from, if I remember rightly was a very soft penalty. Doesn't change the fact we got battered by Swansea a few games later which killed our chances",3
2026-04-13 13:13:01,"Crazy season. Leicester, Arsenal, Tottenham being top 3. Now Leicester is going down, Tottenham is going down, and Arsenal is still 2nd",4
2026-04-13 13:20:06,Ricardo was the hero... Defend 3 goals...,31
2026-04-13 15:23:44,Great days,8
2026-04-13 16:48:15,My country of birth vs where I live...,9
2026-04-13 17:13:24,"Some other new players will come along. I'm sure 4 years ago we thought that Foden and Bellingham would be the core of England this world cup, and yet both won't start. Foden might not even go.",3
2026-04-13 18:28:20,Ricardo a true legend 04 and 06!,16
2026-04-13 18:49:54,"Match Thread: Manchester United vs. Leeds United | Premier League # [](#sprite1-p2) **Manchester United** [1 - 2](#bar-3-white) **Leeds United** [](#sprite1-p27)  *Man U scorers: Casemiro (69')*  *Leeds scorers: Noah Okafor (5', 29')*  ----  **Venue:** Old Trafford, Manchester, England  **Referee:** Paul Tierney   -----  [](#sprite1-p2) **Manchester United:**  [Starting XI](#bar-11-white)|[Notes](#bar-7-white)|[Subs](#bar-10-white)|[Notes](#bar-6-white) -----|-----|-----|-----  [](#sprite6-p17) Senne Lammens| |[](#sprite6-p177) Altay Bayındır [](#sprite6-p118) Noussair Mazraoui|[](#icon-down) 70' |[](#sprite6-p139) Diogo Dalot|[](#icon-up) 70' [](#sprite6-p60) Leny Yoro| |[](#sprite6-p222) Ayden Heaven [](#sprite6-p7) Lisandro Martínez|[](#icon-red) 56' |[](#sprite6-p124) Tyrell Malacia [](#sprite6-p222) Luke Shaw|[](#icon-yellow) 49' |[](#sprite6-p222) Mason Mount  [](#sprite6-p24) Casemiro|[](#icon-ball-big) 69' |[](#sprite6-p223) Tyler Fletcher [](#sprite6-p185) Manuel Ugarte| |[](#sprite6-p222) Shea Lacy [](#sprite6-p42) Amad Diallo|[](#icon-down) 70' |[](#sprite6-p30) Bryan Mbeumo|[](#icon-up) 70' [](#sprite6-p139) Bruno Fernandes|[](#icon-yellow) 64' |[](#sprite6-p124) Joshua Zirkzee  [](#sprite6-p24) Matheus Cunha|[](#icon-yellow) 18' | | [](#sprite6-p157) Benjamin Šeško| | |  **Manager:** Michael Carrick (England)  ------------  [](#sprite1-p27) **Leeds United:**  [Starting XI](#bar-11-white)|[Notes](#bar-7-white)|[Subs](#bar-10-white)|[Notes](#bar-6-white) -----|-----|-----|----- [](#sprite6-p224) Karl Darlow| |[](#sprite6-p24) Lucas Perri [](#sprite6-p222) James Justin|[](#icon-yellow) 39' |[](#sprite6-p222) Sam Byram [](#sprite6-p157) Jaka Bijol| |[](#sprite6-p17) Sebastiaan Bornauw [](#sprite6-p124) Pascal Struijk| |[](#sprite6-p222) Sean Longstaff|[](#icon-up) 86' [](#sprite6-p222) Jayden Bogle| |[](#sprite6-p26) Ilia Gruev|[](#icon-up) 74' [](#sprite6-p224) Ethan Ampadu|[](#icon-yellow) 86' |[](#sprite6-p82) Wilfried Gnonto|[](#icon-up) 74' [](#sprite6-p84) Ao Tanaka|[](#icon-down) 74' |[](#sprite6-p7) Facundo Buonanotte  [](#sprite6-p166) Gabriel Gudmundsson| |[](#sprite6-p64) Lukas Nmecha [](#sprite6-p184) Brenden Aaronson|[](#icon-down) 86' |[](#sprite6-p124) Joël Piroe  [](#sprite6-p167) Noah Okafor| [](#icon-ball-big) 5' [](#icon-ball-big) 29' [](#icon-down) 74'| | [](#sprite6-p222) Dominic Calvert-Lewin| | |  **Manager:** Daniel Farke (Germany)  ------------  [](#icon-net-big) **MATCH EVENTS**  1': We're off!  3': SAVE! Leeds stats off quickly with a sharp shot from Calvert-Lewin at close range but Lammens is right there to put out the danger.   5': [](#icon-ball-big) **GOAL LEEDS!! Out of nowhere Leeds steals one! They've come out on all cylinders, and the hhave a goal after an aerial cross by Bogle and put into the far side by *Noah Okafor*!**  12': SAVE! Diallo gets a great pass through everyone to spring the chance, but his shot from distance is caught by Darlow. Looked offside on first blush but clearly onside on replay  17': Šeško with a big chance, seems to be not sure what to do but decides to shoot, defender gets a touch to make for an easy save for Darlow.  18': [](#icon-yellow) *Matheus Cunha* carded for diving, he doesn't complain  19': Amad's shot doesn't curl it all, it goes well wide  24': Leeds corner swings outward, Bijol heads it way over.  29': [](#icon-ball-big) **GOAL LEEDS!! It looks like Man U is going to survive a flurry of blocked shots but then *Noah Okafor* fires from outside the box, it takes a horrible deflection off Yoro's body into the far side!**  36': Cunha fires but his shot flies over the net. He's claiming a corner but doesn't get it, maybe a slight nick off off the defender but if so the ref didn't see it  39': [](#icon-yellow) *James Justin* carded for a bad sliding challenge on Cunha  40': Calvert-Lewin with a leaping header but it's too far beyond him and it glances off-target.  44': Mazraoui with a shot from distance, nowhere close  45': CLEARED OFF THE LINE!! Tanaka picks off a pass in the back and rounds the keeper but Martínez slides in out of nowhere to make the block!  45+1': Leeds with the corner kick, off of Struijk's head on target but right at Lammens.  **HT Manchester United 0-2 Leeds United** Man U look pretty bad right now!  -----  46': We're back!  48': SAVE! Shaw finds Šeško with a great pass, Šeško fires but Darlow's off his line to deflect the ball up in the air and then it's cleared off the line by James Justin!  49': [](#icon-yellow) *Luke Shaw* stops the counter with a cynical foul on Bogle  55': Oh god. Ref is looking at the screen after a hair-pull on DCL by Martínez.  56': [](#icon-red) A RED CARD! Confirmed that *Lisandro Martínez* is sent off!  57': [](#icon-yellow) They're saying that Man U assistant *Jonny Evans* got a card for dissent also  63': Gudmundsson goes for the far side from wide but puts it across face of goal  64': [](#icon-yellow) Man U gets whistled for a foul and *Bruno Fernandes* goes into the book for dissent  65': SAVE! Cunha with a great touch to bring down a long pass over the top and a great shot between two defenders but Darlow beats it away.  65': Yoro with a heel flick from close range but it makes for an easy save by Darlow.  69': [](#icon-ball-big) **GOAL MAN U!! A great ball across to the far side of the box by Fernandes and  *Casemiro* heads it back to the other side! Game still on!**  70': [](#icon-sub) Man U double sub: *Bryan Mbeumo and Diogo Dalot* on for *Noussair Mazraoui and Amad Diallo*  74': [](#icon-sub) Leeds double sub: *Ilia Gruev and Wilfried Gnonto* on for *Noah Okafor and Ao Tanaka*  78': SAVE! Calvert-Lewin with a close-range header but Lammens stops it on the line!  80': Cunha hammers a shot toward the near post. Saved by Darlow.  82': Gruev from a far distance, nowhere close to the target  85': SAVE! Vital moment by Darlow to deny Šeško's close-range header.  85': CLEARED OFF THE LINE! That should be the equalizer by Casemiro but it's headed off the line by Calvert-Lewin who makes a second block on Yoro on the rebound.  86': [](#icon-yellow) *Ethan Ampadu* carded for diving, faking a tackle by Cunha who was carded for diving earlier  86': [](#icon-sub) Leeds substitution: *Sean Longstaff* on for *Brenden Aaronson*  90+1': Man U corner half-cleared, falls out to Dalot who smashes it from distance not near the target.  **FT Manchester United 1-2 Leeds United** A huge win for Leeds! Does that guarantee them survival??",4111
2026-04-13 19:05:58,Nearly a month to see Leeds put one past us in the first 5 minutes and Manuel Ugarte starting a Premier League game.  Murderers get a lighter sentence.,16
2026-04-13 19:06:05,Love the goal but no foul from DCL?,14
2026-04-13 19:07:13,"""Just does enough to put Yoro off""  Fuck off, Gary",19
2026-04-13 19:07:18,"Look I’m loving the fact United are losing, but that’s surely a foul on Yoro no?",16
2026-04-13 19:07:24,"“Does just enough to put him off”  He hit him in the face Gary, not sure what more he could have done 😂",19
2026-04-13 19:08:20,one like and i’ll crack open this pint,36
2026-04-13 19:10:25,Ugarte would be the worst midfielder at Spurs and we're shit. Can't believe United are relying on him at this stage of the season.,9
2026-04-13 19:13:06,"Seeing the goal again, that’s a foul on Yoro.  Yet again players’ supposed reputations influence refereeing decisions. DCL is regarded as “good in the air” so he can lead with his forearm into Yoro’s head (“young weak centre back”), get nowhere near the ball and no foul is called.",15
2026-04-13 19:28:41,If that Cunha “dive” was actually a yellow then Arsenal finish every game with 8 men,9
2026-04-13 19:31:17,Your captains sat on the floor crying to the ref instead of trying to get back,12
2026-04-13 19:31:56,Man Utd saving their energy for other competitions.,10
2026-04-13 19:37:46,"1998 FIFA Wolrd Cup | England | Beckham Free Kick, Owen Wondergoal &amp; More The official FIFA channel is uploading lots of random World Cup highlight reels like this one. a very nice way to kill a few minutes.",6
2026-04-13 19:46:55,Does feel all these missed chances will make us regret later,17
2026-04-13 19:49:34,"The ""Man Utd win 3-2"" energy is off the charts here, seen this shite far too many times in my life to properly enjoy this game so far as brilliant as Leeds have been",9
2026-04-13 20:09:44,"Luke Shaw leading ManU in minutes played in the league this season is a bit surprising. Good for him, being healthy, but probably not a great thing for the team.",12
2026-04-13 20:13:57,As a leeds fan. That should not be a red card.,16
2026-04-13 20:14:08,That is extremely harsh. Dear oh dear.,18
2026-04-13 20:14:21,"Lol, how they apply or don't apply these rules is a mystery.",9
2026-04-13 20:14:33,I hate United as much as anyone but that seems extremely soft,26
2026-04-13 20:14:46,Dang not a United fan but honestly seems a bit too harsh,14
2026-04-13 20:15:45,I just don’t get how you can rationalize that as being violent,12
2026-04-13 20:15:59,"Brilliant Neville comment, ""if he pulls his shirt I think he is fine""  Thanks Gary.",11
2026-04-13 20:16:03,Thank god var is here to prevent such injustice and violence,9
2026-04-13 20:16:29,"hate united, hate martinez, glad they are looking to call out hair pulls...but that might be the harshest one possible, really nothing in that at all",10
2026-04-13 20:17:05,"Neville is absolutely loving this, what a prick these days",11
2026-04-13 20:18:20,"It is, undeniably, a soft one but it's also super super easy to avoid ever even having this problem. Don't grab your opponents' hair. Not even a little. You'll never gain any advantage from it ever and a billion cameras will see you do it. Very simple.",12
2026-04-13 20:19:02,3 game ban is like 2 months out with man united's schedule,10
2026-04-13 20:21:36,"Sorry, Leeds fans. An absolutely amazing result so far is totally ignored because it has very funny wider implications.",14
2026-04-13 20:22:05,"Leeds have been so good, but the refs just had to make sure everything you will remember is another 0/10 ref performance.",10
2026-04-13 20:24:05,"Has someone told the ref he is allowed to give calls against both teams?   Everytime United touch a Leeds player it’s a foul, but Leeds aren’t getting called for anything",10
2026-04-13 20:29:03,Calling it now...today is the day one of Dalot's potshots will actually result in a goal.,10
2026-04-13 20:38:35,Refs just staring blankly at a player taking 45 seconds for a throw. Absolutely nothing going on between his ears.,14
2026-04-13 20:44:40,Hows that a dive?  If he doesn’t jump over him he could get his ankle broken,16
2026-04-13 20:44:40,Avoiding a tackle is now a dive,14
2026-04-13 20:44:49,I don't think that's a dive. He had to jump over Cunha's leg,11
2026-04-13 20:44:56,"Harsh booking there? Not sure it’s a dive, he just hurdled the challenge?",15
2026-04-13 20:45:16,"Dont get how thats diving, if he didnt do that he wouldve taken that high foot from cunha no?",13
2026-04-13 20:46:11,"Getting a yellow for trying to avoid the tackle? Don't really think that was a dive. Ref was so fast with the yellow for diving, didn't think for a second handing that out.",12
2026-04-13 20:46:17,"If someone flies in and misses the ball and the only way you can avoid getting quite a painful challenge is to jump over them is it really a ""dive"" if you go down as you are jumping out of the way?",10
2026-04-13 20:50:50,"Leeds fully deserved to be ahead, but there’s something that makes my blood boil when a team 2-0 up against 10 men loses all form of control. No composure in the final third to kill the game and no organisation at the back. If they drop points here, it’s entirely self-inflicted.",15
2026-04-13 20:55:14,Can't wait for the whistle on 97:03,11
2026-04-13 20:55:17,Days without officials being absolutely awful and horrible for either team: 0,13
2026-04-13 20:55:36,DCL got away with murder tonight. Well done ref,12
2026-04-13 20:55:37,"I don't watch many Leeds games, but DCL's entire contribution seems to be just elbowing as many opposition players as possible",16
2026-04-13 20:55:54,Ref desperate to blow the whistle despite delays during stoppage time. Lazy cunt.,12
2026-04-13 20:56:01,Daniel farke 💅,13
2026-04-13 20:56:10,"Post-Match Thread: Manchester United 1-2 Leeds United | Premier League # [](#sprite1-p2) **Manchester United** [1 - 2](#bar-3-white) **Leeds United** [](#sprite1-p27)  *Man U scorers: Casemiro (69')*  *Leeds scorers: Noah Okafor (5', 29')*  ----  **Venue:** Old Trafford, Manchester, England  **Referee:** Paul Tierney   -----  [](#sprite1-p2) **Manchester United:**  [Starting XI](#bar-11-white)|[Notes](#bar-7-white)|[Subs](#bar-10-white)|[Notes](#bar-6-white) -----|-----|-----|-----  [](#sprite6-p17) Senne Lammens| |[](#sprite6-p177) Altay Bayındır [](#sprite6-p118) Noussair Mazraoui|[](#icon-down) 70' |[](#sprite6-p139) Diogo Dalot|[](#icon-up) 70' [](#sprite6-p60) Leny Yoro| |[](#sprite6-p222) Ayden Heaven [](#sprite6-p7) Lisandro Martínez|[](#icon-red) 56' |[](#sprite6-p124) Tyrell Malacia [](#sprite6-p222) Luke Shaw|[](#icon-yellow) 49' |[](#sprite6-p222) Mason Mount  [](#sprite6-p24) Casemiro|[](#icon-ball-big) 69' |[](#sprite6-p223) Tyler Fletcher [](#sprite6-p185) Manuel Ugarte| |[](#sprite6-p222) Shea Lacy [](#sprite6-p42) Amad Diallo|[](#icon-down) 70' |[](#sprite6-p30) Bryan Mbeumo|[](#icon-up) 70' [](#sprite6-p139) Bruno Fernandes|[](#icon-yellow) 64' |[](#sprite6-p124) Joshua Zirkzee  [](#sprite6-p24) Matheus Cunha|[](#icon-yellow) 18' | | [](#sprite6-p157) Benjamin Šeško| | |  **Manager:** Michael Carrick (England)  ------------  [](#sprite1-p27) **Leeds United:**  [Starting XI](#bar-11-white)|[Notes](#bar-7-white)|[Subs](#bar-10-white)|[Notes](#bar-6-white) -----|-----|-----|----- [](#sprite6-p224) Karl Darlow| |[](#sprite6-p24) Lucas Perri [](#sprite6-p222) James Justin|[](#icon-yellow) 39' |[](#sprite6-p222) Sam Byram [](#sprite6-p157) Jaka Bijol| |[](#sprite6-p17) Sebastiaan Bornauw [](#sprite6-p124) Pascal Struijk| |[](#sprite6-p222) Sean Longstaff|[](#icon-up) 86' [](#sprite6-p222) Jayden Bogle| |[](#sprite6-p26) Ilia Gruev|[](#icon-up) 74' [](#sprite6-p224) Ethan Ampadu|[](#icon-yellow) 86' |[](#sprite6-p82) Wilfried Gnonto|[](#icon-up) 74' [](#sprite6-p84) Ao Tanaka|[](#icon-down) 74' |[](#sprite6-p7) Facundo Buonanotte  [](#sprite6-p166) Gabriel Gudmundsson| |[](#sprite6-p64) Lukas Nmecha [](#sprite6-p184) Brenden Aaronson|[](#icon-down) 86' |[](#sprite6-p124) Joël Piroe  [](#sprite6-p167) Noah Okafor| [](#icon-ball-big) 5' [](#icon-ball-big) 29' [](#icon-down) 74'| | [](#sprite6-p222) Dominic Calvert-Lewin| | |  **Manager:** Daniel Farke (Germany)  ------------  [](#icon-net-big) **MATCH EVENTS**  1': We're off!  3': SAVE! Leeds stats off quickly with a sharp shot from Calvert-Lewin at close range but Lammens is right there to put out the danger.   5': [](#icon-ball-big) **GOAL LEEDS!! Out of nowhere Leeds steals one! They've come out on all cylinders, and the hhave a goal after an aerial cross by Bogle and put into the far side by *Noah Okafor*!**  12': SAVE! Diallo gets a great pass through everyone to spring the chance, but his shot from distance is caught by Darlow. Looked offside on first blush but clearly onside on replay  17': Šeško with a big chance, seems to be not sure what to do but decides to shoot, defender gets a touch to make for an easy save for Darlow.  18': [](#icon-yellow) *Matheus Cunha* carded for diving, he doesn't complain  19': Amad's shot doesn't curl it all, it goes well wide  24': Leeds corner swings outward, Bijol heads it way over.  29': [](#icon-ball-big) **GOAL LEEDS!! It looks like Man U is going to survive a flurry of blocked shots but then *Noah Okafor* fires from outside the box, it takes a horrible deflection off Yoro's body into the far side!**  36': Cunha fires but his shot flies over the net. He's claiming a corner but doesn't get it, maybe a slight nick off off the defender but if so the ref didn't see it  39': [](#icon-yellow) *James Justin* carded for a bad sliding challenge on Cunha  40': Calvert-Lewin with a leaping header but it's too far beyond him and it glances off-target.  44': Mazraoui with a shot from distance, nowhere close  45': CLEARED OFF THE LINE!! Tanaka picks off a pass in the back and rounds the keeper but Martínez slides in out of nowhere to make the block!  45+1': Leeds with the corner kick, off of Struijk's head on target but right at Lammens.  **HT Manchester United 0-2 Leeds United** Man U look pretty bad right now!  -----  46': We're back!  48': SAVE! Shaw finds Šeško with a great pass, Šeško fires but Darlow's off his line to deflect the ball up in the air and then it's cleared off the line by James Justin!  49': [](#icon-yellow) *Luke Shaw* stops the counter with a cynical foul on Bogle  55': Oh god. Ref is looking at the screen after a hair-pull on DCL by Martínez.  56': [](#icon-red) A RED CARD! Confirmed that *Lisandro Martínez* is sent off!  57': [](#icon-yellow) They're saying that Man U assistant *Jonny Evans* got a card for dissent also  63': Gudmundsson goes for the far side from wide but puts it across face of goal  64': [](#icon-yellow) Man U gets whistled for a foul and *Bruno Fernandes* goes into the book for dissent  65': SAVE! Cunha with a great touch to bring down a long pass over the top and a great shot between two defenders but Darlow beats it away.  65': Yoro with a heel flick from close range but it makes for an easy save by Darlow.  69': [](#icon-ball-big) **GOAL MAN U!! A great ball across to the far side of the box by Fernandes and  *Casemiro* heads it back to the other side! Game still on!**  70': [](#icon-sub) Man U double sub: *Bryan Mbeumo and Diogo Dalot* on for *Noussair Mazraoui and Amad Diallo*  74': [](#icon-sub) Leeds double sub: *Ilia Gruev and Wilfried Gnonto* on for *Noah Okafor and Ao Tanaka*  78': SAVE! Calvert-Lewin with a close-range header but Lammens stops it on the line!  80': Cunha hammers a shot toward the near post. Saved by Darlow.  82': Gruev from a far distance, nowhere close to the target  85': SAVE! Vital moment by Darlow to deny Šeško's close-range header.  85': CLEARED OFF THE LINE! That should be the equalizer by Casemiro but it's headed off the line by Calvert-Lewin who makes a second block on Yoro on the rebound.  86': [](#icon-yellow) *Ethan Ampadu* carded for diving, faking a tackle by Cunha who was carded for diving earlier  86': [](#icon-sub) Leeds substitution: *Sean Longstaff* on for *Brenden Aaronson*  90+1': Man U corner half-cleared, falls out to Dalot who smashes it from distance not near the target.  **FT Manchester United 1-2 Leeds United** A huge win for Leeds! Does that guarantee them survival??",1964
2026-04-13 20:56:26,The universe wants Spurs to go down,101
2026-04-13 20:56:27,Love how we’re all coming together to relegate Spurs.,611
2026-04-13 20:56:28,I guess PGMOL wants Spurs to go down eh? Because their match officiating + ours make it seem like so.,27
2026-04-13 20:56:33,Waited 3 weeks for this.,334
2026-04-13 20:56:37,"Leeds should've been so out of sight in this game, especially with the red. Attacking third bozos all year.",126
2026-04-13 20:56:37,We weren't great but the ref has fucked us completely,110
2026-04-13 20:56:39,I’d rather drag my balls across broken glass than listen to Gary Neville commentate another united game,266
2026-04-13 20:56:40,A big congrats to Paul Tierney and VAR for their performance. Belongs in a circus,62
2026-04-13 20:56:42,"United missing those two chances around the 85' is divine intervention to send Spurs down, you can't convince me otherwise",305
2026-04-13 20:56:51,"Hope people are realising how big of a result this is in terms of Tottenham being relegated. Leeds are the only team in the relegation race Tottenham are facing in remaining fixtures. If Leeds gets enough points before their game , there is nothing Tottenham can do. there is a chance Tottenham might get relegated with 2 games in hand.",445
2026-04-13 20:56:51,Why cant we do things in a normal and non-stressful way? Just once.,40
2026-04-13 20:56:52,"Match completly change after the red card. We were somehow way better.   Rough game, our midfield and back four were atrocious. Carrick got it completely wrong with his really late change. The ref made every decision against us too. Oh well, Leeds wanted it way more than us.",58
2026-04-13 20:57:04,Huge win for Leeds. Disaster for Tottenham. DCL gets away with a lot.,107
2026-04-13 20:57:04,Shit Ref genuinely horrendous,40
2026-04-13 20:57:18,"Two games in 3 weeks and both ruined by some of the worst officiating ive ever seen. Queue up another PGMOL apology medal, although i dont even think they apologise anymore lol. On the plus side, this helps the tottenham relegation i guess",63
2026-04-13 20:57:19,"Despite Leeds best efforts, Leeds are 6 points from relegation zone with this win!",15
2026-04-13 20:57:34,spurs are fucked omds,10
2026-04-13 21:00:19,"It actually feels like there’s now a cosmic energy working to get Spurs relegated. This Leeds win is huge, and Romero is out for the rest of the season.",183
2026-04-13 21:01:42,"Didn't deserve anything after that first half performance, but my word refereeing quality in the Prem is at an all time low.  The only consistent thing about them is how wildly  inconsistent they are from game to game.",38
2026-04-13 21:02:45,hope leeds win the FA cup,14
2026-04-13 21:05:42,Hello Spurs fans how are ya,72
2026-04-13 21:08:03,deleted,48
2026-04-13 21:10:52,Anyone else think Man United looked far better with 10 men than they did with 11?   I almost didn't notice they were a man down.,66
2026-04-13 21:11:08,"Day 5000 of requesting that Gary Neville stops commentating on United matches, what a prick",91
2026-04-13 21:13:59,United went and did the funniest possible thing today: lose to Leeds so that the chances of Spurs relegation increases.,35
2026-04-13 21:50:50,"Leeds were the by far the better team in the first half and deserved what they got, but let's not let's not lose sight of how awful the referee was tonight. Dreadful.",40
2026-04-13 21:51:38,The universe wants Spurs relegated,54
2026-04-13 22:18:43,"This showed up on my feed and triggered anxiety! Great match, Ricardo was memorable in that World Cup.",12
2026-04-13 23:38:24,Feels like the kind of frustrating result that will get dismissed because of 'controversial' refereeing decisions rather than the fact that we were fucking dreadful for the vast majority of the game.  I am so sick of listening to managers and players whinging about referees to excuse their own poor performances.,93
2026-04-14 00:53:16,NOTHING beats the Gareth Southgate penalty. Am so grateful I lived long enough to see him redeem himself through his management of the England team.,9
2026-04-14 01:03:21,Every time Ugarte starts we lose lmao,36
2026-04-14 01:21:38,"Crap, only 3mths until we hear the dribble ""It's coming home"" 😂",13
2026-04-14 01:40:39,no trent?,2
2026-04-14 01:52:02,Ricardo was such a good goal keeper,12
2026-04-14 05:53:09,Gerrard and Lampard missed - incredible,16
2026-04-14 11:35:30,England 2026 World Cup watch: Is there still hope for those omitted for the March friendlies?,132
2026-04-14 11:41:36,Welbeck deserves a shot.,14
2026-04-14 12:00:51,Can't see it happening for Trent. Not taking him in March when he was fit and coming back into form feels like a definitive statement on Tuchel's part.,11
2026-04-14 12:21:16,I would certainly hope Watkins makes the World Cup squad,10
2026-04-14 12:23:20,"still plenty of matches left for those season ending/world cup missing metatarsal injuries, i wouldn't rule anyone out.",7
2026-04-14 12:34:32,Of course there is.,2
2026-04-14 13:21:39,"I got the impression Watkins wasn't called up as Tuchel wanted to see the back-ups he hasn't seen. And they were  for back-ups for Kane specifically in Solanke and Calvert-Lewin. Watkins goes as a different type of striker to Kane, not as his backup. Foden as a false 9 is the other alternative (though that has failed twice now).",9
2026-04-14 13:34:48,"Bizarre stat about Harry Kane OK, this  is a bit random and needs explaining how I got here. Some of you are frustrated that Michael Olise chose to represent France over the country he was raised in, England. Personally I find this disrespectful to Bukayo Saka, a player who I happen to think is on the same level as Olise. My view is that Olise is benefitting from the Bundesliga Bounce, the phenomenon where players look significantly better in the Bundesliga compared to the PL. Basically there is a long history of players who look world class in the Bundesliga performing less well in the Premier League and this is helping Olise in comparison to Saka.  To investigate this I looked at the minutes to goals &amp; assists of 21 high profile players who played in both the Bundesliga and the PL, 4 who moved from the PL to the Bundesliga and 17 who moved from the Bundesliga to the Premier League. What I found supported that the Bundesliga Bounce is significant, 17 out 21 players performed better in the PL than the Bundesliga with average goal contribution rate being x1.5 higher in the Bundesliga than the PL.  Michael Olise is actually significantly outperforming this average contributing x2.3 as often in the Bundesliga providing a goal or an assist every 61 minutes. Based on the average Bundesliga Bounce Saka would contribute a goal or an assist every 103 minutes.  In fact Olise has got the biggest Bundesliga Bounce of any player to move from the PL to the Bundesliga and is only behind Sancho and Simons (of the players I looked at) in general. This brings me to Harry Kane because, whilst Olise got the biggest bounce moving to the Bundesliga and playing alongside Harry Kane there's a player at the other end of the scale who improved the most moving from the Bundesliga to the PL, who bucked the trend and scored or assisted x1.55 more in England. Who is this player who bucked the trend so highly? None other than Harry Kane's favourite happy Korean, Heung-Min Son.  The two best performing players (from the 21 I checked) to move from the Bundesliga to the Premier League or vice versa, both did it playing next to Harry Kane.  For Reference, these are the players I looked at:  Scored or assisted more in the PL - Son, Firmino, De Bruyne, Sane.  Scored or assisted more in the Bundesliga - Sancho, Simons, Olise, Wirtz, Nkunku, Kane, Ballack, Robben, Mhkytarian, Aubamayang, Werner, Haaland, Baily, Berbatov, Havertz, Pulisic, Mateta.",185
2026-04-14 13:38:33,We dont have to take Bundesliga state seriously while I agree that je is the best English player,3
2026-04-14 13:39:44,"olise is doing well in the champions league as well though so it isn't as if he's only good because of ""bundesliga tax""",38
2026-04-14 13:41:23,I mean yh the bundesliga is defo miles worse than the prem in terms of quality but olise is defo better than saka,17
2026-04-14 13:43:26,Olise's killing it in the Champions League and he had 16 G/A in 19 games in his last Premier League season. The only 'disrespectful' thing here is dismissing him so casually.,19
2026-04-14 13:45:56,So you're saying   1. Bundesliga bounce is real   2. Kane makes the players around him better  Makes sense!,3
2026-04-14 13:47:05,Yes I'm sure that playing next to the most creative and complete strikers in the modern game does make players perform well.,3
2026-04-14 13:47:20,Bro what is this I hate stat merchants. If you actually watch the game you can see the talent of olise. Saka can’t even lace his boots he is a lb that snuck his way to rw and on top of that he is now washed (not his fault) as arteta has overplayed him and now he has lost his burst/pace. He might not even get in the England team.  Olise was cooking at Crystal Palace with a poor squad around him. Saka could never and has never been on his level as a footballer  You need to put down the stats and start actually watching games then you will see what’s going on,8
2026-04-14 13:47:51,stopped reading after you said Saka is on the same level as Olise,35
2026-04-14 13:48:45,"I don't think your Olise comparison holds much water, he went from Crystal Palace to Bayern bloody Munich. The difference in output could easily be because he's not playing in a better team, getting the ball in better situations, and having the best striker in the world to convert the chances he creates into assists.",10
2026-04-14 13:52:53,Olise can also play as a number 10 though so him and prime Saka can play alongside each other,2
2026-04-14 13:54:21,Both things can be true. The premier league is better than the bundesliga. Olise is better than Saka.,13
2026-04-14 14:06:58,Problem number 1 is trying to draw conclusions from a player like Olise by solely quoting goals and assists.,3
2026-04-14 14:15:16,"The data is biased heavily in my opinion. We have to keep in mind that Olise moved from Crystal Palace to Bayern which has much higher quality players which results in more and better chances created   For Kane and Son, they were also the only stars and the primary goal threat in Tottenham.   Looking at the data itself without accounting for player improvement over the years and the team/players that surround them makes it prone to error",4
2026-04-14 14:39:53,"Comparing Arsenal and Bayern is an interesting take. Both are top of their domestic leagues and both could potenially reach the champions league final where the Olise and Saka debate can be tested on the pitch.   Though as far as recent form is concerned, Bayern/ Olise have looked far more convincing than Arsenal/ Saka. Bayern are breaking goal scoring records, schooling Real at the Bernabeu and are surely the favorites to win.   Arsenal meanwhile are pulling an Arsenal; dropping form and losing key games at a critcal time in the season. Saka is very much part of that form drop, going unnoticed and failing to make an impact. Their game against city could potentially be a turning point but city are at home and finally starting to look like their former selves so I doubt anyone's getting their hopes up.",3
2026-04-14 14:49:06,Saka was comfortably better than Olise for years when they were in the same league (as good as Olise was that’s no slight to him)  He went to the best team is weaker league with weaker defenders next to a Harry Kane and Diaz/Gnabry and his numbers exploded.  He’s a phenomenal player and he’s definitely been better than Saka this year but put a healthy Saka and Olise on Bayern and Arsenal and Saka is more likely to put up Olise’s numbers than Olise putting up Saka’s best numbers,2
2026-04-14 14:57:33,"What we do know is that hower attrintial and non flashy Kane may be , in his position, he is world class.",3
2026-04-14 14:59:27,Stopped reading when you said saka is same level as olise.  Saka looks like his legs are going already looks to be on the decline.  Olise just put in crazy numbers g/a in the last 2 seasons,5
2026-04-14 15:01:15,I play a 442 with literal wingers as fullbacks and inside forwards ahead of them. This game is very easy and unrealistic.,2
2026-04-14 15:09:40,"Saka's not fit to lace Olise's boots, come on",3
2026-04-14 15:19:54,Saka is better than olise . More news at 10.,1
2026-04-14 15:28:03,"I don't see how Saka is at all relevant here. Olise definitely benefits from having Kane in the side, but the managers set up is also a big factor. Kompany wants goals while Arteta wants corners any winger is going to struggle to look convincing given those tactics. Olise was also VERY good playing in the PL so it's not like he's entirely unproven outside the Bundesliga.  Most of Saka's time playing beside Kane has been while they were under Southgate so I can similarly  forgive him for again not lighting the world on fire given how averse that set up was to scoring goals.",2
2026-04-14 15:33:16,I’ll have what he’s smoking sir,2
2026-04-14 15:38:54,this is the guys version of predicting how this year will go for you based on your zodiac sign and whether Venus is in retrograde,3
2026-04-14 17:24:11,I would say Watkins should be given a shot again. He seems like he’s starting to find his feet and hit form a bit. Also he’s got tournament experience and scored a crucial goal in a semi final  Also his pace gives something different to Kane to bring on at some point in a game,4
2026-04-14 17:47:48,"No one mentioned Morgan Gibbs white yet. If he's playing better than foden and others then why write him off. He would be a genuine danger coming on late on with his ferocious energy and is scoring more than palmer, foden and Jude atm",2
2026-04-14 18:19:24,Awwwwww  Look at that little Ronaldo!,9
2026-04-14 20:21:53,"I like Saka a lot, despite him not being particulatly good this season. But if Olise was representing England, his country of birth, Saka would be benched.",3
2026-04-14 20:49:46,"The biggest World Cup ever, but where are all the big games? In truth, this has long been a problem with the World Cup, but it seems especially stark that in a World Cup with 48 teams they have contrived to produce so few big games ahead of the knockout stages. That’s not to say there won’t be \*exciting\* games as such, but for the first 72 games of football’s premier event to look so… meh on paper feels sad.  Firstly, what is a big game? Let’s adopt a fairy loose definition: a big game is hereby defined as a game where both participants have made the WC semi-final at least twice since 1970. That encompasses every World Cup winner plus a decent number more.   How many big games does that make?  2. That’s it, out of 72 games. 2.7%  They are:  Spain vs Uruguay  England vs Croatia  As a point of comparison, by the same criteria, Euro 2024 had 6 out of 36 games:  Spain v Italy  Spain v Croatia  Croatia v Spain  France v Netherlands  Netherlands v Poland  Poland v France  Maybe I’m being harsh, but besides games featuring my own team there seem to be precious few games in the group stage that look genuinely interesting to me. There are one or two that look interesting for reasons unrelated to the on-pitch product (Mexico vs South Africa for instance), but I want to see classic World Cup ties between the best teams. Doubtless we’ll get them eventually in the knockouts, but it’s still a shame.   P.S. I’m not blind to the fact that this is an unavoidable consequence of seeding, but in truth that just goes to show how expanding the World Cup dilutes the competitiveness of the tournament.",121
2026-04-14 20:49:46,"Hello! Thanks for your submission to r/worldcup, your post is up and running!  A general reminder to check out our rules in the sidebar, have fun, and most of all to be civil.  Finally, take a closer look at [this post](https://www.reddit.com/r/worldcup/comments/z2v46l/announcement_quick_reminder_of_our_most_important/) regarding our civility rules and reddiquette because we would like for each and everyone to feel welcome on the subreddit and to keep a healthy and safe environment for the community.  Please also make sure to [Join us on Discord](https://discord.gg/football)  Thank you!  - - -   *I am a bot, and this action was performed automatically. Please [contact the moderators of this subreddit](/message/compose/?to=/r/worldcup) if you have any questions or concerns.*",2
2026-04-14 21:04:19,"yall don't know ball. should it be 48 teams? fuck no, 32 was perfect  however a lot of these matches really intrigue me as a neutral:  all of group A and D  CAN vs BOS, BRA vs MOR (seriously, you forgot a game between 2 top 10 nations?), NET vs JAP, IVC vs ECU, BEL vs EGY, FRA vs SEN, ARG vs ALG, AUT vs JOR, ENG vs CRO, GER vs IVC, TUN vs JAP, BEL vs IRN, ARG vs AUT, NOR vs SEN, JOR vs ALG, ECU vs GER, NOR vs FRA, URU vs ESP, EGY vs IRN, DRC vs UZB, COL vs POR, ALG vs AUT  these are all pretty good games and while 32 teams again is great, you can't undermine alot of the teams who did earn qualification and if your gonna say poland was a premier team, you have to count sides like ecuador, colombia, iran, japan, algeria, ivory coast, turkey and a few more who are miles better  this reads like someone who's a uefa fan and doesn't pay attention to the rest of the world and that's coming from a uefa fan too",9
2026-04-14 21:12:29,Why do you label those Polish games as big games?,6
2026-04-14 21:19:42,"I agree with your assessment that the field is diluted, but not that only 2 of 72 group matches are ""big."" Also, using Poland as an example for ""big matches"" is a little wild, as I can't remember them having any impressive tournaments recently...  A few great matchups I can think of: - Brazil v. Morocco - England v. Ghana - Germany v. Ecuador - France v. Senegal - Netherlands v. Japan - Portugal v. Colombia  Senegal won AFCON (corrupt ruling aside) in 2026 and 2021; Morocco made the semis in the last WC; Ghana, Portugal and Netherlands have all made WC quarters or semis recently. Who cares what countries did in 1970? All the teams I mentioned have great quality right now.",5
2026-04-14 21:30:09,"48 teams, divided by pots lead to the end of group of death. However there are still some exciting games other than the ones you listed:  Fra vs Senegal  Fra vs Norway  Belgium vs Egypt  Brazil vs Morocco (this one is way more exciting than the two you mentioned)  Portugal vs Colombia (even though both teams will most likely have qualified for R32, it being in Miami will be an electrifying atmosphere)",3
2026-04-14 21:37:25,You’ll see some big crazy matches in round of 32 and I’m confident we might see a lot of of upsets.,3
2026-04-14 21:40:46,"Instead of 48 teams, they should have just made a second 32 team tournament similar to how UEFA has Champions League and Europa League",3
2026-04-14 21:45:16,"Well they’re all big games for the fans of the participating teams involved. That’s what it is all about. My top three most anticipated matches are squarely Australia’s matches against Turkiye, USA and Paraguay.   And often the unlikeliest matches shape as some of the best of the tournament.  The format is a disgrace and 48 teams is too much, but I’m keen to follow the fortunes of Uzbekistan and Cabo Verde, who have been on the brink in particular, who have been not too far off qualification over the years.  And Ronaldo and Messi fanboyism has become so cringe and disgusting over the past few years that i’m probably less keen for Argentina and Portugal matches than i usually would be!",8
2026-04-14 22:01:25,Hemp leads England past Spain to boost Women’s World Cup qualifying hopes,32
2026-04-14 22:10:28,"**Openers:**    Mexico vs South Africa - Thursday 11 June, Mexico City (Start: 13:00 local time)  Canada vs Bosnia - Friday 12 June, Toronto (Start: 15:00 local time)      USA vs Paraguay - Friday 12 June, Los Angeles (Start: 18:00 local time)     **Other big GS matches:**      Brazil vs Morocco - Saturday 13 June, New York (Start: 18:00 local time)  Netherlands vs Japan - Sunday 14 June, Dallas (Start: 15:00 local time)  France vs Senegal - Tuesday 16 June, New York (Start: 15:00 local time)  England vs Croatia - Wednesday 17 June, Dallas (Start: 15:00 local time)  Scotland vs Morocco - Friday 19 June, Boston (Start: 18:00 local time)  Netherlands vs Sweden - Saturday 20 June, Houston (Start: 12:00 local time)  Argentina vs Austria - Monday 22 June, Dallas (Start: 12:00 local time)  Senegal vs Norway - Monday 22 June, New York (Start: 20:00 local time)  England vs Ghana - Tuesday 23 June, Boston (Start: 16:00 local time)  Mexico vs Czech Republic- Wednesday 24 June, Mexico City (Start: 19:00 local time)  USA vs Turkey - Thursday 25 June, Los Angeles (Start: 19:00 local time)  Ecuador vs Germany - Thursday 25 June, New York (Start: 16:00 local time)  France vs Norway - Friday 26 June, Boston (Start: 15:00 local time)  Spain vs Uruguay - Friday 26 June, Guadalajara (Start: 18:00 local time)  Egypt vs Iran - Seattle (""Pride match"", will likely determine second place in the group) - Friday 26 June (Start: 20:00 local time)  Portugal vs Colombia - Saturday 27 June, Miami (Start: 19:30 local time)     **Big potential round of 32 (2nd round) matches:**  (if Netherlands win their group and Morocco finish 2nd to Brazil in theirs)   Netherlands vs Morocco - Monday 29 June, Monterrey (Start: 19:00 local time)  (if USA win their group and whoever finishes 3rd in most likely Group B)   USA vs Canada or Bosnia - Wednesday 1 July, San Francisco BA (Start: 17:00 local time)  (if Colombia and Croatia finish 2nd in their groups to Portugal and England respectively)   Colombia vs Croatia - Thursday 2 July, Toronto (Start: 19:00 local time)      (if Argentina win their group and Uruguay finish 2nd to Spain in theirs)   Argentina vs Uruguay - Friday 3 July, Miami (Start: 18:00 local time)     **Big potential round of 16 (3rd round) matches:**  (if France and Germany win both their groups and 2nd round matches)   France vs Germany - Saturday 4 July, Philadelphia (Start: 17:00 local time)  (if Mexico and England win both their groups and 2nd round matches)   Mexico vs England - Sunday 5 July, Mexico City (Start: 18:00 local time)  (if Argentina win their group and their 2nd round match, and if Turkey finish 2nd in Group D and win their 2nd round match)   Argentina vs Turkey - Tuesday 7 July, Atlanta (Start: 12:00 local time)     **MASSIVE potential quarterfinal match:**  (if Argentina and Portugal win their respective groups and their 2nd and 3rd round matches)   Argentina vs Portugal - Saturday 11 July, Kansas City (Start: 20:00 local time, 22:00 Buenos Aires time and 02:00 (+1) Lisbon time)",5
2026-04-15 00:01:20,"Scotland vs Brazil? Hello rematch from 1998 which saw Scotland knocked out off an own goal.  The whole point of the World Cup is for a mix of group stage games. Every game is big in the group stage because that's where the upsets happen and dark horses are seen.  Just because a casual fan doesn't recognize a given team as being 'big enough' to put on a good show, doesn't take away from the fact that 90% of these teams and almost all of these matches in the group stages are all 'big' games.",1
2026-04-15 01:25:07,"I actually think this is a fair point. Expanding to 48 teams was always going to dilute the early stage quality a bit — more games, but fewer high-level matchups upfront.",2
2026-04-15 02:16:37,"I'm fine with it, personally.  It means that a good team is less likely to be screwed over by being in a group of death.  In practice,  it does create a glut of games that have to be in giant stadiums, though.",3
2026-04-15 04:36:37,"Well by your own (no offense) contrived personal definition of a big match, maybe there aren’t that many, but when you just look at matches between current elite-level teams (let’s say the best 15 teams in the world) you can add Brazil Morocco, Netherlands Japan, France Senegal, Portugal Colombia and debatably Germany Ecuador to the list. I would go as far as to call all of those bigger matches than Spain Uruguay since I’m not exactly a Bielsa fan, I think something like Argentina Algeria or the Norway matches are much more interesting.",8
2026-04-15 11:22:08,"Watkins and Scott should go. James too, but he was obviously only omitted due to injury.",2
2026-04-15 13:46:37,"In my honest opinion, the thing that's going to affect the ""excitement"" of the group stages is the fact that third-placed teams have a one in three of advancing to the next round, and even then there have been quite a few instances of ""big"" teams finishing fourth at the World Cup (Germany 2018, England 2014, France 2010 and 2002.",4
2026-04-15 15:19:33,Why did Lampard and Gerrard both open up their bodies to shoot right instead of thundercunting the ball left like they did every week in the Premier league,10
2026-04-15 17:36:10,"What about Norway - France? With Haaland and their qualification, this is going to be a big game.",8
2026-04-15 20:42:33,"Brother Morocco Brazil are both top 8 teams...you just have a European bias  If you cant get excited for France Senegal for example, thats a personal problem  Lots of good games in group, but definitely a fee less than 2022 due to the expansion",8
2026-04-15 23:51:45,My guy there will be storylines just wait and be patient.,3
2026-04-16 08:22:35,The real tournament starts in the knockouts - treat the group stage games like warm ups,1
2026-04-16 08:38:07,The fact that people can't comprehend that teams such as Poland/Denmark/Ukraine or Italy provide much more quality to this tournament ahead of Curuacao/Haiti or Cape Verde just shows how braindead football fans have got,1
2026-04-16 12:37:26,"First of all, your definition of a big game doesn't make much sence. And I fail to see how you've ended up with your list of ""big games"". It would for instance not include Spain as one of the top teams. Simply because they've only reached the semi-final once ever. They played a de facto thrid place playoff vs Sweden in 1950. But that was a second group stage, and no semi-final. And 20 years prior to your 1970 start date.  The same goes for Portugal, since 1970 they've only reached the semi-final once. In 2006. Their other semi-final was in 1966.  Secondly, the group stage of the world cup rarely has that many big clashes. Just look at the group stages in the past four World Cups.  2022: Spain vs Germany, Belgium vs Croatia.  2018: Spain vs Portugal, Croatia vs Argentina (?), England vs Belgium.  2014: Netherlands vs Spain, Italy vs England, Germany vs Portugal.  While 2010 pretty much only had Brazil vs Portugal.",5
2026-04-16 16:21:44,"expanded tournament means more games and no group of death.   However, that France v Senegal matchup in Group I could be an all-time classic.",2
2026-04-16 16:57:16,https://www.reddit.com/r/soccer/comments/4f6rtg/comment/d26bste/?utm_source=share&amp;utm_medium=mweb3x&amp;utm_name=mweb3xcss&amp;utm_term=1&amp;utm_content=share_button I wonder if he ever adopted that fox,2
2026-04-16 20:52:23,"The group stages will be utter dross. There are 10-15 teams who have no business being at a world cup and we have to play 72 games to get them out, then another round to eliminate the teams who would have been eliminated at the group stage last time out. Then it might get interesting if the players have any energy left",3
2026-04-16 22:29:31,"Jarell Quansah on adapting to the Bundesliga, Harry Kane and his England World Cup hopes",16
2026-04-17 10:35:36,"Ancelotti: “Either we (Italy) recover our defenders, or rather the defensive mentality that has guaranteed us victories at both club and national team level, or we will continue to suffer. Because football is indeed about scoring one more goal than the opponent, but also about conceding one less.” “As for Italian football: either we recover our defenders, or rather the defensive mentality that has guaranteed us victories at both club and national team level, or we will continue to suffer. Because football is indeed about scoring one more goal than the opponent, but also about conceding one less. That’s not just a cliché.""  Bayern Munich, Paris Saint-Germain, Arsenal, Atlético Madrid. Germany, France, England, and Spain are the territories conquered by Carlo Ancelotti, a veritable legend of the Champions League, two titles as a player, five as a coach. He watched the latest quarterfinals from Vancouver before heading to Rio de Janeiro. His thoughts and words, the day after that spectacular match. “I’ve seen games with lots of goals; Atlético Madrid vs. Barcelona and Bayern vs. Real Madrid offered thrilling moments for the fans. But...”  But?  “Too many goals also mean too many mistakes—by goalkeepers, by defenders. The so-called high press, man-to-man marking, involves constant risks, and so the result can change from one moment to the next. Even the build-up from the back must be perfect; otherwise, you pay the price immediately for even the slightest lapse in concentration.”  Just like what happened to Bayern or Atlético, though they eventually bounced back  “Yes, you have to anticipate that risk. But the two-day cup run was certainly pure publicity for the fans. A little less so for the eliminated coaches.”  There’s a chasm between the Champions League and Serie A.  “The fundamental difference lies in the rhythm, not just the physical pace of the game, but the mental one, the continuous engagement, the intensity that isn’t an empty word and can’t be used only in certain phases of the match. Italian football has lost precisely that.”  Is that all?  “It has lost its defensive solidity; we already lack talent in other areas of the field, but excessive focus on the tactical aspect has distorted our characteristics—the very ones on which we have built our history, since the beginning.”  So there is a lack of talent.  “Great foreign players no longer come to Italy; abroad, with substantial TV rights and powerful investors, a more attractive market has emerged. So in Serie A, there are no longer international stars like Falcao, Maradona, Platini, Krol, Rummenigge, Ronaldo, Ronaldinho, and all the others from a bygone era. Who are young Italians learning from?”  But there are new teams emerging, Como for example  “I don't think there are any Italian players. But getting back to defensive fragility, Atalanta knows how to play aggressive, one-on-one football, and that's why they take colossal risks, just look at the match against Bayern.”  Based on your direct experience on the field, what are the actual differences in football philosophy among the four semifinalist nations you’ve played in—winning everywhere?  “In Germany, the physical and athletic aspects take precedence; to this must be added a highly organized system, bolstered by the national team’s historical tradition.”  In Spain?  “A lot is based on ball possession, technical quality, and a more proactive style of play. Atlético Madrid is the least ‘Spanish’ of the La Liga clubs, but Diego Simeone has been able to adapt; the technical level has risen. Griezmann and Julián Álvarez are key to this change, without overlooking the young players at Barcelona and Lamine Yamal.”  In England?  “The football environment, the atmosphere surrounding the sport—the national team always retains a unique importance. The clubs have evolved in terms of tactics and technique, and then they just play, without much talk after the games.”  In France?  “Technique, talent, physical strength. There’s a French school of play that has brought together the best elements spread across various European clubs, but which, when combined, form a national team that is now the best in the world.”  Summary: Who will win the Champions League?  “Not me, I’ve already had my turn. But I’d say Paris Saint-Germain.”",240
2026-04-17 10:35:37,"**This is a quotes thread. Remember that there's only one quotes post allowed per interview/press conference, so new quotes with the same origin will be removed. Feel free to comment other quotes/the whole interview as a reply to this comment so users can see them too!**   *I am a bot, and this action was performed automatically. Please [contact the moderators of this subreddit](/message/compose/?to=/r/soccer) if you have any questions or concerns.*",2
2026-04-17 10:49:07,Arteta would destroy Serie A. Will be interested if he goes there after winning Arsenal 3 leagues and 2 CLs,1
2026-04-17 11:10:50,"carlo should take over italy post wc, they need him more than brazil and he seems to be the perfect guy to revive pramgatist football",36
2026-04-17 11:18:30,"Why is still Bordalás at Getafe instead of recovering the very essence of Italy? If he would be named Giuseppe instead of José...  All that talk about haramball with Arteta, Simeone, and whoever... but the only one who has been playing haram and progressively more haram has been Bordalás.",83
2026-04-17 11:20:34,Italy needed ancelotti as coach or someone like him. Missing 3 straight world cups is unacceptable for 4 time winners.,48
2026-04-17 11:23:22,Yeah so back to Catenaccio it is. Whatever it takes to win.,26
2026-04-17 11:30:47,The saying was that attack wins you matches while defense wins you trophies. Nowadays its the opposite.  The team winning serie A in the last years has scored the most goals except Conte's Napoli. And Conte's Napoli won it by 1 point while not playing in European competitions.,32
2026-04-17 11:34:54,Flick: Ay Why you say Fuck me for?,1
2026-04-17 12:01:21,"I want more of this type of ""analysis"" by Ancelotti. It sounds really plausible and interesting",8
2026-04-17 13:20:52,Funny because the one time Italy were successful in recent times was when they played anything but catenaccio. Mancini's Italy were quite fun to watch,14
2026-04-17 13:28:01,"Kane will join the all time World Cup goalscoring list this Summer! Okay, hear me out..!      Top World Cup Goalscorers of All Time ([Source](https://en.wikipedia.org/wiki/FIFA_World_Cup#Results))  |Rank|**Player**|**Goals**| |:-|:-|:-| |1|Miroslav Klose|16| |2|Ronaldo (R9)|15| |3|Gerd Müller|14| |4|Just Fontaine|13| |4|**Lionel Messi**|13| |6|**Kylian Mbappé**|12| |6|Pelé|12| |8|Sándor Kocsis|11| |8|Jürgen Klinsmann|11| |10|Helmut Rahn|10| |10|Gabriel Batista|10| |10|Gary Lineker|10| |10|Teófilo Cubillas|10| |10|Thomas Müller|10| |10|Grzegorz Lato|10| |**?**|**Harry Kane**|**8**|  The only players still active in the 'Top 10' are Messi and Mbappé.  Kane isn't in the official table yet, having scored **8** World Cup goals so far.   However, at:  * \+2 goals (**10**) → our man joins the all-time list (ties Lineker &amp; others) * \+3 goals (**11**) → he overtakes Lineker and becomes England’s all-time World Cup top scorer! * \+4 goals (**12**) → he ties Pelé / Mbappé, becoming joint 6th all-time * \+5 goals (**13**) → he ties Messi / Fontaine, becoming joint 4th * \+6 goals (**14**) → he ties Gerd Müller, now at joint 3rd (i.e. repeat of Kane's 2018 WC output) * \+7 goals (**15**) → he ties Ronaldo (R9) * \+8 goals (**16**) → he ties Klose * \+9 goals (**17**) → Kane becomes the all-time record holder!  Realistically, Kane is unlikely to break the all-time record.   Scoring nine goals in a single tournament is an enormous ask, and with Lionel Messi only three goals away and Kylian Mbappé four away from Miroslav Klose’s record, the bar could effectively move even higher.  That said, Kane has already scored six in a single World Cup (2018), and with a strong tournament it’s very likely he surpasses Gary Lineker’s England record and firmly establishes himself among the all-time great World Cup goalscorers!  It's coming home!",176
2026-04-17 13:31:13,Not with posts like this he's not,4
2026-04-17 13:33:02,Kane got a hattrick against Panama at the 2018 world cup. So fingers crossed for a repeat.,9
2026-04-17 13:35:58,"Man, Mbappé could easily play two more tournaments after this one and end up absolutely out of sight.",69
2026-04-17 13:36:07,"Well let’s hope so and not jinx it , I’m not superstitious tbh but let’s wait lol",1
2026-04-17 13:37:01,I think he’ll get 3-5… Mbappe will definitely break the record this World Cup,7
2026-04-17 13:42:01,"You'd think he'll bag at least 3 goals given the form he's been in this season  Mbappe's numbers are insane, He'll likely end up so far ahead in this list that no one is ever going to break his record. At 27 he could end up playing 3 more World Cups (he'd be 35 by then), pretty likely he'll be on 20+",3
2026-04-17 13:43:30,Don't jinx it,1
2026-04-17 13:44:58,"The new 48 team world cup is going to make those scoring records obsolete pretty soon. God knows what the highest scoring match we are gonna see is. Germany playing against Curacao, Ivory Coast and Ecuador could see Woltemade on that list by the end of the group stages lol.",46
2026-04-17 13:46:02,It's a great list of players.    Worth mentioning that Fontain's 13 goals all came in 1 tournament!,14
2026-04-17 13:48:10,Kane to score 10 and England to win the WC 🏆 💉!!!,8
2026-04-17 13:54:41,If he scores,1
2026-04-17 13:54:43,Tbf with the extended World cups nowadays these kinds of record lists arent really valid anymore. They should end this list rn and make a new one considering its a diferent tournament format rn.,5
2026-04-17 14:14:52,Its a bit funny seeing how much carlo prioritises defence these days looking at how devastatingly attacking his teams were,6
2026-04-17 15:03:39,"Foden's quality is obvious but he's wasted out wide, Tuchel needs to stop overthinking and just play him as the central 10 where he belongs fr. Build the whole system around him and we actually win something mate.",2
2026-04-17 15:24:47,Ronaldo has 14. He was given an own goal against Costa Rica.  My personal bugbear.,2
2026-04-17 15:31:00,"&gt; Because football is indeed about scoring one more goal than the opponent, but also about conceding one less.  Paradoxical statement.    &gt; Not me, I've already had my turn.   Would like to see Uncle back in European football.",6
2026-04-17 15:51:23,"This World Cup format only makes it easier for anyone still playing (ie also Mbappe and also Messi for now) there’s an extra round and some much weaker teams. It’ll also be easier for the traditionally strong nations to avoid slip-ups in the group stage because so many 3rd place teams go through. Kane should get 6 fixtures before even facing another top seeded team, and he loves to bully the likes of Panama.",4
2026-04-17 16:35:43,Numerous England player records could/will be broken at this World Cup.  - Most England outfield player appearances (Kane needs 9 caps. If he plays in one of the June friendlies he could break Rooney’s record in the final) - Rashford could increase his record for most substitute appearances (36) - Jordan Henderson could become the first England player to appear at 4 world cups - Kane could increase his record most appearances at major tournaments record (28) - Pickford and/or Stones could increase their record of consecutive starts at major tournaments (26) - we haven’t started a major tournament game without them both playing since 2016. - Bellingham could break the record for most appearances by a player outside the English league system if we reach final and he plays both June friendlies (Beckham 55),7
2026-04-17 18:50:36,its all set up perfectly for him to get injured,2
2026-04-18 01:25:15,&gt;Here are the countries that Elo likes better than Fifa  New Zealand is the only country not to lose against Norway last year too,2
2026-04-18 05:16:54,"Random useless statistic: 14 teams that qualified for any of the last 3 World Cups with 32 teams failed to make it to the 48-team edition. (Disclaimer: No generative AI used for writing this post).    Starting from the most recent World Cup, they were:     🏴󠁧󠁢󠁷󠁬󠁳󠁿  Wales - lost in the play-off semifinal to Bosnia.     🇵🇱  Poland - Sweden got a revenge on them for 2022 qualifiers, lost 3-2 in the play-off final     🇩🇰  Denmark - curiously lost first to Scotland in the last group game, then to Czechia in the play-off final on penalties. Arguably the better team in both games.     🇨🇷  Costa Rica - only won one game in their qualifying group, finished third behind Haiti and Honduras.     🇷🇸  Serbia - third in the group behind England and Albania, did not qualify for play-offs.     🇨🇲  Cameroon - finished 2nd in the group behind Cape Verde, lost to DR Congo in African play-off semifinal.     🇷🇺  Russia - suspended, did not participate in qualifiers.     🇵🇪  Peru - finished 9th in the Conmebol table, far off the intercontinental play-offs.     🇮🇸  Iceland - third in their group behind France and Ukraine despite some good matches, did not qualify for play-offs.     🇳🇬  Nigeria - snatched 2nd in their qualifying group in the last minute and qualified for African play-offs where they lost in the final to DR Congo (on penalties). One of the most disappointing campaigns since Nigeria lost many points to Zimbabwe, Lesotho, Benin and South Africa.     🇨🇱  Chile - finished last in the Conmebol group.     🇬🇷  Greece - despite promising young team, tgey finished third in their group behind Scotland and Denmark, not making it to the play-offs.     🇮🇹  Italy - probably the most discussed absence - Italy missed on their third consecutive World Cup, losing again in the play-offs. They won one World Cup match in the last 19 years.     🇭🇳  Honduras - despite showing some early promise, Honduras paid the price for too many goalless draws and finished their group behind Haiti, not having enough points to qualify for intercontinental play-offs.     Absent teams from the 2010 and 2006 editions, i.e. last the 20 years: Slovenia, Slovakia, North Korea, Trinidad and Tobago, Angola, Togo, Ukraine.",282
2026-04-18 05:16:55,"Hello! Thanks for your submission to r/worldcup, your post is up and running!  A general reminder to check out our rules in the sidebar, have fun, and most of all to be civil.  Finally, take a closer look at [this post](https://www.reddit.com/r/worldcup/comments/z2v46l/announcement_quick_reminder_of_our_most_important/) regarding our civility rules and reddiquette because we would like for each and everyone to feel welcome on the subreddit and to keep a healthy and safe environment for the community.  Please also make sure to [Join us on Discord](https://discord.gg/football)  Thank you!  - - -   *I am a bot, and this action was performed automatically. Please [contact the moderators of this subreddit](/message/compose/?to=/r/worldcup) if you have any questions or concerns.*",2
2026-04-18 05:24:41,"Costa Rica is a disappointment that they missed.   But for Honduras, El Salvador, and Guatemala, missing probably their only chance without Canada, USA, and Mexico in the qualifiers.",6
2026-04-18 05:43:49,“No generative AI used for writing this post” is exactly what an AI would say.  :),20
2026-04-18 08:33:30,"I don’t mean to be disrespectful, but most of these teams have been on-and-off in most World Cups. I understand the fans’ disappointment, but nobody *expects* Wales, Honduras, Iceland or Greece to be there. Teams like Cameroon, Poland, Russia or Serbia have more of a history, but they still missed many. The only - huge - elephant in the room here is Italy.",7
2026-04-18 09:28:47,Nigeria and their jerseys ate the biggest miss alongside Italy,7
2026-04-18 10:04:25,I think the biggest shock (aside from Italy) is Chile getting LAST,13
2026-04-18 11:35:44,What this suggests is that UEFA and CAF are competitive qualifying confederations that should have more slots and that AFC is not strong enough to justify its number.,10
2026-04-18 15:07:55,"italy? more like italol, amirite boys?",9
2026-04-18 19:41:58,As an Australian I'd like to add a comment regarding Italy not making it again:  haha ha hahahaha ha ha Suck it you cheating cunts.  That is all.,23
2026-04-18 19:50:06,"Will you be raising the flag this summer. I have a large St George's flag that I take to England games. It's a new thing that I'm doing with my kids, with flags of the opposition of the games we have been to sewn into it. (Irrelevant to actual issue).  I'm not going to USA for World Cup.  With all the issues from certain parts of the UK population surrounding the St George's flag. I am really in two minds to be hanging it on the front of my house during the World Cup. That and the fact I'm a white English man skinhead (not my choosing, blame my father) the last thing I need is to have grief and be called a racist. My flag torn down and worst case house attacked.  Then again I feel I have the right to show my allegiance to my country and it's football team. I feel if don't then they win.  I remember years ago we had flags on cars, on the windows, people were proud.  Anyone else having the same thoughts? Am I reading too much into it.",65
2026-04-18 20:54:02,"IMO, in a tournament year, people know it's for the football, not for the politics.",43
2026-04-18 20:59:23,Hopefully it’ll be used to get us all together.,12
2026-04-18 21:03:05,Plenty of people will have English or Scottish flags up for the football.  And there's nothing wrong with that - that's just harmless.  It won't stop the Guardian and the BBC having lots of articles about how they are symbols of hate and intimidating.,6
2026-04-18 21:04:51,I feel like the flag shaggers have ruined this for us.,8
2026-04-18 21:05:43,"I think you'll be fine, but just to avoid any controversy it might be a good idea to have the flag with the 3 Lions Crest on it",2
2026-04-18 21:10:18,Nothing wrong with a flag during major sporting events like football and olympics and I grew up learning to avoid neighbourhoods with flags up.   BTW in 2026 nobody thinks skinheads are racist you’re just folically challenged.   Don’t overthink it brother we know who the weird ones are,9
2026-04-18 21:13:43,"I agree, the st George's flag has been hijacked. I think every decent England should fly 3 lions flags and make the 3 lions the symbol for all those that support England and don't hate immigrants.",1
2026-04-18 21:14:48,Rather than flags I think I’ll do bunting. Because everybody knows bunting is positive and none of the flag shaggers used it because bunting is too nice and they are racist cunts.,1
2026-04-18 21:20:43,"Fly the flag. Don’t let them take it away from us. They’ll just use it to say we’ve banned it, the massive twats",9
2026-04-18 21:22:38,Tournament season no one is going to bat an eye lid.,6
2026-04-18 21:23:19,"its dangerous to give the flag over to a specific group in society, fly it with pride and reclaim it. it belongs to all of us ! besides, if youre worried about seeming racist or whatever, in a tournament summer I think people will associate it with football and move on.",2
2026-04-18 21:23:37,"Nothing at all wrong with flying the flag on your own property, especially during a football tournament. It's plastering the streets with them that people (like me) have a problem with, especially when you see who some of the people are organising/doing it.",1
2026-04-18 21:40:02,"My wife’s Argentinian. We’ll have both flags up during the tournament - as much as it kinda makes my eye twitch, it’ll likely have a much worse effect on my flag-obsessed neighbour.",4
2026-04-18 21:40:44,"If it's not on a lamppost, you should be fine!",4
2026-04-18 23:13:36,So what your saying is .. your too afraid to fly a flag during a World Cup just in case you offend someone and get called racist? Do you know how absurd that is?,5
2026-04-19 01:30:09,"Local Warning: Don't get stranded at MetLife for England v Panama ($150 train tickets!) Just a heads-up for anyone coming over for the match on June 27. NJ Transit just announced $150 (approx. £111) round-trip fares for the ""World Cup Train."" It’s absolute madness.  I live in about 3 miles from the stadium and I've walked the route back from the Oasis shows last summer in about 60 mins to avoid the post-match gridlock. If you’re trying to plan your logistics and want to avoid the $150 transit fee or the 3-hour wait at Secaucus, feel free to ask me about the local area or walking routes. I'm happy to help  supporters navigate the ""Jersey Swamp""!",672
2026-04-19 01:30:09,"For tickets, please [create an account with England and use your membership to buy tickets through official channels](https://www.englandfootball.com/members/Ticket-Priority). If you wish to try your luck in the aftermarket, please be buyer beware as tickets are often under tight controls.   *I am a bot, and this action was performed automatically. Please [contact the moderators of this subreddit](/message/compose/?to=/r/ThreeLions) if you have any questions or concerns.*",2
2026-04-19 01:38:54,Where would you go from Manhattan to walk to the stadium?,14
2026-04-19 01:38:56,I live in NYC and the price is criminal. yet another reason to dislike fifa.,32
2026-04-19 02:40:40,"I plan to not get stranded by not attending this World Cup at all. The WC in Qatar was more attractive than this one, which is saying something.",183
2026-04-19 03:46:25,"Very heartwarming article! Awww he loves football again since playing for Leverkusen. Harry Kane is such a classy guy. Love the video of him presenting Quansah with his first cap. The picture of him and Quansah hugging presumably after the match when Leverkusen and Bayern Munich played each other is special. They will be playing against each other again on Wednesday, April 22 for the DFB Pokal semifinal.",2
2026-04-19 05:17:39,"I live in upstate NY, was thinking about driving down and parking in Rutherford, then walking over. Seem feasible? Roads look like they mostly have pavements, apart from right next to the stadium?",4
2026-04-19 05:23:13,Can someone explain why these prices are being charged other than due to greed? Like surely it doesn’t cost any extra to run?    Only thing I can think of is that they need to run more trains in order to accommodate so many people,14
2026-04-19 06:32:12,"For pricing context, I believe I read the ticket pre-world cup would be $12.90 which is an insane price increase.   Personally, you couldn’t get me to go to this World Cup if you gave me the tickets for free.",157
2026-04-19 06:36:37,Who is even seriously going to America for this shit show?,59
2026-04-19 06:38:01,Criminals,4
2026-04-19 07:01:19,This WC is determined to fleece anyone going in anyway possible.   The combination of FIFA and the USA really is the worst recipe for corporate greed.,24
2026-04-19 08:17:36,America is a capitalist shit hole putting on a great big capitalist extravaganza.   If you've paid to go there you deserve to be held upside down and shaken for every penny,1
2026-04-19 09:01:12,Staying in Palisades Park. Any hope of avoiding the train?,2
2026-04-19 09:03:35,"So if I’m reading correctly:  The US bid on the basis that fans should be given free transportation for all matches. They signed an agreement for this.  FIFA then actually made it much cheaper for host cities allowing the transport to be offered at cost so that host cities wouldn’t be out of pocket.   The host cities are now trying to demand FIFA subsidise the already reduced cost.  Those cities will benefit hugely from the increased crowds and spending. Local businesses will benefit, infrastructure companies too.  I’m not the biggest fan of FIFA but struggling to see how they are the villains here.",24
2026-04-19 09:15:02,"Hey Op, can you give me your travel plans so we can copy them for the match",4
2026-04-19 09:32:46,I have a motel booked on New Jersey 3 in Seacacus for the 27th but google maps is showing a 4hr walk! Are there any pedestrian access on the bridges?,3
2026-04-19 10:02:03,This is supposedly a breach of FIFA hosting regulations.   Not sure if anything will happen.  Statement from FIFA in this [here](https://footballgroundguide.com/news/world-cup-2026-transport-costs-everything-you-need-to-know-about-150-train-tickets-amid-fifa-backlash.html),6
2026-04-19 10:04:34,"honestly most of the lads omitted aren't even close to the level needed mate. england only stands a chance in 2026 if the gaffer builds the whole system around foden, he's just levels above everyone else in that squad",2
2026-04-19 10:10:09,Some of these lineups are absolute shockers mate. Leaving Kobbie out of the midfield is actually criminal given he's a generational talent.,2
2026-04-19 10:20:37,"In all seriousness it is absolutely impossible to get back to the city except for the train. Ubers will accept your fare then cancel, they have some weird cabal going on where they get people to go to the Uber zone then extort you into paying hundreds of dollars. I've been stuck there till 4am trying to get back, do not try to avoid the train!",2
2026-04-19 11:06:58,Why is America such a corporate blood sucker?,3
2026-04-19 11:42:39,"So they said from Penn Station it would be $150 but I wonder what it'll be from other stations. I'm down by New Brunswick so I was thinking of taking the train since idk where the drop offs would be if I got a lift from someone. Got my tickets and I'm more confused on how to get there than anything else. I'm an American but been a fan of England (thanks to Rooney) since I was a teen, couldn't pass up an opportunity to see them!",2
2026-04-19 11:44:47,This world cup will be an absolute disaster from a fans perspective.  I expect there to be at least as much news about the problems at the world cup as there is about the actual football.,4
2026-04-19 12:06:49,"Some of these pundits are living in a dream world mate. Absolute madness not having Trent in any of those lineups, he's the best footballer in the country by a mile tbh. YNWA",2
2026-04-19 12:33:40,"Any ideas on how to get to Newark airport without paying out the ass?  Seems like I'm screwed, they said they'd be running shuttles from transportation hubs but the only one I've seen is a park and ride for $80 and whatever it costs me to get to and from there.",3
2026-04-19 13:03:14,"Finally some sense from the writers putting Maguire and Rashford in, they're levels above most of these options mate. Just need Mainoo starting in the middle and we're actually cooking tbh.",2
2026-04-19 13:09:18,"glad to see nico o’reilly getting the shout he deserves, he’s proper class mate. him and stonesy are the first names on the sheet for me if we’re serious about winning it tbh.",2
2026-04-19 13:14:45,Solution: don’t go. Just watch from home for free! 😂,3
2026-04-19 14:08:25,"Honestly mate, O'Reilly being in most of these lists is spot on, he's a different level compared to the others. The more City players we have in that XI the better our chances are fr.",2
2026-04-19 14:18:45,"some of these picks are a joke tbh, imagine leaving phil out when he's the only one who can actually dictate the tempo under pressure. at least they're starting to see nico's quality, he's clear of thsome of these picks are a joke tbh, imagine leaving phil out when he's the only one who can actually dictate the tempo under pressure. nico being in there is a massive win though, he's clear of the restleaving phil out of the starting xi is actually criminal tbh, he's the only one who can dictate the tempo properly. nico being in there is a massive win though, kid is absolutely clear of the leaving phil out of the starting xi is actually criminal tbh, he's the only one who can dictate the tempo properly. nico being in there is a massive win though, kid is absolutely clear of",2
2026-04-19 14:34:53,this is the most peak reddit thread i've ever seen lol,2
2026-04-19 14:43:42,"I think what a lot of people aren’t understanding about the price increase is that:  1. Lots of people who live in this area work in NYC and take public transportation to work. The matches are impacting an already stressed system. FIFA isn’t helping with increased ridership. Gotta pay conductors, etc. overtime!   2. I see questions like “What happens when other events are here?” Tons of people drive to concerts and sporting events. MetLife has decided, in its infinite wisdom, to not allow parking. No parking = more people relying on public transport.  I’m not hearing about this happening in Philly or Atlanta—just the traffic nightmare that is North Jersey.",2
2026-04-19 15:10:30,It’s is your flag. Don’t let politics take your right to hang it and be proud of it away. Put it up and proudly.,2
2026-04-19 16:00:53,"proper tactical control is everything and honestly the squad looks lost without phil or stonesy dictating the tempo from deep. foden is levels above the rest when it comes to technical security it's looking peak for anyone omitted from the squad tbh, but the system just doesn't function without stonesy or phil dictating the tempo from deep. foden is easily levels above the rest for technicanyone left out now is gonna find it tough to get into the flow of the system tbh. stones and phil are just levels above for that tactical security and tempo control, we're lost without them fr",2
2026-04-19 16:04:03,Solanke over Watkins is a madness tbh. But excluding Rashford is the real worry because his transition threat is still generational and we're cooked without that directness on the left mate.,2
2026-04-19 16:48:56,"mental how some of these writers still don't value tactical control mate, if stones and foden aren't the first names on the sheet then we've got no chance of actually dominating games tbh",2
2026-04-19 18:57:32,"it’s a joke that anyone is being written off this early tbh. kobbie is literally generational though and should be the first name on the sheet every time, absolute class mate.",2
2026-04-19 23:01:07,"England's game is the fifth one to be played at MetLife so by then, fans will have a good idea on what's working and what isn't in terms of travel. For example, I'm certain the authorities have underestimated the walking culture of football fans near the stadium and that first game will be carnage with Brazilian and Moroccan fans walking down/across the freeways close to the stadium.  By the fifth game, I bet some sort of temporary pedestrian route will have been created for fans to walk back into New Jersey. My plan as it stands is to get a bus from NYC to the area around half a mile from the stadium and walk in.",3
2026-04-20 00:40:41,"Costa Rica and Honduras not even qualifying for the playoff when they didn’t even need to play us, Canada, or Mexico is absurd",9
2026-04-20 08:08:26,Proper weird list of winners and losers this tbh. If we just built the side around the City lads who actually know how to win things we'd be clear of the rest fr.,2
2026-04-20 09:09:33,"I feel a lot less comfortable putting a flag up this year, especially as someone who's mixed race. I might get one with the badge on it just to make it clear it's for football",2
2026-04-20 10:55:14,calling foden a loser after those matches is a joke mate. him and stonesy are class above the rest and we'd be lost without them tbh.,2
2026-04-20 11:19:24,"Ronaldinho: “I learned at a very young age to play in tight spaces, to come up with moves to get myself out of tricky situations, which then allowed me to feel more comfortable when I found myself on a full-sized field. Without futsal, I wouldn’t have developed the technique.” “Without futsal, I wouldn’t have developed the technique that allowed me to shine later in 11-a-side football. I learned to control the ball thanks to futsal.”  He is, in fact, the only player in the world to have added the Copa América and the Copa Libertadores to his list of achievements (with Atlético Mineiro in 2013). “I consider this a privilege. It’s incredible, a dream I could never have imagined as a child. But you know, from my days playing futsal to my last title as a professional, I remember every trophy I’ve won, and they all hold the same importance to me.”  He has always remained true to what has guided him since his earliest days: a love of the game and the joy of playing. “It’s a joy to know that people enjoyed watching me play, that they still go on YouTube today to rewatch my matches and some of my moves. I’ve always had fun on the field, and I’m very honored and grateful for all the love I received when I was a player and still receive today. ”  While he continues to cause a frenzy wherever he goes, he nevertheless rejects the idea of being anything more than a former football player. “Me, a rock star? No, I’m simply a happy and fulfilled man who had a fabulous career in football. Music? That’s another passion. It’s always been part of my life, and it’s still with me today, just like football.”  He’s asked to pick his favorite goal. “Oh, that’s really hard! (He laughs.) I’m thinking of one of my first goals with Grêmio in the Campeonato Gaúcho (regional league) that opened the door to the national team, the one against Venezuela in the 1999 Copa América, my goal with Paris against Guingamp (February 22, 2003, after a series of dribbles), my very first one with Barça, my goal (the first) at the Bernabéu in El Clásico (November 19, 2005), the chip against Chelsea (2-4, in the Champions League Round of 16 second leg, March 8, 2005), the one against England at the 2002 World Cup (a free kick from the wing in the quarterfinals), my run against Olympique de Marseille (in 2003), one I scored against Inter Milan in a derby, my goal in the final of the Carioca Championship with Flamengo, another in the Copa Libertadores... ” The list of his achievements is long.",475
2026-04-20 11:19:24,"**This is a quotes thread. Remember that there's only one quotes post allowed per interview/press conference, so new quotes with the same origin will be removed. Feel free to comment other quotes/the whole interview as a reply to this comment so users can see them too!**   *I am a bot, and this action was performed automatically. Please [contact the moderators of this subreddit](/message/compose/?to=/r/soccer) if you have any questions or concerns.*",2
2026-04-20 12:44:43,Reminds me of this [classic](https://www.youtube.com/watch?v=rLe8Ms5dGso).,78
2026-04-20 15:32:49,Bro 1v21'd in youth soccer. And later did as an adult too. Lmao.,42
2026-04-20 16:05:35,"Futsal is so much fun, it really needs to be encouraged more in the UK   Played loads of it during winter when I was living in Canada",63
2026-04-20 16:42:27,"Is futsal played indoors or outdoors in Brazil? Where I'm from it's an indoor court sport during the winter, with a different ball than outdoor football.",11
2026-04-20 17:04:08,One of if not the most entertaining player to ever grace the field.   And to think I saw him live at Fratton Park. 18 years later still doesn't feel real sometimes.,28
2026-04-20 18:59:08,"Neymar also has a Futsal background, that says a lot.",12
2026-04-20 21:31:20,"fifa street with him, rivaldo and zidane was goated",8
2026-04-20 22:55:12,Do you really expect the group stages to have big games? 🫩,3
2026-04-21 01:34:39,His new documentary on Netflix is great if you’re interested in his background and up bringing. Seems like such a cool dude.,3
2026-04-21 04:59:41,Italy gets overrated every world cup and disappoints due to it every time,2
2026-04-21 06:21:15,Ozil said something similar about a monkey cage and playing is 5 v5’s,2
2026-04-21 10:05:15,"honestly mate, the group stages are always a bit of a mixed bag, but as long as we've got the city core of foden and stonesy running the show for england i'm not worried about the quality of football tbh.",2
2026-04-21 15:21:07,England: Fabio Capello says Thomas Tuchel must 'cancel fear' at World Cup,159
2026-04-21 15:36:23,I don't see how it's Tuchel's job to deal with ICE...!,2
2026-04-21 15:45:35,"Don't have much time for Capello, but he's right here. The only England managers who seem to have come close to cracking this were Robson, Venebles and Southgate (Southgate's tactical decisions in the biggest games let him down). I'm not sure Tuchal will have the man management skills to do this.",19
2026-04-21 15:56:36,I love how the first two paragraphs are just basically calling Capello shit.,6
2026-04-21 15:58:04,Capello seems to get off lightly for how awful he was as England manager; pipe down Postman Di Patteo.,50
2026-04-21 16:09:46,"He’ll forget, and fear will start charging £12.99 per month. We’ve all been there.",7
2026-04-21 16:24:46,Says the master of fear we all remember that Algeria debacle,8
2026-04-21 16:30:24,"As long as he doesn't cancel Ketchup, I'm sure they'll be fine",4
2026-04-21 17:13:45,crazy how much of a superstar he was before Ronaldo and Messi entered the space,2
2026-04-21 17:51:51,Or as other people know it - Arsenal syndrome.,1
2026-04-21 19:46:31,"As an Italian, I hope England can finally pull it off and win the World Cup this time. It would be a fresh change from the usual winners, and honestly, after such a long time, they deserve it",7
2026-04-21 21:00:41,Postman Pat needs to wind his neck in.,2
2026-04-21 23:58:34,His reputation preceded him when he became England manager and he was responsible for Englands worst ever performance at a World Cup.,2
2026-04-22 07:02:26,"Proper shout from Capello, fear is what's killed us in the past. Been tracking the odds on Only Odds and I reckon we've finally got a decent chance with Tuchel in charge.[Only Odds](http://worldcup.onlyodds.co.uk)",1
2026-04-22 07:59:48,"[OC] Every nation to ever medal in Women's Olympic Football (1996-2024) A few notes:  1. Women's Olympic football is a full senior tournament.  2. Only 8 nations have ever medaled, and only 4 have ever won Gold.  3. Every single nation that has won Gold has also won Bronze, and vise versa. No exceptions.  4. If a country has won Silver, they have never won any other color (except for the USA).  5. No nation has ever won the World Cup and the Olympic Gold medal in back-to-back years.  6. Canada is the only nation to have won Olympic Gold but never a World Cup.  7. Spain is the only Women's World Cup champion to have never won an Olympic medal.  8. Unlike the World Cup where they play as separate nations (England, Scotland, etc.), they can only compete as Great Britain at the Olympics.",29
2026-04-22 07:59:50,"**The OP has marked this post as Original Content (OC). If you think it is a great contribution, upvote this comment so we add it to the Star Posts collection of the subreddit!**  *I am a bot, and this action was performed automatically. Please [contact the moderators of this subreddit](/message/compose/?to=/r/soccer) if you have any questions or concerns.*",2
2026-04-22 08:18:19,Spain winning the world cup and then a year later not even reaching the podium in the Olympics was absolutely heartbreaking,3
2026-04-22 08:22:13,So bronze medals don’t exist?,1
2026-04-22 10:42:11,![gif](giphy|8VfORDpxoZWZq),2
2026-04-22 11:19:56,"50 days to go until 2026 World Cup: England will need Harry Kane now more than ever The mood around England was great last year as they won all eight World Cup qualifiers without conceding a single goal.  But they were poor in both home friendlies last month, showing how lost they look without Harry Kane.  With 50 days to go until this summer’s tournament kicks off, you can hear expectations being gently recalibrated…  **Who is in form?**  England’s best and most important player, **Kane**, is playing better than ever. He has just sealed his second straight Bundesliga title with Bayern Munich and has 32 league goals — 51 in all competitions — this season.  The single most important thing for England’s campaign is that Kane stays fit, especially through the climax of the Champions League.  At Manchester City, **Nico O’Reilly** is getting better by the week, and now feels like a certain starter for England at left-back. His City team-mate **Marc Guehi**, who only joined from Crystal Palace in January, is also playing well.  **Who is out of form?**  Where to start?  **Phil Foden** is barely getting a look-in for Manchester City, just when they have hit their stride. **John Stones**, who Thomas Tuchel loves, has not started a Premier League game since October. **Eberechi Eze** is in and out at Arsenal. **Anthony Gordon** has not been at his best for Newcastle United. **Cole Palmer** has scored goals but it has not been his best season for Chelsea. **Morgan Rogers**, so good earlier in the season, has tailed off.  Every England attacking player, apart from Kane, has questions surrounding them.  **Are there any injuries to worry about?**  The biggest concern is probably over **Bukayo Saka**. He has not played since the Carabao Cup final on March 22, exactly one month ago, with an Achilles injury. He pulled out of England’s camp that month and has not featured since. Saka would have been one of the first names on the team sheet for England but they may have to look elsewhere.  The other big question mark is over **Reece James**, the first-choice right-back, who injured his hamstring last month.  **What’s the biggest thing the manager needs to sort out?**  Is there a plan without Kane?  Tuchel has been trying to play Foden as a ‘[false nine](https://www.nytimes.com/athletic/2582664/2021/05/14/guardiola-has-used-false-nines-before-but-heres-why-his-strikerless-manchester-city-are-unprecedented/)’ in recent months, but as much as Tuchel wants it to work, there has been little to show for it so far. He needs to decide whether he sticks with it or goes for a more conventional alternative.  **Dominic Solanke** appears to be the next in line after the March games, but **Dominic Calvert-Lewis** is in good form, and so is **Ollie Watkins**. They cannot all go, but Tuchel will need a robust Plan B in case the worst happens between now and June.  **If you picked a starting XI today, who would be in it?**  (4-2-3-1) Jordan Pickford; Ben White, Ezri Konsa, Marc Guehi, Nico O’Reilly; Declan Rice, Elliot Anderson; Jarrod Bowen, Jude Bellingham, Marcus Rashford; Harry Kane  **What are the key storylines around their group opponents?**  **Croatia**  The World Cup could be the final chance for this miraculous Croatian generation to play together. Zlatko Dalic has been in charge for almost nine years now, during which time he has led his country to remarkable heights. Croatia reached the final in 2018, losing to France in Russia, an incredible achievement for a nation of four million people. In Qatar, four years later, they reached the semi-finals, only to be picked apart by Lionel Messi when they got there.  So this will be Dalic’s third World Cup and fifth major tournament in charge, and as it stands, he does not have a contract beyond this summer. It remains to be seen what will happen with Dalic and what exactly Croatia’s plans are for Euro 2028 and beyond.  Even more important than the coach is captain Luka Modric. The 40-year-old has 196 international caps and is about to play in his fifth World Cup. He has been integral to Croatia’s success over the years and may never truly be replaced.  Croatia’s opening game against England in Dallas is especially interesting because it is arguably the highest-quality game in the group stage. It will determine who is in the driving seat in Group L, and it will remind both countries of their semi-final in Moscow eight years ago, when Croatia overcame Gareth Southgate’s England 2-1 to set up a final with France.  **Warm-up games:**  Croatia vs Belgium, June 2  Croatia vs Slovenia, June 7  **Ghana**  Is it really a World Cup without Carlos Queiroz managing? The veteran Portuguese coach, 73, has just signed a deal to lead Ghana this summer, bringing the benefit of his decades of experience to a very talented squad.  Queiroz managed Portugal at the 2010 World Cup and then Iran at the past three, recording memorable wins over Morocco in Russia and Wales in Qatar. He came up against Southgate’s England in Qatar, but was unable to shackle them as England won 6-2. He has also recent international experience with Colombia, Egypt, Qatar and Oman, as well as spells with the United Arab Emirates and South Africa at the start of his career.  Queiroz’s career is a testament to his skills, experience and adaptability. Few people know more about how to get the most out of a group of players at a tournament, to stay organised and competitive, than he does. He got the job after his predecessor, [Otto Addo, a former Ghana international, was dismissed](https://www.nytimes.com/athletic/7160139/2026/03/31/ghana-sack-otto-addo-world-cup-england/) following a defeat against Germany in a friendly in March.  He will take over a gifted squad, led by captain Jordan Ayew. But the star is Antoine Semenyo, who has hit the ground running since he joined Manchester City from Bournemouth in January.  If Queiroz can organise the defence and make the most of Semenyo’s talents, then Ghana could cause some real trouble.  **Warm-up games:**  Mexico vs Ghana, May 22  Wales vs Ghana, June 2  **Panama**  This will be Panama’s second World Cup, their first since their debut at Russia 2018. England fans may remember that they were the team’s second opponents there, a comfortable 6-1 win featuring a Kane hat-trick.  The small Central American nation are now managed by former Leeds United boss Thomas Christiansen, who has overseen steady progress over the past six years. They were runners-up at the 2023 Concacaf Gold Cup, losing the final to Mexico in Los Angeles, and then two years later were runners-up in the 2025 Concacaf Nations League, losing to the same opposition in the same stadium, this time 2-1. But in the semi-finals, they beat Mauricio Pochettino’s USMNT, a great night in Panamanian football history.  Cecilio Waterman celebrated his stoppage-time winner by running to Thierry Henry, who was there as a TV pundit, hugging him and telling him Henry was his idol. [It was a special moment](https://www.nytimes.com/athletic/6220297/2025/03/20/thierry-henry-panama-nations-league-playoffs/), one that told the world of the progress Panama had been making.  But even after that famous celebration, returning to the World Cup was still the focus for Panama. And they won both of their qualification groups to seal their place. Waterman and his team-mates will have more chances to make history this summer.  **Warm-up games:**  Brazil vs Panama, May 3  **Is there anything travelling fans need to know?**   While all three of England’s games are in the U.S., with two on the East Coast, that does not necessarily mean England fans will have an easy time.  NJ Transit confirmed last week that a return rail ticket to the MetLife Stadium — where England play Panama — [will cost $150 (£111)](https://www.nytimes.com/athletic/7206353/2026/04/17/world-cup-news-fifa-new-jersey-train-tickets-prices/). There will be an alternative bus service, but even that will cost $80.  And when England play Ghana at Gillette Stadium in Foxborough, Massachusetts, there will be [an $80 train or a $95 bus](https://www.nytimes.com/athletic/7150121/2026/03/26/boston-gillette-stadium-train-tickets-world-cup/) from the centre of Boston, where most England fans will be staying.",140
2026-04-22 11:42:26,Kane is important to the England team? Never would have guessed.,8
2026-04-22 11:43:43,Kane should fake a back problem for the remaining Bundesliga games. He can have a miracle recovery for the Champions League.,18
2026-04-22 12:08:04,"Kane's class and we'll definitely need his goals mate, but truth is England won't be winning a thing unless they start using the Liverpool lads properly in that setup tbh. YNWA",1
2026-04-22 12:18:41,Did the coast of Norway win a silver medal?,1
2026-04-22 12:46:39,"I really hope England find a system to get something out of Kane. He was so off it in Euro 2024, although everyone suspected hiding an injury.  Build the team, system and strategy around whatever Kane wants and needs.",3
2026-04-22 13:02:56,That starting 11 is dire,1
2026-04-22 13:24:53,Rogers (and Watkins) looking much sharper now than a few weeks ago.,14
2026-04-22 13:26:28,"Proper buzz for the WC now, hope the lads can finally do it. Been tracking the odds on Only Odds and they're looking a bit better recently tbh.[Only Odds](http://worldcup.onlyodds.co.uk)",1
2026-04-22 14:42:40,Good man Fabio.,2
2026-04-22 15:08:10,"Reckon Tuchel is the right man to cancel the fear tbh, could be a proper run. Been keeping an eye on the Only Odds movement and things are looking up for us.[Only Odds](http://worldcup.onlyodds.co.uk)",1
2026-04-22 15:59:28,as long as we've got the city lads like foden and stonesy pulling the strings it's coming home tbh. been keeping an eye on the chances at [Only Odds](https://worldcup.onlyodds.co.uk),1
2026-04-22 17:53:34,Leaving Mainoo out of that midfield is pure madness tbh. We need his composure in the pivot or we're absolutely cooked against decent opposition mate.,1
2026-04-22 18:39:13,"I believe Canada's the only country to have won Olympic gold in both the men's and women's tournaments, which makes for a fun pub quiz factoid.",2
2026-04-22 18:50:20,"Match Thread: Bournemouth vs. Leeds United | Premier League # [](#sprite1-p218) **Bournemouth** [2 - 2](#bar-3-white) **Leeds United** [](#sprite1-p27)  *Bournemouth scorers: Eli Junior Kroupi (60'), Rayan (86')*  *Leeds scorers: James Hill OG (68'), Sean Longstaff (90+7')*  -----  **Venue:** Vitality Stadium, Bournemouth, England  **Referee:** Michael Salisbury  -----  [](#sprite1-p218) **Bournemouth:**  [Starting XI](#bar-11-white)|[Notes](#bar-7-white)|[Subs](#bar-10-white)|[Notes](#bar-6-white) -----|-----|-----|-----  [](#sprite6-p152) Đorđe Petrović| |[](#sprite6-p66) Christos Mandas [](#sprite6-p161) Álex Jiménez|[](#icon-yellow) 41' |[](#sprite6-p222) Adam Smith  [](#sprite6-p222) James Hill|[](#icon-red-ball-big) 68' |[](#sprite6-p60) Bafodé Diakité [](#sprite6-p7) Marcos Senesi| |[](#sprite6-p223) Ben Gannon-Doak [](#sprite6-p60) Adrien Truffert| |[](#sprite6-p184) Tyler Adams|[](#icon-up) 73' [](#sprite6-p222) Alex Scott| |[](#sprite6-p74) Alex Tóth|[](#icon-up) 90' [](#sprite6-p223) Ryan Christie|[](#icon-down) 73' |[](#sprite6-p24) Rayan|[](#icon-up) 67' [](#icon-ball-big) 86' [](#sprite6-p224) David Brooks|[](#icon-down) 67' |[](#sprite6-p118) Amine Adli|[](#icon-up) 73' [](#sprite6-p60) Eli Junior Kroupi|[](#icon-yellow) 25' [](#icon-ball-big) 60' [](#icon-down) 73'|[](#sprite6-p177) Enes Ünal  [](#sprite6-p222) Marcus Tavernier|[](#icon-down) 90' | | [](#sprite6-p24) Evanilson|[](#icon-yellow) 90+5' | |  **Manager:** Andoni Iraola (Spain)  ------------  [](#sprite1-p27) **Leeds United:**  [Starting XI](#bar-11-white)|[Notes](#bar-7-white)|[Subs](#bar-10-white)|[Notes](#bar-6-white) -----|-----|-----|----- [](#sprite6-p224) Karl Darlow| |[](#sprite6-p24) Lucas Perri [](#sprite6-p222) James Justin| |[](#sprite6-p224) Joe Rodon|[](#icon-up) 46' [](#sprite6-p157) Jaka Bijol|[](#icon-down) 64' |[](#sprite6-p17) Sebastiaan Bornauw [](#sprite6-p124) Pascal Struijk| |[](#sprite6-p222) Sean Longstaff|[](#icon-up) 84' [](#icon-ball-big) 90+7' [](#sprite6-p222) Jayden Bogle|[](#icon-down) 46' |[](#sprite6-p224) Daniel James [](#sprite6-p224) Ethan Ampadu| |[](#sprite6-p7) Facundo Buonanotte [](#sprite6-p84) Ao Tanaka|[](#icon-down) 89' |[](#sprite6-p82) Wilfried Gnonto|[](#icon-up)  64' [](#sprite6-p166) Gabriel Gudmundsson| |[](#sprite6-p124) Joël Piroe|[](#icon-up) 89' [](#sprite6-p184) Brenden Aaronson|[](#icon-down) 84' |[](#sprite6-p64) Lukas Nmecha |[](#icon-up) 64' [](#sprite6-p167) Noah Okafor|[](#icon-down) 64' | | [](#sprite6-p222) Dominic Calvert-Lewin| | |  **Manager:** Daniel Farke (Germany)  ------------  [](#icon-net-big) **MATCH EVENTS**  1': We're off!  10': Chance for Evanilson but his scissor kick goes wide across face of goal  25': [](#icon-yellow) *Eli Junior Kroupi* with a really ugly tackle on Ampadu, dumb, nowhere near necessary, it was outside the Leeds box of all things  32': Truffert with a rare shot on target in this game but it's right at Darlow for an easy save. Leeds doing nothing offensively so far, but shutting down Bournemouth very well  37': Aaronson makes some space inside the box and shoots but Petrović is down in time to save it.  41': [](#icon-yellow) *Álex Jiménez* commits a foul right on the edge of the box, dangerously close to a penalty  42': Ao Tanaka takes one of the worst free kicks I can remember.  43': What a save!! Darlow somehow denies Tavernier with a shot that must go in, kept it out with his trailing leg  **HT Bournemouth 0-0 Leeds United** Started out very slow, some excitement started to happen at the end but no goals yet  -----  46': [](#icon-sub) Leeds substitution: *Joe Rodon* on for *Jayden Bogle*  46': We're back!  51': Bournemouth demanding a penalty kick after Brooks goes down, but the ref and VAR deem contact too soft to call  55': Kroupi gets a glancing touch right in front of goal but not enough to take it away from Darlow, also probably offside  60': [](#icon-ball-big) **GOAL BOURNEMOUTH!! A pass from Senesi springs *Eli Junior Kroupi* behind the backline and he beats the keeper one-on-one!**  63': Oh my goodness! Leeds nearly equalize immediately, Okafor nicks the ball off the defense, chips it over the keeper, but it dinks off the far post!!  64': [](#icon-sub) Leeds double sub: *Wilfried Gnonto and Lukas Nmecha* on for *Jaka Bijol and Noah Okafor*  65': Jiménez goes down in the box under pressure for Gudmundsson, again the ref says it's too soft for a penalty  66': Nmecha tries a turning shot from inside the box but puts it high.  67': [](#icon-sub) Bournemouth substitution: *Rayan* on for *David Brooks*  68': [](#icon-ball-big) **GOAL LEEDS!! A long throw in the box, there's chaos in the box, a cross comes in from Gnonto and deflects off the heel of *James Hill* for an own goal!**  73': [](#icon-sub) Bournemouth double sub: *Tyler Adams and Amine Adli* on for *Eli Junior Kroupi and Ryan Christie*  75': SAVE! Rayan's shot denied at the near post by Darlow, Scott tries to get the rebound but Tanaka makes an excellent clearance  77': Frenetic Bournemouth passing gets a chance to Scott but he doesn't have the power or placement, right at Darlow.  81': SAVE! Evanilson looks in on goal but Darlow makes a perfect tackle to take it away from him.  84': [](#icon-sub) Leeds substitution: *Sean Longstaff* on for *Brenden Aaronson*  86': [](#icon-ball-big) **GOAL BOURNEMOUTH!! A great cross by Adams put in at the back post by *Rayan*!!**  88': A great header by Senesi but it only hits the bar!  89': [](#icon-sub) Leeds substitution: *Joël Piroe* on for *Ao Tanaka*  90': [](#icon-sub) Bournemouth substitution: *Alex Tóth* on for *Marcus Tavernier*  90+1': Goal Bournemouth! Senesi finds Evanilson who muscles past his defender and hits the net! Except... no, VAR says offside! By the tiniest margin!   90+3': Nmecha should win it here but he puts it just wide! What an acrobatic shot but it only clips the outside of the post!  90+5': [](#icon-yellow) *Evanilson* booked for a ""petulant"" challenge  90+7': [](#icon-ball-big) **GOAL LEEDS!! Off the long throw again, Bournemouth deflect it up in the air and *Sean Longstaff* hits an epic volley into the net!**  **FT Bournemouth 2-2 Leeds United** What an exciting second half! And a controversial ending sees it tied at the end.",206
2026-04-22 18:58:46,Leeds go level with Newcastle if they win. Didn’t realise Newcastle were *that* bad this season.,8
2026-04-22 19:25:12,Well that wasn’t a very pretty challenge,4
2026-04-22 19:27:20,Reminds me of Brentford Fulham match last week in that this is incredibly boring so far,4
2026-04-22 19:29:01,feel like our plan has been to make this boring and so far its working because my god,3
2026-04-22 19:29:35,"Leeds playing for a draw, which makes sense I guess. Bournemouth looking dangerous on counters but Leeds holding up defensively so far",3
2026-04-22 19:37:52,"Honestly if football players are going to wear those shitty little plastic pads that only just conform to what the rules say count as shin guards, then they should get a straight red for complaining about their shins hurting after a challenge.",5
2026-04-22 19:43:36,that one little bit of skill from aaronson aside we've been utter dogshit on the ball so far,3
2026-04-22 19:43:52,I wonder if Darlow will ever be replaced properly by a keeper Leeds buy or if he'll just remain eternal.,3
2026-04-22 19:44:20,Only the real ones are watching this match instead,3
2026-04-22 19:44:54,"Darlow has been very rock solid for Leeds since they replaced Perri with him as no.1 GK, didn't expect that. Don't really remember a bad game from him aside from Arsenal",5
2026-04-22 19:46:40,Atmosphere of an old couples bedroom over at the vitality stadium,7
2026-04-22 20:10:02,Nah nothing in that.,3
2026-04-22 20:15:42,"bournemouth play some lovely stuff, i hope iraola doesnt go to a team i dislike",5
2026-04-22 20:19:12,Fucking finally.,3
2026-04-22 20:19:20,"That goal was coming for a long time, Leeds players look really tired",4
2026-04-22 20:20:14,Yeah okay fair play Senesi,3
2026-04-22 20:20:44,“Will he be a Bournemouth player at the end of the season” jeez can they have this moment at least,5
2026-04-22 20:21:50,How did Okafor not score that,3
2026-04-22 20:23:33,"It's a physical sport, nowt in that, well done ref",3
2026-04-22 20:25:12,Leeds have come to life since they conceded. Feels like another goal is coming in this game.  Edit: Lol that was fast.,3
2026-04-22 20:27:17,WILLY IS MASSIVE,4
2026-04-22 20:27:41,Thank you Gnonto!,3
2026-04-22 20:27:45,"they all count one whoever ugly they are, but thats proper jammy",3
2026-04-22 20:28:49,"Been getting a bit lucky as our defenders have been at the right place at the right time, so quite fitting that it was the opposite that ended uo having us concede. Second Hill own goal this year I believe.",3
2026-04-22 20:30:56,Don’t think I’ve ever seen Kane play well for his country when it mattered. All he’s ever done is punt away a few penalties and that’s it,1
2026-04-22 20:39:17,I’m so bored of Evanilson,3
2026-04-22 20:44:58,That feels quite preventable,3
2026-04-22 20:50:41,"Fair play, honestly. Haven't been many games where we were properly outplayed but this was one of them   Edit: lmao get fucked",9
2026-04-22 20:51:16,Feels wrong coz it’s  bollox.,5
2026-04-22 20:51:20,"I know that’s good and all but that’s the absolute worst of VAR, who wants that ruled off apart from nerd losers ?",9
2026-04-22 20:51:40,"In a sport where you can’t use your arms, how can an arm even be offside? What an incredibly dumb rule",4
2026-04-22 20:52:26,Offside by his sleeve! Quite unlucky for Evanilson and then Leeds came marching down and almost scored.,8
2026-04-22 20:54:46,Get in Sean lad,6
2026-04-22 20:55:30,Damn.,3
2026-04-22 20:55:38,Scenes!,4
2026-04-22 20:56:52,"Bit robbed there but, you know.  lol.",9
2026-04-22 20:56:52,Great match,5
2026-04-22 20:56:52,"Poor Bournemouth, reckon they still clutch Europe.",5
2026-04-22 20:56:52,Absolute cinema,4
2026-04-22 20:57:35,"absolutely robbery that we're getting something from this game lol. been absolutely battered all half, and i dont think we could have complained too much if piroe was given offside there (even though i dont think the keeper is saving it)  longstaff loves a goal against bournemouth",6
2026-04-22 20:57:54,"Post-Match Thread: Bournemouth 2-2 Leeds United | Premier League # [](#sprite1-p218) **Bournemouth** [2 - 2](#bar-3-white) **Leeds United** [](#sprite1-p27)  *Bournemouth scorers: Eli Junior Kroupi (60'), Rayan (86')*  *Leeds scorers: James Hill OG (68'), Sean Longstaff (90+7')*  -----  **Venue:** Vitality Stadium, Bournemouth, England  **Referee:** Michael Salisbury  -----  [](#sprite1-p218) **Bournemouth:**  [Starting XI](#bar-11-white)|[Notes](#bar-7-white)|[Subs](#bar-10-white)|[Notes](#bar-6-white) -----|-----|-----|-----  [](#sprite6-p152) Đorđe Petrović| |[](#sprite6-p66) Christos Mandas [](#sprite6-p161) Álex Jiménez|[](#icon-yellow) 41' |[](#sprite6-p222) Adam Smith  [](#sprite6-p222) James Hill|[](#icon-red-ball-big) 68' |[](#sprite6-p60) Bafodé Diakité [](#sprite6-p7) Marcos Senesi| |[](#sprite6-p223) Ben Gannon-Doak [](#sprite6-p60) Adrien Truffert| |[](#sprite6-p184) Tyler Adams|[](#icon-up) 73' [](#sprite6-p222) Alex Scott| |[](#sprite6-p74) Alex Tóth|[](#icon-up) 90' [](#sprite6-p223) Ryan Christie|[](#icon-down) 73' |[](#sprite6-p24) Rayan|[](#icon-up) 67' [](#icon-ball-big) 86' [](#sprite6-p224) David Brooks|[](#icon-down) 67' |[](#sprite6-p118) Amine Adli|[](#icon-up) 73' [](#sprite6-p60) Eli Junior Kroupi|[](#icon-yellow) 25' [](#icon-ball-big) 60' [](#icon-down) 73'|[](#sprite6-p177) Enes Ünal  [](#sprite6-p222) Marcus Tavernier|[](#icon-down) 90' | | [](#sprite6-p24) Evanilson|[](#icon-yellow) 90+5' | |  **Manager:** Andoni Iraola (Spain)  ------------  [](#sprite1-p27) **Leeds United:**  [Starting XI](#bar-11-white)|[Notes](#bar-7-white)|[Subs](#bar-10-white)|[Notes](#bar-6-white) -----|-----|-----|----- [](#sprite6-p224) Karl Darlow| |[](#sprite6-p24) Lucas Perri [](#sprite6-p222) James Justin| |[](#sprite6-p224) Joe Rodon|[](#icon-up) 46' [](#sprite6-p157) Jaka Bijol|[](#icon-down) 64' |[](#sprite6-p17) Sebastiaan Bornauw [](#sprite6-p124) Pascal Struijk| |[](#sprite6-p222) Sean Longstaff|[](#icon-up) 84' [](#icon-ball-big) 90+7' [](#sprite6-p222) Jayden Bogle|[](#icon-down) 46' |[](#sprite6-p224) Daniel James [](#sprite6-p224) Ethan Ampadu| |[](#sprite6-p7) Facundo Buonanotte [](#sprite6-p84) Ao Tanaka|[](#icon-down) 89' |[](#sprite6-p82) Wilfried Gnonto|[](#icon-up)  64' [](#sprite6-p166) Gabriel Gudmundsson| |[](#sprite6-p124) Joël Piroe|[](#icon-up) 89' [](#sprite6-p184) Brenden Aaronson|[](#icon-down) 84' |[](#sprite6-p64) Lukas Nmecha |[](#icon-up) 64' [](#sprite6-p167) Noah Okafor|[](#icon-down) 64' | | [](#sprite6-p222) Dominic Calvert-Lewin| | |  **Manager:** Daniel Farke (Germany)  ------------  [](#icon-net-big) **MATCH EVENTS**  1': We're off!  10': Chance for Evanilson but his scissor kick goes wide across face of goal  25': [](#icon-yellow) *Eli Junior Kroupi* with a really ugly tackle on Ampadu, dumb, nowhere near necessary, it was outside the Leeds box of all things  32': Truffert with a rare shot on target in this game but it's right at Darlow for an easy save. Leeds doing nothing offensively so far, but shutting down Bournemouth very well  37': Aaronson makes some space inside the box and shoots but Petrović is down in time to save it.  41': [](#icon-yellow) *Álex Jiménez* commits a foul right on the edge of the box, dangerously close to a penalty  42': Ao Tanaka takes one of the worst free kicks I can remember.  43': What a save!! Darlow somehow denies Tavernier with a shot that must go in, kept it out with his trailing leg  **HT Bournemouth 0-0 Leeds United** Started out very slow, some excitement started to happen at the end but no goals yet  -----  46': [](#icon-sub) Leeds substitution: *Joe Rodon* on for *Jayden Bogle*  46': We're back!  51': Bournemouth demanding a penalty kick after Brooks goes down, but the ref and VAR deem contact too soft to call  55': Kroupi gets a glancing touch right in front of goal but not enough to take it away from Darlow, also probably offside  60': [](#icon-ball-big) **GOAL BOURNEMOUTH!! A pass from Senesi springs *Eli Junior Kroupi* behind the backline and he beats the keeper one-on-one!**  63': Oh my goodness! Leeds nearly equalize immediately, Okafor nicks the ball off the defense, chips it over the keeper, but it dinks off the far post!!  64': [](#icon-sub) Leeds double sub: *Wilfried Gnonto and Lukas Nmecha* on for *Jaka Bijol and Noah Okafor*  65': Jiménez goes down in the box under pressure for Gudmundsson, again the ref says it's too soft for a penalty  66': Nmecha tries a turning shot from inside the box but puts it high.  67': [](#icon-sub) Bournemouth substitution: *Rayan* on for *David Brooks*  68': [](#icon-ball-big) **GOAL LEEDS!! A long throw in the box, there's chaos in the box, a cross comes in from Gnonto and deflects off the heel of *James Hill* for an own goal!**  73': [](#icon-sub) Bournemouth double sub: *Tyler Adams and Amine Adli* on for *Eli Junior Kroupi and Ryan Christie*  75': SAVE! Rayan's shot denied at the near post by Darlow, Scott tries to get the rebound but Tanaka makes an excellent clearance  77': Frenetic Bournemouth passing gets a chance to Scott but he doesn't have the power or placement, right at Darlow.  81': SAVE! Evanilson looks in on goal but Darlow makes a perfect tackle to take it away from him.  84': [](#icon-sub) Leeds substitution: *Sean Longstaff* on for *Brenden Aaronson*  86': [](#icon-ball-big) **GOAL BOURNEMOUTH!! A great cross by Adams put in at the back post by *Rayan*!!**  88': A great header by Senesi but it only hits the bar!  89': [](#icon-sub) Leeds substitution: *Joël Piroe* on for *Ao Tanaka*  90': [](#icon-sub) Bournemouth substitution: *Alex Tóth* on for *Marcus Tavernier*  90+1': Goal Bournemouth! Senesi finds Evanilson who muscles past his defender and hits the net! Except... no, VAR says offside! By the tiniest margin!   90+3': Nmecha should win it here but he puts it just wide! What an acrobatic shot but it only clips the outside of the post!  90+5': [](#icon-yellow) *Evanilson* booked for a ""petulant"" challenge  90+7': [](#icon-ball-big) **GOAL LEEDS!! Off the long throw again, Bournemouth deflect it up in the air and *Sean Longstaff* hits an epic volley into the net!**  **FT Bournemouth 2-2 Leeds United** What an exciting second half! And a controversial ending sees it tied at the end and a vital point for Leeds",315
2026-04-22 20:58:37,Robbed.  But we were robbed in the first fixture so I'll sleep like a baby,53
2026-04-22 20:58:41,Leeds you beauties,17
2026-04-22 20:58:51,"VAR will call a sleeve offside but a guy standing right in front of the keeper blocking him is completely fine. 2 points stolen from Bournemouth, what a joke.  Respect to Leeds, but just atrocious refereeing… which is par for the course.",1
2026-04-22 20:59:02,"Excellent, very nice.",13
2026-04-22 20:59:10,Waaamp waaamp,7
2026-04-22 20:59:16,"What a bunch of whiny diving cunts, fuck off back to league 2 with your tinpot stadium and silent fans",10
2026-04-22 20:59:26,Great goal at the end. Leeds took their chances. Is what it is. 14 unbeaten lets go,21
2026-04-22 20:59:40,Evanilson offside on screen for about 5 seconds but looked onside? Sleeve was off?   Tough to concede so late after that,9
2026-04-22 20:59:40,Always rated leeds,7
2026-04-22 20:59:52,I was just looking at the table and it was 2-1 to all of a sudden leeds game ends in a draw,6
2026-04-22 21:00:07,Wtf just happened,6
2026-04-22 21:00:41,We are massive.,7
2026-04-22 21:00:42,Leeds are 9-points off of Bournemouth (10 off Europe) and 9-points clear of relegation.  Bravo Farke… in December they looked cooked.,26
2026-04-22 21:00:46,"feels like we proper robbed a point there, bournemouth were by far the better side second half  long throws OP though, lovely stuff",67
2026-04-22 21:01:05,AFC Drawmouth are back,49
2026-04-22 21:02:09,"Absolute highway robbery, but it is funny how many points Bournemouth have lost from losing positions this season.",14
2026-04-22 21:02:29,We've committed an absolute robbery there. 😁,17
2026-04-22 21:03:04,"Atleast, they're still unbeaten in 14 now.",9
2026-04-22 21:03:05,A well fought draw that could have gone either way. Fair result in the end. Trust me. No need to look at the highlights.,37
2026-04-22 21:03:31,"The 2 more drawiest teams draw, feels like the universe willed it to happen with those offside calls.",25
2026-04-22 21:03:58,completely undeserved but w/e,23
2026-04-22 21:08:53,My head would be on mars if I was a Bournemouth fan. I don't even know what to say,41
2026-04-22 21:09:54,Who’d have thought Bournemouth (16 draws) and Leeds (13 draws) would end in a draw,6
2026-04-22 21:12:08,"Props to B'Mouth. They were way above us, and we've fluked that point massively. Should have had 3 ourselves at Elland Road though, so the moral of the story is cooperation. We could have both been better off.",56
2026-04-22 21:13:10,"Good game, not a battering at all like some are suggesting",12
2026-04-22 21:32:37,Leeds have scored at least 2 goals in their last 4 games.,19
2026-04-22 21:35:17,Is Leeds mathematically safe now that they have 40 points?,20
2026-04-22 23:51:25,"Leeds were probably already avoiding relegation with 39, any points they rack up on top of that just keep the eyes even further strained on West Ham and Forest’s hopes to finish above Tottenham.",9
2026-04-23 06:16:05,"Stop saying that we're safe, if any team could go down from this position it's Leeds United",8
2026-04-23 07:18:11,"Kane's fitness is basically the only thing keeping me up at night mate, if he's not sharp we are finished. Was reading this Harry Winter Article about it earlier and it's spot on about the tactics tbh.[Harry Winter Article](https://medium.com/@media_5849/knockout-stage-betting-tactics-how-to-predict-world-cup-2026-elimination-matches-d848423043f6)",2
2026-04-23 10:24:23,Kane is still the man for the goals but we're going nowhere if they keep ignoring Trent in that XI. Best passer in the country by a mile and should be starting every game tbh.,2
2026-04-23 10:27:29,"[Overlap] Ian Wright: ""If Arsenal win the Premier League, Declan Rice has to win Premier League POTY. And if Arsenal win the Champions League, Declan Rice should also win the Ballon d'Or. And if England win the World Cup, there should be a new trophy on top of the Ballon d'Or for Declan Rice.""",249
2026-04-23 10:27:29,"**Mirrors / Alternative Angles**     *I am a bot, and this action was performed automatically. Please [contact the moderators of this subreddit](/message/compose/?to=/r/soccer) if you have any questions or concerns.*",2
2026-04-23 10:28:14,The time stamp for the quote is 1:13:40,4
2026-04-23 10:28:19,\&gt; if,15
2026-04-23 10:28:59,Ballon c'Orner,68
2026-04-23 10:29:01,"I don't really agree or disagree with him, but I just love this post heading. It really does sound like a small child who's too hyper on orange squash being asked by his dad at a family barbecue who his favourite player is.",23
2026-04-23 10:29:52,Declan Rice is no where near the calibre of being a Ballon d’Or player.,70
2026-04-23 10:32:05,"If not, he should get a participation medal and a happy meal",61
2026-04-23 10:33:33,That If is doing a lot of heavy lifting.,9
2026-04-23 10:33:42,If Arsenal or City win the premier league Bruno Fernandes should win POTY,92
2026-04-23 10:33:53,"That's a lot of ifs. Hell, even if he did win the Champions League, I doubt that he would win the Balon d'Or since it would heavily be dependent on the World Cup as well.",17
2026-04-23 10:34:09,"Lol, bless him. Rice is a very decent Prem player, has had a decent CL outing this season and is fkn solid in an England shirt.  He’s not much more than that.",23
2026-04-23 10:35:20,"Does any non-Arsenal fan actually believe he's close to being the best player in the PL, CL or the world this season?",163
2026-04-23 10:35:25,Premier league POTY has to be Bruno 🐐,3
2026-04-23 10:36:24,Why does he have to win it? POTY is rarely from the same team that won the PL. And putting him in the Ballon D'Or contention is just laughable.,10
2026-04-23 10:36:35,v=if is very load bearing,3
2026-04-23 10:37:03,Bit disappointed that Wrighty is following the ragebait gravy train tbh.,23
2026-04-23 10:37:16,The Flying Pig d'Or,9
2026-04-23 10:37:52,"i swear everyone at Arsenal— the fans, the players, the manager and and even the legends ALL share the same insufferable mindset",50
2026-04-23 10:40:13,I mean if you listen to the clip it's clearly said very jokingly.,28
2026-04-23 10:48:26,a lot of ifs,2
2026-04-23 10:53:15,"Obviously I'm biased, but I've never seen a team be so overrated as this Arsenal team. They've been on the cusp of winning the league for so long that fans have mentally chalked that down as actually winning something.",7
2026-04-23 11:08:26,"Regarding Ballon D'or, only way he ever wins it is if England win the World Cup, but even then it would be Kane",4
2026-04-23 11:10:22,There is not a reality where Rice is anywhere near contending for the Balon d’Or lmao. No wonder it’s Wright saying it though,4
2026-04-23 11:20:05,"The idea that the winning player has to come from the winning team, and that the CL somehow plays a role in awarding the PFA award has never made sense to me. I know that's how it always has been, but it just grind my gears.",3
2026-04-23 11:22:14,To quote one of my favourite shows:    Why concern yourself with things that will not happen?,3
2026-04-23 12:09:46,"Rice is not even a top 3 performer in the league this season, and that's coming from a fan of his (not arsenal, his).  Bruno Fernandes is by far the POTY",3
2026-04-23 12:37:36,"I don't even need to watch the video to know he was saying this as a joke, and yet the comments are predictably lame as I thought.",6
2026-04-23 12:41:09,"Kane's a class act and we'll need him, but that XI is a bit of a shocker, mate. Leaving Trent out is proper madness tbh as he's the best footballer in the country by a mile, YNWA.",2
2026-04-23 12:42:57,"The stats from the Sunday game showing the difference between Silva /Rodri and Rice/Zumbemendi were pretty damning, Rice is a solid player but he’s nowhere near their caliber (and that’s before you include players like Pedri, Kimmich and Vitinhia)",3
2026-04-23 12:59:16,It's mostly tongue in cheek,3
2026-04-23 13:27:07,"I think there’s some bizarre but good omens for England atm. Bellingham having had some time off at the start of the season and being played deeper will maybe make him explode this summer once he’s got some more freedom to be more attack minded with rice and Anderson behind him. Rashford playing in the heat In Spain and having a good season but now being used more sparingly. Cole palmer is gonna go to the World Cup, no I’m not a Chelsea fan. And I think he will torture teams. He played last year In the club World Cup in the heat and was virtually unstoppable. Yes he hasn’t been at the races of late but manager problems, club discontent and injuries haven’t helped. I think he will peak at the right time and be happier with England than at Chelsea. And then stones I think will be as fresh as a daisy this summer. I even think English teams doing poorly in champs league may be a blessing in disguise as it’s less games. Maybe I’m wrong, but I just think some of these little scenarios and situations may help.  If all the squad had been having 40+/50+ game seasons and then expect them to perform against elite opponents in sweltering heat this summer, think again. We need players fresh, rested, and ready to rock",2
2026-04-23 13:28:41,"Kane's a machine, no doubt about that, but that lineup is missing some proper quality from the Red side of Stanley Park. You're never going to get anywhere without the lads from Anfield in there, mate.",2
2026-04-23 14:56:45,"Kane is class but that XI is missing some proper quality. No way you leave Trent out of the starting side if you want any real service from the back, simple as that. YNWA.",2
2026-04-23 15:38:25,"Kane's top class but he's always carrying a knock by the time the summer comes, mate. Need more of the Liverpool lads in the squad if we're wanting that proper winning mentality on the pitch. YNWA",2
2026-04-23 16:00:09,"Kane's class but it's the City spine like O'Reilly and Guehi that'll really keep us steady, tbh. Without the lads from the Etihad we'd be in a right mess, properly sorted they are mate.",2
2026-04-23 17:13:22,"Kane is a proper player, but he'll be doing nothing without the service from the Liverpool boys. Leaving Trent out of that starting XI is just madness if you ask me, boss.",2
2026-04-23 17:14:50,Ian Wrong,3
2026-04-23 20:00:07,I appreciate Bowen isn't on best form for club or country but how's he been omitted from this whole post?,2
2026-04-23 20:41:20,"Honestly if Kane isn't fit we are actually finished mate. Should have just brought him to Old Trafford years ago tbh, instead we've been running a literal circus every transfer window.",2
2026-04-23 21:05:24,"Capello talking about fear like he didn't have us playing like hostages in 2010, tears in my eyes. Been tracking the market though because it's the hope that kills you tbh, [Only Odds](https://worldcup.onlyodds.co.uk)",2
2026-04-23 21:31:41,"r when he played such a rigid low block in 2010 is so ironic tbh. Our xG and underlying metrics look way better under a modern system now anyway, been checking the odds lately on [Only Odds](https://worldcup.onlyodds.co.uk)",1
2026-04-24 09:58:37,"Honestly mate, relying on Kane's ankles to hold up is giving me PTSD tbh. If he goes down we're finished, though watching a generational talent like Kobbie run the midfield might be the only thing keeping me sane this summer.",2
2026-04-24 10:08:29,Southgate did this better than anyone in our lifetimes lol,2
2026-04-24 11:00:28,"Kane's still got the magic but that lineup is a bit of a joke without any of the Anfield lads in there, tbh. You won't get far without some proper Scouse heart in the team. YNWA.",1
2026-04-24 11:48:56,Wtf are these spam comments,2
2026-04-24 15:51:34,Kane's a top striker but leaving Trent out of that back four is a joke mate. We won't be winning nothing without the lads from Anfield showing them how it's done tbh.,1
2026-04-24 22:37:09,"Tbh Capello is spot on, we always bottle it under pressure. I'm just waiting for the inevitable injury crisis to ruin us anyway. Been tracking the odds and it's already stressing me out. [Only Odds](https://worldcup.onlyodds.co.uk)",2
2026-04-24 22:47:33,Pep Guardiola insists John Stones will be World Cup-ready for England,103
2026-04-24 23:03:27,"Noone asked, he shouldn't be anywhere near the team if he can't even get a game for city, and isn't good enough to be offered a contract extension. Thanks, but no chance.",1
2026-04-24 23:07:15,"He shouldn’t be on the plane to be honest, you can’t rely on him being match-fit and he’s not the player he once was anyway.",3
2026-04-24 23:11:21,mad that he's started every tournament game for England since 2018 despite being permanently injured. no doubt he'll be in the starting 11 vs croatia lol,46
2026-04-24 23:12:30,I’d still take him. Can think of very few bad games in and England shirt.,30
2026-04-24 23:45:01,More than you believe!,6
2026-04-24 23:56:52,"Kane's proper class, we'll need the lad at his best if we're to bring it home. Been keeping a close eye on the odds for it over on [Only Odds](https://worldcup.onlyodds.co.uk)",1
2026-04-25 08:06:06,"I think our best options in the centre of defence are Guehi Stones and an in form Maguire.  Say what you will about stones and Maguire in term of age, fitness or the other defenders club form, but these 2 have been excellent for England since 2018.  Let’s not forget that they are our most successful centreback pairing arguably of all time (excluding 1966) , a WC semi final and QF and 2 finals at the euros.  All those centre backs before them like Ferdinand , Terry, Adam’s, Campbell etc got nowhere near them in an England shirt.  Chiellini and Bonucci dicked England in our own stadium in the 2020 final, well into their 30s injury ravaged so I back stones and Maguire to be on that plane and if they start games im all for it",12
2026-04-25 11:25:47,"He is forever injured and hasn’t played much this season, by that reasoning he should be nowhere near going.  The fact that we are having this discussion shows that England don’t have many good defenders and the future will s looking very bleak.",1
2026-04-25 13:29:45,"Early 2026 World Cup odds: Spain, England and France leading – but is there value elsewhere? Been looking at the early odds for the 2026 World Cup and it’s not too surprising to see Spain, England and France right at the top.  All three have strong depth and recent tournament consistency, so it makes sense.  That said, it feels like the market is already heavily pricing reputation this far out.  In past tournaments, the winner usually comes from the top group — but there’s often 1–2 teams just outside the favourites that shorten a lot closer to kickoff.  Curious what people think:  * Are Spain/England/France clear favourites already? * Any teams flying under the radar right now?",433
2026-04-25 13:29:45,"Hello! Thanks for your submission to r/worldcup, your post is up and running!  A general reminder to check out our rules in the sidebar, have fun, and most of all to be civil.  Finally, take a closer look at [this post](https://www.reddit.com/r/worldcup/comments/z2v46l/announcement_quick_reminder_of_our_most_important/) regarding our civility rules and reddiquette because we would like for each and everyone to feel welcome on the subreddit and to keep a healthy and safe environment for the community.  Please also make sure to [Join us on Discord](https://discord.gg/football)  Thank you!  - - -   *I am a bot, and this action was performed automatically. Please [contact the moderators of this subreddit](/message/compose/?to=/r/worldcup) if you have any questions or concerns.*",2
2026-04-25 13:34:48,Spain at +500 is the best value.,5
2026-04-25 13:38:25,England will melt in the sun like an iced lolly. Out in the QF.,7
2026-04-25 13:40:05,"80/1 on America, and I'm not ruling out fixing  Getting £80 from a quid certainly would make that disgrace easier to swallow",5
2026-04-25 13:45:32,"Portugal at 11/1 offers real value to me (B365). I don't think they're favourites, but you could make some decent money E/W on them making the final.  Norway at 25/1 also feels a little steep given their qualifying performance.   Switzerland have shown up in the last two Euros big time, so 80/1 also feels a touch harsh on them, but I can't realistically see the making it past the quarters at best.",8
2026-04-25 13:45:49,England?? LOL Every single WC their dreams are smashed.,13
2026-04-25 13:50:48,"Brazil, Germany and Argentina are the nations that have won the tournament the most that have actually qualified (sorry Italy), so reckon they need to be in the discussion. Almost certainly one of those three or the three you mentioned.",4
2026-04-25 13:56:16,"I'm playing with different kinds of combinations in a [bracket predictor](https://pitchside.app/play) to see what matchups look like and it seems like a France, Spain, Portugal combinations. Would love to see Portugal take it all.",4
2026-04-25 14:06:49,"I wouldn't rule England out but they shouldn't be top 3 in the betting. Germany are the value bet for me, though they've potentially got France in the last 16.",10
2026-04-25 14:08:20,England is an overhyped scam of a international team,6
2026-04-25 14:18:56,"I'd say Spain, Argentina, France and England are the favourites. Portugal and Brazil are outsiders. Germany are the only other team I could realistically see winning it.",10
2026-04-25 14:22:39,England? 😬🤣🤣🤣🤣🤣🤣🤣😂😂😂💸😂🤣🤣🤣🤣🤣,10
2026-04-25 14:34:31,Of course pep is. He’ll do it by not playing him so he’s not Match Fit ready… pep in a nutshell,2
2026-04-25 14:51:45,"As an Italian, I’d say Argentina o Brasil, while France and Spain are overrated.",5
2026-04-25 14:52:03,I’m 42. This is the first World Cup in my lifetime that I have very little hope of Brazil taking it. Hopefully they prove me wrong though.,8
2026-04-25 15:32:48,Norway.,9
2026-04-25 15:36:15,"Japan fan here - this could be the year they finally emerge as the dark horse, but I don’t realistically know if they have it in them to go all the way. Everything about their program is based on incrementalism, the goal the organization says this year is quarterfinals at minimum, I think they have a chance to get to the semis tho with Kubo up top",10
2026-04-25 15:53:53,France &amp; Spain are in the form recently. England also have a stable growth curve (despite the friendly loss against Senegal). Portugal &amp; Germany are good contenders.   \- For the DARK HORSE: I'll be keeping an eye on Morocco (seeing them winning u-20 WC proved they got some talent).,7
2026-04-25 16:05:27,Incredible the euro bias here.,5
2026-04-25 16:11:06,"Well looking at the odds, other than Brazil the top teams are pretty much correct.  France, England, Spain, Argentina, Germany, Portugal and Netherland is the teams who you will expect have the greatest chance. But the outsiders seems surprisingly underrated.   Colombia and Morocco isn't top 10, while Switz and Croatia doesn't even make top 15 in the odds.  However, looking at it from a knockout round perspective.  Semi final spot 1: Is a fight between France, Germany, Netherland and second worst of Brazil and Morocco (most likely Brazil imo).   Obviously this lowers the chance for all those teams to advance.   Basically i expect 4 of the 8 top odds favourites to end up in this semi final path.   And any of them can get lucky and knock out the other tbh.  Semi final spot 2: Spain will face either Croatia or Colombia, while two of the easiest groups with Turkey and Belgium as favourites only will meet one of them in the quarter final.   This path opens up for a surprise as Spain never does well in the world cup (except that one time).   On the other hand it does give Spain a better chance than France.  Semi final spot 3: This is another outsider chance as Morocco (or Brazil), Japan and Norway will fight for the chance to meet England.   And yeah its impossible to guess which way this one will go.   But England probably has the highest chance of the 4 favourites to reach the semi final atm.  Semi final spot 4: This one is much clearer. Switz or Portugal will face Argentina.   Argentina is clear favourites here infront of Portugal imo.   Which means Portugal is probably overrated in the odds with how tough their path is.  So thats how i see the chance right now. But since we always gets surprises in the group stage some paths might change drastically and shift the difficulty after the group stages.",7
2026-04-25 18:35:44,Anyone outside of Spain/France/Germany/England/Brazil/Argentina would be a shock in my view. England are the only ones out of these not to win it this century.,7
2026-04-25 18:39:19,What a lot of shite on here.  Stones is one of the best players in England when fit and without question should be in the squad.,4
2026-04-25 18:56:32,"As an England fan, I think there’s more chance of us getting knocked out earlier than expected than us winning the tournament. We had it good under Southgate and it wasn’t appreciated. The current team is stacked with good players but hasn’t got much of an identity or starting XI. Maybe they’ll grow into it but I’m not feeling the optimism this time.",10
2026-04-25 19:20:27,"What's the biggest points gap two teams have ever closed? I checked every European top-flight season back to 1888. This was removed earlier today with little explanation, my best guess it's because games were going on and the rules for submissions are different then? So I am trying again now that I think most important games have concluded. Let me know if there was some other issue with it. Below is the post as I posted it with some minor updates based on the few comments it had time to receive.  ___  I saw u/rawros's [post](https://old.reddit.com/r/soccer/comments/1sua05s/espanyol_and_girona_have_the_same_points_in_la/) about Espanyol and Girona being level on 38 points despite an 18-point gap at matchday 17, and wondered how that compares historically. So I pulled every top-flight league season in Europe going back to 1888 and found every case where one team was way ahead, only for the other to catch up later.  With 3 points for a win, a team can go from 1 behind to 2 ahead in a single game without ever being level on points (as is currently the case for Espanyol and Girona). So the definition I used is the largest gap where the trailing team later *ties or overtakes*, not just ties.  The record is **24 points**, held by five cases across four countries. Three of them are overtakes where the teams were never actually level. The Espanyol/Girona case from u/rawros's post sits at 18 points, tied with 65 other cases.  [European record](https://imgur.com/a/UNZ3z6h)  The Espinho collapse in Portugal 1996-97 is probably the most dramatic of these. They had a great first half of the season, then won a single game in the entire second half and got relegated. The Aberdeen case is from just this past season, and NEC Nijmegen appear in two of the top six cases in the same 2007-08 Eredivisie season, which is pretty remarkable. Aberdeen also nearly gave up a 25-point lead to Hearts in the same season, closing to within 1 point but never quite catching up. That would have been the outright record.  The big-5 league record is **21 points**, held by six cases. Five are from the old 22-team English First Division which had 42-game seasons (more games = more room for form swings). The sixth is Livorno/Parma from the Calciopoli season in Serie A. Man United show up twice: on the wrong end of a 21-point overtake by Middlesbrough in 1913-14 just before WWI, and then catching up to Huddersfield in 1928-29. That second case has a nice symmetry to it. Huddersfield had won three straight league titles in 1924-26 but were sliding down the table, finishing 16th that season. United meanwhile had been 18th the year before and would go on to lose their first 12 games of the 1930-31 season (including a 6-0 at home to Huddersfield, of all teams) before being relegated. Two clubs crossing paths on the way down.  [Big-5 league record](https://imgur.com/a/9aLyKGW)  All cases with a gap of 20+ points:  | # | Gap | League | Season | Was ahead | Caught up | Tied or overtook? | |--:|--:|:--|:--|:--|:--|:--| | 1 | 24 | Netherlands | 2007-08 | Groningen | NEC Nijmegen | Tied | | 2 | 24 | Poland | 1999-00 | Pogoń Szczecin | Groclin Dyskobolia | Overtook | | 3 | 24 | Portugal | 1996-97 | SC Espinho | Rio Ave | Overtook | | 4 | 24 | Scotland | 2024-25 | Aberdeen | Hibernian | Overtook | | 5 | 24 | Switzerland | 2001-02 | Sion | Lausanne-Sport | Tied | | 6 | 23 | Netherlands | 2007-08 | NAC Breda | NEC Nijmegen | Tied | | 7 | 22 | Georgia | 1993-94 | FC Iveria Khashuri | Metalurgi Rustavi | Tied | | 8 | 21 | Denmark | 1982-83 | Brøndby | Ikast | Tied | | 9 | 21 | England | 1913-14 | Manchester United | Middlesbrough | Overtook | | 10 | 21 | England | 1928-29 | Huddersfield Town | Manchester United | Tied | | 11 | 21 | England | 1975-76 | West Ham United | Leicester City | Tied | | 12 | 21 | England | 1978-79 | Everton | Ipswich Town | Overtook | | 13 | 21 | England | 1983-84 | Coventry City | Stoke City | Tied | | 14 | 21 | Italy | 2005-06 | Livorno | Parma | Tied | | 15 | 21 | Serbia | 2020-21 | Spartak Subotica | Napredak | Tied | | 16 | 20 | England | 1906-07 | Sheffield Wednesday | Middlesbrough | Overtook | | 17 | 20 | England | 1913-14 | Manchester United | Manchester City | Tied | | 18 | 20 | England | 1952-53 | Liverpool | Manchester City | Tied | | 19 | 20 | England | 1959-60 | Preston North End | Blackpool | Tied | | 20 | 20 | England | 1960-61 | Fulham | Nottingham Forest | Overtook | | 21 | 20 | England | 1976-77 | Coventry City | Sunderland | Tied |  Plus 32 cases at 19 and 66 at 18 (including Espanyol/Girona). I've verified the five record-holding cases against Wikipedia/Wikidata/league sources, but haven't individually verified every row in this table.  Some things to keep in mind:  - All points are converted to modern 3-for-a-win so they're on the same scale (for the gaps to be comparable). The old English seasons used 2 for a win, this means that these graphs slightly disagree with what actually happened at the time. - ""Gap"" is the biggest difference at the same matchday number (each team's own game count), between two teams where the trailing one later catches up. because matchdays can happen at different dates it is possible that these gaps never actually existed. - Only European leagues with clean season boundaries. South American leagues have split seasons and the data gets unreliable, so there could be bigger cases in Brazil or Argentina, and after some problems there I chose to exclude them. - In the big-5 leagues, the share of seasons with an 18+ point comeback has dropped pretty steadily: about 30% in the 1900s-1920s, 15-20% through the mid-century, and down to 6% in the 2010s with just 2 cases so far in the 2020s (Juventus/Bologna 2023-24 is the other one). Part of it is structural since the old English First Division had 22 teams and 42-game seasons which gives more room for form swings but with deeper professional squads, better coaching, maybe there is less volatility in general. - The two Eredivisie 2007-08 cases include playoff matches after the regular 34-game season. The ties happened in those extra games, not during the regular season. The other record holders all happened within their regular season. - If you adjust for league size (a 42-game season has more room for swings than a 30-game one), the most extreme case is arguably Poland 1999-00. The theoretical maximum convergence gap is 1.5 times the number of matchdays: imagine one team wins every game in the first half of the season while the other loses every game, then they swap form completely and meet at the same points total at the end. In a 30-game league like Poland's Ekstraklasa that ceiling is 45 points, and Pogoń Szczecin vs Groclin Dyskobolia hit 24 of it, or 53%. No other case tops 50%.  Data: [schochastics/football-data](https://github.com/schochastics/football-data) (1.3M matches from 1888, the parquet file goes to 2025 despite the README saying 2023). Positions cross-checked with Wikipedia, [Wikidata](https://www.wikidata.org/wiki/Q281727), and [englishfootballleaguetables.co.uk](https://www.englishfootballleaguetables.co.uk/).  **Edit:** Fixed Rio Ave/Espinho positions in the Portugal 1996-97 graph from 11th/17th to 15th/16th, thanks to u/greenwhitehell. They also shared a [Público article](https://www.publico.pt/2012/03/03/jornal/brito-e-mota-os-homens-das-recuperacoes-impossiveis-lutam-agora-com-o-mestre-calisto-24108738) with more context on the crazy story of the Rio Ave comeback.",323
2026-04-25 19:20:28,"**This is a stats thread. Remember that there's only one stat post allowed per match/team, so new stats about the same will be removed. Feel free to comment other stats as a reply to this comment so users can see them too!**   *I am a bot, and this action was performed automatically. Please [contact the moderators of this subreddit](/message/compose/?to=/r/soccer) if you have any questions or concerns.*",2
2026-04-25 19:23:57,This is a star post right here.,73
2026-04-25 19:24:58,"Great read, thank you",21
2026-04-25 19:26:59,"that 2007-08 eredivisie season with nec nijmegen catching up twice in top 6 cases is wild, must have been some serious form swings happening there.",34
2026-04-25 19:59:48,"Looking for funny England FIFA World Cup 2026 t-shirt ideas The idea can be text only, graphics only, or a mixture of both.  I will be wearing it at watch parties in Vancouver, BC during their games.",28
2026-04-25 19:59:56,"I really thought Aberdeen would waltz to the title last season, Thelin just had them looking unstoppable until suddenly they were completely stopped. During that initial period I was convinced he would be a superstar manager. Life comes at you fast.",14
2026-04-25 20:10:12,I just checked the 2010/11 season where Frankfurt only managed to get 8 points the second half of the season and were relegated in the end but it were only 16 points.,8
2026-04-25 20:17:25,Powerful!,7
2026-04-25 21:19:14,"That Sunderland Coventry 1977 one is infamous as Sunderland got relegated on GD ahead of Coventry (who stayed up until 2001).  Sunderland was actually 1 point ahead of Coventry ( and 4th of bottom Bristol City ) going into final day of the season.   Sunderland’s game away at Everton and Cov vs Bristol city game was due to kick off at the same time but Cov game was (mysteriously) delayed by 20 mins  and once news of Sunderland loss at goodison had come through, Coventry Chairman Jimmy Hill displayed the result on the scoreboard and both teams then played out a draw passing the ball side to side. (Basically English version of disgrace of GIjion)  I hadn’t however realised Sunderland had been 20 points adrift of survival!  I think that probably puts into more context the incredible hatred Sunderland fans of that generation feel toward Cov and Jimmy Hill.  Having seemly survived from an impossible position and then been cheated out or it.",18
2026-04-25 21:42:30,[ Removed by Reddit ],2
2026-04-25 22:28:48,"Great post! Just a slight correction to the image, Rio Ave finished 15th, not 11th. I went and checked because it seemed extremely odd that with a 2 point final difference Rio Ave would be a whole 6 spots ahead.  Also, that season is actually one my dad talked to me about a few times! Carlos Brito, who would go on to coach Rio Ave for more than a decade (with a few interruptions here and there), was their assistant manager and promoted as their head coach after the 13th matchday.   And a thing that makes this story even funnier is that Rio Ave kept him in as a way to fully punt the season. They promoted Carlos Brito as a temporary thing until they found someone else initially, but then after he lost his first game in charge vs Gil Vicente - which is also the point where the 24-point gap between them and Espinho existed, their board fully punted the season. On their eyes they were pretty much relegated, so they decided to just keep the at-the-time interim manager Carlos Brito and, the true kicker, let go a few of their best players to shed wages and to better prepare the club financially for the 2nd division in the next season. As he told me, they not only were dead in the water but also fully cleaned house, played with a bunch of kids and somehow have done one of the most miraculous recoveries in football history.  He never talked to me about the other side of the coin though, which was the Espinho collapse. That is a truly absurd season! I've just asked him about it, and he told me he didn't really remember the Espinho collapse. Tbf we did have a few comparable ones in Portugal, even if not as extreme, such as Jorge Jesus' Felgueiras and Alverca's relegation in 03/04. But they didn't have a miracle recovery as a counterpart that could thus bridge such an insane gap and be on this list.  Here's a source on some of the things I said that I found as I went and fact checked my dad's memory, for whomever's interested:  https://www.publico.pt/2012/03/03/jornal/brito-e-mota-os-homens-das-recuperacoes-impossiveis-lutam-agora-com-o-mestre-calisto-24108738  &gt;Today, they say, it would be impossible to repeat what happened in 1996/97 and 1999/2000. In the first case, Calisto left Rio Ave practically relegated. He decided to leave, but before doing so he advised the club’s officials to hand the team over to his young assistant coach. The directors were not very convinced, but they agreed until they could find a better alternative. However, the defeat that followed at home against Gil Vicente (0–2) put an end to all the directors’ hopes. They released the more expensive players, such as Marco Aurélio and Gama, and definitively handed control of the squad to the former centre-back. “It was only supposed to be for a short while, but after that defeat they came to me and said: ‘Look, since we’re pretty much relegated already, you’ll stay until the end of the season,’” recalls Carlos Brito. But then, a draw in Setúbal (1–1) began to give the players encouragement. And the club started a stunning recovery. “At one point, we had the whole country rooting for us. We played without pressure, one game at a time, and we managed it,” explains the coach. “It was something unthinkable given the balance that exists today. That season, one of the relegated teams was Espinho, who had finished the first half of the season in fourth place.”",4
2026-04-25 23:42:08,"This, but draw a massive cock on him.  https://preview.redd.it/uq21gr4oafxg1.jpeg?width=570&amp;format=pjpg&amp;auto=webp&amp;s=e03783faeaf2afbe6b3a317a8f44dfca6803460e",11
2026-04-25 23:56:17,"""I know it's not coming home I'm just here for the beer"" 🤣",3
2026-04-26 00:17:03,"Belgium is pretty solid. Of the outsiders, I like them a lot.",4
2026-04-26 01:32:55,Japan,6
2026-04-26 07:21:37,"Great post! Not sure about the 2007/2008 Eredivisie ones because although it is a major comeback, they didn't level in the regular season. The Eredivisie has 34 games so the graph going beyond that is already questionable. I think you included playoffs but I do not think that is in the spirit of your ultimate goal.",4
2026-04-26 07:33:47,Actual value: Argentina. I'd put them a tier below these three but definitely a legit chance.  Shot in the dark value: Ecuador and Colombia,4
2026-04-26 09:09:46,"My dark horse picks are Japan, Colombia, Brazil, Morocco, and Norway. I expect at least 2 of these teams to go far into the tournament. Uruguay are decent, and I wouldn’t sleep on the Senegalese, or even Ghana either. People also forgetting about Germany and Portugal, it feels like whenever you think a country is about to stink up the world cup they tend to have a good tournament. This one could be really good, despite the controversy surrounding it.",4
2026-04-26 10:03:25,"""60 years of hurt""",3
2026-04-26 10:48:32,"Spain, France or Portugal will win.  Spain won the last Euros. France got to the final of the last World Cup. And Portugal have the best starting 11 on paper.",7
2026-04-26 11:14:52,"Great post, well done! I would love to see a version of it narrowed down to title races as well, some people take the word bottle too seriously, would be interesting to see how mahy 9-10 point gap leads, have ""been blown"". Jesus, that sounded very american, alologies.",4
2026-04-26 13:27:27,Iran,6
2026-04-26 14:07:35,Kinda feel like we (England) end up as a favourite each year because so many England fans bet on us out of pure hope - the bookies shorten the odds (British ones at least) because if we actually did win it they’d go bankrupt. 😬   My guess is 🇪🇸/🇦🇷/🇫🇷 as three semifinalists and most likely to win in that order. 🇧🇷/ 🏴󠁧󠁢󠁥󠁮󠁧󠁿 the most likely to complete the final 4 but significantly less likely to actually go on and win it.  Maybe we grow into the tournament but right now struggling to see what our best XI or playing style will be.,6
2026-04-26 14:38:36,Netherlands always good value.,6
2026-04-26 15:43:46,Any South American teams or teams that have majority of their players based in very hot climates will do well  People are really underestimating how ferociously hot it will be in some games this summer. And the fact that 3 teams will go through in some groups will make for bizarre and unpredictable games in the groups  Expect slower and more boring games as well.   Also factor in the extra knockout game this year as well and it’s a longer tougher tournament.   If I was a betting man with £100 to blow I would stick £100 on Ecuador to make the QFs,8
2026-04-26 16:19:01,"""I payed thousands of dollars for this!""",3
2026-04-26 16:22:56,In no particular order:   Favorites: 🇪🇸🇫🇷 Strong contenders: 🇳🇱🇵🇹🇩🇪🏴󠁧󠁢󠁥󠁮󠁧󠁿🇧🇷🇦🇷 Dark horses: 🇳🇴🇧🇪🇲🇦🇯🇵🇸🇳🇭🇷,7
2026-04-26 19:58:57,I had Spain #1 before Yamal's injury😒,4
2026-04-26 20:49:01,France and England have the players but they still lack that elite tactical control you only get with a proper box midfield. Tbh as long as Rodri is fit and dictating the tempo from the base it's clear of everyone else mate,5
2026-04-26 22:20:29,"Hey guys Hey, I just joined the community. I'll try to keep it short but I want to tell you guys my story.   My name is Sam, I am half english, half mexican. My dad met my mex mom in 86 world cup. I was born in 91. I came back to Mexico after they split in 95 or so...  I grew up not caring about football, but when I was around 10 yo, my dad told me to support England and showed me a few games. Told me we invented football and that I should be proud about it.  So all of a sudden, before having / supporting a Club, I started supporting England. I support Mexico as well, but my first love as a kid was the three lions.  I've been supporting the three lions from Mexico all my life (of course I support Mexico as well) but there is magic whenever I watch England on a tournament, something I can't explain.   All my friend have made fun of me (not in a bad way) every single tournament, they have also supported England with me (not all of them), and some of them have always questioned my support for the three lions.  On 2022, I went to england to visit my dad and watch the world cup. On one of my visits to London, I went to Windsor castle and in the gift shop, there was a stand with PINS that were the crest for family names. I felt something before I found my last name, something strange, like everybody was moving in slow motion, I got excited and didn't even know why... and when I saw my crest I couldn't not cry a tear or two. I found out that my family crest has 3 lions, almost identical to the national team crest.  That was my confirmation that it was meant to be from the very beginning, my parents meeting in 86 world cup. I was meant to love the three lions.  Last year, was my first time in Wembley and it was fantastic !!!!  I would appreciate if you guys remember this post whenever we score a goal in the upcoming world cup that is hosted (shared) in Mexico and remember that you guys have a crazy Mexican / English supporter far away.  Come on England !!!!",145
2026-04-26 22:36:54,"So who are you supporting in the pretty likely event of England v Mexico in the ro16?  ...if anyone gives you shit for being half English, just look for Vinnie Jones  https://preview.redd.it/yn2yi6cx3mxg1.png?width=1280&amp;format=png&amp;auto=webp&amp;s=5c150f5afcb693a8f39a6e1ad0412a853f82edeb",6
2026-04-26 22:38:44,https://preview.redd.it/mzpqner94mxg1.jpeg?width=588&amp;format=pjpg&amp;auto=webp&amp;s=261e69d56ad319e4bf60d909d28c9e73e791661f,35
2026-04-26 22:39:48,“ All my friend have made fun of me (not in a bad way) every single tournament”  One of us!,29
2026-04-26 22:42:50,"Maybe you'll meet an English girl in Mexico this world cup 👀 full circle    (Also at least we're not big rivals - I'm 1/3 Scottish, was born in scotland but lived in England my whole life and am an England fan no doubt. Still always want to see Scotland do well, but no way can I buy a scotland shirt as a second 😅)",3
2026-04-26 22:48:20,[https://www.etsy.com/uk/listing/1334654937/vindaloo-football-soccer-anthem-song](https://www.etsy.com/uk/listing/1334654937/vindaloo-football-soccer-anthem-song),3
2026-04-26 22:50:18,Viva Three Lions!,12
2026-04-26 23:27:02,Discussion. With the outstanding season Michael olise is having and the World Cup approaching. Who is the best player to choose to represent a different national team over England at senior level?,586
2026-04-26 23:30:08,Haaland,163
2026-04-26 23:30:17,Erling Haaland is definitely up there.,19
2026-04-26 23:33:43,Jamal Musiala,45
2026-04-26 23:35:30,"Musiala, Haaland and Olise are the top ones that spring to mind, I'd take any and all of them tbh.",10
2026-04-26 23:36:28,Giggs. Haaland,5
2026-04-26 23:38:17,The following XI were all born in England   Andy Goram  Giuseppe Wilson David O’Leary Paul McGrath Mark Lawrenson Shay Brennan  Simone Perrotta Scott McTominay Michael Olise  Antoine Semenyo Erling Haaland,151
2026-04-26 23:45:03,Deploying Bale on the left would've been must see tv… and would've made a liability a strength.,51
2026-04-26 23:54:13,"Know this doesn’t answer your question, and I don’t intend this to come across as nationalistic, but there is something frustrating about players who are born in a particular country, educated/nurtured through that country’s footballing system, who then turn their back on it. I’m not saying that players shouldn’t be allowed to make their own choices, but it does seem morally dubious to me.   This is not just about Olise: you can look at numerous players in France’s youth system who have done the same.  Where Olise is concerned, he strikes me as someone who is naturally a contrarian, goes against the grain. You can see how he seems to refuse to integrate with the normal things at Bayern, doesn’t appear to want to do interviews etc. I suspect when he was growing up in London he made a really big point of defining himself as uniquely different to the British kids he grew up around.  To answer your question: would have to say Ryan Giggs. England lacked a true world class left winger for decades.",14
2026-04-27 00:06:49,Had Olise chosen English he wouldn't be allowed to be the player he is in the national setup.,7
2026-04-27 00:50:39,Everyone knows the answer to that question is Cherno Samba,8
2026-04-27 01:03:44,wait im half mexican too lmaoo. ive never met another half mexican in england (my mum is slavic but i was born in england,5
2026-04-27 05:07:48,"10 years later, Looking back at how r/soccer reacted to Leicester City's historic season as it happened, GW 36: Manchester United 1-1 Leicester City [Pre Match Thread](https://www.reddit.com/r/soccer/comments/4h89xm/pre_match_thread_manchester_united_vs_leicester/)  [Louis Van Gaal on Leicester: ""We cannot allow them to become champions at Old Trafford - we won't spoil their party, just postpone it a little.""](https://www.reddit.com/r/soccer/comments/4gzt1b/lvg_on_leicester_we_cannot_allow_them_to_become/)  [Match Thread](https://www.reddit.com/r/soccer/comments/4h8rs0/match_thread_manchester_united_vs_leicester_city/)  [Post Match Thread](https://www.reddit.com/r/soccer/comments/4h9d14/post_match_thread_manchester_united_11_leicester/)  [Full Match Replay](https://www.premierleague.com/en/video/4353974/manchester-united-v-leicester-city-2015-16-full-match-replay)  [Table at the end of GW 36](https://www.transfermarkt.com/premier-league/spieltagtabelle/wettbewerb/GB1?saison_id=2015&amp;spieltag=36)  Some other posts during this time:  [The only team to have done the double over Leicester in the League this season is Arsenal.](https://www.reddit.com/r/soccer/comments/4ghswt/the_only_team_to_have_done_the_double_over/)  [Leicester City's Demarai Gray Nearly Killed by Helicopter Blade](https://www.reddit.com/r/soccer/comments/4ggl3r/leicester_citys_demarai_gray_nearly_killed_by/)  [As Leicester close in on the title, is this the season the Premier League finally cracked it?](https://www.reddit.com/r/soccer/comments/4giaau/as_leicester_close_in_on_the_title_is_this_the/)  [Transfer to PSG does not 'excite me', says Leicester's Riyad Mahrez](https://www.reddit.com/r/soccer/comments/4gii3k/transfer_to_psg_does_not_excite_me_says/)  [RB Leipzig manager Ralf Rangnick has claimed he turned down the opportunity to sign Jamie Vardy two years ago because he considered the Leicester forward to be too old.](https://www.reddit.com/r/soccer/comments/4go8ui/rb_leipzig_manager_ralf_rangnick_has_claimed_he/)  [Leicester City are at longer odds (33/1) to win the premier league next season than to be relegated (25/1)](https://www.reddit.com/r/soccer/comments/4gp1pq/leicester_city_are_at_longer_odds_331_to_win_the/)  [Throwback post to Leicester's 2015/16 pre-season previews and analysis](https://www.reddit.com/r/soccer/comments/4gphyb/leicesters_preseason_previews_collection_and/)  [Claudio Raneiri close to tears after the city of Leicester thank him](https://www.reddit.com/r/soccer/comments/4gtqh1/claudio_raneiri_close_to_tears_after_the_city_of/)  [Numbers Behind Leicester's Rise: Schmeichel Clean Sheets: 15 (tied 1st), N'Golo Kanté: 111 Tackles, 142 Interceptions (1st), 39% Shot Completion (1st).](https://www.reddit.com/r/soccer/comments/4gxe4d/numbers_behind_leicesters_rise_schmeichel_clean/)  [New York Times on Leicester: One of the Greatest Seasons in Sports History](https://www.reddit.com/r/soccer/comments/4gz81g/new_york_times_on_leicester_one_of_the_greatest/)  [Bookies fear £50m payout on Leicester winning the Premier League](https://www.reddit.com/r/soccer/comments/4h0rtc/bookies_fear_50m_payout_on_leicester_winning_the/)  ['The Leicester City Story' Documentary by NBC Sports](https://www.reddit.com/r/soccer/comments/4hb42i/the_leicester_city_story_documentary_by_nbc/)  P.S: I will post the Chelsea vs Tottenham this Saturday on 2nd May to coincide it with 10 years to the day Leicester City were crowned Champions of England",451
2026-04-27 05:07:48,"**While the general rule is that throwback posts aren't allowed, there's an exception for events that happened 5x (5-10-15-...) years ago, and for remembrances of events that are honoured every year. If this post isn't about one of them, please report it.**  *I am a bot, and this action was performed automatically. Please [contact the moderators of this subreddit](/message/compose/?to=/r/soccer) if you have any questions or concerns.*",1
2026-04-27 05:16:03,"Japan and Norway stand out, but Norway might struggle with the climate.",4
2026-04-27 05:16:33,"England songs Usually when we're playing in Euros or world cup, I usually listen to my england songs in repeat.   I'm curious to know which ones are your favorites ?  1- world in motion  2- it's coming home  3- sweet caroline  4- new vindaloo  5- vindaloo  6- come on england (used to be number one 20 years ago)  World in motion is, by far, my favorite. The typical 80s, 90s style, typical instruments and all around very catchy, dreamy, and it even has like that kinda rap bit.  Whenever we get beaten, knocked out I cant listen to them anymore, cuz I get sad. But like, just today, the fever kicked in !",81
2026-04-27 05:18:02,"10 years on, and knowing what happens immediately after this feels so awful. Should have committed to becoming a mid table club that got lucky. Transfers not working after changing policy screwed them. Basically sell one big player to afford improvements. Stopped that and collapsed. Tragic. Would love to see them climb back up, but they need to go back to those kind of basics imo.",91
2026-04-27 05:27:05,"&gt;I actually don't want Leicester to win it that way. I want to see their reactions and the emotion live and in front of the fans, not on their Instagrams   &gt;&gt;You'd pass up on watching Tottenham wander around the pitch absolutely devastated?   LMAO little did he know what would happen just 10 years down the line",368
2026-04-27 05:35:35,"&gt; If Chelsea beat Tottenham it'll be the most anti-climatic Premier League win ever.  I can see why people thought that, and I'm very glad it didn't prove to be the case. Plenty of drama, and took nothing away from Leicester City's story.",236
2026-04-27 06:13:49,"We could legitimately have Kane, Haaland, Musiala, Bellingham and Olise...  ...all being shoved into the same starting XI out of position and underperforming, as is tradition!",53
2026-04-27 06:15:15,Three Lions and Vindaloo. The rest don't really do anything for me.,14
2026-04-27 07:32:06,Move it - Pete and Bas,4
2026-04-27 08:18:29,"Harry Kane posted a picture on his Instagram of a lion with its mouth covered in blood before this game   Not the sort of thing you'd expect from him at all based on his personality, which was shown at the  when he was asked about it and he was awkwardly acting cocky",95
2026-04-27 08:46:11,1) World in Motion  2) Vindaloo  3) Three Lions  In that order,4
2026-04-27 08:53:31,I went to the World Cup and all I got was this shit tshirt and a gunshot wound.,1
2026-04-27 09:04:36,"thanks for the mandatory ‘Rangnick did not sign some future superstar’ news, good times",8
2026-04-27 09:11:09,Reading through this makes me realise how stupid reddit has become. It's just constantly trolls regurgitating each other now,96
2026-04-27 09:15:55,No tubthumping?,4
2026-04-27 09:37:12,Somehow over the years 'This Time' from the 1982 world Cup has become my family's England song of choice for every tournament. Something about it insisting that this will be the time we get it right over and over despite it never happening means it's just so fitting!,3
2026-04-27 10:10:57,It’s coming home,3
2026-04-27 10:12:56,"Gameweek 20 in the WSL is done and dusted: title twists, top three drama, relegation panic and absolute chaos at both ends of the table Well… *that* was a weekend.  With only two matchweeks left in the Women’s Super League season, you’d expect things to maybe calm down a little. Teams locking into position. The title race slowly winding toward an inevitable conclusion. Relegation candidates running out of steam.  Instead?  Gameweek 20 basically looked at all of that and said *“nah, let’s make this as chaotic as possible.”*  We got:  * League leaders dropping points in one of the shocks of the season * A huge statement win from a top-three contender * Manchester United wasting a massive opportunity * A relegation six-pointer with enormous consequences * Leicester potentially staring at disaster * Brighton casually deciding to become title-race disruptors * And enough goals across the weekend to keep neutrals very happy  At this stage of the season every single point feels massive, and this weekend genuinely had consequences at both ends of the table.  Manchester City were inches away from effectively putting one hand on the title.  Now? They’re still favourites—but Brighton have ensured there’s at least a little bit of tension left.  Meanwhile at the bottom, West Ham may have produced the result that saves their season, while Leicester are now dangerously close to complete collapse.  And somehow, in the middle of all this chaos, Manchester United managed to turn a golden opportunity into another frustrating afternoon.  Here’s the full breakdown of a wild Matchweek 20.  \--------------------------------------------------------------------------------------------------  # Brighton 3-2 Manchester City  *(aka Brighton woke up and chose violence)*  Let’s start with the biggest shock of the weekend.  Brighton &amp; Hove Albion Women beating Manchester City Women wasn’t supposed to happen.  Not now.  Not with City sitting top of the table.  Not with the title within touching distance.  Not with Brighton coming into this as underdogs.  And definitely not after City scored inside five minutes.  Yet here we are.  City started exactly like title winners should.  Kerolin opened the scoring in the 5th minute after Brighton failed to deal with a cross, and the Brazilian did brilliantly to loop her finish into the top corner.  9 league goals this season now.  She’s been outstanding.  Then Khadija Shaw nearly made it 2-0 shortly after when she hit the post, and at that point it felt like Brighton were hanging on.  City were dominant early.  They were creating better chances.  They looked sharper.  And honestly? They probably should’ve buried Brighton before halftime.  That missed opportunity came back to haunt them.  Late in first-half stoppage time, Brighton found an equaliser completely against the run of play.  Fran Kirby linked brilliantly with Charlie Rule before setting up Madison Haley, who sold the defender with a fake shot before drilling home.  1-1.  Game flipped.  Momentum shifted.  And Brighton absolutely ran with it.  Early in the second half, Kiko Seike put Brighton ahead after driving forward and finishing brilliantly.  And that goal made history:  She became the **first Brighton player ever to score in four consecutive WSL appearances.**  That’s ridiculously impressive.  Then came Brighton’s killer blow.  Madison Haley grabbed her second after her initial effort was saved.  3-1.  Chaos in the stands.  Chaos on the pitch.  Chaos in the title race.  To City’s credit, Bunny Shaw made things nervy late on with her 19th league goal of the season—a brilliant individual effort where she shrugged off defenders and buried her finish.  But Brighton held firm.  Massive result for Brighton &amp; Hove Albion Women.  Huge setback for Manchester City Women.  And suddenly the title celebrations are on hold.  \--------------------------------------------------------------------------------------------------  # Everton 1-4 Chelsea  *Second-half Chelsea are terrifying*  Chelsea Women understood the assignment.  After City dropped points, Chelsea knew they needed to win.  And they absolutely delivered.  Everton Women actually started brightly and had their moments—but once Chelsea found their rhythm in the second half, this became brutal.  Sam Kerr opened the scoring after just six minutes thanks to a great through ball from Erin Cuthbert.  But Everton responded with one of the goals of the weekend.  Yuka Momiki absolutely launched one from 35 yards and beat Hannah Hampton.  Absolute thunderbolt.  Seriously, goal-of-the-week contender.  Then came second-half Chelsea.  And Everton had no answers.  Kerr scored again after a beautiful pass from Lauren James.  That second goal also moved Kerr level with club legend Fran Kirby for the most WSL goals in Chelsea history.  63 goals.  That’s absurd consistency.  Ellie Carpenter added a third.  Then Cuthbert smashed in a half-volley for the fourth.  Game over.  Chelsea have now timed their late-season run perfectly.  Four straight wins in all competitions.  And they’re applying genuine pressure above them.  \--------------------------------------------------------------------------------------------------  # London City Lionesses 5-1 Leicester City  *Leicester might genuinely be cooked*  This felt huge.  London City Lionesses absolutely demolished Leicester City Women.  And Leicester’s situation is becoming extremely bleak.  Ironically, Leicester actually scored first.  Shannon O'Brien gave them the lead after capitalising on a dangerous pass.  At that point, maybe Leicester fans thought this could be their moment.  Two minutes later?  Nope.  Lucía Corrales equalised immediately.  Then Isobel Goodwin made it 2-1 before halftime.  And Leicester completely collapsed after the break.  Malou Marcetto made it three.  Grace Geyoro made it four.  Freya Godfrey made it five.  Complete destruction.  Leicester have now lost **eight straight league matches.**  That’s catastrophic form at the worst possible time.  And with Arsenal next?  Yeah…  That relegation playoff threat feels very real.  \--------------------------------------------------------------------------------------------------  # Tottenham 0-0 Manchester United  *United bottled a massive opportunity*  I know “bottled” might sound harsh.  But come on.  Manchester United Women had a huge chance to strengthen their top-three push and instead produced another frustrating result.  And the weird part?  Tottenham Hotspur Women were probably the better side.  By a lot.  22 shots.  65% first-half possession.  Wave after wave of pressure.  They just couldn’t finish.  Phallon Tullis-Joyce kept United alive with multiple saves and now has seven league clean sheets this season.  Huge performance.  Spurs were missing Bethany England and you could feel that absence.  They created enough chances.  They just lacked a killer finisher.  United improved after halftime.  Melvine Malard looked dangerous.  Ella Toone returned from injury.  But overall?  Still not good enough.  Four matches without a win in all competitions.  Back-to-back league games without scoring.  That top-three race is getting very uncomfortable.  \--------------------------------------------------------------------------------------------------  # Liverpool 0-1 West Ham  *Potential season-saving result*  This may not have been the most glamorous match of the weekend.  But it may end up being one of the most important.  West Ham United Women desperately needed this.  And they got it.  The only goal came early after chaos from a corner eventually resulted in the ball going in off Cornelia Kapocs.  Very unfortunate own goal.  But West Ham earned this win through defensive grit.  Viviane Asseyi caused constant problems.  Estelle Cascarino was phenomenal defensively.  Goal-line clearances.  Recoveries.  Blocks.  Everything.  Liverpool Women had plenty of possession but lacked cutting edge.  And now West Ham suddenly have breathing room.  That result could genuinely be season-defining.  \--------------------------------------------------------------------------------------------------  # What this means for the table  # Title race:  Manchester City Women are still in control.  But Brighton have delayed the party.  Chelsea remain alive.  Arsenal still technically have hope.  It’s not over yet.  \--------------------------------------------------------------------------------------------------  # Top three race:  Chelsea Women helped themselves massively.  Manchester United Women dropped more points.  Arsenal Women will be watching closely with games in hand.  This could go right down to the final day.  \--------------------------------------------------------------------------------------------------  # Relegation battle:  West Ham United Women may have saved themselves.  Leicester City Women are in huge trouble.  And that upcoming Arsenal game might decide everything.  \--------------------------------------------------------------------------------------------------  Two weekends left.  A title race still alive.  Europe still undecided.  Relegation chaos still brewing.  And Brighton casually dropping one of the funniest results of the season.  WSL title race?   Top three race?   Relegation battle?  Everything is still somehow alive.  And honestly?  That’s exactly what you want at this stage of the season.",16
2026-04-27 10:22:00,real chaos,3
2026-04-27 10:28:52,I'd forgotten that Demarai Gray helicopter incident -- feels like some awful foreshadowing now,17
2026-04-27 10:39:01,"Leicester will definitely finish bottom now I think but they’ll win the play off, the gap is still a bit too big",4
2026-04-27 10:57:05,"""We're on the ball"". Underrated banger...big up Ant and Dec",4
2026-04-27 11:17:57,"We’re on the ball.   It’s Neville to Campbell, Campbell to Rio, Rio to Scholsey. Scholsey-Gerrard. Gerrard to Beckham, Beckham to Heskey, Heskey to Owen it’s a goal 5-1!  Shit tune but the nostalgia peaks hard",10
2026-04-27 11:32:01,It's coming home but the 98 version.  The reason being the crowd recording was taken from a game I was at so I'd like to think I had a hand in it reaching number 3 in the UK singles chart.   V Portugal 98. A 3-0 win.   The Spice girls also preformed their World cup song before the match (they were doing their own concert next door at the area) and the sell out Wembley crowd just sung over them with Three Lions. Hilarious.  I did feel a tad sorry for the worried parents who took their kids to the concert and had to get on the same tube trains as us home afterwards.,4
2026-04-27 11:52:40,Not an England song but Dario G - Carnaval  de Paris is the greatest world cup song of all time. Maybe the theme of football itself. Always hypes up a world cup.,4
2026-04-27 11:56:00,"Oh and the official theme of England getting knocked out is ""Don't look back in anger""",4
2026-04-27 12:14:44,"Tubthumping , chumbawamba perfectly encapsulates the England experience.",3
2026-04-27 13:09:36,Cheer up gordon strachen,2
2026-04-27 14:56:44,"In a subreddit that's literally called Three Lions, how are so many people getting the name of the song wrong?",4
2026-04-27 17:05:13,"England being favourites just means we'll inevitably bottle it tbh, we've seen this movie before. Just pray Mainoo doesn't get run into the ground by then or FC Hospital is gonna have a generational squad mate.",6
2026-04-27 17:13:08,"World In Motion. I was about to become a teenager that year. Just takes me back to a special time. End of the 80s, start of the 90s. So much hope and optimism for life and football. It wasn’t a great WC, but it had some incredible moments, and England should have probably won it.",3
2026-04-27 18:01:19,"FA claims ‘no proof’ that heading causes long-term brain damage. The Football Association has been accused of acting like “Big Tobacco” by denying there is a proven link between repeated heading, or concussion, and long-term brain damage.  In a 41-page defence to a High Court claim, which Telegraph Sport has seen, the FA makes a series of controversial assertions, including that it should not owe a general duty of care to footballers. The governing body also disputes that playing football caused devastating neurological disease in any of the 96 claimants. Scientists say the FA’s stance has parallels with cigarette companies refuting the link between smoking and lung cancer from the 1950s onwards.  The High Court claim includes the families of England 1966 World Cup hero Nobby Stiles and former Wimbledon manager Joe Kinnear, who both donated their brains and were diagnosed following their deaths with chronic traumatic encephalopathy (CTE), a type of dementia specifically associated with head impacts.",485
2026-04-27 18:03:09,Someone post the image of tobacco CEOs testifying under oath that its not addictive.,545
2026-04-27 18:03:16,What a joke 😂,13
2026-04-27 18:06:55,"Oh, we're going the NFL route of years of denial, to make the eventual scandal bigger? For fucks sake, just say it, it won't kill the game nor clog the pipeline. But lying about it is just silly and, more importantly, disrespectful to those impacted.",288
2026-04-27 18:09:00,"Absolute denial, probably to avoid bad PR and compensation. They could learn from rugby.",75
2026-04-27 18:12:10,"""the fa does not owe a general duty of care to footballers"". in other news, this goose that's laying golden eggs should make great pate",275
2026-04-27 18:12:32,Bunch of former footballers.. maybe they have long-term brain damage.,9
2026-04-27 18:15:34,Matt Le Tissier tweets say different,95
2026-04-27 18:18:45,What a nice story 😀 hope the lads play a game in Mexico but not sure if possible. Don't get carried away and put a firework up your aris!,4
2026-04-27 18:19:31,"That’s fine, actual scientific studies have found proof.  Unlike the FA.",37
2026-04-27 18:21:50,You would have to compare balls used by the members from 1960s to today. Those leather balls when It rains absorbs water so the comparison have to be any professional soccer players who had CTE and played soccer from the 90s. Would like too see CTE claims in comparison by decade,24
2026-04-27 18:22:22,"""If they die, they die.""",8
2026-04-27 18:22:34,What.The.Fuck,4
2026-04-27 18:29:41,"""Your CTE is not service-related""",8
2026-04-27 18:36:21,Is the general and popular concession on this sub that heading should be banned entirely from the sport? Or is there another option?,6
2026-04-27 18:37:22,World in motion and three lions,2
2026-04-27 18:39:50,Marlboro claims “no proof” smoking causes lung cancer. Regular head impacts from an object traveling 40+mph is clearly going to cause damage. You do not need to be a scientist of any kind for that to make sense.,5
2026-04-27 18:44:18,"I'll be honest, there is 1 song that is a guilty pleasure of mine:  Football is Life (come on England) https://youtu.be/aw7qjOcEjoM?si=PC5EtkT4rkv9lEG4  However, it'll always be World in Motion and Three Lions, original and 98",2
2026-04-27 18:46:02,"Used to get headaches after games from heading the ball in high school. Maybe I have a weak skull, but goddamn goalies punting it as far and high as they could was like getting punched in the forehead. Just let it bounce once ffs.  In AYSO (low level American youth soccer) they don't allow heading until 14U or 16U.",9
2026-04-27 18:51:48,"Jeff Astle died in 2002, it was obvious then that heading the ball contributed to his premature death. Research since then has shown footballers are 350% more likely to suffer from CTE. It is insulting that the FA are still in denial 24 years later.",21
2026-04-27 18:52:44,World In Motion is actually a great song on its own. Plus knowing the words to John Barnes’ rap is a good flex,4
2026-04-27 18:53:56,My Dad had a white t-shirt that had three sea lions drawn where the England badge would be on an official shirt.,2
2026-04-27 19:01:08,"What is the solution to this? Different balls? Helmets or something?   In 20 years, after the panorama documentary has come out, what can we actually do to change the game without losing such a critical part of it?",6
2026-04-27 19:12:52,"The older balls that were super heavy definitely did this. The data on more modern balls is mixed and we probably need more time to reach a conclusion. In general athletes have lower rates of dementia than the general public, assuming they aren’t dealing with CTE.",5
2026-04-27 19:22:33,"Its bullshit, I dont understand the concerns as I have played centreback for over 20 years and I dont remember getting any concussion or brain injuries from heading the ball.  I also dont understand the concerns as I have played centreback for over 20 years and I dont remember getting any concussion or brain injuries from heading the ball.",88
2026-04-27 19:30:39,"Three Lions, 442 come on England not a football song but in 2016 about 10,000 of us singing Robbie Williams Angels in a square in France and again in the final against Spain so when ever that song comes on im half tempted to get the England flag out",3
2026-04-27 19:37:34,Meat Pie Sausage Roll will always be my favourite,4
2026-04-27 20:13:16,John Barnes’s rap is unbeatable,2
2026-04-27 20:56:22,Good lad and glad to have you.  Enjoy the comradeship of shared disappointment and misery.,3
2026-04-27 21:23:03,"It's not called ""It's Coming Home"", it's called ""Three Lions"".  With that said, it's Three Lions and World In Motion for me. I don't give a shit about the rest apart from maybe Sweet Caroline in small doses.",3
2026-04-27 21:56:30,Heskey.,2
