timestamp,text,views
2026-04-01 12:43:44,"[Lamine Yamal via IG] after Spain fans sang anti-Muslim chants during Egypt friendly. [Source](https://www.instagram.com/lamineyamal/p/DWlrsnWiEq0/)  # Better translation:  “I am a Muslim, alhamdulillah.”  “Yesterday in the stadium, we heard the chant ‘whoever does not jump is a Muslim’. I know it was directed to the opposing team and nothing towards myself as a person, but as a Muslim myself this does not stop being a lack of respect and something we can’t tolerate.”  “I understand not all the fanbase is like that, but to those who sing those chants: using religion as something to mock people in a football stadium leaves you as ignorant and racist people. Football is to enjoy and support, not to offend people by who they are or what they believe in.”  “Having said that, thanks to the fans that came to support. See you in the World Cup.”  [Video of the chants](https://xcancel.com/mundodeportivo/status/2039069223972942032)",6869
2026-04-01 12:51:21,The fact that he (his PR) has to give a balanced statement to avoid backlash,53
2026-04-01 12:53:21,Great response. He handled it really well,116
2026-04-01 12:54:03,"Oh Lamine, but it is directed at you…",670
2026-04-01 12:57:13,why is people in the comments focusing where islam is a religion or a race or whatever   there is a bigger issue  here.......,498
2026-04-01 12:58:41,The same people that will just a young man like Yamal are the same ones that will be in a stadium being openly racist and wont even think twice about it  Being a young star right now must the such a shit show,194
2026-04-01 12:58:59,"I just fear the amount of racist abuses he will get once he lets his country down  Black, Muslim and Catalan, racists &amp; facists are just waiting to tear him down  Couple of days ago, there were Spanish RWs calling him non-Spanish/immigrant under one of Spain NT official Twitter account post  I fear for the boy",1955
2026-04-01 13:01:47,Half those racist xenophobes probably had his jersey on. The hypocrisy of it all,151
2026-04-01 13:03:32,Op can you reveal the upvote downvote ratio on this post?,52
2026-04-01 13:05:08,Reddits reaction to an 18 year old speaking up against a discriminatory chant: “WELL ACKSHUALLY TECHNICALLY IT IS NOT RACIST 👆🤓.,846
2026-04-01 13:12:37,I don't understand the first paragraph. What does voting have to do with this?,143
2026-04-01 13:16:36,"Bote means jump, not vote btw",678
2026-04-01 13:25:34,"Then you go to Marca, and the majority of the top comments [of the news article about this ](https://www.marca.com/futbol/seleccion/2026/04/01/lamine-yamal-pronuncia-canticos-racistas-intolerable.html)are insulting him, demanding the deportation of muslims from Spain, Lamine's expulsion from the NT, and those sorts of things. Football fans really over represent the worst of the worst of Spain.",51
2026-04-01 13:49:58,"This post has already started to be brigaded from certain hate subreddits, so please report comments that break the rules so we can send their hateful authors to 4chan.      Salam-alaykum 😇",2
2026-04-01 14:08:48,"Terrible Google translate leaves this barely understandable.  It's not ""who doesn't vote"" , it's ""who doesn't jump"".  It's a common chant in Spain *El que no bote es...* which basically means who ever doesn't bounce is a followed by a group you are trying to mock.   And it's sung while everyone is jumping.",857
2026-04-02 14:26:54,"Order of difficulty for the World Cup groups according to FIFA points I have prepared this using FIFA points.  |**Rank**|**Group**|**Average Points**|**Total Points**| |:-|:-|:-|:-| ||||| |**1**|**Group I** (France, Senegal, Norway, Iraq)|**1616.10**|6464.39| |**2**|**Group F** (Netherlands, Japan, Sweden, Tunisia)|**1604.03**|6416.12| |**3**|**Group D** (USA, Türkiye, Australia, Paraguay)|**1589.09**|6356.34| |**4**|**Group H** (Spain, Uruguay, Saudi Arabia, Cape Verde)|**1584.26**|6337.03| |**5**|**Group A** (Mexico, South Korea, Czechia, South Africa)|**1550.45**|6201.80| |**6**|**Group J** (Argentina, Austria, Algeria, Jordan)|**1530.99**|6123.97| |**7**|**Group E** (Germany, Ecuador, Ivory Coast, Curaçao)|**1513.20**|6052.78| |**8**|**Group G** (Belgium, Iran, Egypt, New Zealand)|**1498.71**|5994.82| |**9**|**Group B** (Switzerland, Canada, Qatar, Bosnia)|**1486.67**|5946.68| |**10**|**Group L** (England, Croatia, Panama, Ghana)|**1482.50**|5930.01| |**11**|**Group K** (Portugal, Colombia, DR Congo, Uzbekistan)|**1452.15**|5808.61| |**12**|**Group C** (Brazil, Morocco, Scotland, Haiti)|**1451.77**|5807.09|",71
2026-04-02 14:26:55,"**This is a stats thread. Remember that there's only one stat post allowed per match/team, so new stats about the same will be removed. Feel free to comment other stats as a reply to this comment so users can see them too!**   *I am a bot, and this action was performed automatically. Please [contact the moderators of this subreddit](/message/compose/?to=/r/soccer) if you have any questions or concerns.*",2
2026-04-02 14:30:30,Brazil getting grouped,7
2026-04-02 14:33:14,"Seems like the weakest team skews the difficulty of most groups.  E.g. number 3 is a group with no particular “strong” teams, all non-favorite average teams.",25
2026-04-02 14:36:04,I cannot wait for the USMNT crashout in the group stage.,14
2026-04-02 14:46:24,"kind of agrees with eye test as well, group I and F are the hardest looking ones on paper, especially with how strong Japan has been looking recently",3
2026-04-02 14:48:58,Would love to watch Scotland games. Too bad the tickets are ridiculous,2
2026-04-02 14:55:38,Iraqi kings carrying group I to be honest,2
2026-04-02 15:05:57,Scotland and Morocco are with Brazil again?? That should be interesting,2
2026-04-02 16:42:29,"No groups of death this year, I guess that's because of the increase of teams.  That being said, a lot of the groups are competitive, it's not certain who goes through.",2
2026-04-02 16:55:13,It’s about time fifa rankings get overhauled. Results from 3-4 years ago hell even 2 shouldn’t hold weight. So much can happen in 2 years,2
2026-04-02 22:42:58,What the fuck happened to the World Cup all these cup stage games are more ass than ever before.,2
2026-04-05 16:22:38,"[AS] Osasuna coach Alessio Lisci on Italy: “The style of play. In Italy, a lot of teams play a 3-5-2 formation, and this has led to a situation where there are no wingers in Italy, no players who can take on defenders one-on-one.” “If a national team like Italy, which, historically speaking, is one of the best in the world has failed to qualify for three consecutive World Cups, the problem is huge, absolutely huge,” he asserts. “We need to stop and change a lot of things,” the Italian states.  Serie A has lost a lot of its identity. “Of the five major leagues, it has the most foreign players. The youth academies are full of foreigners, especially the top ones,” explains Alessio. “There are no reserve teams. It’s a lot of things,” he adds. ""The style of play, too. In Italy, many teams play a 3-5-2 formation, and this has led to a lack of wingers in Italy. There isn’t a single player capable of taking on a defender one-on-one,” he says, analyzing one of the problems the Italian national team has been facing in recent years.  “For instance, when Spain was losing (in the Euro semi-finals against France), the game was deadlocked, and Lamine cut inside and scored a goal into the top corner. In Italy, there isn’t a player capable of doing that,” argues Lisci.  “There are many factors that add up, but they didn’t arise in just one year. Three World Cups span many years. Now, to turn things around, it will take time and patience,” he says, viewing a radical improvement as unlikely. “The problem is that when the European Championship comes around, Italy will want to win it with a team that hasn’t been in the World Cup for years,” he predicts. ""In football, I hope things change and the system is restructured. In the end, there are many factors; when the situation is this serious, there are many factors,"" sums up the coach of Club Atlético Osasuna.",561
2026-04-05 16:23:01,"**Mirrors / Alternative Angles**     *I am a bot, and this action was performed automatically. Please [contact the moderators of this subreddit](/message/compose/?to=/r/soccer) if you have any questions or concerns.*",2
2026-04-05 16:26:43,People talk about PL teams having very short term thinking processes but I would say that the big Serie A teams are worse.   How many times have we seen managers actually being given support for a proper project? It’s always they have to make the CL or it’s the end of the world.,71
2026-04-05 16:28:47,"Now I have to come to think, Italy hasn't had a lot of world class wingers throughout their history?   Can name Defenders, Strikers, Second strikers, midfielders, goalkeeper. Can't think of many wingers",283
2026-04-05 16:31:07,The angry dramatic fatalism coming out of Italy since  has been so stereotypically endearing. Never change Italy. Or qualify.,8
2026-04-05 16:35:05,"They play 2 main strikers, more than anyone, so they must be blessed with many talents right? Right?",64
2026-04-05 16:35:15,"Comparing Italy and Spain doesn’t make sense; there’s a huge gap between them. In the last 15 years, Spanish clubs have won 15 trophies between the Europa League and the Champions League, while Italian clubs have won 1. Spain’s national team has won 4 trophies, Italy 1. That’s a total of 19 to 2. Spain has always qualified for the World Cup and has reached at least the round of 16 three times out of four, winning the World Cup once. Italy has failed to qualify 3 times. That’s the harsh truth: at the moment, Italian fans are the most unfortunate among the major teams. There’s nothing worse than failing to qualify for the World Cup three times; I believe they should envy everyone else.",9
2026-04-05 16:44:30,Asking to learn. Why is the 3-5-2 so common in Italy?,74
2026-04-05 16:59:21,Everything football related in Italy is in decline.  The stadiums are horrendous and 1 missed champions league year can mean a huge difference to a top 4 club.,53
2026-04-05 17:05:27,"The situation of Italian football is dramatic and will not recover easily. I only feel sorry for the fans; they have no fault, while the super-lucky Spanish cousins will continue to play attractive football and win trophies, and they will keep swallowing bitter pills for a long time. Not qualifying for three World Cups is, in any case, distressing — the worst nightmare for a fan.",24
2026-04-05 17:20:34,Italy needs more Candrevas,25
2026-04-05 17:23:30,"I'd like to contrast this with all the criticism that Fabregas and Como have been receiving. Maybe in this context, they actually got it right, and all those that criticize them are in the wrong. There is a reason they never play any Italian players, because there aren't really any that fit their style of play, which is largely a lot more attacking than the average Série A team. Maybe the Italian league should start looking at Como as the example to follow, rather than the black sheep.",30
2026-04-05 17:37:51,"Forget that ,italy don't even have attacking midfielders anymore,in the world cup qualifiers,the italian didn't have a single attacking midfielder or a single great winger",16
2026-04-05 17:42:31,Italy football was really betting it all on Chiesa becoming a world class player. That ACL injury was brutal to the national teams hopes,10
2026-04-06 08:52:04,"Round of 16 opponents seem to be very varied in the new 48 team World Cup Just the way the draw is structured - some teams who win their group get a 3rd place team in the last 32 but a group winner in the last 16. Where others get 2nd place teams in both the last 32 and 16.  For instance France if they win their group play a 3rd place team in the last 32 and then likely the winner of Group E - Germany perhaps in the last 16.  Whereas Spain, if they win their group, play 2nd place J (Algeria/Austria)  and then the winner of 2nd L and 2nd K - Colombia or Croatia maybe.  Argentina, Netherlands and Brazil are the other 3 teams that won't play a group winner until the quarter finals.  Obviously there will random results and surprises but seems to be a slightly eaiser route for  those 4 teams. In the 32 team World Cups each group winner played a group runner up in the last 16 so it was uniform.",329
2026-04-06 08:52:04,"Hello! Thanks for your submission to r/worldcup, your post is up and running!  A general reminder to check out our rules in the sidebar, have fun, and most of all to be civil.  Finally, take a closer look at [this post](https://www.reddit.com/r/worldcup/comments/z2v46l/announcement_quick_reminder_of_our_most_important/) regarding our civility rules and reddiquette because we would like for each and everyone to feel welcome on the subreddit and to keep a healthy and safe environment for the community.  Please also make sure to [Join us on Discord](https://discord.gg/football)  Thank you!  - - -   *I am a bot, and this action was performed automatically. Please [contact the moderators of this subreddit](/message/compose/?to=/r/worldcup) if you have any questions or concerns.*",2
2026-04-06 08:59:16,"Is that path easier? Argentina will likely have to play Spain or Uruguay in the first round, which is likely much tougher than a 3rd place team.  The nature of a 48-team World Cup with 4-team groups is that it's going to be unbalanced. To win it all you still have to beat the best.",6
2026-04-06 09:10:41,48 teams is already an abomination but let's make 3rd spot teams to progress as well but only some not all.   And make them play not in one country but across the entire continent.   Baldinio: Sounds jolly good!,9
2026-04-06 09:16:30,It's too many teams and too many bad teams.,3
2026-04-06 09:20:56,"Yeah, it's a messy tournament now.  32 teams was just about perfect. I hate all this third team nonsense.",18
2026-04-06 09:23:59,"It’s messy, however a lot of this is predicated on groups shaking out the “expected” way, which it often doesn’t. At least one decent team will shit the bed, one average team will over perform etc.",10
2026-04-06 09:24:24,Columbia is not a country,5
2026-04-06 09:32:19,The dickhead president is going to use this as the reason why he makes the next world cup 64 teams.  At least it will be even funnier when Italy fail to make that one.,31
2026-04-06 10:07:16,32 was the perfect number of teams wasn’t it,47
2026-04-06 10:45:40,"If you look closely it balances ""fairness"".   If you win a group and play a third place team, you'll play in the round of 16 the winner of a match between a group winner and a third place team.   If you win a group and play a runner up, you'll play the winner of a match between two runner ups.   So the format has it an easier round of 32 should lead to a harder round of 16 assuming group winners win",23
2026-04-06 11:02:05,"Argentina have been bribing Infantino well it seems, as is tradition of course",10
2026-04-06 12:14:25,"[AS] Vini on Yamal calling out racism: “I hope Lamine can join this fight as well. We have money, but poor Black people face more difficulties than we do. I’m not saying that Spain, Germany, or Portugal are racist countries, but there are racists in every country.” His commitment to the fight against racism  It’s a complicated issue that comes up all the time. I hope Lamine can join this fight as well. We have money, but poor Black people face more difficulties than we do. I’m not saying that Spain, Germany, or Portugal are racist countries, but there are racists in every country, and if we fight together, hopefully other players and people will stop having to endure these things.”  This is a repost.  [Source](https://as.com/futbol/champions/vinicius-renovare-en-el-momento-correcto-f202604-n/)",5633
2026-04-06 12:14:40,"**Mirrors / Alternative Angles**     *I am a bot, and this action was performed automatically. Please [contact the moderators of this subreddit](/message/compose/?to=/r/soccer) if you have any questions or concerns.*",2
2026-04-06 12:18:11,Keep fighting the fight ❤️,1034
2026-04-06 12:19:28,Can’t wait for the racist apologists to come out of the woodworks and say that Vini deserves it because of his attitude.,631
2026-04-06 12:20:27,It sucks that the sport I love so much is filled with racism towards people of color and especially towards black people. It gets harder and harder to live in Europe as a black person (and especially as a black woman like myself). I hate that it gets to us as we're told to ignore and ignore but it's so draining.  I really hope these footballers keep fighting for what's good in this world ❤️,68
2026-04-06 12:25:41,Very well said.,1746
2026-04-06 12:26:52,"Incredibly well said, good on him and good on Yamal for also calling it out!",250
2026-04-06 12:35:58,Mentioning Germany instead of Italy is crazy ngl,23
2026-04-06 12:36:21,Orgulho,220
2026-04-06 12:37:21,"The problem isn't just that there are racists. But like sexual crimes, racism isn't taken seriously enough to make perpetuators stop.  If Vini or Yamal dares to do a Cantona to a racist fan (they'd deserve this), they'll be the ones blamed and punished.",31
2026-04-06 12:37:41,I don’t understand why any conversations about him being unlikable or a cunt should be started when the topic is racism.,545
2026-04-06 12:51:18,Wish footballers would have the same energy for homophobia,23
2026-04-06 12:51:27,"Absolutely true. Racism is despicable, and unfortunately there are racists in every country",33
2026-04-06 12:59:03,"In the 32 team format there were 8 groups, compared with 12 groups in the 48 team format. So, even if results are based on FIFA ranking, 4 of the group winners in the new format would be runner ups in the old format.  Other things to consider - in a group of France, Senegal, and Norway, all 3 teams can win the group. Germany failed to qualify from their group in the last 2 WCs. From my experience, trying to figure out ""easy"" versus ""hard"" path is challenging before the games begin. Besides, with 12 group winners, even if they all win their R32 match (they will not), there will be 4 that have to play each other, mathematically.",10
2026-04-06 14:44:35,It may appear weird but it's the best way to do this format with 12 groups of 4 and a round of 32.  The format was also created this way prior to the draw so each team had an equal chance for getting either scenario of 3rd place team + group winner or group runner ups.,8
2026-04-06 15:33:06,"We will go to 64 teams, but I think we should wait another decade at the very least.",3
2026-04-06 16:00:49,"It’s all set up to make sure France, Spain, Argentina, England, and whatever other big nation will be in the final stages. It’ll be a poor World Cup I think.",10
2026-04-06 16:18:52,"Yeah and the 3rd place teams advancing changes a lot more than people think.  You can end up with a pretty average team sneaking through and suddenly being a Round of 16 opponent for a top nation, while another group winner gets a much stronger 2nd place team.  It definitely makes the tournament less predictable, which is fun, but also kind of unbalanced compared to the old format.",11
2026-04-06 19:07:06,Not sure about the exact circumstances but there was some kind of discussion in Switzerland lately that second place in their group would probably be quite advantageous. Funny format.,8
2026-04-06 20:00:17,"Spain, England, France and Argentina have pathways to avoid one another until the final four if they win their respective groups.",13
2026-04-07 00:38:16,"Well there are 12 groups, it's impossible to set up a draw where all 12 group winners avoid facing each other until they reach the quarterfinals since that's only 8 spots.",5
2026-04-08 12:52:57,"Format was perfect as it was, making it bigger drops the standards as it did with the Euros",2
2026-04-08 14:06:37,"[Figc] The report on the state of health of Italian football has been published. The critical issues facing Italian football (which directly or indirectly impact the national team’s performance)  The low percentage of Italian and young players on the field (which deprives the national team of an adequate pool of talent to draw from):  Average age: Italy’s Serie A continues to be one of the “oldest” leagues in Europe, with an average age of 27 for players on the field, making it the eighth-oldest league in Europe, worse than England, Germany, France, the Netherlands, Portugal, Norway, Belgium, etc. (source: CIES Football Observatory, Appendix 1).  Percentage of foreign players on the field: In the current Serie A season, players ineligible for the Italian national team played 67.9% of total minutes. This is the sixth-worst figure in Europe: in Spain, foreign players account for 39.6% of minutes, and in France for 48.3% (source: CIES Football Observatory, Appendix 2).  Number of players eligible for the national team: As of the 31st matchday of this season’s Serie A league, of the 284 players who have averaged at least 30 minutes per game, only 89, including 10 goalkeepers are Italian (source: [www.fotmob.com](http://www.fotmob.com), Appendix 3).  Investments in youth academies at the national level: Italy ranks last, behind (in order) France, Spain, Portugal, the Netherlands, England, and Germany, in terms of total revenue generated over the past decade from international transfers of “home-grown” players (source: CIES Football Observatory, Appendix 4).  Investments in youth sectors at the club level: in the ranking of the top 50 youth sectors in the world by ten-year revenue from the sale of “home-grown” players, there are only two Italian clubs (Atalanta and Juventus), while Inter ranks 53rd. It is probably no coincidence that these are three of the four Italian clubs with “reserve teams,” the introduction of which was, moreover, long opposed within our system (source: CIES Football Observatory, Appendix 5).  A telling statistic that leaves no room for interpretation: Italy’s Serie A ranks 49th in the world (out of 50 leagues tracked) in terms of the percentage of minutes played by U21 players eligible for the national team, at just 1.9%! (Source: CIES Football Observatory, Appendix 6).  The progressive decline in technical quality and the dispersion of young talent in Italian football (which also affects the national team’s competitiveness):  Serie A does not rank among the top ten European leagues in terms of meters covered in sprints;  in Serie A, the average ball speed during matches is much lower (7.6 m/s) than the UEFA Champions League average (10.4 m/s) and that of other major European leagues (9.2 m/s);  Serie A ranks last among the top five European leagues in terms of dribbles per game (26.69 vs. 29.97);  from the 2019/2020 season to the present, the number of successful dribbles in Serie A has been declining, dropping from an average of 19.02 per game to 12.36;  Serie A ranks last among the top five European leagues in terms of aggressiveness during pressing phases, allowing the opposing team in possession of the ball to complete a higher number of passes.  Furthermore, although Italy’s youth national teams (up to the Under-20 level) have achieved their best-ever results under this federation’s leadership, as evidenced by their first-ever victory in the prestigious UEFA Burlaz Trophy and the significant improvement in their UEFA ranking for that age group, the comparison between the number of players called up to club first teams, in Italy and the rest of Europe, of players who win youth trophies is stark: the Spanish players who competed in the 2023 Under-19 European Championship (won by Italy) no longer play in youth leagues and have nearly double the playing time in the top division and nearly six times more in European cup matches compared to their Italian counterparts. The Italian players who finished second at the 2023 Under-20 World Cup were still largely playing for youth teams, while their French and English peers were no longer doing so (source: Area Football Analysis Club Italia studies, Attachments 7, 8, and 9).",241
2026-04-08 14:09:20,"Super interesting stats honestly  &gt;from the 2019/2020 season to the present, the number of successful dribbles in Serie A has been declining, dropping from an average of 19.02 per game to 12.36;   That's a big decline but i want to see other leagues too, i think in other leagues dribbles overall have dropped because teams are much better at setting up defences and wingers are not allowed to go 1v1 like they used to",99
2026-04-08 14:13:47,Curious what percentage of minutes are played by ‘ineligible’ players in the Prem.,6
2026-04-08 14:14:51,"Damn, that was a proper report.",35
2026-04-08 14:21:49,Very interesting report. I would say the most important part is showing that at Youth level Italy is not bad. But they're terrible in the transition to professional football. And find the problems is always the first step to find the solutions.,82
2026-04-08 14:21:53,Status;dead,7
2026-04-08 14:22:53,"Really interesting stuff. I wonder if this:  ""Serie A does not rank among the top ten European leagues in terms of meters covered in sprints;  in Serie A, the average ball speed during matches is much lower (7.6 m/s) than the UEFA Champions League average (10.4 m/s) and that of other major European leagues (9.2 m/s);""  is a consequence of the 352 or if the 352 became meta because of the relatively slow paced game.",38
2026-04-08 14:29:29,"So basically, Italian youth sector isn't bad but gets worse when it's time for those youth players to transition to first team in Serie A.  We've seen this for many years now and it's nothing new.  The teams fighting for Top 4 aren't risking youth players because that Champions League money can make or break them.",39
2026-04-08 14:30:19,Very damning report will it lead to any wholesale changes? Remains to be seen....,10
2026-04-08 14:38:48,"Quite dire stats overall. If nothing changes, Italy’s status as a top-tier footballing nation is at risk.",14
2026-04-08 14:47:41,"&gt; Italy’s Serie A ranks 49th in the world (out of 50 leagues tracked) in terms of the percentage of minutes played by U21 players eligible for the national team, at just 1.9%!  This is mad considering the statements highlighting the lack of international youth academy sales in the lines above",26
2026-04-08 14:59:05,I didn't even know it was sick,6
2026-04-08 15:05:03,"&gt;The Italian players who finished second at the 2023 Under-20 World Cup were still largely playing for youth teams, while their French and English peers were no longer doing so  This is the biggest thing for me. Youth players that just aren’t being given chances at a pro level early enough",21
2026-04-08 15:07:37,I thought my eyes were deceiving me when I thought Serie A matches looked so slow compared to PL. But actually backed by stats,7
2026-04-08 15:54:12,Sounds like our average report on Italy,4
2026-04-08 16:17:55,"All true, but the big factor is that the quality of Serie A is just really really bad.  That stat about speed and distance run is the most telling, to me.",7
2026-04-08 16:43:41,We are cooked,3
2026-04-08 16:49:36,Good. I hope Gravina and the federation burn.,3
2026-04-08 16:53:46,"Been watching this league closely for 2 decades. It has been declining for nearly the same amount of time. The past 5 years or so have been a fast decline. Top billed matches are almost always complete snooze fests. Napoli vs Milan this past Monday was horrible horrible quality football. I can’t remember a single memorable performance other than Maignan. Milan looked more sterile on offense than Dyche’s Burnley. Napoli could not do much either for most of the match. Neither of these clubs despite being 2/3 are going to be any good in the champions league. Bodo glimt show more balls and willingness to win matches than most serie a clubs. Milan having some of the highest revenue in Italy have zero striker options, they are all trash. What a joke",3
2026-04-08 18:46:12,"Match Thread: Barcelona vs. Atlético Madrid | UEFA Champions League # [](#sprite1-p6) **Barcelona** [0 - 2](#bar-3-white) **Atlético Madrid** [](#sprite1-p76)  *Atlético scorers: Julian Álvarez (45'), Alexander Sørloth (70')*  ------  **Venue:** Camp Nou, Barcelona, Spain  **Referee:** Istvan Kovacs (Romania)  -----  [](#sprite1-p6) **Barcelona:**  [Starting XI](#bar-11-white)|[Notes](#bar-6-white)|[Subs](#bar-10-white)|[Notes](#bar-6-white) -----|-----|-----|-----  [](#sprite6-p161) Joan García| |[](#sprite6-p138) Wojciech Szczęsny [](#sprite6-p60) Jules Koundé|[](#icon-down) 73' |[](#sprite6-p184) Diego Kochen [](#sprite6-p161) Pau Cubarsí|[](#icon-red) 41' |[](#sprite6-p161) Alejandro Balde|[](#icon-up) 86' [](#sprite6-p161) Gerard Martín| |[](#sprite6-p185) Ronald Araújo|[](#icon-up) 73' [](#sprite6-p139) João Cancelo|[](#icon-down) 86' |[](#sprite6-p161) Fermin López|[](#icon-up) 46' [](#sprite6-p161) Eric García| |[](#sprite6-p161) Marc Casadó [](#sprite6-p161) Pedri|[](#icon-yellow) 28' [](#icon-down) 46'|[](#sprite6-p161) Ferran Torres |[](#icon-up) 73' [](#sprite6-p161) Lamine Yamal| |[](#sprite6-p166) Roony Bardghji [](#sprite6-p161) Dani Olmo| |[](#sprite6-p161) Álvaro Cortés [](#sprite6-p222) Marcus Rashford|[](#icon-down) 73' |[](#sprite6-p161) Xavi Espart [](#sprite6-p138) Robert Lewandowski|[](#icon-down) 46' |[](#sprite6-p161) Tommy Marqués | | |[](#sprite6-p161) Gavi|[](#icon-up) 46' [](#icon-yellow) 65'  **Manager:** Hans-Dieter Flick (Germany)  ------------  [](#sprite1-p76) **Atlético Madrid:**  [Starting XI](#bar-11-white)|[Notes](#bar-6-white)|[Subs](#bar-10-white)|[Notes](#bar-6-white) -----|-----|-----|----- [](#sprite6-p7) Juan Musso| |[](#sprite6-p161) Salvi Esquivel [](#sprite6-p7) Nahuel Molina| |[](#sprite6-p161) Mario de Luis  [](#sprite6-p161) Robin Le Normand| |[](#sprite6-p60) Clément Lenglet [](#sprite6-p156) Dávid Hancko|[](#icon-down) 32' |[](#sprite6-p161) Álex Baena|[](#icon-up) 60' [](#icon-yellow) 63' [](#sprite6-p82) Matteo Ruggeri| |[](#sprite6-p129) Alexander Sørloth|[](#icon-up) 60' [](#icon-ball-big) 70' [](#sprite6-p7) Giuliano Simeone|[](#icon-down) 79' |[](#sprite6-p7) Thiago Almada|[](#icon-up) 79' [](#sprite6-p161) Marcos Llorente| |[](#sprite6-p161) Marc Pubill|[](#icon-up) 32' [](#icon-yellow) 45+1' [](#sprite6-p161) Koke|[](#icon-yellow) 31' [](#icon-down) 60'|[](#sprite6-p112) Obed Vargas [](#sprite6-p128) Ademola Lookman|[](#icon-down) 60' |[](#sprite6-p7) Nicolás González|[](#icon-up) 79' [](#sprite6-p60) Antoine Griezmann|[](#icon-down) 79' |[](#sprite6-p161) Julio Díaz [](#sprite6-p7) Julian Álvarez|[](#icon-ball-big) 45' |[](#sprite6-p161) Rodrigo Mendoza   **Manager:** Diego Simeone (Argentina)  ------------  [](#icon-net-big) **MATCH EVENTS**  1': We're off!  4': SAVE! Musso swats away a shot from Rashford.  5': Álvarez cuts back from the touchline and fires but it's right at Joan García at the near post for a save.  10': SAVE! Cancelo fires through a defender's legs, right at Musso though.  14': Rashford with a volley, it bounces wide of the far post. Lewandowski offside in the buildup anyway  18': Rashford scores! Wait, no, offside. Yamal with a perfect cross but he went early and got flagged.  28': [](#icon-yellow) *Pedri* just got booked but I have no idea why. Anyway, Hancko looks injured after landing wrong  30': SAVE! Rashford gets a volley off from a wide angle, may or may not have been going in but Musso makes a great reaction save.  31': [](#icon-yellow) *Koke* goes into the book for a bad foul  32': [](#icon-sub) Atlético substitution: *Marc Pubill* on for *Dávid Hancko*  33': Martín lifts a shot over the backline but it goes high and wide.  41': [](#icon-red) *Pau Cubarsí* yellow-carded for clipping Simeone right on the edge of the box, Atleti thinks it should be denial of a goal-scoring opportunity and a red card, lot of arguing right now.... we're going to VAR... IT'S A RED!!! He's off!  45': [](#icon-ball-big) **GOAL ATLETI!! *Julian Álvarez* takes the free kick after the red card, it goes over the wall and over the keeper into the top corner!**  45+1': [](#icon-yellow) *Marc Pubill* carded for knocking over Lewandowski  45+3': SAVE! Lewandowski's shot takes a deflection but spins into the keeper's hands.  **HT Barcelona 0-1 Atlético Madrid** Barceona started so well but they're in deep shit right now  -----  46': [](#icon-sub) Barcelona double sub: *Gavi and Fermin López* on for *Pedri and Lewandowski*  46': We're back!  50': Rashford rounds the keeper but he's forced wide, he fires but hits the side netting.  53': SAVE! Rashford takes a free kick, it gets past the wall but García touches it into the crossbar!  54': López with the shot from outside the box, dragged wide  59': Gavi with the flick into the box! It goes through Kounde's legs, Olmo almost but doesn't get a touch and it goes wide  60': [](#icon-sub) Atlético substitution: *Alexander Sørloth and Álex Baena* on for *Koke and Ademola Lookman*  63': [](#icon-yellow) *Álex Baena* into the book for pulling Olmo by the shirt  65': [](#icon-yellow) *Gavi* carded for pulling down Griezmann  70': [](#icon-ball-big) **GOAL ATLETI!! A great cross from Ruggeri, *Alexander Sørloth* gets a first-time shot off under pressure and puts it in! Barcelona didn't see it coming at all!**  73': [](#icon-sub) Barcelona double sub: *Ferran Torres and Ronald Araújo* on for *Marcus Rashford and Jules Koundé*  78': SAVE! Cancelo skips past the defense but is denied at the near post.    79': SAVE! Yamal gets another shot off but he's denied also.  79': [](#icon-sub) Atlético double sub: *Nicolás González and Thiago Almada* on for *Antoine Griezmann and Giuliano Simeone*  86': [](#icon-sub) Barcelona substitution: *Alejandro Balde* on for *João Cancelo*  **FT Barcelona 0-2 Atlético Madrid** That didn't go well for Barcelona",7163
2026-04-08 19:10:01,it's a clear yellow wtfff,18
2026-04-08 19:10:16,how is that not a yellow,16
2026-04-08 19:10:30,Already escaping yellows,21
2026-04-08 19:12:00,Can't understand how that's not a yellow for Koke,27
2026-04-08 19:18:28,I miss Raphinha,15
2026-04-08 19:28:08,Not carding Koke earlier set a horrible precedent and now both teams playing like degenerates,16
2026-04-08 19:28:40,We (British) are so fucked when Simeone leaves Atleti and takes charge of the Argentine forces to take the Falklands again,18
2026-04-08 19:30:32,Wha did Pedri get yellow for?,18
2026-04-08 19:30:39,Beyond criminal that Pedri now has a yellow and Koke doesn't. Disgusting officiating.,26
2026-04-08 19:34:12,Lamine oh my god,14
2026-04-08 19:34:16,"What the actual fuck, Lamine. That's not legal.",20
2026-04-08 19:35:27,Martin does this a lot and I like it. Sometimes gotta just shoot. Asky Vincent Kompany,15
2026-04-08 19:39:29,Actually insane that Barca just spawns these kids every time they're in trouble   I saw a highlight reel of a like 11 year old the other day slicing up players 5 years his elder,17
2026-04-08 19:41:57,Koke should have at least 3 yellows at this point,15
2026-04-08 19:46:01,Maybe a hot take but is Giuliano not kicking his leg way behind him so Cubarsi runs into it? Definitely a bit of dark arts there,14
2026-04-08 19:47:27,"Most matches without a league win in UEFA-recognized top flights Livingston (Scotland) - 30 games (09 Aug 2025)  Shkupi (North Macedonia) - 25 games (18 May 2025)\*\*\*  Karvan (Azerbaijan) - 24 games (23 Aug 2025)  Montana (Bulgaria) - 21 games (12 Sep 2025)  Hound Dogs (Gibraltar) - 20 games (24 Aug 2025)\*  Murata (San Marino) - 20 games (19 Oct 2025)   Metz (France) - 16 games (11 Nov 2025)  Oleksandriya (Ukraine) - 15 games (27 Sep 2025)  Heidenheim (Germany) - 15 games (6 Dec 2025)  Dacia Buiucani (Moldova) - 14 games (30 Aug 2025)  Imisli FK (Azerbaijan) - 14 games (29 Nov 2025)  Waterford (Rep. of Ireland) - 13 games (5 Oct 2025)\*\*  Šiauliai FA (Lithuania) - 13 games (27 Oct 2025)\*\*  Espanyol (Spain) - 13 games (22 Dec 2025)  Tottenham (England) - 13 games (28 Dec 2025)  \*Hound Dogs' season ended one month ago, as there is no relegation group after the Gibraltarian regular season.  \*\*Not including the relegation playoffs against second division teams from the previous season  \*\*\*Shkupi's last win in the official books was awarded as a 3-0 forfeit against Voska Sport last season. Their last win on the pitch is so far back it won't show me on Flashscore!    This is an OC stat compiled by me checking every league playing in European competition.",203
2026-04-08 19:47:27,"**This is a stats thread. Remember that there's only one stat post allowed per match/team, so new stats about the same will be removed. Feel free to comment other stats as a reply to this comment so users can see them too!**   *I am a bot, and this action was performed automatically. Please [contact the moderators of this subreddit](/message/compose/?to=/r/soccer) if you have any questions or concerns.*",2
2026-04-08 19:48:22,KOKE STILL ON THE PITCH BAHAHAHAHA 🤡🤡🤡🤡🤡🤡🤡🤡🤡,16
2026-04-08 19:48:45,Espanyol started the season off so well too…,58
2026-04-08 19:49:22,"Livingston, I wasn't familiar with your game.  Note that I didn't consider teams with a summer league which have played fewer than 7 games, as that would mean the majority of their streak was achieved last season.  ~~Fun fact about Hound Dogs: [they lost 17-0 to mid-table side Magpies](https://www.flashscore.com/match/football/hound-dogs-bHzgsvQK/magpies-EVDrNIYl/?mid=C2bNB5iC) in a cup game in February - there's only one league in Gibraltar.~~",10
2026-04-08 19:49:25,Ima be honest red or not cubarsi has no idea about the leg and has zero chance of avoiding that. It's not really his fault.,23
2026-04-08 19:49:39,Tottenham without Son and Kane is just a relegation battling club unfortunately,9
2026-04-08 19:49:55,Fucking moron Koke is still on the pitch. Greatest joke of the week,17
2026-04-08 19:50:41,maybe im being biased but if that's a foul on cubarsi surely kokes next foul has to be an automatic 2nd yellow,26
2026-04-08 19:50:42,And THAT my friends is why Koke should’ve seen that second yellow.  The ref didn’t want to “impact the game”…. Well what now you fk,43
2026-04-08 19:51:25,Its just Ireland.,1
2026-04-08 19:51:48,How many red cards before Barca’s CBs finally learn that going a goal down is much better than a man down 🤦🏻‍♂️ how many???,16
2026-04-08 19:52:12,"Dominated the play for 40 mins, only to end up a goal and a man down. Amazing.",17
2026-04-08 19:52:15,Not a fan of the teams but these refs are freaking atrocious. One AM player should have a red as well,15
2026-04-08 19:53:46,"Cubarsi knows nothing about it too, that’s why it seemed like such a harsh red card. Seemed like such an unnatural position for a leg to be in, contact seemed incidental if anything.   Not to mention the should’ve been 2nd Koke yellow card ending in a mere warning.",15
2026-04-08 19:55:18,Livi with 1 win this season in total,43
2026-04-08 20:00:35,I think last week Metz had a VAR disallowed winning goal at the last minute of their match,9
2026-04-08 20:03:18,"All 32 of [Livingston's League results](https://postimg.cc/0Ms5CK2P).  They have 12 points from a last possible 90, ticking along at 0.4 points per game since 9th August.  Character building season.",29
2026-04-08 20:16:51,Please for the love of fucking God can Waterford win a game of football my hair is going grey watching them every week,6
2026-04-08 20:17:56,LMAOOOO AND WE ARE UEFALONA HUH!?,15
2026-04-08 20:17:58,"&gt;Murata (San Marino) - 20 games (19 Oct 2025)  I had no idea that San Marino had a league of their own. I guess I assumed they'd be like Monaco/Ligue 1 and have a club that plays in Serie A. The whole country only has a population of like 34,000.",4
2026-04-08 20:18:08,"Ngl that looked like a handball lmao, looked like the keeper took the goal kick. Subjective call tho",17
2026-04-08 20:18:10,Clear handball?,18
2026-04-08 20:18:15,Fuck off. We're the only team that gets given against then,21
2026-04-08 20:18:17,"ref has no balls, didnt have balls for the red and didnt have balls for this handball",25
2026-04-08 20:18:20,Hello???? VAR just ignored that???,23
2026-04-08 20:18:33,"Follwing the rules on the red card, which is fair. But not on the handball lol.",22
2026-04-08 20:18:44,Varcelona who? Uefalona who? Oh right I forgot it doesn't count when the ref is shit against us,16
2026-04-08 20:18:45,what is even the point of var if this type of shit still happens,18
2026-04-08 20:18:58,Barca officially has the rigth to complain about the ref,12
2026-04-08 20:19:12,"Dont worry Barca, thats just a childs mistake. Cant give a penalty for that. Right Arsenal fans?",35
2026-04-08 20:19:48,CL refs literally hate Barça lmao,19
2026-04-08 20:20:38,"Negregia this negregia that, we’ve been getting fucking hosed by referee decisions these past couple years",20
2026-04-08 20:30:51,Instant yellow for Gavi and none for Julian a second later??? What the fuck is that haha,14
2026-04-08 20:31:25,Lmao where are the cards for Atleti,15
2026-04-08 20:31:29,"Genuine question, how is that not a yellow but gavi's is?",18
2026-04-08 20:31:45,Lmao 2 fouls in 5 sec and no card for Alvarez. Bum referee,23
2026-04-08 20:33:33,"Idk how Barca keeps on being the better team and getting eliminated in the ucl lol, must be infuriating as a fan",16
2026-04-08 20:33:45,"Not a fan of either team, but this ref definitely seems to be one sided.",14
2026-04-08 20:34:07,I have no horse in this race but atrocious ref performance honestly,15
2026-04-08 20:39:19,That's not a card???,14
2026-04-08 20:44:50,So shameful Le Normand,16
2026-04-08 20:44:53,He screamed like his bloodline ended,18
2026-04-08 20:45:02,insane Le Normand acting,13
2026-04-08 20:54:26,I cannot believe people see this Lamine performance and say it’s a stinker. We watch different sports apparently,21
2026-04-08 20:55:39,People saying yamal had a bad game know nothing about football.   He’s playing like an all timer.,25
2026-04-08 20:56:33,"Post-Match Thread: Barcelona 0-2 Atlético Madrid | UEFA Champions League # [](#sprite1-p6) **Barcelona** [0 - 2](#bar-3-white) **Atlético Madrid** [](#sprite1-p76)  *Atlético scorers: Julian Álvarez (45'), Alexander Sørloth (70')*  ------  **Venue:** Camp Nou, Barcelona, Spain  **Referee:** Istvan Kovacs (Romania)  -----  [](#sprite1-p6) **Barcelona:**  [Starting XI](#bar-11-white)|[Notes](#bar-6-white)|[Subs](#bar-10-white)|[Notes](#bar-6-white) -----|-----|-----|-----  [](#sprite6-p161) Joan García| |[](#sprite6-p138) Wojciech Szczęsny [](#sprite6-p60) Jules Koundé|[](#icon-down) 73' |[](#sprite6-p184) Diego Kochen [](#sprite6-p161) Pau Cubarsí|[](#icon-red) 41' |[](#sprite6-p161) Alejandro Balde|[](#icon-up) 86' [](#sprite6-p161) Gerard Martín| |[](#sprite6-p185) Ronald Araújo|[](#icon-up) 73' [](#sprite6-p139) João Cancelo|[](#icon-down) 86' |[](#sprite6-p161) Fermin López|[](#icon-up) 46' [](#sprite6-p161) Eric García| |[](#sprite6-p161) Marc Casadó [](#sprite6-p161) Pedri|[](#icon-yellow) 28' [](#icon-down) 46'|[](#sprite6-p161) Ferran Torres |[](#icon-up) 73' [](#sprite6-p161) Lamine Yamal| |[](#sprite6-p166) Roony Bardghji [](#sprite6-p161) Dani Olmo| |[](#sprite6-p161) Álvaro Cortés [](#sprite6-p222) Marcus Rashford|[](#icon-down) 73' |[](#sprite6-p161) Xavi Espart [](#sprite6-p138) Robert Lewandowski|[](#icon-down) 46' |[](#sprite6-p161) Tommy Marqués | | |[](#sprite6-p161) Gavi|[](#icon-up) 46' [](#icon-yellow) 65'  **Manager:** Hans-Dieter Flick (Germany)  ------------  [](#sprite1-p76) **Atlético Madrid:**  [Starting XI](#bar-11-white)|[Notes](#bar-6-white)|[Subs](#bar-10-white)|[Notes](#bar-6-white) -----|-----|-----|----- [](#sprite6-p7) Juan Musso| |[](#sprite6-p161) Salvi Esquivel [](#sprite6-p7) Nahuel Molina| |[](#sprite6-p161) Mario de Luis  [](#sprite6-p161) Robin Le Normand| |[](#sprite6-p60) Clément Lenglet [](#sprite6-p156) Dávid Hancko|[](#icon-down) 32' |[](#sprite6-p161) Álex Baena|[](#icon-up) 60' [](#icon-yellow) 63' [](#sprite6-p82) Matteo Ruggeri| |[](#sprite6-p129) Alexander Sørloth|[](#icon-up) 60' [](#icon-ball-big) 70' [](#sprite6-p7) Giuliano Simeone|[](#icon-down) 79' |[](#sprite6-p7) Thiago Almada|[](#icon-up) 79' [](#sprite6-p161) Marcos Llorente| |[](#sprite6-p161) Marc Pubill|[](#icon-up) 32' [](#icon-yellow) 45+1' [](#sprite6-p161) Koke|[](#icon-yellow) 31' [](#icon-down) 60'|[](#sprite6-p112) Obed Vargas [](#sprite6-p128) Ademola Lookman|[](#icon-down) 60' |[](#sprite6-p7) Nicolás González|[](#icon-up) 79' [](#sprite6-p60) Antoine Griezmann|[](#icon-down) 79' |[](#sprite6-p161) Julio Díaz [](#sprite6-p7) Julian Álvarez|[](#icon-ball-big) 45' |[](#sprite6-p161) Rodrigo Mendoza   **Manager:** Diego Simeone (Argentina)  ------------  [](#icon-net-big) **MATCH EVENTS**  1': We're off!  4': SAVE! Musso swats away a shot from Rashford.  5': Álvarez cuts back from the touchline and fires but it's right at Joan García at the near post for a save.  10': SAVE! Cancelo fires through a defender's legs, right at Musso though.  14': Rashford with a volley, it bounces wide of the far post. Lewandowski offside in the buildup anyway  18': Rashford scores! Wait, no, offside. Yamal with a perfect cross but he went early and got flagged.  28': [](#icon-yellow) *Pedri* just got booked but I have no idea why. Anyway, Hancko looks injured after landing wrong  30': SAVE! Rashford gets a volley off from a wide angle, may or may not have been going in but Musso makes a great reaction save.  31': [](#icon-yellow) *Koke* goes into the book for a bad foul  32': [](#icon-sub) Atlético substitution: *Marc Pubill* on for *Dávid Hancko*  33': Martín lifts a shot over the backline but it goes high and wide.  41': [](#icon-red) *Pau Cubarsí* yellow-carded for clipping Simeone right on the edge of the box, Atleti thinks it should be denial of a goal-scoring opportunity and a red card, lot of arguing right now.... we're going to VAR... IT'S A RED!!! He's off!  45': [](#icon-ball-big) **GOAL ATLETI!! *Julian Álvarez* takes the free kick after the red card, it goes over the wall and over the keeper into the top corner!**  45+1': [](#icon-yellow) *Marc Pubill* carded for knocking over Lewandowski  45+3': SAVE! Lewandowski's shot takes a deflection but spins into the keeper's hands.  **HT Barcelona 0-1 Atlético Madrid** Barceona started so well but they're in deep shit right now  -----  46': [](#icon-sub) Barcelona double sub: *Gavi and Fermin López* on for *Pedri and Lewandowski*  46': We're back!  50': Rashford rounds the keeper but he's forced wide, he fires but hits the side netting.  53': SAVE! Rashford takes a free kick, it gets past the wall but García touches it into the crossbar!  54': López with the shot from outside the box, dragged wide  59': Gavi with the flick into the box! It goes through Kounde's legs, Olmo almost but doesn't get a touch and it goes wide  60': [](#icon-sub) Atlético substitution: *Alexander Sørloth and Álex Baena* on for *Koke and Ademola Lookman*  63': [](#icon-yellow) *Álex Baena* into the book for pulling Olmo by the shirt  65': [](#icon-yellow) *Gavi* carded for pulling down Griezmann  70': [](#icon-ball-big) **GOAL ATLETI!! A great cross from Ruggeri, *Alexander Sørloth* gets a first-time shot off under pressure and puts it in! Barcelona didn't see it coming at all!**  73': [](#icon-sub) Barcelona double sub: *Ferran Torres and Ronald Araújo* on for *Marcus Rashford and Jules Koundé*  78': SAVE! Cancelo skips past the defense but is denied at the near post.    79': SAVE! Yamal gets another shot off but he's denied also.  79': [](#icon-sub) Atlético double sub: *Nicolás González and Thiago Almada* on for *Antoine Griezmann and Giuliano Simeone*  86': [](#icon-sub) Barcelona substitution: *Alejandro Balde* on for *João Cancelo*  **FT Barcelona 0-2 Atlético Madrid** That didn't go well for Barcelona",3221
2026-04-08 20:56:45,This game has been Lamine Yamal vs the world. Literally,141
2026-04-08 20:56:47,"Doesn’t get more frustrating than this. We were the better side for the entire match, even a man down, can’t finish and Atleti bag the two chances they have. And ref just refuses to card the most obvious second yellows",173
2026-04-08 20:56:53,"Yeah, travelling to the Riyadh Air^TM Metropolitano down 0-2 with Osama bin Simeone cooking up the most disgusting haramball since the Battle of Fallujah sure sounds like fun.",806
2026-04-08 20:57:05,"A decade has passed, Griezmann, Koke and Oblak are left, everyone else is new, and we are approaching another Barça CL quarter exit at Atlético’s hands (Yes, I know I might eat my words in a week).  Insane goal by Alvarez. Couldn’t have hit it better.  Also, that Yamal dribble towards goal was insane. For a split second I thought, I’m about to see one of greatest goals ever.",141
2026-04-08 20:57:07,There was a war in the middle east yet this is still the biggest act of terrorism I've seen this week,541
2026-04-08 20:57:09,Yamal is just mesmerising. Even when Barca lose he's just clearly the best player on the pitch. Alvarez was very tidy too.,57
2026-04-08 20:57:15,Alvarez committed 4 fouls worth a booking in the second half alone lmao. Shameful refereeing.,257
2026-04-08 20:57:37,"Result aside, I think that was the greatest single match dribbling performance I've seen in my life by Yamal",225
2026-04-08 20:57:37,Feel like Barcelona were very unlucky to have lost that 2-0,168
2026-04-08 20:57:42,"The Varcelona memes are getting old when they get literally robbed every single knockout tie lately.  Why can Pubil grab the ball with his hands, Koke be a butcher and Ferran Torres be pushed when he’s about to head the ball and none of this gets called or even reviewed",72
2026-04-08 20:57:42,"Red card aside, the biggest difference tonight was the finishing. So many good chances especially in the first half for Rashford but we converted none of them. If we can't get a proper striker next season wallahi we're done",55
2026-04-08 20:57:49,Barca desperately needs better finishers and they need to stop having their center backs sent off early in crucial games like damn.,184
2026-04-08 20:58:39,Think this was the first win at Camp Nou for Simeone?,68
2026-04-08 20:58:44,"Same shit different year. Barca CB gets a red and the tie is lost.  Also third fucking time I've seen Barca throw a QF tie against Atletico. Watch Real Madrid come back against Bayern, and then win the final against Atletico again.   Lamine Yamal is also carrying the team right now, he's so genuinely exciting to watch, but it's giving late Messi-era vibes, where he's the only person who can do anything.",100
2026-04-08 20:59:04,"6 fouls-2 yellows-1 red vs 17 fouls-3 yellows-0 reds, shameful is an understatement lol.  We're going to waste Lamine's prime years like we wasted Messi's last 5 years.",87
2026-04-08 20:59:05,"Yamal gave 110%, stand proud kid.",125
2026-04-08 20:59:20,"We were terrible LOL, this result is completely scammed. I will take it",166
2026-04-08 21:01:03,"Really curious about Pubill's handball, especially since something similar was given a pen just last year. Funny how these things go",54
2026-04-08 21:01:20,"You can blame the ref and the red card all you want, fact is, we were dominant before the red card and even for a while after it. But if you don’t score your chances, the opponent will. That’s simply how it goes. Always.   Anyways, Yamal and Olmo played their hearts out, but to no avail",90
2026-04-08 21:01:38,If rashford could finish yamal probably would’ve had atleast 2 assists.,54
2026-04-08 21:02:18,I already hate next days remontada bullshit,175
2026-04-08 21:03:25,"I have seen roma, anfield, bayern, inter  This is nothing.",232
2026-04-08 21:04:14,We are bad I didn't need to know we were this bad,10
2026-04-08 21:12:33,"Simeone is getting bantered and called a coward after winning 0-2 away at Barcelona, we are back.",153
2026-04-08 21:21:29,Arsenal vs Atletico semi is gonna be some watch eh 😬,53
2026-04-08 21:23:49,Barca fans really came to the Bayern sub yesterday to inform us of how much we underperformed against Real Madrid. lol. Fucking losers.,96
2026-04-08 21:43:55,"I understand people might still be frustrated by haram balls etc, but cmon look at the squad. Not like we can just say fuck it and attack toe to toe with Barca. We don’t have a Yamal in our team, and our starting defenders are Le Normand and Ruggeri, if we play any higher we’re cooked. We’ve seen Yamal picking an unreal through ball out of nowhere so many times for that to happen. Pretty sensible to keep the shape and prevent Yamal run riot over Ruggeri again at the counter.   2-0 in Camp Nou is a fantastic result to take it to home leg regardless. No Cubarsi next leg and we have more key players coming back too.",48
2026-04-08 21:52:19,No one has ever deserved to win a game against Barcelona so I hear,109
2026-04-08 22:00:13,Remember when Rangers were scraping past Shkupi in Europa? 1 draw and 24 losses this season in Macedonia!,4
2026-04-08 22:25:33,"It's simple, they're cursed. Grosso dived in the box in 2006 and robbed Australia of the greatest fairy tale story football would've ever seen. Winning the final only fully consummated the curse. And the rest is history: lost in groups, lost in groups, and three no-shows.  To break the curse every member of the Italian team has to eat a curse breaking pizza made using broken-in-half spaghetti, pulled supermarket rotisserie chicken, pineapple chunks, and a Vegemite base.",4
2026-04-08 22:46:22,Livingston play Dundee in a few days.   I will put the house on Dundee to win or draw and watch Livingston get the win.   Maybe everyone else should put a fiver on Livingston?,4
2026-04-08 22:55:43,I don’t think Barca should be THAT fussed about the result. They can easily turn this tie around at home unless they get another stupid red card   Edit: Barca play at metropolitano next leg,42
2026-04-08 23:56:01,"Has there ever been a barka loss where barka fans didnt blame the ref for everything?  I mean I invested 10 minutes to look at r/barca and the last 10 match threads with losses are 80% ref blaming.  hilarious to be honest  edit: to all the downvoters, feel free to disprove my claim by simply linking a brca loss match thread without excess ref blaming",46
2026-04-09 07:40:59,I'm watching England and USA. No other games. Maybe final,3
2026-04-09 11:12:50,"Looking a Shkupi, it seems that they won a game on the pitch on 02 March, 12 rounds before the off-pitch game in your stat. 11 winless games between those two.  I also noticed that Voska Sport forfeited 6 games in a row.",3
2026-04-09 12:59:16,Love that Livi are dominating the discussion in here lol,4
2026-04-09 17:22:04,"World Cup groups. A deep dive into the numbers. There are two rating systems for ranking national teams: Elo Rating and Fifa Ranking. Elo has been shown to be a bit better at predicting future results, but Fifa ranking is more widely used and actually influences seeding, so is the more important number.  For all the below numbers: **the ""Rating"" I am using is an average of the Elo Rating and the Fifa Rating.**  Let's look at the groups. Here are all the **groups ranked from toughest to least tough by average Rating**.  |**Group I**|*Avg Rating*: 1756| :--|--:| |France|1980| |Senegal|1784| |Norway|1731| |Iraq|1527|  |Group J|*Avg Rating*: 1725| :--|--:| |Argentina|1994| |Austria|1710| |Algeria|1654| |Jordan|1541|  |Group K|*Avg Rating*: 1718| :--|--:| |Portugal|1874| |Colombia|1834| |Uzbekistan|1596| |DR Congo|1567|  |Group F|*Avg Rating*: 1705| :--|--:| |Netherlands|1859| |Japan|1782| |Sweden|1617| |Tunisia|1560|  |Group L|*Avg Rating*: 1703| :--|--:| |England|1923| |Croatia|1824| |Panama|1639| |Ghana|1426|  |Group D|*Avg Rating*: 1699| :--|--:| |Turkiye|1751| |United States|1697| |Australia|1682| |Paraguay|1668|  |Group H|*Avg Rating*: 1689| :--|--:| |Spain|2021| |Uruguay|1783| |Saudi Arabia|1495| |Cabo Verde|1458|  |Group C|*Avg Rating*: 1676| :--|--:| |Brazil|1873| |Morocco|1788| |Scotland|1633| |Haiti|1412|  |Group E|*Avg Rating*: 1640| :--|--:| |Germany|1827| |Ecuador|1764| |Ivory Coast|1604| |Curaçao|1365|  |Group G|*Avg Rating*: 1637| :--|--:| |Belgium|1800| |Iran|1688| |Egypt|1626| |New Zealand|1433|  |Group A|*Avg Rating*: 1633| :--|--:| |Mexico|1770| |South Korea|1670| |Czechia|1614| |South Africa|1477|  |Group B|*Avg Rating*: 1592| :--|--:| |Switzerland|1769| |Canada|1670| |Bosnia &amp;amp; Herzegovina|1490| |Qatar|1440|  Groups **ranked from most evenly matched to least evenly matched** by Standard Deviation of the Ranking  |WC Group|Std Dev| :--|:--| |Group D|36.04| |Group A|122.18| |Group F|139.93| |Group G|153.7| |Group B|153.9| |Group K|158.66| |Group I|186.03| |Group J|192.85| |Group C|202.43| |Group E|205.68| |Group L|219.06| |Group H|264.63|  Confederations ranked by average Rating of their representatives:  |Confederation|# of Reps|Avg Rating| :--|:--|:--| |CONMEBOL (S. America)|6|1819| |UEFA (Europe)|16|1776| |AFC (Asia)|9|1602| |CAF (Africa)|10|1594| |CONCACAF (N./C. America)|6|1592| |OFC (Oceania)|1|1433|  Finally, here's something interesting to me. The countries where *Elo Ratings and Fifa Ranking most disagree*. I've calculated this by normalizing each rating system across the set of countries in the world cup, and then getting the diff of the two normalized ratings. I've listed the five most extreme diffs in each direction.  Here are the countries that **Elo likes better than Fifa** by the highest margin:  |Country|Diff| :--|--:| |New Zealand|21.6%| |Norway|20.6%| |Paraguay|17.9%| |Jordan|17.4%| |Ecuador|16.1%|  And here are the countries that **Fifa likes better than Elo** by the highest margin:  |Country|Diff| :--|--:| |Qatar|29.1%| |Morocco|26.1%| |United States|25.7%| |Belgium|16.5%| |Egypt|11.6%|",39
2026-04-09 17:22:04,"**This is a stats thread. Remember that there's only one stat post allowed per match/team, so new stats about the same will be removed. Feel free to comment other stats as a reply to this comment so users can see them too!**   *I am a bot, and this action was performed automatically. Please [contact the moderators of this subreddit](/message/compose/?to=/r/soccer) if you have any questions or concerns.*",2
2026-04-09 17:32:44,&gt; Group D  36.04   Welp that should be fun,4
2026-04-10 13:14:14,"Javier Tebas considers holding LaLiga matches in Morocco: “Why not?” “I think it would be easier to play in Morocco, especially since the logistical challenges associated with travel are minimal.”  “We could consider holding a match at the new stadium in Casablanca (a venue Morocco is finalizing for the 2030 World Cup, with a capacity of 115,000 spectators). Why not?” Tebas acknowledged in an interview shared by the Moroccan news agency MAP.  Tebas explained that “given the number of fans who follow the Spanish league in Morocco, I think it would be easier to play there, especially since the logistical challenges related to travel are minimal.”  Javier Tebas: “There has always been a strong bond between Spain and Morocco in football”  The president of LaLiga emphasized that the expansion of the Spanish league into the Middle East and North Africa region is “very important”: “We are witnessing an incredible passion for LaLiga throughout the region, from Iraq to Morocco. With Morocco, in particular, there are special historical ties that are also reflected in the world of football.”  LaLiga and the Moroccan National Professional Football League (LNFP) have a partnership agreement.  “There have always been strong ties, closeness, and a great understanding between Spain and Morocco in the sports arena in general, and in football in particular,” Tebas emphasized.  Javier Tebas used the interview to highlight LaLiga’s growth and the league’s ability to clear the €750 million that the clubs owed to the Spanish government: “Today, there are no outstanding debts, and the clubs are meeting their obligations.”  “We are the second-largest league financially, trailing only the Premier League... And I would go so far as to say that we lead the way in terms of European titles,” he stated.",41
2026-04-10 13:14:14,"**This is a quotes thread. Remember that there's only one quotes post allowed per interview/press conference, so new quotes with the same origin will be removed. Feel free to comment other quotes/the whole interview as a reply to this comment so users can see them too!**   *I am a bot, and this action was performed automatically. Please [contact the moderators of this subreddit](/message/compose/?to=/r/soccer) if you have any questions or concerns.*",2
2026-04-10 13:17:31,Why not hold uefa matches in Pyongyang,27
2026-04-10 13:17:44,They should play the super cup in morocco. I think that's better tbh,6
2026-04-10 13:19:56,Just wait till Ceuta gets promoted,29
2026-04-10 13:20:48,"What a demagogue, standing on the ruins of his own doing.",15
2026-04-10 13:21:06,They should play the entire world cup 2030 in Morocco if Spain doesn't want to host games,4
2026-04-10 13:23:15,Real Madrid should permanently relocate to Casablanca,23
2026-04-10 13:24:57,anything but fixing the FFP rules,5
2026-04-10 13:26:37,Im so happy thqt the BuLi is somewhat safe from this bs,6
2026-04-10 13:44:25,Because its the spanish football league?,7
2026-04-10 14:02:02,"Yeah whatever, onto Tebas' next fantasy",3
2026-04-10 14:03:33,"I think this is going to be the hardest World Cup to predict ever.       The expansion to more teams already adds a lot more chaos, and with 495 possible combinations in the Round of 32, the bracket becomes incredibly unpredictable.",5
2026-04-10 14:05:39,Can the player get free towel supplies?,4
2026-04-10 15:07:40,La Liga already has matches in Africa when Las Palmas is promoted,5
2026-04-10 16:27:33,"I could at least think of one reason why not, like that Casablanca isn't in Spain",3
2026-04-10 16:54:20,"Portugal looking at Spain... ""Are we not African enough for you?""",3
2026-04-14 18:30:26,"Match Thread: Atlético Madrid vs Barcelona | UEFA Champions League 2025-26 | Quarterfinals, 2nd Leg ## FT: Atlético Madrid 1-2 Barcelona  | Info | Details | | --- | --- | | Competition | 2025-26 UEFA Champions League, Quarterfinals | | Status | FT | | Tie Note | 2nd Leg - Atlético Madrid advance 3-2 on aggregate | | Kickoff | ET: Tue Apr 14, 03:00 PM EDT | CEST/CET: Tue Apr 14, 09:00 PM CEST | IST: Wed Apr 15, 12:30 AM IST | UTC: Tue Apr 14, 07:00 PM UTC | [Time.is](https://time.is/Unix_time_converter/1776193200) | | Venue | Riyadh Air Metropolitano, Madrid, Spain | | Referee | Clément Turpin |  Follow live comments via [Redditstream](https://reddit-stream.com/comments/1slh7f5/).  **LINE-UPS**  **Atlético Madrid:** Juan Musso, Clément Lenglet, Robin Le Normand, Matteo Ruggeri, Nahuel Molina, Koke , Marcos Llorente, Ademola Lookman (Nico González), Giuliano Simeone (Álex Baena), Julián Álvarez, Antoine Griezmann (Alexander Sørloth)  **Subs:** Salvi Esquivel, Javier Boñar, Nicolás González, Jan Oblak, Julio Díaz, Johnny Cardoso, Alexander Sørloth, Daniel Martinez, Rodrigo Mendoza, Obed Vargas, Álex Baena, Thiago Almada  **Barcelona:** Joan García, Gerard Martín, Eric García, João Cancelo (Ronald Araujo), Jules Koundé, Dani Olmo (Roony Bardghji), Pedri , Gavi , Ferran Torres (Robert Lewandowski), Fermín López (Marcus Rashford), Lamine Yamal  **Subs:** Xavi Espart, Alejandro Balde, Marcus Rashford, Marc Casadó, Roony Bardghji, Robert Lewandowski, Frenkie de Jong, Ronald Araújo, Tomás Marqués, Wojciech Szczesny, Álvaro Cortés, Diego Kochen  **MATCH EVENTS** | via ESPN  **4'** ⚽ **Goal! Atletico Madrid 0, Barcelona 1. Lamine Yamal (Barcelona) left footed shot from outside the box to the bottom left corner. Assisted by Ferran Torres with a through ball.**  **24'** ⚽ **Goal! Atletico Madrid 0, Barcelona 2. Ferran Torres (Barcelona) left footed shot from the centre of the box to the top right corner. Assisted by Dani Olmo with a through ball.**  **31'** ⚽ **Goal! Atletico Madrid 1, Barcelona 2. Ademola Lookman (Atletico Madrid) right footed shot from the centre of the box to the bottom left corner. Assisted by Marcos Llorente.**  **45'+6'** First Half ends, Atletico Madrid 1, Barcelona 2.  **45'** Start 2nd Half  **66'** 🔄 Substitution, Atletico Madrid. Álex Baena replaces Giuliano Simeone.  **66'** 🔄 Substitution, Atletico Madrid. Nico González replaces Ademola Lookman.  **68'** 🔄 Substitution, Barcelona. Robert Lewandowski replaces Ferran Torres.  **68'** 🔄 Substitution, Barcelona. Marcus Rashford replaces Fermín López.  **69'** 🟨 Gavi (Barcelona) is shown the yellow card for a bad foul.  **76'** 🔄 Substitution, Atletico Madrid. Alexander Sørloth replaces Antoine Griezmann.  **79'** 🟥 Eric García (Barcelona) is shown the red card.  **81'** 🔄 Substitution, Barcelona. Frenkie de Jong replaces Gavi.  **89'** 🔄 Substitution, Barcelona. Ronald Araujo replaces João Cancelo.  **89'** 🔄 Substitution, Atletico Madrid. Johnny Cardoso replaces Koke.  **89'** 🔄 Substitution, Barcelona. Roony Bardghji replaces Dani Olmo.   **MATCH STATS**  | Stat | Atlético Madrid | Barcelona | | --- | ---: | ---: | | Shot Attempts | 15 | 14 | | Shots on Target | 5 | 8 | | Possession | 29.3% | 70.7% | | Fouls | 15 | 8 | | Yellow Cards | 0 | 1 | | Red Cards | 0 | 1 | | Corner Kicks | 2 | 4 | | Saves | 7 | 4 |  **MATCH ENDED**  ---  ^(Built by jiraiya--an. For issues just tag me in comment.)",14125
2026-04-14 18:31:52,OP you got a bunch of the head-2-head results flipped,29
2026-04-14 18:32:19,"Hi all, we're testing a new bot script that'll auto make Match Threads for us. Please send us any feedback you may have, cheers!",2
2026-04-14 18:42:44,Lamine and Friends vs prime Isis,81
2026-04-14 19:10:18,Yamal with some messi level start...,23
2026-04-14 19:13:58,"Llorente is orange, dude is speed running skin cancer",19
2026-04-14 19:14:21,Double hand shove is not a yellow wtf is this,28
2026-04-14 19:15:13,Lmao he just shoved yamal,33
2026-04-14 19:20:46,"Atletico literally starts shaking whenever they play Barcelona , the 4-0 was a fluke.",16
2026-04-14 19:26:31,Fucking hell he is LEAKING,27
2026-04-14 19:27:18,That camera shot of the blood dripping was crazy,18
2026-04-14 19:28:19,"Horrible time for an injury, Atletico was as good as shaking after the 2nd goal now they can compose themselves a bit.   Hope hes okay",30
2026-04-14 19:29:37,Yamal aura farming while Fermin is dead,18
2026-04-14 19:29:44,Is Yamal aura farming as his teammate is dying,80
2026-04-14 19:34:23,Defenders get such cheap fouls in those situations compared to what they do to attackers elsewhere on the pitch,22
2026-04-14 19:40:04,This type of refereing works great for the team that doesn't actually want to play.,17
2026-04-14 19:43:39,Atlético have done that foul 4 times with no call and these fuckers fall over every 2 min and get the call.,38
2026-04-14 19:44:10,More contact in that penalty shout than Cubarsi red,24
2026-04-14 19:44:12,Okay the calls on pushes is starting to get ridiculously biased towards Atleti,35
2026-04-14 19:44:22,"Brother, I don’t get how that’s not a foul in the box. Like a shove in the back is a shove in the back. Am I just extremely biased in thinking that?",31
2026-04-14 19:46:13,4 mins of ET with 3 goals and a 5 min long injury stoppage,25
2026-04-14 19:46:17,This ref is having a generational stinker,20
2026-04-14 19:46:58,Ref is absolutely shite,19
2026-04-14 19:47:21,insane how we’ve had two shit refs for this quarterfinal,32
2026-04-14 19:49:48,Ref genuinely has a bet on no yellows in the first half,68
2026-04-14 19:50:12,"That free kick is getting skied or straight at the wall, I’m calling it.",22
2026-04-14 19:50:29,how was it not yellow,21
2026-04-14 19:50:50,"60’ first card going to be a Barca player, I have seen this script before 🫠",34
2026-04-14 19:51:10,"Brother, do you not know how to use your yellow card",53
2026-04-14 19:51:22,What does Atleti have to do to get carded?   Just like the first leg.,41
2026-04-14 19:51:52,"With this ref, Athleti are gonna shithouse to the Semis",30
2026-04-14 19:52:19,"President of Iran defending the Pope and RM flairs asking for a yellow for Llorente, you know, maybe world peace is achievable",25
2026-04-14 19:52:20,"How was there only 4 mins added time btw? Fermin spent longer than that bleeding all over the pitch, not to mention 3 goals.",20
2026-04-14 19:52:25,"Can we really not get a replay, which is zoomed out and played in actual speed, that shows Olmo getting sandwiched in the area?",19
2026-04-14 19:52:26,Refs in this tie might as well wear Atletico shirts,25
2026-04-14 19:52:41,everyone talking about pedri like he hasnt been fouled 8 times that havent been called,22
2026-04-14 19:52:57,Completely one-sided refereeing yet we're still on this. How the fuck has Llorente not seen a single yellow card is wild.,30
2026-04-14 19:53:44,"If Fermin's injury doesn't happen, Atleti eat a third goal while being in disarray before they score their first. The break helped them.",32
2026-04-14 19:55:38,"After the incident, Fermin looks kinda of disconnected or am I imagining things. Obviously not putting any blame here if it isn't obvious, but we might want to make a HT sub.",18
2026-04-14 19:56:05,Gavi is carrying Barca's midfield today. Pedri has been underwhelming lately.,43
2026-04-14 20:34:33,Am I insane? What are all these people saying 'red' seeing that I'm not?,25
2026-04-14 20:44:39,the Olmo and Yamal pushes were not pens and VAR worthy but this is. Amazing refeering really,20
2026-04-14 20:44:52,the inconsistency of how barca gets judged compared to our opponents is beyond ridiculous just a slight touch and it's a red but two atletico players were hugging olmo in the box and it was nothing lmao,22
2026-04-14 20:44:52,Barca havent got any decisions this game at all,19
2026-04-14 20:48:05,At the end of the day you need to be consistent. You can't call that little push on Sorloth without calling the one on Olmo in the box and like another 10 on Yamal. Everyone is gonna shit on Barça but they got legit fucked over by both refs in both games. Watch him give just like 4 minutes extra as well.,23
2026-04-14 20:48:49,I’m neutral here but this ref is literally letting Atletico do whatever the fuck they want,19
2026-04-14 20:49:46,"The biggest World Cup ever, but where are all the big games? In truth, this has long been a problem with the World Cup, but it seems especially stark that in a World Cup with 48 teams they have contrived to produce so few big games ahead of the knockout stages. That’s not to say there won’t be \*exciting\* games as such, but for the first 72 games of football’s premier event to look so… meh on paper feels sad.  Firstly, what is a big game? Let’s adopt a fairy loose definition: a big game is hereby defined as a game where both participants have made the WC semi-final at least twice since 1970. That encompasses every World Cup winner plus a decent number more.   How many big games does that make?  2. That’s it, out of 72 games. 2.7%  They are:  Spain vs Uruguay  England vs Croatia  As a point of comparison, by the same criteria, Euro 2024 had 6 out of 36 games:  Spain v Italy  Spain v Croatia  Croatia v Spain  France v Netherlands  Netherlands v Poland  Poland v France  Maybe I’m being harsh, but besides games featuring my own team there seem to be precious few games in the group stage that look genuinely interesting to me. There are one or two that look interesting for reasons unrelated to the on-pitch product (Mexico vs South Africa for instance), but I want to see classic World Cup ties between the best teams. Doubtless we’ll get them eventually in the knockouts, but it’s still a shame.   P.S. I’m not blind to the fact that this is an unavoidable consequence of seeding, but in truth that just goes to show how expanding the World Cup dilutes the competitiveness of the tournament.",121
2026-04-14 20:49:46,"Hello! Thanks for your submission to r/worldcup, your post is up and running!  A general reminder to check out our rules in the sidebar, have fun, and most of all to be civil.  Finally, take a closer look at [this post](https://www.reddit.com/r/worldcup/comments/z2v46l/announcement_quick_reminder_of_our_most_important/) regarding our civility rules and reddiquette because we would like for each and everyone to feel welcome on the subreddit and to keep a healthy and safe environment for the community.  Please also make sure to [Join us on Discord](https://discord.gg/football)  Thank you!  - - -   *I am a bot, and this action was performed automatically. Please [contact the moderators of this subreddit](/message/compose/?to=/r/worldcup) if you have any questions or concerns.*",2
2026-04-14 21:02:07,"Post Match Thread: Atlético Madrid 1-2 [3-2 on agg.] Barcelona | UEFA Champions League 2025-26 | Quarterfinals, 2nd Leg ##FT: Atlético Madrid 1-2 Barcelona  | Info | Details | | --- | --- | | Competition | 2025-26 UEFA Champions League, Quarterfinals | | Status | 90'+6' | | Kickoff | ET: Tue Apr 14, 03:00 PM EDT | CEST/CET: Tue Apr 14, 09:00 PM CEST | IST: Wed Apr 15, 12:30 AM IST | UTC: Tue Apr 14, 07:00 PM UTC | [Time.is](https://time.is/Unix_time_converter/1776193200) | | Venue | Riyadh Air Metropolitano, Madrid, Spain | | Referee | Clément Turpin |  Follow live comments via [Redditstream](https://reddit-stream.com/comments/1slh7f5/).  **LINE-UPS**  **Atlético Madrid:** Juan Musso, Clément Lenglet, Robin Le Normand, Matteo Ruggeri, Nahuel Molina, Koke , Marcos Llorente, Ademola Lookman (Nico González), Giuliano Simeone (Álex Baena), Julián Álvarez, Antoine Griezmann (Alexander Sørloth)  **Subs:** Salvi Esquivel, Javier Boñar, Nicolás González, Jan Oblak, Julio Díaz, Johnny Cardoso, Alexander Sørloth, Daniel Martinez, Rodrigo Mendoza, Obed Vargas, Álex Baena, Thiago Almada  **Barcelona:** Joan García, Gerard Martín, Eric García, João Cancelo (Ronald Araujo), Jules Koundé, Dani Olmo (Roony Bardghji), Pedri , Gavi , Ferran Torres (Robert Lewandowski), Fermín López (Marcus Rashford), Lamine Yamal  **Subs:** Xavi Espart, Alejandro Balde, Marcus Rashford, Marc Casadó, Roony Bardghji, Robert Lewandowski, Frenkie de Jong, Ronald Araújo, Tomás Marqués, Wojciech Szczesny, Álvaro Cortés, Diego Kochen  **MATCH EVENTS** | via ESPN  **4'** ⚽ **Goal! Atletico Madrid 0, Barcelona 1. Lamine Yamal (Barcelona) left footed shot from outside the box to the bottom left corner. Assisted by Ferran Torres with a through ball.**  **24'** ⚽ **Goal! Atletico Madrid 0, Barcelona 2. Ferran Torres (Barcelona) left footed shot from the centre of the box to the top right corner. Assisted by Dani Olmo with a through ball.**  **31'** ⚽ **Goal! Atletico Madrid 1, Barcelona 2. Ademola Lookman (Atletico Madrid) right footed shot from the centre of the box to the bottom left corner. Assisted by Marcos Llorente.**  **45'+6'** First Half ends, Atletico Madrid 1, Barcelona 2.  **45'** Start 2nd Half  **66'** 🔄 Substitution, Atletico Madrid. Álex Baena replaces Giuliano Simeone.  **66'** 🔄 Substitution, Atletico Madrid. Nico González replaces Ademola Lookman.  **68'** 🔄 Substitution, Barcelona. Robert Lewandowski replaces Ferran Torres.  **68'** 🔄 Substitution, Barcelona. Marcus Rashford replaces Fermín López.  **69'** 🟨 Gavi (Barcelona) is shown the yellow card for a bad foul.  **76'** 🔄 Substitution, Atletico Madrid. Alexander Sørloth replaces Antoine Griezmann.  **79'** 🟥 Eric García (Barcelona) is shown the red card.  **81'** 🔄 Substitution, Barcelona. Frenkie de Jong replaces Gavi.  **89'** 🔄 Substitution, Barcelona. Ronald Araujo replaces João Cancelo.  **89'** 🔄 Substitution, Atletico Madrid. Johnny Cardoso replaces Koke.  **89'** 🔄 Substitution, Barcelona. Roony Bardghji replaces Dani Olmo.   **MATCH STATS**  | Stat | Atlético Madrid | Barcelona | | --- | ---: | ---: | | Shot Attempts | 15 | 13 | | Shots on Target | 5 | 8 | | Possession | 29.8% | 70.2% | | Fouls | 14 | 8 | | Yellow Cards | 0 | 1 | | Red Cards | 0 | 1 | | Corner Kicks | 2 | 4 | | Saves | 7 | 4 |  ---  ^(Built by jiraiya--an. For issues just tag me in comment.)",3841
2026-04-14 21:02:24,"Barca ,  stupid red cards and blowing a winnable CL tie is football heritage at this point",45
2026-04-14 21:02:28,on the dot eh?,73
2026-04-14 21:02:29,"I’m not going to complain about the red cards, but why did Atletico finish the game with 0 yellow cards and the penalty on Olmo where he had the position won and got shoved didn’t get checked by VAR?   Really stupid from Barca to commit the same mistakes but VAR almost never checks their situations either",276
2026-04-14 21:02:31,"Didn’t we have a [post](https://www.reddit.com/r/soccer/s/SCXdIvq713) that Cholo never lost a CL home KO game? Lmao so much for that and anyway they still won the tie.  Also, name me a more iconic duo than Barça and red cards in CL games.  Props to Cholo, has now made four semifinals with Atleti.  ETA: added link to post.",264
2026-04-14 21:02:40,How 1 bleeding nose can change a whole game,248
2026-04-14 21:02:42,Musso **MOTM**,96
2026-04-14 21:02:43,Incredible how we have all these advances in technology and refereeing just keeps getting worse,66
2026-04-14 21:02:47,Marcos Llorente is a player I think any team in the world would love to have in the squad,46
2026-04-14 21:02:50,Atletico ending this Game with 0 Cards definitely makes me believe that the Ref was not doing great.  Also think he always has to give that double handed push which would have changed the Game.,176
2026-04-14 21:02:53,Disgusting football will be played in the semis if we go through tomorrow.,389
2026-04-14 21:02:56,every barca attack cut short but an athletico foul. insane.,56
2026-04-14 21:03:26,Atleti with 0 yellow cards in any knockout game is a clear sign of garbage refereeing   Shit should be impossible,131
2026-04-14 21:03:32,He blew on the dot after all that shit too huh,52
2026-04-14 21:03:35,"Flick totally fucked that up by not rotating Yamal and Pedri last weekend, insane desicion. They looked completely dead for half the game today. Also stupid subs, not giving a chance for Roony for months and then bringing him in here. Ferran was having a great game and you bring in Lewandowski who hasn’t been able to deliver at all this season.",219
2026-04-14 21:03:50,Barca still looked like they played with 11 men. Araujo sold at the end,59
2026-04-14 21:03:54,was the penalty shout from barca from the first half never posted?,89
2026-04-14 21:04:03,Hansi really took Ferran off on what appeared to be his night for old man Lewandowski,151
2026-04-14 21:04:08,"32  fouls across two legs for Atletico 3 yellow cards,historical.",155
2026-04-14 21:04:09,How is that a foul and a red while not calling the same “foul” on Olmo?,40
2026-04-14 21:04:19,"yall don't know ball. should it be 48 teams? fuck no, 32 was perfect  however a lot of these matches really intrigue me as a neutral:  all of group A and D  CAN vs BOS, BRA vs MOR (seriously, you forgot a game between 2 top 10 nations?), NET vs JAP, IVC vs ECU, BEL vs EGY, FRA vs SEN, ARG vs ALG, AUT vs JOR, ENG vs CRO, GER vs IVC, TUN vs JAP, BEL vs IRN, ARG vs AUT, NOR vs SEN, JOR vs ALG, ECU vs GER, NOR vs FRA, URU vs ESP, EGY vs IRN, DRC vs UZB, COL vs POR, ALG vs AUT  these are all pretty good games and while 32 teams again is great, you can't undermine alot of the teams who did earn qualification and if your gonna say poland was a premier team, you have to count sides like ecuador, colombia, iran, japan, algeria, ivory coast, turkey and a few more who are miles better  this reads like someone who's a uefa fan and doesn't pay attention to the rest of the world and that's coming from a uefa fan too",8
2026-04-14 21:04:21,If extra time is given 8 minutes and played four to six should they still play for a minute atleast?,46
2026-04-14 21:04:40,"If that's a red card, Olmo 100% needs to get a penalty   Refereeing is all over the place",172
2026-04-14 21:04:54,Did Atletico Madrid get a single yellow btw?,56
2026-04-14 21:05:37,13 fouls and 0 yellows,45
2026-04-14 21:05:45,These barca fans act like the whole world is aganist them,25
2026-04-14 21:06:14,Lamine is unbelievable  Its a shame he doesn't have the defence of 2009-2016 Barca,53
2026-04-14 21:09:38,"To the atletico fans in here, surely Marcos Llorente is a club legend? Guys a ucl riser",48
2026-04-14 21:11:28,"Barca relied too much on Lamine who was beyond done in the last half of the game. Raphinha was desperately needed to be able to attack from both wings. Worst off, both are too good and neither has a proper sub for their position. Rashford isn't bad, but it can't be compared.  Olmo played a decent game, at least the first half. Personally, I prefer when Barca plays either Olmo or Fermin. Not both at the same time. One almost always gets lost when both play (in this case Fermin), and you lose a super sub that can change the game.  Congrats to Atlético, it was amazing game to watch. Barca has nobody to blame but themselves. Two red cards in two games.",111
2026-04-14 21:12:29,Why do you label those Polish games as big games?,5
2026-04-14 21:13:04,Oh *great*. Now we'll get the most terrorist semi final in history with Arsenal vs Atlético.,25
2026-04-14 21:14:11,Really missed Raphinha,42
2026-04-14 21:14:12,What was up with the ball boys at the end just throwing balls in the pitch?? I hope this will get sanctioned somehow,40
2026-04-14 21:18:07,"Serious Post Match Thread: Atlético Madrid vs Barcelona | UEFA Champions League 2025-26 | Quarterfinals, 2nd Leg ## FT: Atlético Madrid 1-2 Barcelona  | Info | Details | | --- | --- | | Competition | 2025-26 UEFA Champions League, Quarterfinals | | Status | FT | | Tie Note | 2nd Leg - Atlético Madrid advance 3-2 on aggregate | | Kickoff | ET: Tue Apr 14, 03:00 PM EDT | CEST/CET: Tue Apr 14, 09:00 PM CEST | IST: Wed Apr 15, 12:30 AM IST | UTC: Tue Apr 14, 07:00 PM UTC | [Time.is](https://time.is/Unix_time_converter/1776193200) | | Venue | Riyadh Air Metropolitano, Madrid, Spain | | Referee | Clément Turpin |  **SERIOUS THREAD GUIDELINES** - Minimum comment length: 120 characters - Minimum total Reddit karma: 50 - Low-effort reactions, memes, and one-liners will be removed - Explain your point with actual detail and reasoning  **THREAD LINKS** - Original post-match thread: [link](https://reddit.com/r/soccer/comments/1sllh68/post_match_thread_atlético_madrid_vs_barcelona/) - Match thread: [link](https://reddit.com/r/soccer/comments/1slh7f5/match_thread_atlético_madrid_vs_barcelona_uefa/)  **LINE-UPS**  **Atlético Madrid:** Juan Musso, Clément Lenglet, Robin Le Normand, Matteo Ruggeri, Nahuel Molina, Koke , Marcos Llorente, Ademola Lookman (Nico González), Giuliano Simeone (Álex Baena), Julián Álvarez, Antoine Griezmann (Alexander Sørloth)  **Subs:** Salvi Esquivel, Javier Boñar, Nicolás González, Jan Oblak, Julio Díaz, Johnny Cardoso, Alexander Sørloth, Daniel Martinez, Rodrigo Mendoza, Obed Vargas, Álex Baena, Thiago Almada  **Barcelona:** Joan García, Gerard Martín, Eric García, João Cancelo (Ronald Araujo), Jules Koundé, Dani Olmo (Roony Bardghji), Pedri , Gavi , Ferran Torres (Robert Lewandowski), Fermín López (Marcus Rashford), Lamine Yamal  **Subs:** Xavi Espart, Alejandro Balde, Marcus Rashford, Marc Casadó, Roony Bardghji, Robert Lewandowski, Frenkie de Jong, Ronald Araújo, Tomás Marqués, Wojciech Szczesny, Álvaro Cortés, Diego Kochen  **MATCH EVENTS** | via ESPN  **4'** ⚽ **Goal! Atletico Madrid 0, Barcelona 1. Lamine Yamal (Barcelona) left footed shot from outside the box to the bottom left corner. Assisted by Ferran Torres with a through ball.**  **24'** ⚽ **Goal! Atletico Madrid 0, Barcelona 2. Ferran Torres (Barcelona) left footed shot from the centre of the box to the top right corner. Assisted by Dani Olmo with a through ball.**  **31'** ⚽ **Goal! Atletico Madrid 1, Barcelona 2. Ademola Lookman (Atletico Madrid) right footed shot from the centre of the box to the bottom left corner. Assisted by Marcos Llorente.**  **45'+6'** First Half ends, Atletico Madrid 1, Barcelona 2.  **45'** Start 2nd Half  **66'** 🔄 Substitution, Atletico Madrid. Álex Baena replaces Giuliano Simeone.  **66'** 🔄 Substitution, Atletico Madrid. Nico González replaces Ademola Lookman.  **68'** 🔄 Substitution, Barcelona. Robert Lewandowski replaces Ferran Torres.  **68'** 🔄 Substitution, Barcelona. Marcus Rashford replaces Fermín López.  **69'** 🟨 Gavi (Barcelona) is shown the yellow card for a bad foul.  **76'** 🔄 Substitution, Atletico Madrid. Alexander Sørloth replaces Antoine Griezmann.  **79'** 🟥 Eric García (Barcelona) is shown the red card.  **81'** 🔄 Substitution, Barcelona. Frenkie de Jong replaces Gavi.  **89'** 🔄 Substitution, Barcelona. Ronald Araujo replaces João Cancelo.  **89'** 🔄 Substitution, Atletico Madrid. Johnny Cardoso replaces Koke.  **89'** 🔄 Substitution, Barcelona. Roony Bardghji replaces Dani Olmo.  **90'+9'** End Regular Time   **MATCH STATS**  | Stat | Atlético Madrid | Barcelona | | --- | ---: | ---: | | Shot Attempts | 15 | 15 | | Shots on Target | 5 | 8 | | Possession | 29.1% | 70.9% | | Fouls | 15 | 8 | | Yellow Cards | 0 | 1 | | Red Cards | 0 | 1 | | Corner Kicks | 2 | 4 | | Saves | 7 | 4 |  ---  ^(Built by jiraiya--an. For issues just tag me in comment.)",426
2026-04-14 21:19:42,"I agree with your assessment that the field is diluted, but not that only 2 of 72 group matches are ""big."" Also, using Poland as an example for ""big matches"" is a little wild, as I can't remember them having any impressive tournaments recently...  A few great matchups I can think of: - Brazil v. Morocco - England v. Ghana - Germany v. Ecuador - France v. Senegal - Netherlands v. Japan - Portugal v. Colombia  Senegal won AFCON (corrupt ruling aside) in 2026 and 2021; Morocco made the semis in the last WC; Ghana, Portugal and Netherlands have all made WC quarters or semis recently. Who cares what countries did in 1970? All the teams I mentioned have great quality right now.",6
2026-04-14 21:20:08,"If we had won it would be DESPITE our efforts. Flick should have rested key players, our defenders shouldn’t have been brain dead to get back to back red cards, our strikers could have put minimum effort to close the opportunities.. atletico wasn’t even good this game at all and we tied quite early on",28
2026-04-14 21:20:51,"Same story from last year - come back from 2 goals down, only to botch it all over again. High line gives and takes, and unfortunately it's been a vulnerability in the CL.  It's frustrating since we've had the easier side of the draw for 2 years - who knows if next year we'll suddenly have Bayern, PSG and City all in our half of the draw and the route to the final becomes a lot tougher.  Hopefully we can seal La Liga without any further hiccups and build for next season.",42
2026-04-14 21:21:02,"I don't want to talk about that PSG game but I believe the red cards are bound to come with a high line. It's just logical it would lead to more situations involving defenders having to play catch-up like in both legs.  Fwiw I'm proud of the team. Yeah we missed some chances but Musso had a game that a keeper has maybe 2-3 times a season, and you couldn't even tell we were a man down the way we played.   We move on in Laliga, hopefully sign at least one defender. Hope Torres keeps this momentum cause he looked deadly",80
2026-04-14 21:23:52,"Simeone won this match for Atleti with how he effectively changed from a 5 at the back, to a 4 at the back in the second half. Watch how he had every defender in a line in the first half, expecting Lookman to track back and help Ruggeri and expecting a 2nd marking right behind Ruggeri. This obviously didn't work considering that Lookman doesn't really track back to help in the way you want him to, and Yamal was destroying their left side early on.      2nd half Atleti was basically playing in a 4 man defense with a midfielder coming to help the Yamal mark. Absolutely took him out of the game and then Ruggeri won 1-2 individual duels as the game progressed. It's not a coincidence that when Yamal was moved and the whole plan couldn't work, Roony found time and space in at least 4 different situations to cross/dribble, 2 of which ended up as major chances. And this happened with a man less as well. Had Flick understood how Atleti were doubling earlier and moved Yamal on the center, this could have been a very different game.",161
2026-04-14 21:24:33,"Barcelona were fantastic all game. But I think if we had Pubil and Hancko, our starting CBs instead of Lenglet, this would have been a far more comfortable game from the defensive aspect. Lenglet essentially gave up two goals by himself and imploded in the first half. We rode our luck and got the job done despite our defensive errors.  Ruggeri was immense against Yamal. Lookman and later Baena were crucial in helping him when it mattered and I think it changed the game for us.",114
2026-04-14 21:25:24,"This was not a ""too young"" team problem, most of the kids performed great.  \- Koundé sleeping as usual, all the team started hard and playing with high focus except him and it's been too common this season.  \- No decent left winger, Rashford is atrocious.  \- No TOP 10 striker. Yes, Ferran did a good match today but still we need to many clear chances to score.  \- Pedri can't manage everyday the midfield by his own. He's our best midfield man but he needs a decent replacement/partner.  That's it. You can't get much more out of this squad. Maybe Flick could have rested Pedri last match and kept Ferran on the pitch today, but that's it.  I don't believe this game was decided by the ref but I still don't understand them. It's mental how Atlético got away without any yellow cards and almost any foul on Lamine was called. They don't punish stopping the game enough, they let grabs and clear fouls go by during all the match without sanction.",18
2026-04-14 21:26:15,"lmao at the high line hate  it's absolutely the MAIN reason barca won as much as they did last season and are on track to win laliga again, the problem with the high line is that it needs to be balanced by an efficient attack which barca does not have, chances are barely converted and the lack of a solid striker doesn't help  the thing is flick does change his line but he's obviously not going to go to a mid block or worse a low block when he desperately needs goals, his philosophy is obviously score more goals than the opponent which most of the time is what happens  mistakes are bound to happen as the high line is a really demanding tactic for defenders but to be fair, cubarsi is still young, gerard martin is gerard martin, eric garcia is more of a flex option and i think plays best as a cdm and araujo just doesn't have the knowledge to play in a high line even though he's pretty good in a lower block thanks to his physicality",38
2026-04-14 21:26:21,"Barca made mistakes. Pedri/Yamal weren't rotated in the league over the weekend, and the fatigue showed.  I think the red card was fair if you look at it in isolation. I also think it's the right decision to take the card - with 10 minutes left, it would be impossible to come back from 2 goals down. Statistically, it's better to try get 1 goal back playing 10v11 than 2 goals with 11v11.  What I don't understand is how Atleti got away with so much over the two legs. The Olmo push stands out from today - not even looked at by VAR, vs the Eric foul.  No yellow cards for Atleti players today, regardless of what they did. Same in the first leg - more yellows for Barca despite Atleti committing many more fouls. Koke got away with at least 4 yellow card worthy fouls and only a single yellow to show for it.  Barca needs to fix their defense of course, but I also think it's a conscious risk taken to attack more aggressively. On the other hand, technical teams cannot play and compete fairly if their opponents are able to flout the rules constantly.  I wish I could get away with as many mistakes at my job as some of these refs...",49
2026-04-14 21:26:40,"The boys look exhausted, can't win a champions league without money for proper rotation pieces. Pedri has been shell of himself for months, Raphinha injured, Frenkie injured, Lamine exhausted. They did what they could.  Any way, Flick is getting a lot of hate, yet I think he adapted well in the beginning and surprised Simeone, shame it only lasted until Fermin's injury. Didn't press so aggresively, allowed Atletico to put numbers up front and then moved very directly into the box, every attacking play in the first 25 minutes ended in 2-3 moves to the box. Good setup against Atleti on that field, but the break killed it.",8
2026-04-14 21:27:36,"Both legs should've been won by Barcelona. While Flick has his flaws, such as not adjusting when things are going his way, the players has to take a good look at themselves. They're constantly missing good chances (take Araujo towards the end tonight and Rashford all game last week). Some players also don't know when to release the ball. The red card happens because Pedri thinks he can get past 3-4 Atleti players surrounding him instead of passing the ball. Yamal, although an incredible dribbler does not know either when to release the ball. He tries to do too much all the time. Wether that's because he doesn't trust his teammates or not, I don't know.   For Barcelona to finally win the Champions League with the high line they're playing, their board has to start investing in players who fit the system or they tell Flick to adapt to what he has. Don't think Flick would like to be told that though. Oh and Flick has to start rotating his players. There was no reason for Yamal and Pedri to play 90 minutes against Espanyol when they need to be 100% to overcome the deficit to Atleti tonight.",48
2026-04-14 21:27:44,"Another CL, another frustrating way to get knocked out. We just can’t get knocked out normally, it always has to be through complete collapses or red cards.  2018: Roma 3-0 2019: Anfield 4-0 2020: Bayern 8-2 2021: Mbappe hattrick 2022: Group Stage 2023: Group Stage 2024: Araujo red 2025: Acerbi’s last minute equalizer 2026: Cubarsi red first leg, Eric red second leg  Just when we fix our mentality we seem to have lost our discipline. I just hope we’re able to get Lamine some help upfront this summer cuz he seemed to be the only one able to create anything from our attackers last week and today",39
2026-04-14 21:28:24,"Im not even mad at how this team plays.  The refereeing has just been absolute clown-worthy. 1st leg Cubarsi is behind Simeone, who doesnt have control of the ball, sticks his leg back out above his waist and flops. So its a foul and a DOGSO when he doesnt even have the ball?  In the second leg, Atletico do 15 fouls with no yellow cards, how? Olmo gets pushed in the box = no foul. But slight contact and its a foul now on Sorloth? And its DOGSO again with Kounde right there?  This system wouldnt have worked pre-VAR cause we know those idiot refs would have gotten the calls wrong making the offside trap useless. Now we got bozo referees to deal with that let teams bully other teams all game long but then give soft reds. What a fucking joke",24
2026-04-14 21:29:36,Tactically perfect game from atleti. Man marked yamal out of the game. And using lookman + griezman + simeone on the counter against the highline was perfect.    Barca created momentum but that fermin injury stopped it. Raphina + frenkie were a big miss and pedri looked out of place since the beginning. props to ferran who gave everything.,7
2026-04-14 21:30:09,"48 teams, divided by pots lead to the end of group of death. However there are still some exciting games other than the ones you listed:  Fra vs Senegal  Fra vs Norway  Belgium vs Egypt  Brazil vs Morocco (this one is way more exciting than the two you mentioned)  Portugal vs Colombia (even though both teams will most likely have qualified for R32, it being in Miami will be an electrifying atmosphere)",3
2026-04-14 21:31:35,Btw huge shoutout to Flick for playing Lamal and Pedri for 90 mins on Saturday,57
2026-04-14 21:31:43,"So, is this the first time since 1997 that Atletico De Madrid lost a game at home in a CL knockout? I think I saw something about this earlier.  So somehow that record ends tonight, despite the tie win.  Congrats on advancing Atletico!",19
2026-04-14 21:33:53,"Red card in the first leg marked the tie - unfortunately for us.  As a Barca fan, it's massively annoying to see opponent players get away with dozens of little fouls, niggly fouls, late fouls, push fouls - with sometimes a yellow here and there. But because of our high line, when we do those same little fouls, then VAR slows everything down for the ref to judge differently than he would have on live speed.  Having 0 cards for Atletico in the 2nd game is absolutely insane - the ref also missed 3+ corners, the backpass to Joan Garcia, and other stuff. Just really bad overall - a shame.  I know there will be some to criticize Flick for not resting more players in the last game, but I think he did what needed to be done - the League is always the #1 priority (from my POV) - because one bad moment won't kick you out of the tournament.  Assuming Arsenal's collapse does not continue, I don't see this Atletico making it to the final. They honestly are not that great of a team (Atletico's from other years were better teams), and should count themselves very, very lucky to make it through this tie.  In terms of what can we do going forward:  * The more experienced our players become, the better going forward - Cubarsi, Fermin, Gavi, Lamine of course - all of them I expect to become better players over time, and that can be a massive difference * Ferran played very well today - I think confident Ferran is one of the best strikers in the world (problem is that it doesn't last for very long, and it's not easy to get back to confident Ferran) - I was surprised we took him out when we did. * Pedri has looked a little out of it recently - mostly since returning from injury. Hopefully he gets enough time to fully rest and recover - we have to take extra special care with our players who are expected to go far / play a lot in the World Cup. * Lack of Raphinha hurt us badly - he is a key player for us, and moreso when our strikers are not in a great vein of form.  * Squad-wise, definitely need to get a top-striker (or fix Ferran's confidence with voodoo), add some fullback depth (assuming we get Cancelo that may be sufficient for now...), and really just be less unlucky with injury timing.",12
2026-04-14 21:35:06,"Llorente was fucking everywhere, incredible performance from him and he had the lungs to take on sprints until the end of the game. I thought Alvarez was also incredible, such an intelligent player who always knows what to do with the ball  I was surprised how easy it was for Lamine to create chances in the first few minutes but then Atleti held him under control very well and that was without allocating too many players to cover him  I was thoroughly entertained as a neutral because at all times Atleti was able to be threatening on the counter and they also had extended periods of time on the ball which is super important when defending a lead",26
2026-04-14 21:37:21,"Tactical things aside, the lack of depth and rotations keep killing our chances at the business end of a season. Last year it was our fullbacks being run into the ground. This year it was missing our most clinical finisher and best presser in Raphinha, as well as having Frenkie only just returning from injury.   We'll need signings that allow us to rotate the squad but also Flick must just start rotating more. Roony is showing good displays whenever he's subbed in at like 87' lol.",9
2026-04-14 21:37:25,You’ll see some big crazy matches in round of 32 and I’m confident we might see a lot of of upsets.,3
2026-04-14 21:40:46,"Instead of 48 teams, they should have just made a second 32 team tournament similar to how UEFA has Champions League and Europa League",3
2026-04-14 21:45:16,"Well they’re all big games for the fans of the participating teams involved. That’s what it is all about. My top three most anticipated matches are squarely Australia’s matches against Turkiye, USA and Paraguay.   And often the unlikeliest matches shape as some of the best of the tournament.  The format is a disgrace and 48 teams is too much, but I’m keen to follow the fortunes of Uzbekistan and Cabo Verde, who have been on the brink in particular, who have been not too far off qualification over the years.  And Ronaldo and Messi fanboyism has become so cringe and disgusting over the past few years that i’m probably less keen for Argentina and Portugal matches than i usually would be!",8
2026-04-14 21:51:31,"For me the most frustrating part was probably the refereeing especially the lack of cards for Atleti players in both matches. When they tackle a guy from behind or whatever and won't get a card, they'll do it again and they did. Atlético finished the game without a card which is mental for me. Barcelona was better even with 10 men in both games. In the end Atlético won because they had a better game plan or/and luck and Barca just can't finish. Atlético had 8 shots on target and scored 4 goals while Barca scored just 2 times from 17 shots on target",11
2026-04-14 21:53:05,"Some interesting statistics from the both legs:  Last Week:  Atletico: 17 fouls, 3 yellows, 0 reds  Barcelona: 6 fouls, 2 yellows, 1 reds  This Week:  Atletico: 15 fouls, 0 yellows, 0 reds  Barca: 8 fouls, 1 yellow, 1 red  Edit: Ooops missing some analysis.  It's very hard for me as a Barca fan (obviously bias) to look at that and not feel unbelievably hard done by. Is the fouls/yellows ratio bad enough to say it influences the game? IMO yes, when there is one attacking team chasing and one defensive team holding on, the lack of yellows for fouls is really influencing what is happening on the pitch in terms of how cavalier Atletico players can be when defending and closing down Barca players.  I don't think stuff like this is talked about enough imo, everyone focuses too much on the big decisions when little decisions like these also add up and have major influence on a result. But its kind of semi hidden unless you dig into stats like this.",18
2026-04-14 22:01:25,Hemp leads England past Spain to boost Women’s World Cup qualifying hopes,34
2026-04-14 22:10:28,"**Openers:**    Mexico vs South Africa - Thursday 11 June, Mexico City (Start: 13:00 local time)  Canada vs Bosnia - Friday 12 June, Toronto (Start: 15:00 local time)      USA vs Paraguay - Friday 12 June, Los Angeles (Start: 18:00 local time)     **Other big GS matches:**      Brazil vs Morocco - Saturday 13 June, New York (Start: 18:00 local time)  Netherlands vs Japan - Sunday 14 June, Dallas (Start: 15:00 local time)  France vs Senegal - Tuesday 16 June, New York (Start: 15:00 local time)  England vs Croatia - Wednesday 17 June, Dallas (Start: 15:00 local time)  Scotland vs Morocco - Friday 19 June, Boston (Start: 18:00 local time)  Netherlands vs Sweden - Saturday 20 June, Houston (Start: 12:00 local time)  Argentina vs Austria - Monday 22 June, Dallas (Start: 12:00 local time)  Senegal vs Norway - Monday 22 June, New York (Start: 20:00 local time)  England vs Ghana - Tuesday 23 June, Boston (Start: 16:00 local time)  Mexico vs Czech Republic- Wednesday 24 June, Mexico City (Start: 19:00 local time)  USA vs Turkey - Thursday 25 June, Los Angeles (Start: 19:00 local time)  Ecuador vs Germany - Thursday 25 June, New York (Start: 16:00 local time)  France vs Norway - Friday 26 June, Boston (Start: 15:00 local time)  Spain vs Uruguay - Friday 26 June, Guadalajara (Start: 18:00 local time)  Egypt vs Iran - Seattle (""Pride match"", will likely determine second place in the group) - Friday 26 June (Start: 20:00 local time)  Portugal vs Colombia - Saturday 27 June, Miami (Start: 19:30 local time)     **Big potential round of 32 (2nd round) matches:**  (if Netherlands win their group and Morocco finish 2nd to Brazil in theirs)   Netherlands vs Morocco - Monday 29 June, Monterrey (Start: 19:00 local time)  (if USA win their group and whoever finishes 3rd in most likely Group B)   USA vs Canada or Bosnia - Wednesday 1 July, San Francisco BA (Start: 17:00 local time)  (if Colombia and Croatia finish 2nd in their groups to Portugal and England respectively)   Colombia vs Croatia - Thursday 2 July, Toronto (Start: 19:00 local time)      (if Argentina win their group and Uruguay finish 2nd to Spain in theirs)   Argentina vs Uruguay - Friday 3 July, Miami (Start: 18:00 local time)     **Big potential round of 16 (3rd round) matches:**  (if France and Germany win both their groups and 2nd round matches)   France vs Germany - Saturday 4 July, Philadelphia (Start: 17:00 local time)  (if Mexico and England win both their groups and 2nd round matches)   Mexico vs England - Sunday 5 July, Mexico City (Start: 18:00 local time)  (if Argentina win their group and their 2nd round match, and if Turkey finish 2nd in Group D and win their 2nd round match)   Argentina vs Turkey - Tuesday 7 July, Atlanta (Start: 12:00 local time)     **MASSIVE potential quarterfinal match:**  (if Argentina and Portugal win their respective groups and their 2nd and 3rd round matches)   Argentina vs Portugal - Saturday 11 July, Kansas City (Start: 20:00 local time, 22:00 Buenos Aires time and 02:00 (+1) Lisbon time)",7
2026-04-14 22:14:27,There’s really such a large difference in Barcelona’s quality of play with and without Raphinia,49
2026-04-14 22:31:41,"Pedri was really poor this tie, quite disappointed in his performances. Lamine showed more leadership on and off the pitch than Pedri did and should have shown. Gavi I thought was great, you wouldn’t think he’s coming off a long term injury. Ferran was having a good match, we shouldn’t have taken him off…  Very frustrated overall though. The self sabotaging we do every year in these knockout matches will continue to keep us away from a CL. Still proud of the players that didn’t hide.",63
2026-04-15 00:01:20,"Scotland vs Brazil? Hello rematch from 1998 which saw Scotland knocked out off an own goal.  The whole point of the World Cup is for a mix of group stage games. Every game is big in the group stage because that's where the upsets happen and dark horses are seen.  Just because a casual fan doesn't recognize a given team as being 'big enough' to put on a good show, doesn't take away from the fact that 90% of these teams and almost all of these matches in the group stages are all 'big' games.",1
2026-04-15 00:50:05,Yamal doesn’t have that Messi plot armor,72
2026-04-15 01:25:07,"I actually think this is a fair point. Expanding to 48 teams was always going to dilute the early stage quality a bit — more games, but fewer high-level matchups upfront.",2
2026-04-15 02:16:37,"I'm fine with it, personally.  It means that a good team is less likely to be screwed over by being in a group of death.  In practice,  it does create a glut of games that have to be in giant stadiums, though.",3
2026-04-15 04:36:37,"Well by your own (no offense) contrived personal definition of a big match, maybe there aren’t that many, but when you just look at matches between current elite-level teams (let’s say the best 15 teams in the world) you can add Brazil Morocco, Netherlands Japan, France Senegal, Portugal Colombia and debatably Germany Ecuador to the list. I would go as far as to call all of those bigger matches than Spain Uruguay since I’m not exactly a Bielsa fan, I think something like Argentina Algeria or the Norway matches are much more interesting.",8
2026-04-15 08:02:54,"""I want Liverpool's scalp"". Indian side Minerva Academy FC's coach Ranjit Bajaj's inspirational locker room speech before their knockout match against Liverpool FC youth side. Minerva Academy went on to win the match 6-0 (MIC Cup Spain)",1323
2026-04-15 08:03:03,"**Mirrors / Alternative Angles**     *I am a bot, and this action was performed automatically. Please [contact the moderators of this subreddit](/message/compose/?to=/r/soccer) if you have any questions or concerns.*",2
2026-04-15 08:09:16,Damn 6-0 is crazy,500
2026-04-15 08:16:26,"""I want 100 Scouser scalps!""",627
2026-04-15 08:24:37,"Based on this, India is definety winning the next world cup.",118
2026-04-15 08:29:18,why does he look like antony for some reason..,186
2026-04-15 08:31:54,Take from the whites?,137
2026-04-15 08:32:44,"&gt;""Revenge on the whites""  I assume there's a different meaning to this in a football context?",10
2026-04-15 08:33:56,6-0 ????? That's a humiliation lmao,12
2026-04-15 08:46:18,"Love the spirit, not sure about the take from the whites bit",105
2026-04-15 09:10:35,Win the whole competition and Aamir Khan might make a film about this lol,349
2026-04-15 13:07:49,Why is an Indian team and the Liverpool youth team playing in Spain?,18
2026-04-15 13:11:44,Liverpool getting pain from everywhere eh?,52
2026-04-15 13:17:07,Freaking hate this guy....one of the main architects of the league stopping last year in india...his lawyer lied in court about the commercial partner(FSDL) selecting national team players and was lobbying for stopping new negotiations that resulted in the league not starting in October....also he tried to stop relegation in 2nd tier because his team got relegated....frick this guy,51
2026-04-15 13:46:37,"In my honest opinion, the thing that's going to affect the ""excitement"" of the group stages is the fact that third-placed teams have a one in three of advancing to the next round, and even then there have been quite a few instances of ""big"" teams finishing fourth at the World Cup (Germany 2018, England 2014, France 2010 and 2002.",4
2026-04-15 17:36:10,"What about Norway - France? With Haaland and their qualification, this is going to be a big game.",8
2026-04-15 18:50:18,"Match Thread: Bayern Munich vs. Real Madrid | UEFA Champions League # [](#sprite1-p8) **Bayern Munich** [4 - 3](#bar-3-white) **Real Madrid** [](#sprite1-p9)  *Bayern scorers: Aleksandar Pavlović (6'), Harry Kane (38'), Luis Díaz (89'), Michael Olise (90+4')*  *Real Madrid scorers: Arda Güler (1', 29'), Kylian Mbappé (42')*  ***Aggregate score: Bayern Munich 6-4 Real Madrid***  -----  **Venue:** Allianz Arena, Munich, Germany  **Referee:** Slavko Vinčić (Slovenia)  -----  [](#sprite1-p8) **Bayern Munich:**  [Starting XI](#bar-11-white)|[Notes](#bar-7-white)|[Subs](#bar-10-white)|[Notes](#bar-7-white) -----|-----|-----|-----  [](#sprite6-p64) Manuel Neuer| |[](#sprite6-p64) Jonas Urbig [](#sprite6-p43) Josip Stanišić|[](#icon-down) 46'|[](#sprite6-p31) Alphonso Davies|[](#icon-up) 46' [](#sprite6-p60) Dayot Upamecano| |[](#sprite6-p139) Raphaël Guerreiro [](#sprite6-p64) Jonathan Tah| |[](#sprite6-p84) Hiroki Itō [](#sprite6-p10) Konrad Laimer| |[](#sprite6-p90) Min-jae Kim [](#sprite6-p64) Joshua Kimmich| |[](#sprite6-p64) Erblin Osmani [](#sprite6-p64) Aleksandar Pavlović|[](#icon-ball-big) 6'|[](#sprite6-p64) Jamal Musiala|[](#icon-up) 61' [](#sprite6-p60) Michael Olise|[](#icon-ball-big) 90+4' |[](#sprite6-p64) Leon Goretzka [](#sprite6-p64) Serge Gnabry|[](#icon-down) 61' |[](#sprite6-p151) Nicolas Jackson  [](#sprite6-p37) Luis Díaz|[](#icon-ball-big) 89' | | [](#sprite6-p222) Harry Kane|[](#icon-ball-big) 38' | |  **Manager:** Vincent Kompany (Belgium) | [](#icon-yellow) 44'  ------------  [](#sprite1-p9) **Real Madrid:**  [Starting XI](#bar-11-white)|[Notes](#bar-7-white)|[Subs](#bar-10-white)|[Notes](#bar-7-white) -----|-----|-----|----- [](#sprite6-p181) Andriy Lunin| |[](#sprite6-p161) Fran González [](#sprite6-p222) Trent Alexander-Arnold|[](#icon-down) 90'|[](#sprite6-p161) Javier Navarro [](#sprite6-p24) Éder Militão|[](#icon-yellow) 40' |[](#sprite6-p161) Dean Huijsen [](#sprite6-p64) Antonio Rüdiger|[](#icon-yellow) 70' |[](#sprite6-p161) Álvaro Carreras [](#sprite6-p60) Ferland Mendy| |[](#sprite6-p161) Dani Carvajal [](#sprite6-p185) Federico Valverde| |[](#sprite6-p161) Fran García [](#sprite6-p222) Jude Bellingham| |[](#sprite6-p10) David Alaba [](#sprite6-p177) Arda Güler|[](#icon-ball-big) 1' [](#icon-ball-big) 29' [](#icon-down) 90'|[](#sprite6-p60) Eduardo Camavinga|[](#icon-up) 61' [](#icon-yellow) 78' [](#icon-red) 86' [](#sprite6-p161) Brahim Díaz|[](#icon-down) 61'|[](#sprite6-p161) Thiago Pitarch|[](#icon-up) 90' [](#sprite6-p60) Kylian Mbappé|[](#icon-ball-big) 42' |[](#sprite6-p161) Dani Ceballos [](#sprite6-p24) Vinícius Junior| |[](#sprite6-p161) Gonzalo García | | |[](#sprite6-p7) Franco Mastantuono|[](#icon-up) 90'  **Manager:** Álvaro Arbeloa (Spain)  ------------  [](#icon-net-big) **MATCH EVENTS**  1': We're off!  1': [](#icon-ball-big) **GOAL REAL MADRID!! What just happened??? *Arda Güler* scores in 40 seconds!! Neuer tries a no-look pass that goes right to Güler and he immediately hammers into the net from some thirty yards out!! What was Neuer doing??!**  6': [](#icon-ball-big) **GOAL BAYERN!!! They win a corner and *Aleksandar Pavlović* heads it in from basically right on the line into the near side!**  18': Mbappé tries to test Neuer but his shot goes wide, also he's offside.  20': Mbappé breaks past the backline but Laimer recovers quickly to make a great sliding block for a goal kick  27': SAVE! Kimmich fires a stinger to the far side but Lunin keeps it out with one outstretched hand  29': [](#icon-ball-big) **GOAL REAL MADRID!! *Arda Güler* sends a free kick over the wall, Neuer gets a hand to it but doesn't get it right, he only pushes it into the side of the net! That's two goals for Güler and two bad mistakes by Neuer.**  34': Gnabry fires hard and low, Lunin down in time to stop it.  38': [](#icon-ball-big) **GOAL BAYERN!!! *Harry Kane* puts it at the far post! A quick pass and a quick goal, why was no one marking him?**  39': Ball goes right through Mbappe! Big chance for him goes begging!   40': [](#icon-yellow) *Éder Militão* into the book for fouling Kane in the ankles  41': A beautiful pass to spring Vinícius! Vinícius fires over Neuer's hand but it bounces off the crossbar!  42': [](#icon-ball-big) **GOAL REAL MADRID!! *Kylian Mbappé* ties it on aggregate again!! He blasts pass Upamecano and the high line and cannot miss one-on-one!!**  44': [](#icon-yellow) *Vincent Kompany* into the book, guess he didn't like something and complained about it  **HT Bayern Munich 2-3 Real Madrid [4-4 on agg.]** This sport is amazing  -----  46': [](#icon-sub) Bayern substitution: *Alphonso Davies* on for *Josip Stanišić*  46': We're back!  46': Bayern come out flying! A great shot by Díaz just deflected wide by Bellingham!  47': The resulting corner reaches Upamecano but he heads it over from close range  55': NEUER WITH A HUGE SAVE! Alexander-Arnold with a humongous pass to find Mbappe unmarked in the box, Mbappe hammers a volley but Neuer somehow keeps it out with one hand!  61': [](#icon-sub) Bayern substitution: *Jamal Musiala* on for *Serge Gnabry*  61': [](#icon-sub) Real Madrid substitution: *Eduardo Camavinga* on for *Brahim Díaz*  62': Luis Díaz gets the ball all alone in front of goal! But he takes a touch instead of shooting first time and Alexander-Arnold recovers in time to knock the ball away  63': Vinicius Junior one-on-two chance but Upamecano forces him wide and he fires wide.  66': SAVE! Valverde fires a great shot with his weaker foot but Neuer dives to his left and plucks it out of the air.  68': SAVE ON THE OTHER END! Olise's shot looks like it's dipping just under the crossbar but Lunin palms it over.  70': [](#icon-yellow) Musiala's trailing arm catches Güler in the face and he goes down, ref blows a whistle, then prevents Real Madrid from taking the free quickly and *Antonio Rüdiger* argues with the ref until he gets a card  75': Free kick into the box for Bayern, Upamecano is right there with the header but it goes wide of the near post, he clutches his head in frustration  77': Olise with a chance! It loops just over the net and skims the roof  78': [](#icon-yellow) *Dayot Upamecano* pulls back Camavinga by the shirt  86': [](#icon-red) A SECOND YELLOW! *Eduardo Camavinga* knows over Kane and gets his walking papers, leaving Real Madrid down to ten!  89': [](#icon-ball-big) **GOAL BAYERN!!! *Luis Díaz* fires in a rocket and puts them ahead on aggregate!! A give-and-go with Musiala, a shot from outside the box and a tiny nick off of Militão sees it hit the top far corner!**  90': [](#icon-sub) Real Madrid double sub: *Franco Mastantuono and Thiago Pitarch* on for *Arda Güler and Trent Alexander-Arnold*  90+4': [](#icon-ball-big) **GOAL BAYERN!! *Michael Olise* puts in the dagger!**  **FT Bayern Munich 4-3 Real Madrid [6-4 on agg.]** What a game!",20092
2026-04-15 19:01:34,Lmao hecklers? Really? Fucking embarrassing,31
2026-04-15 19:02:02,Mbappe shaking his head to the cringelords making noises during the moment of silence,40
2026-04-15 19:11:13,"How the fuck does Vini get away with a clear shove into Kimmich's back, then shoving him again when he's trying to get up, all right in front of the ref?",151
2026-04-15 19:11:20,Why it isn't a yellow card for Vini?,31
2026-04-15 19:12:21,"Ref has no balls.  He gestures Vini to ""come""... Vini just stands there, and the ref has to walk to him.... lol",38
2026-04-15 19:12:54,How does Vini get away with that.  The ref even called him to him and vini just stood there - could already be a yellow for disrespecting the clear order of the ref,22
2026-04-15 19:12:57,"Commits foul, doubles down on it with push, gets away with it, ""why am I being warned'",124
2026-04-15 19:13:08,Why is Vini allowed to just play WWE here and push going down who is getting up? Like what's the reasoning for NOT getting a yellow?,42
2026-04-15 19:13:09,No PR campaign will make me like this absolute mop,87
2026-04-15 19:13:14,Vini is just so unlikable.,33
2026-04-15 19:13:18,Vini is such a prick lol,99
2026-04-15 19:13:39,How’s that not a yellow for Vini?,26
2026-04-15 19:13:53,No yellow for Vini?? Wtf,39
2026-04-15 19:15:22,Somehow the simple concept that you can dislike a player without being racist to them is very alien to many people here.,80
2026-04-15 19:37:28,Rudiger shoves Gnabry and Real get a free kick  Prime Vincic is hard to play vs,29
2026-04-15 19:37:58,That Rudiger shove should've been a yellow as well,71
2026-04-15 19:38:06,"Rudiger is pushing a guy, foul on Rudiger. Amazing logic.",55
2026-04-15 19:42:08,Show us the foul and hand ball lol. This ref is pretty average.,33
2026-04-15 19:46:00,Okay so Rudiger is just allowed to kill people now,42
2026-04-15 19:46:16,How’s it not a foul in buildup,61
2026-04-15 19:46:41,No VAR for Rudiger? What a sham.,35
2026-04-15 19:46:52,12th man's influence is so obvious lmao,27
2026-04-15 19:47:19,Once again ref bullshit. Rudiger should have a red by now and not even a yellow has been given,27
2026-04-15 19:50:50,Real Madrid's check cleared. Two goals allowed from shifty ref decisions.,27
2026-04-15 19:51:28,This ref should never be allowed to officiate a match of this magnitude   2. goal from a dive freekick  3. goal foul on Stanisic not given  Overall atrocious decision making,32
2026-04-15 19:52:13,"Second goal Madrid from a free kick that never should have been given, third goal with a foul, everybody would call, we reach the point of the two offside goals from 2017",25
2026-04-15 19:54:01,"this ref is an absolute disgrace    2:1 clear dive  3:2 clear foul by Rüdiger off the ball even, could argue that was a red too off the ball  Diaz wrongly whistled offside right away instead of simply playing on and letting VAR chech  Same linesman gives a foul on Gnabry for minimal contact when Rüdiger then throws him on the ground  Vinicius Foul and shove gets nothing but a few words    ok",39
2026-04-15 19:58:02,No replays of the controversial flops/fouls is on brand,32
2026-04-15 20:01:11,Rüdiger could murder someone on 5th Avenue and wouldn’t get a card,27
2026-04-15 20:09:40,lmao at this point Rudiger could punch someone in the face and still be on the field,26
2026-04-15 20:31:48,Is that seriously what finally gets that cunt rudiger his first yellow card? Lmao,26
2026-04-15 20:31:51,"LMAO.. all the little dirty tricks Rüdiger does, and he gets a yellow for complaining?",45
2026-04-15 20:42:33,"Brother Morocco Brazil are both top 8 teams...you just have a European bias  If you cant get excited for France Senegal for example, thats a personal problem  Lots of good games in group, but definitely a fee less than 2022 due to the expansion",7
2026-04-15 20:57:12,"Post-Match Thread: Bayern Munich 4-3 Real Madrid [6-4 on agg.] | UEFA Champions League # [](#sprite1-p8) **Bayern Munich** [4 - 3](#bar-3-white) **Real Madrid** [](#sprite1-p9)  *Bayern scorers: Aleksandar Pavlović (6'), Harry Kane (38'), Luis Díaz (89'), Michael Olise (90+4')*  *Real Madrid scorers: Arda Güler (1', 29'), Kylian Mbappé (42')*  ***Aggregate score: Bayern Munich 6-4 Real Madrid***  -----  **Venue:** Allianz Arena, Munich, Germany  **Referee:** Slavko Vinčić (Slovenia)  -----  [](#sprite1-p8) **Bayern Munich:**  [Starting XI](#bar-11-white)|[Notes](#bar-7-white)|[Subs](#bar-10-white)|[Notes](#bar-7-white) -----|-----|-----|-----  [](#sprite6-p64) Manuel Neuer| |[](#sprite6-p64) Jonas Urbig [](#sprite6-p43) Josip Stanišić|[](#icon-down) 46'|[](#sprite6-p31) Alphonso Davies|[](#icon-up) 46' [](#sprite6-p60) Dayot Upamecano| |[](#sprite6-p139) Raphaël Guerreiro [](#sprite6-p64) Jonathan Tah| |[](#sprite6-p84) Hiroki Itō [](#sprite6-p10) Konrad Laimer| |[](#sprite6-p90) Min-jae Kim [](#sprite6-p64) Joshua Kimmich| |[](#sprite6-p64) Erblin Osmani [](#sprite6-p64) Aleksandar Pavlović|[](#icon-ball-big) 6'|[](#sprite6-p64) Jamal Musiala|[](#icon-up) 61' [](#sprite6-p60) Michael Olise|[](#icon-ball-big) 90+4' |[](#sprite6-p64) Leon Goretzka [](#sprite6-p64) Serge Gnabry|[](#icon-down) 61' |[](#sprite6-p151) Nicolas Jackson  [](#sprite6-p37) Luis Díaz|[](#icon-ball-big) 89' | | [](#sprite6-p222) Harry Kane|[](#icon-ball-big) 38' | |  **Manager:** Vincent Kompany (Belgium) | [](#icon-yellow) 44'  ------------  [](#sprite1-p9) **Real Madrid:**  [Starting XI](#bar-11-white)|[Notes](#bar-7-white)|[Subs](#bar-10-white)|[Notes](#bar-7-white) -----|-----|-----|----- [](#sprite6-p181) Andriy Lunin| |[](#sprite6-p161) Fran González [](#sprite6-p222) Trent Alexander-Arnold|[](#icon-down) 90'|[](#sprite6-p161) Javier Navarro [](#sprite6-p24) Éder Militão|[](#icon-yellow) 40' |[](#sprite6-p161) Dean Huijsen [](#sprite6-p64) Antonio Rüdiger|[](#icon-yellow) 70' |[](#sprite6-p161) Álvaro Carreras [](#sprite6-p60) Ferland Mendy| |[](#sprite6-p161) Dani Carvajal [](#sprite6-p185) Federico Valverde| |[](#sprite6-p161) Fran García [](#sprite6-p222) Jude Bellingham| |[](#sprite6-p10) David Alaba [](#sprite6-p177) Arda Güler|[](#icon-ball-big) 1' [](#icon-ball-big) 29' [](#icon-down) 90'|[](#sprite6-p60) Eduardo Camavinga|[](#icon-up) 61' [](#icon-yellow) 78' [](#icon-red) 86' [](#sprite6-p161) Brahim Díaz|[](#icon-down) 61'|[](#sprite6-p161) Thiago Pitarch|[](#icon-up) 90' [](#sprite6-p60) Kylian Mbappé|[](#icon-ball-big) 42' |[](#sprite6-p161) Dani Ceballos [](#sprite6-p24) Vinícius Junior| |[](#sprite6-p161) Gonzalo García | | |[](#sprite6-p7) Franco Mastantuono|[](#icon-up) 90'  **Manager:** Álvaro Arbeloa (Spain)  ------------  [](#icon-net-big) **MATCH EVENTS**  1': We're off!  1': [](#icon-ball-big) **GOAL REAL MADRID!! What just happened??? *Arda Güler* scores in 40 seconds!! Neuer tries a no-look pass that goes right to Güler and he immediately hammers into the net from some thirty yards out!! What was Neuer doing??!**  6': [](#icon-ball-big) **GOAL BAYERN!!! They win a corner and *Aleksandar Pavlović* heads it in from basically right on the line into the near side!**  18': Mbappé tries to test Neuer but his shot goes wide, also he's offside.  20': Mbappé breaks past the backline but Laimer recovers quickly to make a great sliding block for a goal kick  27': SAVE! Kimmich fires a stinger to the far side but Lunin keeps it out with one outstretched hand  29': [](#icon-ball-big) **GOAL REAL MADRID!! *Arda Güler* sends a free kick over the wall, Neuer gets a hand to it but doesn't get it right, he only pushes it into the side of the net! That's two goals for Güler and two bad mistakes by Neuer.**  34': Gnabry fires hard and low, Lunin down in time to stop it.  38': [](#icon-ball-big) **GOAL BAYERN!!! *Harry Kane* puts it at the far post! A quick pass and a quick goal, why was no one marking him?**  39': Ball goes right through Mbappe! Big chance for him goes begging!   40': [](#icon-yellow) *Éder Militão* into the book for fouling Kane in the ankles  41': A beautiful pass to spring Vinícius! Vinícius fires over Neuer's hand but it bounces off the crossbar!  42': [](#icon-ball-big) **GOAL REAL MADRID!! *Kylian Mbappé* ties it on aggregate again!! He blasts pass Upamecano and the high line and cannot miss one-on-one!!**  44': [](#icon-yellow) *Vincent Kompany* into the book, guess he didn't like something and complained about it  **HT Bayern Munich 2-3 Real Madrid [4-4 on agg.]** This sport is amazing  -----  46': [](#icon-sub) Bayern substitution: *Alphonso Davies* on for *Josip Stanišić*  46': We're back!  46': Bayern come out flying! A great shot by Díaz just deflected wide by Bellingham!  47': The resulting corner reaches Upamecano but he heads it over from close range  55': NEUER WITH A HUGE SAVE! Alexander-Arnold with a humongous pass to find Mbappe unmarked in the box, Mbappe hammers a volley but Neuer somehow keeps it out with one hand!  61': [](#icon-sub) Bayern substitution: *Jamal Musiala* on for *Serge Gnabry*  61': [](#icon-sub) Real Madrid substitution: *Eduardo Camavinga* on for *Brahim Díaz*  62': Luis Díaz gets the ball all alone in front of goal! But he takes a touch instead of shooting first time and Alexander-Arnold recovers in time to knock the ball away  63': Vinicius Junior one-on-two chance but Upamecano forces him wide and he fires wide.  66': SAVE! Valverde fires a great shot with his weaker foot but Neuer dives to his left and plucks it out of the air.  68': SAVE ON THE OTHER END! Olise's shot looks like it's dipping just under the crossbar but Lunin palms it over.  70': [](#icon-yellow) Musiala's trailing arm catches Güler in the face and he goes down, ref blows a whistle, then prevents Real Madrid from taking the free quickly and *Antonio Rüdiger* argues with the ref until he gets a card  75': Free kick into the box for Bayern, Upamecano is right there with the header but it goes wide of the near post, he clutches his head in frustration  77': Olise with a chance! It loops just over the net and skims the roof  78': [](#icon-yellow) *Dayot Upamecano* pulls back Camavinga by the shirt  86': [](#icon-red) A SECOND YELLOW! *Eduardo Camavinga* knows over Kane and gets his walking papers, leaving Real Madrid down to ten!  89': [](#icon-ball-big) **GOAL BAYERN!!! *Luis Díaz* fires in a rocket and puts them ahead on aggregate!! A give-and-go with Musiala, a shot from outside the box and a tiny nick off of Militão sees it hit the top far corner!**  90': [](#icon-sub) Real Madrid double sub: *Franco Mastantuono and Thiago Pitarch* on for *Arda Güler and Trent Alexander-Arnold*  90+4': [](#icon-ball-big) **GOAL BAYERN!! *Michael Olise* puts in the dagger!**  **FT Bayern Munich 4-3 Real Madrid [6-4 on agg.]** What a game!",5755
2026-04-15 20:57:19,Vini’s tears make me stronger,927
2026-04-15 20:57:22,"I know Mbappe bashing is popular but genuinely wtf could he have done over these 2 games, his teammates have let him down.   This should be a massive wake-up call to Perez on their transfer strategy and how they handle their players but it probably won't be. Arbeloa is the coach but he isn't the one who should hold the blame for this squad",505
2026-04-15 20:57:30,Hahaha theyre crowding the ref,588
2026-04-15 20:57:33,What are the Madrid players whining about,878
2026-04-15 20:57:34,Guler double and a red what a night lmao,239
2026-04-15 20:57:35,Vini jr is such a prick lmao,652
2026-04-15 20:57:36,"Bellingham shouting at the referees, what a clown",577
2026-04-15 20:57:45,The Madrid players complaining about ref decisions is fucking rich,118
2026-04-15 20:57:46,Real players crying at the ref at the end is so embarrassing. Lose with some dignity,1133
2026-04-15 20:58:12,All immediately abusing the officials. Good job lads enjoy the plane back.,536
2026-04-15 20:58:54,"HOW THE FUCK ARE MADRID PLAYERS COMPLAINING TO THE REF AFTER THAT GAME JESUS FUCKING CHRIST  Respect to Mbappe for not participating with these clowns.   So proud of the boys, that was a tough, tough game.",748
2026-04-15 20:59:06,"If Uefa are serious about protecting referees, Real Madrid should be sanctioned heavily for the behaviour of Vini Jr, Bellingham, Guler and a couple of others at the end there. You can't be carrying on like that.",207
2026-04-15 20:59:22,Madrid are such unlikable crybabies.,36
2026-04-15 20:59:32,Red card for Güler for verbal abuse afterwards hahaha,502
2026-04-15 20:59:37,Look at real madrid crying like always. This is supposed to be the kings of europe btw. Throwing tantrums like children. Pathetic club. First ref to actually hand these bums a red (albeit a second yellow.) FOOTBALL IS BACK BOYSSSSSS,29
2026-04-15 20:59:46,"Terrible look from Real, very sore losers",116
2026-04-15 20:59:48,"Mbappe the only good loser on Madrid side, respect.",24
2026-04-15 21:00:03,I’ve never seen a team as petulant as Real. They complain about everything and cant control their tempers as GROWN MEN,35
2026-04-15 21:00:28,All I can say is: Fuck those cunts. Well-deserved win. Attacking the ref who favored you all game represents everything these sore losers stand for. Enjoy another trophyless season in full on victim-mode. &lt;3,27
2026-04-15 21:00:40,Can't  believe after all the shit Rudiger pulled throughout the match it was Camavinga who got sent off instead that too for delaying the restart lmfao,43
2026-04-15 21:00:49,Not today satan,109
2026-04-15 21:01:07,"Embarrassing meltdown from Madrid players, especially after the referee was on their team. Entitled beyond belief.",32
2026-04-15 21:01:13,"Imagine not even being able to make the semifinals, Madrid are a small club",109
2026-04-15 21:01:18,Arsenal game had 1 attempt on target each LMAOO,26
2026-04-15 21:01:57,Nothing better than Madrid not winning a single trophy,39
2026-04-15 21:02:02,Vinicius instantly reincarnating from the dead every time after getting the foul is another level of shameless,163
2026-04-15 21:02:18,At least Mbappe is mature enough not to create a scene unlike the other toddlers who surrounded the ref like hounding dogs like they weren’t favoured the whole game.,27
2026-04-15 21:02:30,"Came for the hate watch, stayed for the game of the season",330
2026-04-15 21:03:14,Joshua Kimmich is a very good footballer,207
2026-04-15 21:03:37,Arsenal beating Sporting 1-0 over two legs might be the most underwhelming champions league quarter final in history,30
2026-04-15 21:05:34,Mbappe absorbing the loss and shaking hands with Bayern players while the children yell at the ref and collect post match cards.,197
2026-04-15 21:06:45,Bayern were the better team overall and they deserved to go through. Congratulations to them.,253
2026-04-15 21:08:32,"Actually one player who really impressed me today was Laimer, dude was everywhere, literally eveywhere, and he had the legs till the final whistle.",231
2026-04-15 21:11:40,"One of the best red cards ive seen in a long while. Rules are there be followed and enforced, simple as that.",35
2026-04-15 21:22:10,"Finally Madrid got punished for their bullshit, only took a ref that forgot which cards he gave",41
2026-04-15 21:23:24,Watching Real Madrid lose is entertainment in itself.. How they bitch around after and make fools of themselves.. Arda guler getting defeated by a bottle earlier this year is my favorite to date. Ruined by attitude.. 2 years of nothing.,32
2026-04-15 21:30:23,"I still remember the day Bayern announced Kompany as their manager. I honestly thought it was a joke post or something because it was out of nowhere. But man what a team he built.   As for today's game, that was a classic, especially the first half. Great game by both teams and the better team went through at the end.    Football is unmatched.",109
2026-04-15 23:51:45,My guy there will be storylines just wait and be patient.,3
2026-04-16 03:43:27,Justice for Alonso got served. Completely deserved. Watching rm players melt down was ecstatic.,97
2026-04-16 08:22:35,The real tournament starts in the knockouts - treat the group stage games like warm ups,1
2026-04-16 08:38:07,The fact that people can't comprehend that teams such as Poland/Denmark/Ukraine or Italy provide much more quality to this tournament ahead of Curuacao/Haiti or Cape Verde just shows how braindead football fans have got,1
2026-04-16 12:37:26,"First of all, your definition of a big game doesn't make much sence. And I fail to see how you've ended up with your list of ""big games"". It would for instance not include Spain as one of the top teams. Simply because they've only reached the semi-final once ever. They played a de facto thrid place playoff vs Sweden in 1950. But that was a second group stage, and no semi-final. And 20 years prior to your 1970 start date.  The same goes for Portugal, since 1970 they've only reached the semi-final once. In 2006. Their other semi-final was in 1966.  Secondly, the group stage of the world cup rarely has that many big clashes. Just look at the group stages in the past four World Cups.  2022: Spain vs Germany, Belgium vs Croatia.  2018: Spain vs Portugal, Croatia vs Argentina (?), England vs Belgium.  2014: Netherlands vs Spain, Italy vs England, Germany vs Portugal.  While 2010 pretty much only had Brazil vs Portugal.",5
2026-04-16 16:21:44,"expanded tournament means more games and no group of death.   However, that France v Senegal matchup in Group I could be an all-time classic.",2
2026-04-16 20:52:23,"The group stages will be utter dross. There are 10-15 teams who have no business being at a world cup and we have to play 72 games to get them out, then another round to eliminate the teams who would have been eliminated at the group stage last time out. Then it might get interesting if the players have any energy left",3
2026-04-16 21:22:48,"Race for extra UCL spot with the conclusion of QFs. Germany get a huge boost this week after Bayern and Friburg won 4/4 vs Madrid &amp; Celta, spain remain slightly more favorable I would say it’s a 55-45% between spain and germany, Portugal has a non zero chance if praga win 3/3 of their matches and both german and Spanish clubs lose all their games  The calculation is that each club get 2 point for winning a match, 1 from draw and 0 for losing, you also get 1.5-0.5 points bonus if you reach the final depending on which competition you’re in, so the maximum points a club can earn from now is 7.5-6.5, you then divide that number over the number of the club’s given association that started the season with, for example if praga win all their games that’s 7/5=1.4 , so the maximum points portgual can get is 20.100+01.400=21.500",458
2026-04-16 21:22:49,"**This is a stats thread. Remember that there's only one stat post allowed per match/team, so new stats about the same will be removed. Feel free to comment other stats as a reply to this comment so users can see them too!**   *I am a bot, and this action was performed automatically. Please [contact the moderators of this subreddit](/message/compose/?to=/r/soccer) if you have any questions or concerns.*",2
2026-04-16 21:24:47,It was fun while it lasted. I genuinely believed all 3 portuguese teams would go through. But football is about margins... and bars... and portuguese teams seem to like hitting bars 💀,69
2026-04-16 21:25:27,Gracias Strasbourg,19
2026-04-16 21:25:50,I was really hoping Mainz could hold on and Rayo would lose to AEK.   I'm really rooting for Freiburg to somehow win the Europa League!,30
2026-04-16 21:29:08,"Idk what exactly Portugal are doing, but Italy should look into it and take some inspiration. Their NT is also much better than Italy’s.",49
2026-04-16 21:38:11,"For us, Internazionale, it's probably better if Germany get the 5th spot.  With Hoffenheim in free fall, 5 teams for Germany means that Leverkusen would be in the UEFA Champions League next season.. And looking at the team ranking: https://kassiesa.net/uefa/data/method5/trank2026.html in pot1 as well  UCL 2026/27 POT1: Bayern, Real Madrid, Liverpool, Internazionale, Paris, City, Arsenal, Barcelona and Leverkusen..  It's clear that, among our potentially opponents, one of them is two levels below and would be much more beatable..",20
2026-04-16 21:40:05,Portugal is on the brink of elimination. They will be out of the running with any of the following:  * Braga loss or draw in either leg  * Atletico Madrid win or draw in either leg * Rayo Vallecano win or draw in either leg * Bayern Munich win in either leg * Bayern Munich draw in both legs,27
2026-04-16 21:48:41,"French clubs have been so bad that even if PSG and Strasbourg each win a European cup, we're still far behind.",9
2026-04-16 21:48:43,"The spanish clubs aren't the favourites in their semi-finals ties, while Bayern is the favourite to win the Champions league altogether, according to betting companies. All the semis are tight, but i reckon Germany will be a slight favourite to take over Spain, 60-40 maybe.",24
2026-04-16 21:59:56,"It's quite amusing that Shamrock Rovers likely cost Portugal extra CL spot, even few extra points from Santa Clara would have been the difference",93
2026-04-16 22:02:20,Okay Atleti time to win the CL,15
2026-04-16 22:36:30,I can't believe I'm saying this but  Is Portugal underrated?,21
2026-04-16 22:52:35,"I hate Atléti so much and I want Arsenal over them, but for these points I'm gonna have to do some devilish behavior",14
2026-04-16 22:54:10,Netherlands not even in the top 10 is crazy,63
2026-04-17 00:28:22,Pretty crazy that a UCL semifinal win is counted the same as a conference league semifinal,10
2026-04-17 18:50:17,"Group placement and avoiding powerhouse teams in subsequent rounds One of the most interesting takes on the expanded World Cup that I have noticed and wonder about is how teams will view their group placement and the opponents in subsequent rounds. I’ve complied a list of groups where we can have unique scenarios on the final day of group matches.  We’ll start off the list with teams who may not be giving any thought to the matter and we’ll end the list with teams who may want to reconsider where they place.  *Disclosure: These scenarios only matter if the teams in question are positioned well enough to advance as top two prior to the final day of group stage matches.*  **Group F**  🇳🇱 Netherlands  🇯🇵 Japan  🇸🇪 Sweden  🇹🇳 Tunisia  The top teams of Group F and Group C will face each other in the Round of 32. On the final day of group matches, Group F will know beforehand who they face in the next round depending where they place.  This can play out uniquely on the final day of group F matches if a team wants to avoid a certain Group C team (like 🇧🇷Braz**i**l **o**r 🇲🇦Morocco)  **Group B**  🇨🇦 Canada  🇧🇦 Bosnia  🇶🇦 Qatar  🇨🇭 Switzerland  Placing first grants an easier Ro32 opponent (3rd best), but there is a strong possibility of facing 🇵**🇹P**ortugal in the Round of 16, which in many circles is considered a semi-finalist team.  Placing second grants a tough road, but not an impossible one, against a Ro32 Group A opponent and a Ro16 Group C or F opponent.  This could all be an unconcerning matter for a team like **Canada** because finishing first grants them home advantage.  **Group E**  🇩🇪 Germany  🇨🇼 Curaçao  🇨🇮 Ivory Coast  🇪🇨 Ecuador  Placing first grants an easier Ro32 opponent (3rd best), but there is a strong possibility of facing 🇫🇷France in the Ro16, which many people list as favorites to lift the trophy.  Placing second grants a tough road against a Ro32 Group 2I opponent and a Ro16 opponent from Group C or F.  Teams in Group E may reconsider finishing first as to avoid a team like **France** in the Ro16 and hedge their bets against the likes of 2I teams in the Ro32 (likely 🇸**🇳**Seneg**a**l or 🇳🇴Norway)  **Group J**  🇦🇷 Argentina  🇩🇿 Algeria  🇦🇹 Austria  🇯🇴 Jordan  The top teams of Group H and Group J will face each other in the Ro32. On the final day of group stage matches, Group J teams will know beforehand who they face in the next round depending where they place.  For example if 🇪🇸Spain, who is considered one of the favorites, finishes second in their group, we can see a scenario where Group J teams would reconsider finishing first and therefore play their last group games to try and finish second.  **TLDR:**  A unique final day of Group F matches where teams will want to avoid certain Group C teams in the Ro32.  A unique final day of Group B matches where teams will want to avoid a path toward Portugal in the Ro16.  A unique final day of Group E matches where teams will want to avoid a path toward France in the Ro16.  A unique final day of Group J matches where teams will want to avoid a second placed Spain in the Ro32.",49
2026-04-17 18:50:18,"Hello! Thanks for your submission to r/worldcup, your post is up and running!  A general reminder to check out our rules in the sidebar, have fun, and most of all to be civil.  Finally, take a closer look at [this post](https://www.reddit.com/r/worldcup/comments/z2v46l/announcement_quick_reminder_of_our_most_important/) regarding our civility rules and reddiquette because we would like for each and everyone to feel welcome on the subreddit and to keep a healthy and safe environment for the community.  Please also make sure to [Join us on Discord](https://discord.gg/football)  Thank you!  - - -   *I am a bot, and this action was performed automatically. Please [contact the moderators of this subreddit](/message/compose/?to=/r/worldcup) if you have any questions or concerns.*",2
2026-04-17 19:10:13,I don't think teams think like this.  It's more embarrassing to lose intentionally than to lose unintentionally.  Its most embarrassing to lose intentionally then lose in the next round.,6
2026-04-17 19:23:06,"No player at a World Cup goes into a game with a plan to lose or draw, these are professional athletes",15
2026-04-18 01:00:42,"As a Swiss I don't like facing Portugal as they are one of our bogey teams, kicking us out last WC and in the Semi Final of Nations League.  But what better moment to beat them than in a WC match?! Our players will gladly take the challenge on.",5
2026-04-18 01:25:15,&gt;Here are the countries that Elo likes better than Fifa  New Zealand is the only country not to lose against Norway last year too,2
2026-04-18 09:47:05,A lot of these teams will be confident they can compete with any team along the way amyway,2
2026-04-18 18:51:25,"Match Thread: Atlético Madrid vs. Real Sociedad | Copa del Rey # [](#sprite1-p76) **Atlético Madrid** [2 - 2](#bar-3-white) **Real Sociedad** [](#sprite1-p237)  *Atlético scorers: Ademola Lookman (19'), Julián Álvarez (83')*  *Real Sociedad scorers: Ander Barrenetxea (1'), Mikel Oyarzabal (45+1' pen.)*  ------  **Venue:** Estadio de la Cartuja, Seville, Spain  **Referee:** Javier Alberola Rojas  -----  [](#sprite1-p76) **Atlético Madrid:**  [Starting XI](#bar-11-white)|[Notes](#bar-8-white)|[Subs](#bar-10-white)|[Notes](#bar-6-white) -----|-----|-----|-----  [](#sprite6-p7) Juan Musso|[](#icon-yellow) 43'|[](#sprite6-p157) Jan Oblak [](#sprite6-p7) Nahuel Molina|[](#icon-down) 78' |[](#sprite6-p161) Javier Boñar [](#sprite6-p161) Marc Pubill| |[](#sprite6-p60) Clément Lenglet|[](#icon-up) 99' [](#sprite6-p161) Robin Le Normand|[](#icon-yellow) 33' |[](#sprite6-p184) Johnny Cardoso|[](#icon-up) 78' [](#sprite6-p82) Matteo Ruggeri|[](#icon-down) 62' |[](#sprite6-p161) Pablo Barrios [](#sprite6-p7) Giuliano Simeone|[](#icon-down) 70'|[](#sprite6-p112) Obed Vargas [](#sprite6-p161) Marcos Llorente|[](#icon-down) 99' |[](#sprite6-p161) Álex Baena|[](#icon-up) 70' [](#sprite6-p161) Koke| |[](#sprite6-p7) Nicolás González|[](#icon-up) 62' [](#sprite6-p128) Ademola Lookman|[](#icon-ball-big) 19' [](#icon-down) 62'|[](#sprite6-p7) Thiago Almada|[](#icon-up) 70' [](#sprite6-p60) Antoine Griezmann|[](#icon-down) 70' |[](#sprite6-p161)  Rodrigo Mendoza [](#sprite6-p7) Julián Álvarez|[](#icon-ball-big) 83' |[](#sprite6-p129) Alexander Sørloth |[](#icon-up) 62'  **Manager:** Diego Simeone (Argentina)  ------------  [](#sprite1-p237) **Real Sociedad:**  [Starting XI](#bar-11-white)|[Notes](#bar-8-white)|[Subs](#bar-10-white)|[Notes](#bar-6-white) -----|-----|-----|----- [](#sprite6-p161) Unai Marrero| |[](#sprite6-p161) Álex Remiro [](#sprite6-p189) Jon Aramburu|[](#icon-down) 113' |[](#sprite6-p161) Luken Beitia [](#sprite6-p161) Jon Martin| |[](#sprite6-p161) Aihen Muñoz|[](#icon-up) 78' [](#sprite6-p43) Duje Caleta-Car| |[](#sprite6-p161) Aritz Elustondo|[](#icon-up) 113' [](#icon-yellow) 120+1' [](#sprite6-p161) Sergio Gómez|[](#icon-down) 88'|[](#sprite6-p24) Wesley [](#sprite6-p161) Beñat Turrientes|[](#icon-down) 68' |[](#sprite6-p189) Yangel Herrera [](#sprite6-p161) Carlos Soler| |[](#sprite6-p161) Jon Gorrotxategi|[](#icon-up) 68' [](#icon-yellow) 120' [](#sprite6-p161) Ander Barrenetxea|[](#icon-ball-big) 1' [](#icon-down) 68'|[](#sprite6-p161) Pablo Marín|[](#icon-up) 68' [](#sprite6-p43) Luka Sučić| |[](#sprite6-p84) Takefusa Kubo|[](#icon-up) 88' [](#sprite6-p139) Gonçalo Guedes|[](#icon-down) 78'|[](#sprite6-p161) Brais Méndez [](#sprite6-p161) Mikel Oyarzabal|[](#icon-yellow) 31' [](#icon-ball-big) 45+1' [](#icon-down) 78'|[](#sprite6-p75) Orri Óskarsson|[](#icon-up) 78'  **Manager:** Pellegrino Matarazzo (United States)  ------------  [](#icon-net-big) **MATCH EVENTS**  1': We're off!  1': [](#icon-ball-big) **GOAL REAL SOCIEDAD!! What just happened?? *Ander Barrenetxea* somehow just scored in 15 seconds!! A cross into the box by Guedes, Barrenetxea somehow jumps over Ruggeri and puts it in off the back of his head! How??**  4': SAVE! Atlético takes a free kick right at goal but Marrero punches it away.  17': Barrenetxea with a shot from distance, but Musso knocks it down and claims it.  19': [](#icon-ball-big) **GOAL ATLETI!! Great linkup play, the cross is dummied by Caleta-Car over to *Ademola Lookman* who puts it into the far side!**  24': Guedes with a shot that looked like it went it but it took a deflection and only rippled the side netting.  31': [](#icon-yellow) *Mikel Oyarzabal* steps on Le Normand's foot  33': [](#icon-yellow) *Robin Le Normand* trips Barrenetxea on the edge of the box  37': Guedes is forced wide by Molina, he tries to shoot but puts it high of the near post.  43': [](#icon-yellow) PENALTY FOR REAL SOCIEDAD!! *Juan Musso* runs out to punch out the ball, misses it completely and punches Guedes in the face with both fists!  45+1': [](#icon-ball-big) **GOAL REAL SOCIEDAD! *Mikel Oyarzabal* scores the penalty eaisly!**  **HT Atlético Madrid 1-2 Real Sociedad** Exciting game! Great goal from Lookman but Atleti started and ended the half with disaster  -----  46': We're back!  48': Griezmann with a chance but he puts it in the air.  60': Great run and pass by Llorente, but Lookman gets the cross and hits it into the air.  62': [](#icon-sub) Atlético double sub: *Nicolás González and Alexander Sørloth* on for *Ademola Lookman and Matteo Ruggeri*  63': Álvarez fires low from distance, it takes a deflection and rolls safely into Marrero's hands.  68': [](#icon-sub) Real Sociedad double sub: *Pablo Marín and Jon Gorronxategi* on for *Beñat Turrientes and Ander Barrenetxea*  70': [](#icon-sub) Atlético double sub: *Thiago Almada and Álex Baena* on for *Antoine Griezmann and Giuliano Simeone*  78': [](#icon-sub) Real Sociedad double sub: *Orri Óskarsson and Aihen Muñoz* on for *Gonçalo Guedes and Mikel Oyarzabal*  78': [](#icon-sub) Atlético substitution: *Johnny Cardoso* on for *Nahuel Molina*  83': [](#icon-ball-big) **GOAL ATLETI!!! It's a beautiful passing sequence, *Julián Álvarez* with a great touch to find space and then belts it from the edge of the box into the near side! Marrero left flat-footed!**  87': WHAT A MISS! Baena with a big miss right in front of goal, it's a tricky bouncing ball and he puts it over the net from close range!  88': [](#icon-sub) Real Sociedad substitution: *Takefusa Kubo* on for *Sergio Gómez*  90': Big chance for Sørloth but he heads it wide!  90+1': HUGE MISS! Cardoso gets an incisive pass and just has to beat the keeper but he puts it wide. Keeper may have gotten a touch to it but it wasn't on target anyway  90+5': Llorente takes the free kick through a host of bodies, keeper rooted to the spot and it rolls just wide! And there's the whistle!  **FT Atlético Madrid 2-2 Real Sociedad** We're going to extra time!  -----  91': We're back again!  98': DOUBLE SAVE!!! Sučić gets a shot on target, Musso makes the save but makes a bad mistake, giving it right to Óskarsson but Óskarsson doesn't place it well and Musso is able to get back to keep out the shot!  99': [](#icon-sub) Atlético substitution: *Clément Lenglet* on for *Marcos Llorente*  100': Álvarez with a beautiful-looking shot but it bounces off the top far corner of the woodwork!  113': [](#icon-sub) Real Sociedad substitution: *Aritz Elustondo* on for *Jon Arumburu*  119': Another header from Sørloth goes wide.  120': [](#icon-yellow) *Jon Gorrotxategi* fouls Almada  120+1': [](#icon-yellow) *Aritz Elustondo* carded for delaying the throw-in  **AET Atlético Madrid 2-2 Real Sociedad** Penalties!  -------  [](#icon-red-ball-big)  Atlético... IS SAVED! Sørloth's shot is kept out by Marrero! Atlético Madrid 0-0 Real Sociedad  [](#icon-ball-big) Real Sociedad.... SCORES! Carlos Soler puts it past Musso's fingertips. Atlético Madrid 0-1 Real Sociedad  [](#icon-red-ball-big)  Atlético... IS SAVED! Julián Álvarez doesn't beat the keeper, Marrero is two for two. Atlético Madrid 0-1 Real Sociedad  [](#icon-red-ball-big)  Real Sociedad... IS SAVED! Orri Óskarsson gives away where he's going and Musso makes the save. Atlético Madrid 0-1 Real Sociedad  [](#icon-ball-big) Atlético... SCORES! Nico González sends the keeper the wrong way and scores. Atlético Madrid 1-1 Real Sociedad  [](#icon-ball-big) Real Sociedad.... SCORES! Sučić sends Musso the wrong way. Atlético Madrid 1-2 Real Sociedad  [](#icon-ball-big) Atlético... SCORES! Thiago Almada sends the keeper the wrong way. Atlético Madrid 2-2 Real Sociedad  [](#icon-ball-big) Real Sociedad... SCORES! Aihen Muñoz sends the keeper the wrong way and sweeps it in. Atlético Madrid 2-3 Real Sociedad  [](#icon-ball-big) Atlético... SCORES! Álex Baena sends the keeper the wrong way and slots it in low. Atlético Madrid 3-3 Real Sociedad  [](#icon-ball-big) Real Sociedad... SCORES! Marín puts it in over the keeper! They win! Atlético Madrid 3-4 Real Sociedad  **AET Atlético Madrid 2-2 Real Sociedad [3-4 on pens]** Real Sociedad are the champs!",1442
2026-04-18 19:04:23,Of course the same keeper who turned into Prime Buffon against us 4 times immediately makes a blunder the first game afterwards. Absolutely classic stuff lol.,8
2026-04-18 19:47:42,Imagine absolutely punching the hell out of your opponent and then deciding to go yell at him as if he dived   Clown,11
2026-04-18 19:49:42,del FC Barsociedad desde chiquitito,8
2026-04-18 19:56:47,"Is Atleti the most inconsistent team in the world?   Feels only they get motivated as the underdog and get motivated against Barca, Real Madrid even CITY  But then struggle against most teams. They scored the tie and sat back instead of attacking more.  Real Sociedad are doing great but their defense is weak",8
2026-04-18 20:28:17,"Why does he always sub out Lookman first, he's been their best attacker for months",14
2026-04-18 20:32:34,watching Atleti chase a game is really funny,8
2026-04-18 20:38:54,Cameraman caught Oyarzabal at the worst possible second,8
2026-04-18 20:39:43,I'll never hate on real sociedad again for taking points off barca if they can hold off this scum club,8
2026-04-18 20:51:50,La Real needs to hold on until ET. Maybe Atletico runs out of energy considering their midweek fixture.,11
2026-04-18 20:52:00,Baena vive en un country...,9
2026-04-18 21:08:26,Gassed Atleti vs gassed Arsenal in 10 days.,10
2026-04-18 21:16:06,Alvarez is just an unbelievable player. Seems mad to me that Atletico are being priced as heavy underdogs against Arsenal when they have by far the best player in the tie.,10
2026-04-18 21:17:49,Baena must have money on this game going to penalties,8
2026-04-18 21:48:27,some poor pens so far,9
2026-04-18 21:48:32,Forwards taking such terrible pens is embarrassing,9
2026-04-18 21:48:36,Oskarsonn most predictable miss lol,10
2026-04-18 21:48:41,oskarson to the surprise of nobody,8
2026-04-18 21:53:05,Even as a neutral pen shoot outs raise my heart rate like crazy.,16
2026-04-18 21:53:55,Simeone has lost so many finals hahahahahahahahahahaha,8
2026-04-18 21:54:03,Atletico are bottlers lmaooo,7
2026-04-18 21:54:07,HAHAHAHAHAHHAHAHHAHAHAHHAHAHAHHAHAH,8
2026-04-18 21:54:07,JAJAJAJAJA PUTA ATLETICO VAMOS LA REAL,8
2026-04-18 21:54:08,"Post-Match Thread: Atlético Madrid 2-2 Real Sociedad [3-4 on pens] | Copa del Rey # [](#sprite1-p76) **Atlético Madrid** [2 - 2](#bar-3-white) **Real Sociedad** [](#sprite1-p237)  *Atlético scorers: Ademola Lookman (19'), Julián Álvarez (83')*  *Real Sociedad scorers: Ander Barrenetxea (1'), Mikel Oyarzabal (45+1' pen.)*  ------  **Venue:** Estadio de la Cartuja, Seville, Spain  **Referee:** Javier Alberola Rojas  -----  [](#sprite1-p76) **Atlético Madrid:**  [Starting XI](#bar-11-white)|[Notes](#bar-8-white)|[Subs](#bar-10-white)|[Notes](#bar-6-white) -----|-----|-----|-----  [](#sprite6-p7) Juan Musso|[](#icon-yellow) 43'|[](#sprite6-p157) Jan Oblak [](#sprite6-p7) Nahuel Molina|[](#icon-down) 78' |[](#sprite6-p161) Javier Boñar [](#sprite6-p161) Marc Pubill| |[](#sprite6-p60) Clément Lenglet|[](#icon-up) 99' [](#sprite6-p161) Robin Le Normand|[](#icon-yellow) 33' |[](#sprite6-p184) Johnny Cardoso|[](#icon-up) 78' [](#sprite6-p82) Matteo Ruggeri|[](#icon-down) 62' |[](#sprite6-p161) Pablo Barrios [](#sprite6-p7) Giuliano Simeone|[](#icon-down) 70'|[](#sprite6-p112) Obed Vargas [](#sprite6-p161) Marcos Llorente|[](#icon-down) 99' |[](#sprite6-p161) Álex Baena|[](#icon-up) 70' [](#sprite6-p161) Koke| |[](#sprite6-p7) Nicolás González|[](#icon-up) 62' [](#sprite6-p128) Ademola Lookman|[](#icon-ball-big) 19' [](#icon-down) 62'|[](#sprite6-p7) Thiago Almada|[](#icon-up) 70' [](#sprite6-p60) Antoine Griezmann|[](#icon-down) 70' |[](#sprite6-p161)  Rodrigo Mendoza [](#sprite6-p7) Julián Álvarez|[](#icon-ball-big) 83' |[](#sprite6-p129) Alexander Sørloth |[](#icon-up) 62'  **Manager:** Diego Simeone (Argentina)  ------------  [](#sprite1-p237) **Real Sociedad:**  [Starting XI](#bar-11-white)|[Notes](#bar-8-white)|[Subs](#bar-10-white)|[Notes](#bar-6-white) -----|-----|-----|----- [](#sprite6-p161) Unai Marrero| |[](#sprite6-p161) Álex Remiro [](#sprite6-p189) Jon Aramburu|[](#icon-down) 113' |[](#sprite6-p161) Luken Beitia [](#sprite6-p161) Jon Martin| |[](#sprite6-p161) Aihen Muñoz|[](#icon-up) 78' [](#sprite6-p43) Duje Caleta-Car| |[](#sprite6-p161) Aritz Elustondo|[](#icon-up) 113' [](#icon-yellow) 120+1' [](#sprite6-p161) Sergio Gómez|[](#icon-down) 88'|[](#sprite6-p24) Wesley [](#sprite6-p161) Beñat Turrientes|[](#icon-down) 68' |[](#sprite6-p189) Yangel Herrera [](#sprite6-p161) Carlos Soler| |[](#sprite6-p161) Jon Gorrotxategi|[](#icon-up) 68' [](#icon-yellow) 120' [](#sprite6-p161) Ander Barrenetxea|[](#icon-ball-big) 1' [](#icon-down) 68'|[](#sprite6-p161) Pablo Marín|[](#icon-up) 68' [](#sprite6-p43) Luka Sučić| |[](#sprite6-p84) Takefusa Kubo|[](#icon-up) 88' [](#sprite6-p139) Gonçalo Guedes|[](#icon-down) 78'|[](#sprite6-p161) Brais Méndez [](#sprite6-p161) Mikel Oyarzabal|[](#icon-yellow) 31' [](#icon-ball-big) 45+1' [](#icon-down) 78'|[](#sprite6-p75) Orri Óskarsson|[](#icon-up) 78'  **Manager:** Pellegrino Matarazzo (United States)  ------------  [](#icon-net-big) **MATCH EVENTS**  1': We're off!  1': [](#icon-ball-big) **GOAL REAL SOCIEDAD!! What just happened?? *Ander Barrenetxea* somehow just scored in 15 seconds!! A cross into the box by Guedes, Barrenetxea somehow jumps over Ruggeri and puts it in off the back of his head! How??**  4': SAVE! Atlético takes a free kick right at goal but Marrero punches it away.  17': Barrenetxea with a shot from distance, but Musso knocks it down and claims it.  19': [](#icon-ball-big) **GOAL ATLETI!! Great linkup play, the cross is dummied by Caleta-Car over to *Ademola Lookman* who puts it into the far side!**  24': Guedes with a shot that looked like it went it but it took a deflection and only rippled the side netting.  31': [](#icon-yellow) *Mikel Oyarzabal* steps on Le Normand's foot  33': [](#icon-yellow) *Robin Le Normand* trips Barrenetxea on the edge of the box  37': Guedes is forced wide by Molina, he tries to shoot but puts it high of the near post.  43': [](#icon-yellow) PENALTY FOR REAL SOCIEDAD!! *Juan Musso* runs out to punch out the ball, misses it completely and punches Guedes in the face with both fists!  45+1': [](#icon-ball-big) **GOAL REAL SOCIEDAD! *Mikel Oyarzabal* scores the penalty eaisly!**  **HT Atlético Madrid 1-2 Real Sociedad** Exciting game! Great goal from Lookman but Atleti started and ended the half with disaster  -----  46': We're back!  48': Griezmann with a chance but he puts it in the air.  60': Great run and pass by Llorente, but Lookman gets the cross and hits it into the air.  62': [](#icon-sub) Atlético double sub: *Nicolás González and Alexander Sørloth* on for *Ademola Lookman and Matteo Ruggeri*  63': Álvarez fires low from distance, it takes a deflection and rolls safely into Marrero's hands.  68': [](#icon-sub) Real Sociedad double sub: *Pablo Marín and Jon Gorronxategi* on for *Beñat Turrientes and Ander Barrenetxea*  70': [](#icon-sub) Atlético double sub: *Thiago Almada and Álex Baena* on for *Antoine Griezmann and Giuliano Simeone*  78': [](#icon-sub) Real Sociedad double sub: *Orri Óskarsson and Aihen Muñoz* on for *Gonçalo Guedes and Mikel Oyarzabal*  78': [](#icon-sub) Atlético substitution: *Johnny Cardoso* on for *Nahuel Molina*  83': [](#icon-ball-big) **GOAL ATLETI!!! It's a beautiful passing sequence, *Julián Álvarez* with a great touch to find space and then belts it from the edge of the box into the near side! Marrero left flat-footed!**  87': WHAT A MISS! Baena with a big miss right in front of goal, it's a tricky bouncing ball and he puts it over the net from close range!  88': [](#icon-sub) Real Sociedad substitution: *Takefusa Kubo* on for *Sergio Gómez*  90': Big chance for Sørloth but he heads it wide!  90+1': HUGE MISS! Cardoso gets an incisive pass and just has to beat the keeper but he puts it wide. Keeper may have gotten a touch to it but it wasn't on target anyway  90+5': Llorente takes the free kick through a host of bodies, keeper rooted to the spot and it rolls just wide! And there's the whistle!  **FT Atlético Madrid 2-2 Real Sociedad** We're going to extra time!  -----  91': We're back again!  98': DOUBLE SAVE!!! Sučić gets a shot on target, Musso makes the save but makes a bad mistake, giving it right to Óskarsson but Óskarsson doesn't place it well and Musso is able to get back to keep out the shot!  99': [](#icon-sub) Atlético substitution: *Clément Lenglet* on for *Marcos Llorente*  100': Álvarez with a beautiful-looking shot but it bounces off the top far corner of the woodwork!  113': [](#icon-sub) Real Sociedad substitution: *Aritz Elustondo* on for *Jon Arumburu*  119': Another header from Sørloth goes wide.  120': [](#icon-yellow) *Jon Gorrotxategi* fouls Almada  120+1': [](#icon-yellow) *Aritz Elustondo* carded for delaying the throw-in  **AET Atlético Madrid 2-2 Real Sociedad** Penalties!  -------  [](#icon-red-ball-big)  Atlético... IS SAVED! Sørloth's shot is kept out by Marrero! Atlético Madrid 0-0 Real Sociedad  [](#icon-ball-big) Real Sociedad.... SCORES! Carlos Soler puts it past Musso's fingertips. Atlético Madrid 0-1 Real Sociedad  [](#icon-red-ball-big)  Atlético... IS SAVED! Julián Álvarez doesn't beat the keeper, Marrero is two for two. Atlético Madrid 0-1 Real Sociedad  [](#icon-red-ball-big)  Real Sociedad... IS SAVED! Orri Óskarsson gives away where he's going and Musso makes the save. Atlético Madrid 0-1 Real Sociedad  [](#icon-ball-big) Atlético... SCORES! Nico González sends the keeper the wrong way and scores. Atlético Madrid 1-1 Real Sociedad  [](#icon-ball-big) Real Sociedad.... SCORES! Sučić sends Musso the wrong way. Atlético Madrid 1-2 Real Sociedad  [](#icon-ball-big) Atlético... SCORES! Thiago Almada sends the keeper the wrong way. Atlético Madrid 2-2 Real Sociedad  [](#icon-ball-big) Real Sociedad... SCORES! Aihen Muñoz sends the keeper the wrong way and sweeps it in. Atlético Madrid 2-3 Real Sociedad  [](#icon-ball-big) Atlético... SCORES! Álex Baena sends the keeper the wrong way and slots it in low. Atlético Madrid 3-3 Real Sociedad  [](#icon-ball-big) Real Sociedad... SCORES! Marín puts it in over the keeper! They win! Atlético Madrid 3-4 Real Sociedad  **AET Atlético Madrid 2-2 Real Sociedad [3-4 on pens]** Real Sociedad are the champs!",1234
2026-04-18 21:54:08,So so deserved. They played their hearts out,9
2026-04-18 21:54:13,Merriro goat,9
2026-04-18 21:54:18,Hahahaha fuck offf Atlético fuck I ffffff,10
2026-04-18 21:54:20,[Great Hatewatch],193
2026-04-18 21:54:32,GET FUCKED ATLETI,11
2026-04-18 21:54:35,VAMOOOOOS SUCK IT CHOLOOOOO,15
2026-04-18 21:54:38,Love a sassy keeper backing that shit up in shootouts,33
2026-04-18 21:54:38,This feels so good. Thanks Real Sociedad,14
2026-04-18 21:54:39,Beat us 4-0 for nothing btw,79
2026-04-18 21:54:45,ATLETICO ARE PENALTY BOTTLERS  Well done Real Sociedad!,32
2026-04-18 21:54:49,Counter-terrorists win!,15
2026-04-18 21:54:51,hatewatch completed!  REAL SOCIEDAD\*\*\*\*\* my beloved!,34
2026-04-18 21:55:04,Pen bottlers yet again,7
2026-04-18 21:55:05,Missed the spirit of the game 😭,8
2026-04-18 21:55:06,"Their last trophy was during covid, if I'm not mistaken. Must feel great to win in front of the fans this time.",12
2026-04-18 21:55:07,Who would have expected both strikers to miss.,10
2026-04-18 21:55:08,"Well deserved , those cheaters don’t deserve shit",9
2026-04-18 21:55:10,Pffffft Atletico 😭😭😭😭 Masters of the fumble ball,8
2026-04-18 21:55:11,SHOW ME CHOLO CRYING,17
2026-04-18 21:55:13,Every time Atleti knock Barca out of a competition they lose the final🤷‍♂️,131
2026-04-18 21:55:23,LOL Atletico,9
2026-04-18 21:55:24,Fuck Atlético,8
2026-04-18 21:55:26,Patético de Madrid jajajajajajajajajaja,14
2026-04-18 21:56:00,"Griezmann is actually going to leave Atléti without winning La Liga or the Copa del Rey with them, crazy.",187
2026-04-18 21:56:04,Today and tomorrow I feel Sociedadian!   Let's gooo.,40
2026-04-18 21:56:07,Barca fans are celebrating this more than Real Sociedad fans lmao,139
2026-04-18 21:56:07,Barcelona did for this,10
2026-04-18 21:56:14,No Kovacs no party!,34
2026-04-18 21:56:33,This title was the one they really needed and easiest. But I guess Atleti for your title of “beating Barca”,11
2026-04-18 21:56:46,Real Sociedad wins the spanish cup 2025-2026  Zorionak Txuri-Urdin.  I only can imagine how my mom is feeling on the stadium tonight.,8
2026-04-18 21:56:51,giuliano tears &gt;&gt;&gt;&gt;&gt;,8
2026-04-18 21:56:52,Karma is real ggs.,12
2026-04-18 21:57:01,"Congrats to La Real, second Copa in the space of a few years. Must be amazing for them especially after a rough season in the league.  And thank you, this definitely made the weekend better.",30
2026-04-18 21:57:21,We really got an American coach winning a European trophy before GTA VI and The Winds of Winter.,45
2026-04-18 21:57:52,they spend millions and still don't win shit,64
2026-04-18 21:58:02,The atletico madrid players are looking at Arsenal with anger in their eyes.,7
2026-04-18 21:58:05,"Noise pollution is going to be so bad, thanks Atléti you useless shits",26
2026-04-18 21:58:12,Congrats La Real.  Felt a lot of the pens were pretty weak. Low and middle-ish. Then Marin absolutely smashes his winner.  It’s wild comparing this final‘s end to the chaos of last years final.,41
2026-04-18 21:58:56,How much has Simeone spent these last 2 transfers windows?,37
2026-04-18 21:59:16,Griezmann. Atletico. Losing finals. Perfect.,9
2026-04-18 21:59:28,successful hate watch biggest penalty bottlers ever,14
2026-04-18 21:59:42,Football has won today. So glad to see Guedes with another Copa del Rey added to his trophy cabinet.,30
2026-04-18 21:59:50,Campeones Real Sociedad! Ole Ole Ole,27
2026-04-18 22:00:34,Atletico last reached the CdR final in 12/13  They are comfortably the 3rd best team in Spain and Simeone in the best paid manager in the top 5 leagues  Teams that have won it since then:  Barcelona x6  Real Madrid x2  Real Sociedad x2  Athletic Bilbao  Real Betis  Valencia*,57
2026-04-18 22:01:18,"MARRERO I LOVE YOU RAAAAAAAA  Holy fuck this match killed me, the stress! We were so close but that 2-2 destroyed me, thankfully we clutched in the pens, I really wasn't optimistic about them without the GOAT Oyarzabal, but damn the gang did it.  So happy to be able to celebrate with you mates another cup after the one from a few years ago.   Bless the team, gratz to all the fellow Real Sociedad enjoyers, and well played to Atletico, what a match.",117
2026-04-18 22:01:21,"The best that Cholo Simeone can give you after letting him spend 475 million Euros is 4th place and 22 points from 1st place in La Liga, a fluke UCL semifinal, and a Copa del Rey loss against Real Sociedad.   His last trophy was during the pandemic in the 2020-21 season. He's always been a fraud with PR like ""he's the best Atletico can hope for"" lmao",37
2026-04-18 22:03:15,"It looked like this sub loved atleti and respected Simeone a lot after the Barça win, i guess its back to the usual now",29
2026-04-18 22:06:21,Yessssssssssss !!!!,53
2026-04-18 22:07:49,Atleti should have rested its players in the midweek hahahahahahahahahah,39
2026-04-18 22:08:19,"Fun game for a neutral , both teams were missing chances and real sociedad aren't built for setting deep  Unlucky for simeone to lose another title by pens  Marrero was great was catching all of atleticos crosses  Should've subbed giuliano earlier he offered nothing , lookman was doing great i don't understand subbing him out , alvarez is just class a joy to watch",27
2026-04-18 22:10:47,Justice has been done for Barca. Beautiful hate watch,10
2026-04-18 22:13:54,"Cholo Simeone on a fraud watch... Oh wait, he's already been there for years.",43
2026-04-18 22:15:27,this team getting us excited all week only to concede the earliest goal in Copa final history is genuinely hilarious ngl. I'm experiencing my joker moment,35
2026-04-18 22:17:23,"""Que es esto? Un partido importante donde soy favorito? Lo puedo perder?""   Diego Simeone, (2006-)",64
2026-04-18 22:18:57,"Satisfying hatewatch, kinda surprising they didn’t dive for a red sometime during the match",67
2026-04-18 22:24:22,"Btw Cholo was taking the piss with his substitutions, Lookman was by far the most dangerous player on the pitch and Griezmann was doing a decent job feeding him only for both to be yanked",36
2026-04-18 22:38:44,"Cholo told us to go to sleep, but forgot to set his own alarm to wake up.",93
2026-04-18 22:40:47,Atleti are such a sad side to watch when they are not the underdog in a match because now they are expected to do something with the ball,83
2026-04-18 22:46:18,"2 copas in the last 5 years, massive respect!!!",30
2026-04-18 23:01:06,"Arsenal vs Atletico Madrid got more interesting, the battle of the bottlers",39
2026-04-18 23:13:40,"Atletico reminds me of Inter of last season, knocked out Barca but gone trophyless at the end.",76
2026-04-19 00:03:00,"A tale as old as time. Atleti give it all against Real Madrid and Barcelona even atronger teams in CL.  But they feel uncomfortable when they’re favorites and prefer being underdogs  Julian, Griezmann deserve better",52
2026-04-19 05:02:46,Love this for Simeone 👌 Be favorites and play some football yourself challenge: Impossible,36
2026-04-19 10:48:09,"Aleksandr Kerzhakov: ""Russia is isolated from top-flight football and it affects us a lot."" Following the war in Ukraine in 2022, the Russian national team, like the country’s clubs, has been excluded from official international competitions. Kerzhakov agrees that Russian football is being severely affected by this situation.  “We can’t compete with the best teams in Europe. Foreign players of the same caliber as before are no longer coming to the Russian league. We’re simply cut off from top-level football,” says Aleksandr.  In the current situation, the Russian national team, led by Valeri Karpin who played in Spain for many years has no choice but to play friendly matches. And sometimes against some rather exotic opponents, such as Nicaragua, Grenada, or Brunei.  “I think everyone realizes that there are too many matches against opponents who aren’t the strongest. Although last fall Russia played against Peru, Bolivia, and Chile. We lost to Chile (0-2) and tied with Peru (1-1). But these teams haven’t qualified for the 2026 World Cup. It seems to me that this proves once again that isolation negatively affects the level of Russian football.”  Kerzhakov believes that, under these circumstances, “it is necessary to improve the training of youth coaches and enhance the quality of young players.” He also advises Russian football players to try their luck in other leagues, as Arsen Zakharyan has done, who plays for Real Sociedad.  “If you have the chance to leave and there’s interest in you, you should go for it. I speak from personal experience. You might not get a second chance to play abroad. And that’s an incredible experience and a memory that will last a lifetime.”  Spaniards in Russia  Among the coaches he has had throughout his professional career, the former forward singles out Luciano Spalletti. Aleksandr played under the Italian coach at Zenit.  “Spalletti brought a quality that I, as a seasoned player, was able to appreciate. I’m referring to his training methods, his tactical approach, and the way he treated the players.”  Political Sphere  Aleksandr has currently put his coaching career on hold. He serves as the special representative of the governor of St. Petersburg for sports affairs.  “Naturally, after having been on the sidelines, it’s hard to shift gears. Here I’m taking on a somewhat different role. But I like it. It’s an opportunity to help St. Petersburg develop sports. Although football is still very much a part of my life: I still go to the stadiums and watch games at home. If an offer comes in from a good club, we’ll consider it.”",25
2026-04-19 10:48:10,"**This is a quotes thread. Remember that there's only one quotes post allowed per interview/press conference, so new quotes with the same origin will be removed. Feel free to comment other quotes/the whole interview as a reply to this comment so users can see them too!**   *I am a bot, and this action was performed automatically. Please [contact the moderators of this subreddit](/message/compose/?to=/r/soccer) if you have any questions or concerns.*",2
2026-04-19 11:02:00,[Oh no. How sad.](https://www.youtube.com/watch?v=XdofmoYcJNE),18
2026-04-19 11:14:39,How unfortunate isn't it,30
2026-04-19 11:19:11,Good,9
2026-04-19 11:36:34,Eat a dick. Putin turning off the internet and VPNs will be the last time russia will watch any good football,1
2026-04-19 11:41:44,Oh no. Anyway,9
2026-04-19 12:16:52,"There’s one way to resolve this, go ahead",5
2026-04-19 12:47:40,I wondered how far another certain country could go with their adventures and still not get banned from sporting activities.  The hypocrisy is silly but…yeah.,7
2026-04-20 22:55:12,Do you really expect the group stages to have big games? 🫩,3
2026-04-20 23:36:28,Tbh teams with a proper City core won't be sweating these paths since they're used to winning it all anyway mate. It's more about the winning mentality than the draw fr.,2
2026-04-21 10:05:15,"honestly mate, the group stages are always a bit of a mixed bag, but as long as we've got the city core of foden and stonesy running the show for england i'm not worried about the quality of football tbh.",2
2026-04-21 17:06:52,"Proper detailed breakdown of the paths mate, but honestly it's all irrelevant if you've got a generational talent like Kobbie Mainoo holding the midfield together. He's the only reason I'm not totally dreading the tournament tbh.",3
2026-04-22 07:59:48,"[OC] Every nation to ever medal in Women's Olympic Football (1996-2024) A few notes:  1. Women's Olympic football is a full senior tournament.  2. Only 8 nations have ever medaled, and only 4 have ever won Gold.  3. Every single nation that has won Gold has also won Bronze, and vise versa. No exceptions.  4. If a country has won Silver, they have never won any other color (except for the USA).  5. No nation has ever won the World Cup and the Olympic Gold medal in back-to-back years.  6. Canada is the only nation to have won Olympic Gold but never a World Cup.  7. Spain is the only Women's World Cup champion to have never won an Olympic medal.  8. Unlike the World Cup where they play as separate nations (England, Scotland, etc.), they can only compete as Great Britain at the Olympics.",27
2026-04-22 07:59:50,"**The OP has marked this post as Original Content (OC). If you think it is a great contribution, upvote this comment so we add it to the Star Posts collection of the subreddit!**  *I am a bot, and this action was performed automatically. Please [contact the moderators of this subreddit](/message/compose/?to=/r/soccer) if you have any questions or concerns.*",2
2026-04-22 08:18:19,Spain winning the world cup and then a year later not even reaching the podium in the Olympics was absolutely heartbreaking,3
2026-04-22 08:22:13,So bronze medals don’t exist?,1
2026-04-22 12:18:41,Did the coast of Norway win a silver medal?,1
2026-04-22 18:39:13,"I believe Canada's the only country to have won Olympic gold in both the men's and women's tournaments, which makes for a fun pub quiz factoid.",2
2026-04-22 18:50:20,"Match Thread: Bournemouth vs. Leeds United | Premier League # [](#sprite1-p218) **Bournemouth** [2 - 2](#bar-3-white) **Leeds United** [](#sprite1-p27)  *Bournemouth scorers: Eli Junior Kroupi (60'), Rayan (86')*  *Leeds scorers: James Hill OG (68'), Sean Longstaff (90+7')*  -----  **Venue:** Vitality Stadium, Bournemouth, England  **Referee:** Michael Salisbury  -----  [](#sprite1-p218) **Bournemouth:**  [Starting XI](#bar-11-white)|[Notes](#bar-7-white)|[Subs](#bar-10-white)|[Notes](#bar-6-white) -----|-----|-----|-----  [](#sprite6-p152) Đorđe Petrović| |[](#sprite6-p66) Christos Mandas [](#sprite6-p161) Álex Jiménez|[](#icon-yellow) 41' |[](#sprite6-p222) Adam Smith  [](#sprite6-p222) James Hill|[](#icon-red-ball-big) 68' |[](#sprite6-p60) Bafodé Diakité [](#sprite6-p7) Marcos Senesi| |[](#sprite6-p223) Ben Gannon-Doak [](#sprite6-p60) Adrien Truffert| |[](#sprite6-p184) Tyler Adams|[](#icon-up) 73' [](#sprite6-p222) Alex Scott| |[](#sprite6-p74) Alex Tóth|[](#icon-up) 90' [](#sprite6-p223) Ryan Christie|[](#icon-down) 73' |[](#sprite6-p24) Rayan|[](#icon-up) 67' [](#icon-ball-big) 86' [](#sprite6-p224) David Brooks|[](#icon-down) 67' |[](#sprite6-p118) Amine Adli|[](#icon-up) 73' [](#sprite6-p60) Eli Junior Kroupi|[](#icon-yellow) 25' [](#icon-ball-big) 60' [](#icon-down) 73'|[](#sprite6-p177) Enes Ünal  [](#sprite6-p222) Marcus Tavernier|[](#icon-down) 90' | | [](#sprite6-p24) Evanilson|[](#icon-yellow) 90+5' | |  **Manager:** Andoni Iraola (Spain)  ------------  [](#sprite1-p27) **Leeds United:**  [Starting XI](#bar-11-white)|[Notes](#bar-7-white)|[Subs](#bar-10-white)|[Notes](#bar-6-white) -----|-----|-----|----- [](#sprite6-p224) Karl Darlow| |[](#sprite6-p24) Lucas Perri [](#sprite6-p222) James Justin| |[](#sprite6-p224) Joe Rodon|[](#icon-up) 46' [](#sprite6-p157) Jaka Bijol|[](#icon-down) 64' |[](#sprite6-p17) Sebastiaan Bornauw [](#sprite6-p124) Pascal Struijk| |[](#sprite6-p222) Sean Longstaff|[](#icon-up) 84' [](#icon-ball-big) 90+7' [](#sprite6-p222) Jayden Bogle|[](#icon-down) 46' |[](#sprite6-p224) Daniel James [](#sprite6-p224) Ethan Ampadu| |[](#sprite6-p7) Facundo Buonanotte [](#sprite6-p84) Ao Tanaka|[](#icon-down) 89' |[](#sprite6-p82) Wilfried Gnonto|[](#icon-up)  64' [](#sprite6-p166) Gabriel Gudmundsson| |[](#sprite6-p124) Joël Piroe|[](#icon-up) 89' [](#sprite6-p184) Brenden Aaronson|[](#icon-down) 84' |[](#sprite6-p64) Lukas Nmecha |[](#icon-up) 64' [](#sprite6-p167) Noah Okafor|[](#icon-down) 64' | | [](#sprite6-p222) Dominic Calvert-Lewin| | |  **Manager:** Daniel Farke (Germany)  ------------  [](#icon-net-big) **MATCH EVENTS**  1': We're off!  10': Chance for Evanilson but his scissor kick goes wide across face of goal  25': [](#icon-yellow) *Eli Junior Kroupi* with a really ugly tackle on Ampadu, dumb, nowhere near necessary, it was outside the Leeds box of all things  32': Truffert with a rare shot on target in this game but it's right at Darlow for an easy save. Leeds doing nothing offensively so far, but shutting down Bournemouth very well  37': Aaronson makes some space inside the box and shoots but Petrović is down in time to save it.  41': [](#icon-yellow) *Álex Jiménez* commits a foul right on the edge of the box, dangerously close to a penalty  42': Ao Tanaka takes one of the worst free kicks I can remember.  43': What a save!! Darlow somehow denies Tavernier with a shot that must go in, kept it out with his trailing leg  **HT Bournemouth 0-0 Leeds United** Started out very slow, some excitement started to happen at the end but no goals yet  -----  46': [](#icon-sub) Leeds substitution: *Joe Rodon* on for *Jayden Bogle*  46': We're back!  51': Bournemouth demanding a penalty kick after Brooks goes down, but the ref and VAR deem contact too soft to call  55': Kroupi gets a glancing touch right in front of goal but not enough to take it away from Darlow, also probably offside  60': [](#icon-ball-big) **GOAL BOURNEMOUTH!! A pass from Senesi springs *Eli Junior Kroupi* behind the backline and he beats the keeper one-on-one!**  63': Oh my goodness! Leeds nearly equalize immediately, Okafor nicks the ball off the defense, chips it over the keeper, but it dinks off the far post!!  64': [](#icon-sub) Leeds double sub: *Wilfried Gnonto and Lukas Nmecha* on for *Jaka Bijol and Noah Okafor*  65': Jiménez goes down in the box under pressure for Gudmundsson, again the ref says it's too soft for a penalty  66': Nmecha tries a turning shot from inside the box but puts it high.  67': [](#icon-sub) Bournemouth substitution: *Rayan* on for *David Brooks*  68': [](#icon-ball-big) **GOAL LEEDS!! A long throw in the box, there's chaos in the box, a cross comes in from Gnonto and deflects off the heel of *James Hill* for an own goal!**  73': [](#icon-sub) Bournemouth double sub: *Tyler Adams and Amine Adli* on for *Eli Junior Kroupi and Ryan Christie*  75': SAVE! Rayan's shot denied at the near post by Darlow, Scott tries to get the rebound but Tanaka makes an excellent clearance  77': Frenetic Bournemouth passing gets a chance to Scott but he doesn't have the power or placement, right at Darlow.  81': SAVE! Evanilson looks in on goal but Darlow makes a perfect tackle to take it away from him.  84': [](#icon-sub) Leeds substitution: *Sean Longstaff* on for *Brenden Aaronson*  86': [](#icon-ball-big) **GOAL BOURNEMOUTH!! A great cross by Adams put in at the back post by *Rayan*!!**  88': A great header by Senesi but it only hits the bar!  89': [](#icon-sub) Leeds substitution: *Joël Piroe* on for *Ao Tanaka*  90': [](#icon-sub) Bournemouth substitution: *Alex Tóth* on for *Marcus Tavernier*  90+1': Goal Bournemouth! Senesi finds Evanilson who muscles past his defender and hits the net! Except... no, VAR says offside! By the tiniest margin!   90+3': Nmecha should win it here but he puts it just wide! What an acrobatic shot but it only clips the outside of the post!  90+5': [](#icon-yellow) *Evanilson* booked for a ""petulant"" challenge  90+7': [](#icon-ball-big) **GOAL LEEDS!! Off the long throw again, Bournemouth deflect it up in the air and *Sean Longstaff* hits an epic volley into the net!**  **FT Bournemouth 2-2 Leeds United** What an exciting second half! And a controversial ending sees it tied at the end.",206
2026-04-22 18:58:46,Leeds go level with Newcastle if they win. Didn’t realise Newcastle were *that* bad this season.,8
2026-04-22 19:25:12,Well that wasn’t a very pretty challenge,4
2026-04-22 19:27:20,Reminds me of Brentford Fulham match last week in that this is incredibly boring so far,4
2026-04-22 19:29:01,feel like our plan has been to make this boring and so far its working because my god,3
2026-04-22 19:29:35,"Leeds playing for a draw, which makes sense I guess. Bournemouth looking dangerous on counters but Leeds holding up defensively so far",3
2026-04-22 19:37:52,"Honestly if football players are going to wear those shitty little plastic pads that only just conform to what the rules say count as shin guards, then they should get a straight red for complaining about their shins hurting after a challenge.",6
2026-04-22 19:43:36,that one little bit of skill from aaronson aside we've been utter dogshit on the ball so far,3
2026-04-22 19:43:52,I wonder if Darlow will ever be replaced properly by a keeper Leeds buy or if he'll just remain eternal.,3
2026-04-22 19:44:20,Only the real ones are watching this match instead,3
2026-04-22 19:44:54,"Darlow has been very rock solid for Leeds since they replaced Perri with him as no.1 GK, didn't expect that. Don't really remember a bad game from him aside from Arsenal",5
2026-04-22 19:46:40,Atmosphere of an old couples bedroom over at the vitality stadium,6
2026-04-22 20:10:02,Nah nothing in that.,3
2026-04-22 20:15:42,"bournemouth play some lovely stuff, i hope iraola doesnt go to a team i dislike",4
2026-04-22 20:19:12,Fucking finally.,3
2026-04-22 20:19:20,"That goal was coming for a long time, Leeds players look really tired",4
2026-04-22 20:20:14,Yeah okay fair play Senesi,3
2026-04-22 20:20:44,“Will he be a Bournemouth player at the end of the season” jeez can they have this moment at least,5
2026-04-22 20:21:50,How did Okafor not score that,3
2026-04-22 20:23:33,"It's a physical sport, nowt in that, well done ref",3
2026-04-22 20:25:12,Leeds have come to life since they conceded. Feels like another goal is coming in this game.  Edit: Lol that was fast.,3
2026-04-22 20:27:17,WILLY IS MASSIVE,4
2026-04-22 20:27:41,Thank you Gnonto!,3
2026-04-22 20:27:45,"they all count one whoever ugly they are, but thats proper jammy",3
2026-04-22 20:28:49,"Been getting a bit lucky as our defenders have been at the right place at the right time, so quite fitting that it was the opposite that ended uo having us concede. Second Hill own goal this year I believe.",3
2026-04-22 20:39:17,I’m so bored of Evanilson,3
2026-04-22 20:44:58,That feels quite preventable,3
2026-04-22 20:50:41,"Fair play, honestly. Haven't been many games where we were properly outplayed but this was one of them   Edit: lmao get fucked",9
2026-04-22 20:51:16,Feels wrong coz it’s  bollox.,5
2026-04-22 20:51:20,"I know that’s good and all but that’s the absolute worst of VAR, who wants that ruled off apart from nerd losers ?",9
2026-04-22 20:51:40,"In a sport where you can’t use your arms, how can an arm even be offside? What an incredibly dumb rule",4
2026-04-22 20:52:26,Offside by his sleeve! Quite unlucky for Evanilson and then Leeds came marching down and almost scored.,8
2026-04-22 20:54:46,Get in Sean lad,5
2026-04-22 20:55:30,Damn.,3
2026-04-22 20:55:38,Scenes!,3
2026-04-22 20:56:52,"Bit robbed there but, you know.  lol.",10
2026-04-22 20:56:52,Great match,6
2026-04-22 20:56:52,"Poor Bournemouth, reckon they still clutch Europe.",5
2026-04-22 20:56:52,Absolute cinema,4
2026-04-22 20:57:35,"absolutely robbery that we're getting something from this game lol. been absolutely battered all half, and i dont think we could have complained too much if piroe was given offside there (even though i dont think the keeper is saving it)  longstaff loves a goal against bournemouth",7
2026-04-22 20:57:54,"Post-Match Thread: Bournemouth 2-2 Leeds United | Premier League # [](#sprite1-p218) **Bournemouth** [2 - 2](#bar-3-white) **Leeds United** [](#sprite1-p27)  *Bournemouth scorers: Eli Junior Kroupi (60'), Rayan (86')*  *Leeds scorers: James Hill OG (68'), Sean Longstaff (90+7')*  -----  **Venue:** Vitality Stadium, Bournemouth, England  **Referee:** Michael Salisbury  -----  [](#sprite1-p218) **Bournemouth:**  [Starting XI](#bar-11-white)|[Notes](#bar-7-white)|[Subs](#bar-10-white)|[Notes](#bar-6-white) -----|-----|-----|-----  [](#sprite6-p152) Đorđe Petrović| |[](#sprite6-p66) Christos Mandas [](#sprite6-p161) Álex Jiménez|[](#icon-yellow) 41' |[](#sprite6-p222) Adam Smith  [](#sprite6-p222) James Hill|[](#icon-red-ball-big) 68' |[](#sprite6-p60) Bafodé Diakité [](#sprite6-p7) Marcos Senesi| |[](#sprite6-p223) Ben Gannon-Doak [](#sprite6-p60) Adrien Truffert| |[](#sprite6-p184) Tyler Adams|[](#icon-up) 73' [](#sprite6-p222) Alex Scott| |[](#sprite6-p74) Alex Tóth|[](#icon-up) 90' [](#sprite6-p223) Ryan Christie|[](#icon-down) 73' |[](#sprite6-p24) Rayan|[](#icon-up) 67' [](#icon-ball-big) 86' [](#sprite6-p224) David Brooks|[](#icon-down) 67' |[](#sprite6-p118) Amine Adli|[](#icon-up) 73' [](#sprite6-p60) Eli Junior Kroupi|[](#icon-yellow) 25' [](#icon-ball-big) 60' [](#icon-down) 73'|[](#sprite6-p177) Enes Ünal  [](#sprite6-p222) Marcus Tavernier|[](#icon-down) 90' | | [](#sprite6-p24) Evanilson|[](#icon-yellow) 90+5' | |  **Manager:** Andoni Iraola (Spain)  ------------  [](#sprite1-p27) **Leeds United:**  [Starting XI](#bar-11-white)|[Notes](#bar-7-white)|[Subs](#bar-10-white)|[Notes](#bar-6-white) -----|-----|-----|----- [](#sprite6-p224) Karl Darlow| |[](#sprite6-p24) Lucas Perri [](#sprite6-p222) James Justin| |[](#sprite6-p224) Joe Rodon|[](#icon-up) 46' [](#sprite6-p157) Jaka Bijol|[](#icon-down) 64' |[](#sprite6-p17) Sebastiaan Bornauw [](#sprite6-p124) Pascal Struijk| |[](#sprite6-p222) Sean Longstaff|[](#icon-up) 84' [](#icon-ball-big) 90+7' [](#sprite6-p222) Jayden Bogle|[](#icon-down) 46' |[](#sprite6-p224) Daniel James [](#sprite6-p224) Ethan Ampadu| |[](#sprite6-p7) Facundo Buonanotte [](#sprite6-p84) Ao Tanaka|[](#icon-down) 89' |[](#sprite6-p82) Wilfried Gnonto|[](#icon-up)  64' [](#sprite6-p166) Gabriel Gudmundsson| |[](#sprite6-p124) Joël Piroe|[](#icon-up) 89' [](#sprite6-p184) Brenden Aaronson|[](#icon-down) 84' |[](#sprite6-p64) Lukas Nmecha |[](#icon-up) 64' [](#sprite6-p167) Noah Okafor|[](#icon-down) 64' | | [](#sprite6-p222) Dominic Calvert-Lewin| | |  **Manager:** Daniel Farke (Germany)  ------------  [](#icon-net-big) **MATCH EVENTS**  1': We're off!  10': Chance for Evanilson but his scissor kick goes wide across face of goal  25': [](#icon-yellow) *Eli Junior Kroupi* with a really ugly tackle on Ampadu, dumb, nowhere near necessary, it was outside the Leeds box of all things  32': Truffert with a rare shot on target in this game but it's right at Darlow for an easy save. Leeds doing nothing offensively so far, but shutting down Bournemouth very well  37': Aaronson makes some space inside the box and shoots but Petrović is down in time to save it.  41': [](#icon-yellow) *Álex Jiménez* commits a foul right on the edge of the box, dangerously close to a penalty  42': Ao Tanaka takes one of the worst free kicks I can remember.  43': What a save!! Darlow somehow denies Tavernier with a shot that must go in, kept it out with his trailing leg  **HT Bournemouth 0-0 Leeds United** Started out very slow, some excitement started to happen at the end but no goals yet  -----  46': [](#icon-sub) Leeds substitution: *Joe Rodon* on for *Jayden Bogle*  46': We're back!  51': Bournemouth demanding a penalty kick after Brooks goes down, but the ref and VAR deem contact too soft to call  55': Kroupi gets a glancing touch right in front of goal but not enough to take it away from Darlow, also probably offside  60': [](#icon-ball-big) **GOAL BOURNEMOUTH!! A pass from Senesi springs *Eli Junior Kroupi* behind the backline and he beats the keeper one-on-one!**  63': Oh my goodness! Leeds nearly equalize immediately, Okafor nicks the ball off the defense, chips it over the keeper, but it dinks off the far post!!  64': [](#icon-sub) Leeds double sub: *Wilfried Gnonto and Lukas Nmecha* on for *Jaka Bijol and Noah Okafor*  65': Jiménez goes down in the box under pressure for Gudmundsson, again the ref says it's too soft for a penalty  66': Nmecha tries a turning shot from inside the box but puts it high.  67': [](#icon-sub) Bournemouth substitution: *Rayan* on for *David Brooks*  68': [](#icon-ball-big) **GOAL LEEDS!! A long throw in the box, there's chaos in the box, a cross comes in from Gnonto and deflects off the heel of *James Hill* for an own goal!**  73': [](#icon-sub) Bournemouth double sub: *Tyler Adams and Amine Adli* on for *Eli Junior Kroupi and Ryan Christie*  75': SAVE! Rayan's shot denied at the near post by Darlow, Scott tries to get the rebound but Tanaka makes an excellent clearance  77': Frenetic Bournemouth passing gets a chance to Scott but he doesn't have the power or placement, right at Darlow.  81': SAVE! Evanilson looks in on goal but Darlow makes a perfect tackle to take it away from him.  84': [](#icon-sub) Leeds substitution: *Sean Longstaff* on for *Brenden Aaronson*  86': [](#icon-ball-big) **GOAL BOURNEMOUTH!! A great cross by Adams put in at the back post by *Rayan*!!**  88': A great header by Senesi but it only hits the bar!  89': [](#icon-sub) Leeds substitution: *Joël Piroe* on for *Ao Tanaka*  90': [](#icon-sub) Bournemouth substitution: *Alex Tóth* on for *Marcus Tavernier*  90+1': Goal Bournemouth! Senesi finds Evanilson who muscles past his defender and hits the net! Except... no, VAR says offside! By the tiniest margin!   90+3': Nmecha should win it here but he puts it just wide! What an acrobatic shot but it only clips the outside of the post!  90+5': [](#icon-yellow) *Evanilson* booked for a ""petulant"" challenge  90+7': [](#icon-ball-big) **GOAL LEEDS!! Off the long throw again, Bournemouth deflect it up in the air and *Sean Longstaff* hits an epic volley into the net!**  **FT Bournemouth 2-2 Leeds United** What an exciting second half! And a controversial ending sees it tied at the end and a vital point for Leeds",313
2026-04-22 20:58:37,Robbed.  But we were robbed in the first fixture so I'll sleep like a baby,49
2026-04-22 20:58:41,Leeds you beauties,16
2026-04-22 20:58:51,"VAR will call a sleeve offside but a guy standing right in front of the keeper blocking him is completely fine. 2 points stolen from Bournemouth, what a joke.  Respect to Leeds, but just atrocious refereeing… which is par for the course.",1
2026-04-22 20:59:02,"Excellent, very nice.",13
2026-04-22 20:59:10,Waaamp waaamp,7
2026-04-22 20:59:16,"What a bunch of whiny diving cunts, fuck off back to league 2 with your tinpot stadium and silent fans",11
2026-04-22 20:59:26,Great goal at the end. Leeds took their chances. Is what it is. 14 unbeaten lets go,19
2026-04-22 20:59:40,Evanilson offside on screen for about 5 seconds but looked onside? Sleeve was off?   Tough to concede so late after that,7
2026-04-22 20:59:40,Always rated leeds,6
2026-04-22 20:59:52,I was just looking at the table and it was 2-1 to all of a sudden leeds game ends in a draw,5
2026-04-22 21:00:07,Wtf just happened,6
2026-04-22 21:00:41,We are massive.,6
2026-04-22 21:00:42,Leeds are 9-points off of Bournemouth (10 off Europe) and 9-points clear of relegation.  Bravo Farke… in December they looked cooked.,27
2026-04-22 21:00:46,"feels like we proper robbed a point there, bournemouth were by far the better side second half  long throws OP though, lovely stuff",67
2026-04-22 21:01:05,AFC Drawmouth are back,47
2026-04-22 21:02:09,"Absolute highway robbery, but it is funny how many points Bournemouth have lost from losing positions this season.",15
2026-04-22 21:02:29,We've committed an absolute robbery there. 😁,16
2026-04-22 21:03:04,"Atleast, they're still unbeaten in 14 now.",8
2026-04-22 21:03:05,A well fought draw that could have gone either way. Fair result in the end. Trust me. No need to look at the highlights.,37
2026-04-22 21:03:31,"The 2 more drawiest teams draw, feels like the universe willed it to happen with those offside calls.",27
2026-04-22 21:03:58,completely undeserved but w/e,24
2026-04-22 21:08:53,My head would be on mars if I was a Bournemouth fan. I don't even know what to say,44
2026-04-22 21:09:54,Who’d have thought Bournemouth (16 draws) and Leeds (13 draws) would end in a draw,5
2026-04-22 21:12:08,"Props to B'Mouth. They were way above us, and we've fluked that point massively. Should have had 3 ourselves at Elland Road though, so the moral of the story is cooperation. We could have both been better off.",54
2026-04-22 21:13:10,"Good game, not a battering at all like some are suggesting",11
2026-04-22 21:32:37,Leeds have scored at least 2 goals in their last 4 games.,16
2026-04-22 21:35:17,Is Leeds mathematically safe now that they have 40 points?,21
2026-04-22 23:51:25,"Leeds were probably already avoiding relegation with 39, any points they rack up on top of that just keep the eyes even further strained on West Ham and Forest’s hopes to finish above Tottenham.",8
2026-04-23 06:16:05,"Stop saying that we're safe, if any team could go down from this position it's Leeds United",8
2026-04-25 13:29:45,"Early 2026 World Cup odds: Spain, England and France leading – but is there value elsewhere? Been looking at the early odds for the 2026 World Cup and it’s not too surprising to see Spain, England and France right at the top.  All three have strong depth and recent tournament consistency, so it makes sense.  That said, it feels like the market is already heavily pricing reputation this far out.  In past tournaments, the winner usually comes from the top group — but there’s often 1–2 teams just outside the favourites that shorten a lot closer to kickoff.  Curious what people think:  * Are Spain/England/France clear favourites already? * Any teams flying under the radar right now?",431
2026-04-25 13:29:45,"Hello! Thanks for your submission to r/worldcup, your post is up and running!  A general reminder to check out our rules in the sidebar, have fun, and most of all to be civil.  Finally, take a closer look at [this post](https://www.reddit.com/r/worldcup/comments/z2v46l/announcement_quick_reminder_of_our_most_important/) regarding our civility rules and reddiquette because we would like for each and everyone to feel welcome on the subreddit and to keep a healthy and safe environment for the community.  Please also make sure to [Join us on Discord](https://discord.gg/football)  Thank you!  - - -   *I am a bot, and this action was performed automatically. Please [contact the moderators of this subreddit](/message/compose/?to=/r/worldcup) if you have any questions or concerns.*",2
2026-04-25 13:34:48,Spain at +500 is the best value.,5
2026-04-25 13:38:25,England will melt in the sun like an iced lolly. Out in the QF.,7
2026-04-25 13:40:05,"80/1 on America, and I'm not ruling out fixing  Getting £80 from a quid certainly would make that disgrace easier to swallow",4
2026-04-25 13:45:32,"Portugal at 11/1 offers real value to me (B365). I don't think they're favourites, but you could make some decent money E/W on them making the final.  Norway at 25/1 also feels a little steep given their qualifying performance.   Switzerland have shown up in the last two Euros big time, so 80/1 also feels a touch harsh on them, but I can't realistically see the making it past the quarters at best.",8
2026-04-25 13:45:49,England?? LOL Every single WC their dreams are smashed.,13
2026-04-25 13:50:48,"Brazil, Germany and Argentina are the nations that have won the tournament the most that have actually qualified (sorry Italy), so reckon they need to be in the discussion. Almost certainly one of those three or the three you mentioned.",5
2026-04-25 13:56:16,"I'm playing with different kinds of combinations in a [bracket predictor](https://pitchside.app/play) to see what matchups look like and it seems like a France, Spain, Portugal combinations. Would love to see Portugal take it all.",4
2026-04-25 14:06:49,"I wouldn't rule England out but they shouldn't be top 3 in the betting. Germany are the value bet for me, though they've potentially got France in the last 16.",11
2026-04-25 14:08:20,England is an overhyped scam of a international team,4
2026-04-25 14:18:56,"I'd say Spain, Argentina, France and England are the favourites. Portugal and Brazil are outsiders. Germany are the only other team I could realistically see winning it.",11
2026-04-25 14:22:39,England? 😬🤣🤣🤣🤣🤣🤣🤣😂😂😂💸😂🤣🤣🤣🤣🤣,10
2026-04-25 14:51:45,"As an Italian, I’d say Argentina o Brasil, while France and Spain are overrated.",5
2026-04-25 14:52:03,I’m 42. This is the first World Cup in my lifetime that I have very little hope of Brazil taking it. Hopefully they prove me wrong though.,9
2026-04-25 15:32:48,Norway.,9
2026-04-25 15:36:15,"Japan fan here - this could be the year they finally emerge as the dark horse, but I don’t realistically know if they have it in them to go all the way. Everything about their program is based on incrementalism, the goal the organization says this year is quarterfinals at minimum, I think they have a chance to get to the semis tho with Kubo up top",10
2026-04-25 15:53:53,France &amp; Spain are in the form recently. England also have a stable growth curve (despite the friendly loss against Senegal). Portugal &amp; Germany are good contenders.   \- For the DARK HORSE: I'll be keeping an eye on Morocco (seeing them winning u-20 WC proved they got some talent).,6
2026-04-25 16:05:27,Incredible the euro bias here.,4
2026-04-25 16:11:06,"Well looking at the odds, other than Brazil the top teams are pretty much correct.  France, England, Spain, Argentina, Germany, Portugal and Netherland is the teams who you will expect have the greatest chance. But the outsiders seems surprisingly underrated.   Colombia and Morocco isn't top 10, while Switz and Croatia doesn't even make top 15 in the odds.  However, looking at it from a knockout round perspective.  Semi final spot 1: Is a fight between France, Germany, Netherland and second worst of Brazil and Morocco (most likely Brazil imo).   Obviously this lowers the chance for all those teams to advance.   Basically i expect 4 of the 8 top odds favourites to end up in this semi final path.   And any of them can get lucky and knock out the other tbh.  Semi final spot 2: Spain will face either Croatia or Colombia, while two of the easiest groups with Turkey and Belgium as favourites only will meet one of them in the quarter final.   This path opens up for a surprise as Spain never does well in the world cup (except that one time).   On the other hand it does give Spain a better chance than France.  Semi final spot 3: This is another outsider chance as Morocco (or Brazil), Japan and Norway will fight for the chance to meet England.   And yeah its impossible to guess which way this one will go.   But England probably has the highest chance of the 4 favourites to reach the semi final atm.  Semi final spot 4: This one is much clearer. Switz or Portugal will face Argentina.   Argentina is clear favourites here infront of Portugal imo.   Which means Portugal is probably overrated in the odds with how tough their path is.  So thats how i see the chance right now. But since we always gets surprises in the group stage some paths might change drastically and shift the difficulty after the group stages.",6
2026-04-25 18:35:44,Anyone outside of Spain/France/Germany/England/Brazil/Argentina would be a shock in my view. England are the only ones out of these not to win it this century.,7
2026-04-25 18:56:32,"As an England fan, I think there’s more chance of us getting knocked out earlier than expected than us winning the tournament. We had it good under Southgate and it wasn’t appreciated. The current team is stacked with good players but hasn’t got much of an identity or starting XI. Maybe they’ll grow into it but I’m not feeling the optimism this time.",11
2026-04-26 00:17:03,"Belgium is pretty solid. Of the outsiders, I like them a lot.",4
2026-04-26 01:32:55,Japan,5
2026-04-26 07:33:47,Actual value: Argentina. I'd put them a tier below these three but definitely a legit chance.  Shot in the dark value: Ecuador and Colombia,4
2026-04-26 09:09:46,"My dark horse picks are Japan, Colombia, Brazil, Morocco, and Norway. I expect at least 2 of these teams to go far into the tournament. Uruguay are decent, and I wouldn’t sleep on the Senegalese, or even Ghana either. People also forgetting about Germany and Portugal, it feels like whenever you think a country is about to stink up the world cup they tend to have a good tournament. This one could be really good, despite the controversy surrounding it.",5
2026-04-26 10:48:32,"Spain, France or Portugal will win.  Spain won the last Euros. France got to the final of the last World Cup. And Portugal have the best starting 11 on paper.",7
2026-04-26 13:27:27,Iran,7
2026-04-26 14:07:35,Kinda feel like we (England) end up as a favourite each year because so many England fans bet on us out of pure hope - the bookies shorten the odds (British ones at least) because if we actually did win it they’d go bankrupt. 😬   My guess is 🇪🇸/🇦🇷/🇫🇷 as three semifinalists and most likely to win in that order. 🇧🇷/ 🏴󠁧󠁢󠁥󠁮󠁧󠁿 the most likely to complete the final 4 but significantly less likely to actually go on and win it.  Maybe we grow into the tournament but right now struggling to see what our best XI or playing style will be.,7
2026-04-26 14:38:36,Netherlands always good value.,5
2026-04-26 15:43:46,Any South American teams or teams that have majority of their players based in very hot climates will do well  People are really underestimating how ferociously hot it will be in some games this summer. And the fact that 3 teams will go through in some groups will make for bizarre and unpredictable games in the groups  Expect slower and more boring games as well.   Also factor in the extra knockout game this year as well and it’s a longer tougher tournament.   If I was a betting man with £100 to blow I would stick £100 on Ecuador to make the QFs,9
2026-04-26 16:22:56,In no particular order:   Favorites: 🇪🇸🇫🇷 Strong contenders: 🇳🇱🇵🇹🇩🇪🏴󠁧󠁢󠁥󠁮󠁧󠁿🇧🇷🇦🇷 Dark horses: 🇳🇴🇧🇪🇲🇦🇯🇵🇸🇳🇭🇷,7
2026-04-26 19:58:57,I had Spain #1 before Yamal's injury😒,4
2026-04-26 20:49:01,France and England have the players but they still lack that elite tactical control you only get with a proper box midfield. Tbh as long as Rodri is fit and dictating the tempo from the base it's clear of everyone else mate,6
2026-04-27 05:16:03,"Japan and Norway stand out, but Norway might struggle with the climate.",4
2026-04-27 17:05:13,"England being favourites just means we'll inevitably bottle it tbh, we've seen this movie before. Just pray Mainoo doesn't get run into the ground by then or FC Hospital is gonna have a generational squad mate.",6
