timestamp,text,views
2026-04-01 05:02:05,"IRAQ has qualified for the FIFA World Cup 2026! Congratulations to the Iraqis! They have clinched their place in the tournament, by winning Inter-continental Play-off Path 2. They sealed their slot today with a 2-1 victory over Bolivia in the Final.   This marks only the second time ever that Iraq will participate in the World Cup; their first time was decades ago in 1986. Welcome back!     🇮🇶   ⚽️     Iraq will enter the World Cup in Group I, where they will play a very tricky set of matches against Norway, France, and Senegal.",4119
2026-04-01 05:02:17,الف مبروك 🇮🇶  It was a very long journey for you guys and inshallah it will be worth it in the tournament itself.,415
2026-04-01 05:02:33,Congratulations to Iraq!,46
2026-04-01 05:02:45,As a Turkish Guy I am so Happy for Iraq!!!,50
2026-04-01 05:02:49,Congratulations to the Lions of Mesopotamia,65
2026-04-01 05:03:10,"Average Arab team performance in any high pressure match   I am Arab before anyone thinks I mean this in a negative light, Mabrook Iraq",32
2026-04-01 05:03:11,Pure haram Arnieball you love to see it,284
2026-04-01 05:03:15,"As a Bosnian, congratulations to Iraq! ❤️",160
2026-04-01 05:03:17,And then there were 48,55
2026-04-01 05:03:30,That group will be brutal. Congratulations tho.,362
2026-04-01 05:03:38,"People can downplay Bolivia all they want, but they definitely pushed as much as they could",1360
2026-04-01 05:03:45,I'm in TEARS LET'S GOOOOOOO,29
2026-04-01 05:03:53,8th Arab team to qualify,30
2026-04-01 05:04:05,"This shit means so much to me I don't care if we get pummeled in group play. First appearance I've seen in my lifetime, and for so many Iraqis who've been displaced, lived through conflict etc etc. it's a beautiful moment of unity.",86
2026-04-01 05:04:21,Graham Arnold master-class.,79
2026-04-01 05:04:45,You have to feel for Bolivia. They were the only team playing really for large portions of the second half just couldn't find the breakthrough they neeeded.,51
2026-04-01 05:05:02,Arnold has now qualified Asian teams against South American teams in back to back World Cup playoffs. We’ve never been the same since Andrew Redmayne…,221
2026-04-01 05:06:18,"Heartbreaking loss… even our commentator’s crying.   This has been the best I’ve seen Bolivia play, and we finally have young prospects that are essential to the team. The future actually looks bright, but this one hurts right now.  Of course, congratulations to Iraq and good luck in that group, either of us would’ve needed it, lol.  Viva Bolivia 🇧🇴",714
2026-04-01 05:07:02,"So sad for Bolívia, but happy for Iraq. It's funny, in Brazil no one will be truly satisfied unless we win the WC, in Iraq, only qualifying it's a major milestone.   The things we take for granted...",47
2026-04-01 05:07:33,Their reward? The group of death,43
2026-04-01 05:16:36,"Iraq and Australia players holding arms, jumping together with a banner that says, ""shukran Arnie!""",90
2026-04-01 05:25:15,"As a 30 year old Iraqi I can't say enough how insane this is to me  The only thing that makes me sad is that my dad isn't here to see this.  I'm so proud of this national team, a group of shias, sunnis, Kurds, Arabs it's such a huge representation of what we can achieve together and look beyond our differences and instead focus on the similarities!  40 years of wait and these are the kind of joys this country so desperately needs!  Alhamdulillah for everything! We are going to the world cup!",263
2026-04-02 14:26:54,"Order of difficulty for the World Cup groups according to FIFA points I have prepared this using FIFA points.  |**Rank**|**Group**|**Average Points**|**Total Points**| |:-|:-|:-|:-| ||||| |**1**|**Group I** (France, Senegal, Norway, Iraq)|**1616.10**|6464.39| |**2**|**Group F** (Netherlands, Japan, Sweden, Tunisia)|**1604.03**|6416.12| |**3**|**Group D** (USA, Türkiye, Australia, Paraguay)|**1589.09**|6356.34| |**4**|**Group H** (Spain, Uruguay, Saudi Arabia, Cape Verde)|**1584.26**|6337.03| |**5**|**Group A** (Mexico, South Korea, Czechia, South Africa)|**1550.45**|6201.80| |**6**|**Group J** (Argentina, Austria, Algeria, Jordan)|**1530.99**|6123.97| |**7**|**Group E** (Germany, Ecuador, Ivory Coast, Curaçao)|**1513.20**|6052.78| |**8**|**Group G** (Belgium, Iran, Egypt, New Zealand)|**1498.71**|5994.82| |**9**|**Group B** (Switzerland, Canada, Qatar, Bosnia)|**1486.67**|5946.68| |**10**|**Group L** (England, Croatia, Panama, Ghana)|**1482.50**|5930.01| |**11**|**Group K** (Portugal, Colombia, DR Congo, Uzbekistan)|**1452.15**|5808.61| |**12**|**Group C** (Brazil, Morocco, Scotland, Haiti)|**1451.77**|5807.09|",73
2026-04-02 14:26:55,"**This is a stats thread. Remember that there's only one stat post allowed per match/team, so new stats about the same will be removed. Feel free to comment other stats as a reply to this comment so users can see them too!**   *I am a bot, and this action was performed automatically. Please [contact the moderators of this subreddit](/message/compose/?to=/r/soccer) if you have any questions or concerns.*",2
2026-04-02 14:30:30,Brazil getting grouped,7
2026-04-02 14:33:14,"Seems like the weakest team skews the difficulty of most groups.  E.g. number 3 is a group with no particular “strong” teams, all non-favorite average teams.",25
2026-04-02 14:36:04,I cannot wait for the USMNT crashout in the group stage.,12
2026-04-02 14:46:24,"kind of agrees with eye test as well, group I and F are the hardest looking ones on paper, especially with how strong Japan has been looking recently",3
2026-04-02 14:48:58,Would love to watch Scotland games. Too bad the tickets are ridiculous,2
2026-04-02 14:55:38,Iraqi kings carrying group I to be honest,2
2026-04-02 15:05:57,Scotland and Morocco are with Brazil again?? That should be interesting,2
2026-04-02 16:42:29,"No groups of death this year, I guess that's because of the increase of teams.  That being said, a lot of the groups are competitive, it's not certain who goes through.",2
2026-04-02 16:55:13,It’s about time fifa rankings get overhauled. Results from 3-4 years ago hell even 2 shouldn’t hold weight. So much can happen in 2 years,2
2026-04-02 17:34:05,ESPN has ranked France as the ones who will win the FIFA World Cup this year,913
2026-04-02 17:34:05,"Hello! Thanks for your submission to r/worldcup, your post is up and running!  A general reminder to check out our rules in the sidebar, have fun, and most of all to be civil.  Finally, take a closer look at [this post](https://www.reddit.com/r/worldcup/comments/z2v46l/announcement_quick_reminder_of_our_most_important/) regarding our civility rules and reddiquette because we would like for each and everyone to feel welcome on the subreddit and to keep a healthy and safe environment for the community.  Please also make sure to [Join us on Discord](https://discord.gg/football)  Thank you!  - - -   *I am a bot, and this action was performed automatically. Please [contact the moderators of this subreddit](/message/compose/?to=/r/worldcup) if you have any questions or concerns.*",2
2026-04-02 17:41:28,So does anyone paying attention.  France is at least going to become the third country to get to 3 straight World Cup Finals.,8
2026-04-02 18:10:54,France are the favourites on paper.  It's exceptionally unlikely they'll reach 3 finals in a row though. They are due a quarter final exit - can see Brazil or Portugal or Spain getting past them.,10
2026-04-02 18:28:57,I don’t like when we are favorites,16
2026-04-02 18:40:57,"France is a raging powerhouse and has been for years, Le Coq sportif!!!",9
2026-04-02 18:48:13,"The fact they got 3 alternate squads candidates of the trophy… Deschamps will truly have to manage the egos in the room, i think he has done well so far",9
2026-04-02 19:08:55,As a German I want it to be Germany of course but I think we are due for a Spanish WC… but I have dreamt that Japan wins it all so that’s what will happen,8
2026-04-02 19:33:06,"As a French I don't like these headlines, of course I want France to win but if we can avoid pressure and to attract the bad eye please. Nonetheless I still see Spain as one of the top contenders. PLus it would make classic headlines if they win ""LOS CONQUISTADORES""",10
2026-04-02 19:34:45,"Mbappé: “I'm a player who defends a little less than the others, and sometimes that can be a problem. It's true that I do it less, but I notice that when I do, it really makes a difference for the team. At Madrid, when I do it, you can tell that everyone else does it too.” Quote is at 37 minutes.  “I'm a player who defends a little less than the others, and sometimes that can be a problem. It's true that I do it less, but I notice that when I do, it really makes a difference for the team. At Madrid, when I do it, you can tell that everyone else does it too.” He added: “I get criticized for that, and it doesn't bother me, because it's constructive criticism.”  Mbappé recounted what he went through after missing the decisive penalty against Switzerland at Euro 2021. ""I wanted to quit the French national team. I realized that I had placed France very, very high on my list of priorities, but as soon as I missed, a lot of people started calling me a monkey and insulting me. And I asked myself: Are these the people I’m fighting for on the field?” He described his subsequent vacation as that of “a living dead man.” “I fell from a great height, because my first tournament with France was the 2018 World Cup—I won it, I was a kind of national hero, I was very young. And in the next tournament, you get that thrown in your face. It’s tough.” He went to the president of the French Federation and told him straight up: he didn’t want to play for France anymore. The response stopped him in his tracks. “Do you really think I’m going to let you walk out of this office?” he replied with a laugh.  There was also room for Gvardiol and that celebration that went viral. “It started in the first leg. It was on a counterattack; he tackled me and shouted ‘Yeah!’ I don’t forget things.” And for the 2022 World Cup, where he and Hakimi found themselves in a peculiar situation. ""We played Football Manager together and called each other every day. The further we got, the more we realized we might face each other. He’d tell me, ‘We’re going to make it,’ and I’d tell him, ‘So are we.’ But by the semifinals, there was no more ‘making it.’ We kept talking, but with a ‘hmmm’ in the air.”  The inside story of his driver's license   The lightheartedest moment came with the story of his driver's license, which earned him a “novice” designation, the French equivalent of the Spanish “L”—as a bonus that evening. Mbappé wanted to get it in Paris, but it was too complicated. In Madrid, they found a way to do it anonymously, in a sort of private session. Tchouaméni was quick to point out, with a touch of irony, the reason for passing: “He paid.” To make matters worse, the instructor was an Atlético fan. “When you drive well, he has to pass you,” Mbappé concluded.   He also admitted that one day he failed to park properly while being filmed in the Mini Cooper. “When they’re filming you, you get a little nervous.” To make matters worse, when he left the hotel there were 1,000 people there, a car blocked his exit, and everyone was filming him, trying to recognize him. He was wearing a cap so his emotions wouldn’t show.  He also had some words for Luis Enrique, whom he considers a good coach: “He’s a great coach. He truly speaks his mind. Unfortunately, I had him during my final year on my contract with PSG. And my last year was a roller coaster. I couldn’t really enjoy my time with him. I was sidelined for the first month. When I decided to leave, I barely played in the league during my final four months. I enjoyed it as a football fan and from a tactical standpoint. Because I’m a football lover. But in my situation at the time, I couldn’t truly enjoy it. He’s a coach who knows a lot about football,” he said.  Regarding PSG’s Champions League victory, months after his departure from the club, he added: “If I had left earlier and they had won, I think there would have been some resentment; but when I left, I felt like I’d reached the end of the book: seven years, I’d done it all, it no longer made sense to continue… I made it to the quarterfinals, semifinals, final… and besides, in my last year we played against Dortmund, we lost, but it’s a game that if you play it 500 times, you win 499.”  Kylian Mbappé has always admitted that Cristiano was one of his idols. In his interview with The Bridge, he places the Portuguese star on par with Zizou, the first legend he ever admired. “My first idol was Zidane, and Cristiano came later. As a forward, Cristiano has shown every possible variation. Because he has different styles and knows how to do everything.”  In the same interview, which lasts over an hour and twenty minutes, Mbappé revealed that he could have earned much more money if his father had handled his contracts. “My father never handled my contracts. Never. If he had taken care of that, I’d probably be earning completely absurd salaries today, but that’s not how we’ve done things.”  Among the many topics discussed are his friendship with Achraf, one of his closest friends today, the decision to represent a country. “Players should choose earlier. I was born in France and I’m French. This isn’t like a club dealing with a sports project,” and the exhaustion he feels from giving interviews.  Among the many topics discussed are his friendship with Achraf, one of his closest friends today, and the decision to represent a country. “Players should decide earlier. I was born in France and I’m French. This isn’t like a club dealing with a sports project,” and the exhaustion he feels from giving interviews.  “I’m tired of giving interviews. That’s why I don’t do them anymore. It’s like a boxing match with the journalist, a battle of wills. The journalist wants to get statements out of you that you don’t want to make, and you don’t want to say the things the journalist wants you to say. That’s why I don’t do them anymore,” he said.  The Real Madrid player was full of praise for Messi, with whom he shared a locker room for two seasons, and shared an anecdote from a training session with the Argentine star: “It’s crazy; he’s not like Neymar: he does everything right; let me tell you a story: we were doing finishing drills in Paris, Neymar and I were among the best, we scored six or seven out of ten, but he took nine shots and scored nine identical goals, all perfectly placed, and I looked at the goalkeeper as if to say, ‘Can’t you see?’, it’s unbelievable.”  Mbappé stated that the easiest position in football is centre back. According to the French international, 40-year-old forwards “are finished.” “The easiest position in football? In my opinion, it’s center back. You’re covered from all directions, and you can even play in a three-man defense. It’s the only position where you see 40-year-old players still playing in Europe, at top-tier clubs. A 40-year-old forward is finished.”",151
2026-04-02 19:34:45,"**Mirrors / Alternative Angles**     *I am a bot, and this action was performed automatically. Please [contact the moderators of this subreddit](/message/compose/?to=/r/soccer) if you have any questions or concerns.*",2
2026-04-02 19:37:23,he's hilarious ngl. strikes a mix between delusional and self-aware.,30
2026-04-02 19:38:52,&gt;a little less  🤨,21
2026-04-02 19:39:52,So many things to take from this interview and not just about football.,49
2026-04-02 19:40:42,Is that Tchoumeni ?,6
2026-04-02 19:40:48,Group stage exit confirmed,9
2026-04-02 19:45:24,"""Dictator"" Mbapp strikes again",27
2026-04-02 19:45:39,Just a tiny itty little bit less,73
2026-04-02 19:46:12,"His ""little less"" is ""considerably less"" than a 34 year old Messi by the way  Edit: may have exaggerated with ""considerably"" especially when both of them were utter shite defensively, but Messi still wins in defensive actions while at PSG. Stats don't lie. And it got worse by Mbappe when Messi left",1
2026-04-02 19:51:01,"The EA Sports one is the only one that matters, they’ve gotten it bang on in the last four world cups…  Predicted Spain 2010, Germany 2014, France 2018 and Argentina 2022. A really impressive run, curious to see if they hit the nail on the head again this year…",37
2026-04-02 19:52:23,Arbeloa: So does that mean you’ll defend more?   (Kylian laughs),49
2026-04-02 19:56:53,“I notice that when I help the team it makes a difference”,44
2026-04-02 20:16:25,"OP thanks for posting and transcribing.   In a time where footballers are most vulnerable to public scrutiny due to social networks and media, more and more it strikes me as ridiculous how people hate stars like Mbappe, Vinícius, Lamine and others beyond sporting rivalry",6
2026-04-02 20:22:47,"They have one of, if not the strongest squad in the tournament, saying they will win is hardly controversial",24
2026-04-02 20:22:57,"When you think about it, they have a ballon d’or and he is not even the star of the team.",9
2026-04-02 20:38:05,"Olise, Dembele, and Mbappe attack is insane",22
2026-04-02 20:53:35,Jesus christ is this r/mbappe today,3
2026-04-02 21:17:18,Honestly hoping an African or Asian team wins for once. I'd like a 3rd continent to have the honors of winning that title.   For Africa I'm guessing Cape Verde or DR Congo.   For Asia I'm guessing Japan.,8
2026-04-02 21:21:12,He's probably the player with the best mentality. I hope he reach even higher,8
2026-04-02 21:51:07,At least Kylian Mbappé is self-aware 😅,3
2026-04-02 22:33:18,"And when we go trophyless again, his teammates will be blamed, because ""hE ScOrEs gOaLs"".",2
2026-04-02 22:36:44,Why 'The Bridge'?,1
2026-04-02 22:42:58,What the fuck happened to the World Cup all these cup stage games are more ass than ever before.,2
2026-04-02 23:29:09,I think if you put france’s secondary squad on this list it would be top 5 also. lol they are just to stacked. I know it’s not all about superstars but they are a very scary looking team.,12
2026-04-03 00:04:51,"Before this most recent international window, England was the second fav behind Spain from a betting perspective. Now, France seems to be second in most of the books (and rightfully so), but England is still too high.  Germany seems like a good value at 11/1 .. undoubtedly as before every World Cup injuries the next 5-6 weeks are going to move things around.",5
2026-04-03 00:33:53,Spain,12
2026-04-03 03:14:52,Honestly this list is absurd.,8
2026-04-03 03:23:58,I hope this will relaunch Freedom Fries.   Such great memories.,14
2026-04-03 03:53:06,Argentina at 7 is crazy.,16
2026-04-03 06:05:55,"It feels like France or Spain to me right now. France have a great squad, a manager who knows international football like the back of his hand and have been to the last two finals. Spain though were so good at Euro 2024, unplayable at times. If they get to anywhere near that level and Yamal gets rolling, they’ll be hard to stop.   Argentina and England I’d had on the second level down, Messi and Kane are such a big part of their squads but if they stay fit, they could definitely win it.   Anyone else would be a surprise.",25
2026-04-03 07:26:51,France could get into trouble if Norway leave them in second place.,13
2026-04-03 09:19:38,&gt;because I'm a soccer lover    I'm going to pretend he said those exact words in English,3
2026-04-03 10:19:45,Dont sleep on portugal even tho I live in spain,6
2026-04-03 12:08:57,Of course! France or Spain are the champions!,10
2026-04-03 12:20:26,ESPN makes zero effort to learn anything about the game.,11
2026-04-03 13:22:56,just like every world cup,12
2026-04-03 15:45:54,"This list is weird  Rating Brazil so high despite having their worst qualifiers in a long time (maybe even ever)  Argentina being below Portugal and England despite the fact they really don’t seem to have skipped a beat in performance.  To me it’s a three way race between Spain, France and Argentina",17
2026-04-03 19:24:35,"[Sky] Alessandro Del Piero: “The first time we missed the World Cup was a shock, the second was a nightmare, and the third is becoming too embarrassing to justify.” Alessandro Del Piero’s full interview from the latest episode of Sky Sport Unplugged: “The first time we missed the World Cup was a shock, the second was a nightmare, and the third is becoming too embarrassing to justify. Our opponents were studying us, and today we’re falling short of our own standards. But it’s during crises that we Italians draw on our energy, creativity, and ingenuity. We need to set pride aside: what’s needed is humility, a willingness to take risks, and hard work.”  What is your analysis of this moment? Where can we start over? And what remains now, after missing the World Cup for the third time in a row?  ""What has been felt over these past few days is a lot of negative emotion, from sadness to anger, to disappointment and disbelief. I often speak about Italian football abroad and, obviously, about the national team as well. We were an enormous powerhouse, and to find ourselves without the World Cup for a third time is incredible. The first time in 2018 was a shock; the second time you think, 'this is a nightmare'; by the third time, it starts to become embarrassing to justify. So, this is the situation we are living in today, and I say this regardless of who is to blame, whether it is just one person or several. I think there are many complex situations converging toward this result. We cannot even look solely at the recent path of Gattuso, Buffon, and Gravina; there is so much more behind it. Whoever goes to elect the new president will be called into account, with their choices, their ideas, and their vote.""  “The fact remains that today, unfortunately, we are lagging behind, and by quite a bit. We are behind both our own standards and those of others who have studied hard, who have studied us in the past, and who continue to learn from those who are better than us; there are many national teams from which we can draw inspiration. Essentially, they’ve figured out how to rebuild from scratch. True, perhaps some national teams had more time than Italy, but others like Germany and France were in the same situation as us and had the courage to take certain paths. We need to address many issues; it’s not just about the federation president, whom everyone might blame today as the main person responsible simply because he’s at the helm. What we need now is the will to react and start over, and there is only one way: to get back in the game, work, and study; to do so with enthusiasm, which we must find within ourselves through what has always defined us as the Italian people. That is, in times of major sporting crisis, such as the 2006 or 1982 World Cups, we managed to draw upon energy, creativity, determination, and solutions. Even today, at a time when we still seem very far from finding solutions.""  What might be the first steps toward revitalizing Italian football?  ""There are many issues to address, but any idea we have must be discussed in a group setting with others. In short: we need a team. I believe in teamwork, and there must not be, I repeat, a single scapegoat; just as I don’t believe there can be a single person who can solve everything. In Italy, we have gaps compared to others in so many sectors. First, I want to emphasize and here I’ll digress that what we’re talking about is a problem in men’s football, while women’s football is doing extraordinary things, just as we’re performing exceptionally well in so many other sports. We’ve just come off the best Olympics ever, and look at what Italian tennis is doing. It means the talent is here, but today it’s focused on other sports that’ve had the drive to get back in the game, rebuild, and perform through different paths. In this sense, I don’t know if football has the same patience and time to do so, or the courage to make certain choices. In this context, we need to sit down and talk. The youth sectors aren’t doing well, neither are the stadiums, nor the investments, and far fewer Italians are playing.”  “Some things can be fixed, others not so much. The things that can’t be fixed depend on the people, from the presidents down, such as the selection of coaches or players: these choices must be made with care. We’ve gone from a very local style of football, where clubs were run by locals—in Turin, people from Turin; in Milan, people from Milan—to becoming much more open, and this causes you to lose some of your territory and tradition. Setting aside the big teams, abroad you can still see a strong sense of tradition. I’m thinking of Bilbao or Seville, there’s a real sense of identity. As Italian football, we need to take a step back: admit that we’re no longer the best, and that we’re not even second or third. The first step is to acknowledge it, we’re no longer who we think we are or what our pride demands we be. Pride must be set aside, and humility must be brought to the field, putting ourselves back in the game, studying, and analyzing those who are doing well. In England, back in 2006, they were in a situation similar to ours. And we need a complete team in every area. We need something more than just saving our own skins, because fundamentally, that’s all we think about.”  Let’s talk about long-term planning: it takes time to put it into practice…  ""There’s a lot of talk about long-term planning, isn’t there? But if you’re going to talk about it, you have to follow the steps, there needs to be a solid foundation. Today, all too often, everything is consumed too quickly. There are coaching careers that have gone from near-disaster to great success. I’m thinking of Gasperini in Bergamo, who got off to a terrible start, but the club had the courage to keep him. And up until that point, he hadn’t had a particularly notable career; yet he stayed, and in Bergamo, he became a legend. Or even Allegri and Ancelotti at my Juve are prime examples. Ancelotti seemed like the worst coach in the world, but then, unfortunately, he beat us in the Champions League final a few years later…”  Speaking of the future, how do you develop a player beyond what happens on the field?  ""We often hear about developing a player, but in my opinion, you don’t really ‘develop’ a player. At most, you shape them and offer guidance. You shouldn’t always just agree with them; instead, you should present them with choices. We also live in a different generation than mine: everyone is talking about football these days, even those in important political roles. A politician shouldn’t speak as a fan; they should speak as a politician and handle matters as a politician, just as the Minister of Sport did. Whether or not you agree with what he said, he has the right to speak about sports. But for everyone else, let’s not make too much of a fuss.”   So how can we nurture new talent?  ""These days we’ve all been rooting for the national team; some people ask me to describe what it was like in my day. I’ll tell you that I was almost terrified of going to the national team. Going there meant two things: a knife between your teeth and a helmet on your head. Today’s young players have different habits. I know there are coaches who try to get to know them better, like Pisacane or Grosso, coaches who try to build that kind of relationship.”  ""I don't know if this is how things are done in youth football today or not, there is so much to do… Coaches are underpaid, national teams have many expenses, we complain about having to pay for football academies: it’s a free-for-all, and you can't move forward like that. We need to understand how to find a balance. To find solutions. And taking responsibility is fundamental; there are moments where those who have made mistakes must admit it and say goodbye. Today we live in a world where admitting an error is a problem. I’ve made mistakes a thousand times, even when I didn't admit it, but deep down I knew it, and there must be people who tell you that you've made a mistake, but with serenity, without placing blame.""  How important is team chemistry in football?  ""Quality determines whether a player is better or worse, but their quality is determined by multiple factors. If someone is technical, they aren't automatically a 'number ten'; there is much more to it. Otherwise, talents we’ve had in the past would have won much more. In this sense, human qualities are certainly fundamental. Any coach who has won a lot will tell you that they did so by managing a group that was superior on the human side.""  Do clubs have a strong responsibility in choosing people?  ""Clubs have a responsibility to choose the person first, before the player. In my day, there were masters at this—people like Moggi and Galliani, who even knew how many times you went to the bathroom… while you were on vacation. There was an obsessive focus on getting to know the player on a personal level. Because the better you know the people you work with, the more you can get the most out of them. Otherwise, you have to rely on intuition or… on data. Now, data is relevant, yes, but it needs to be interpreted. Did a player make 150 passes? Okay, but forward or backward? And what team do you play for? Do you have a duty to win?”  Or depending on the pressure that comes with the jersey you wear…  “Today we’re praising Como, a wonderful club, but right now they don’t have to win; in a year or two, maybe they will, and by ‘win,’ I also mean qualifying for the Champions League. That’s when things would change. And that’s why some players have done extraordinary things at certain clubs and less so at others.”  Are some young players today, like Yamal, much more exuberant than the young players of previous generations?  ""I’m thinking of Yildiz; I know him well. He has great character and is constantly growing. Yamal does extraordinary things, even though I don’t know him personally. We were used to Messi and Ronaldo; today there are different players. We’re also in a different era; I have children and I see that I’m a boomer, that they have different ideas and a different pace. The only thing that saves us is knowledge, not restrictions… except for the one about going to the disco… (laughs, ed.). Victory for a parent is when a child makes good choices: the way I see it, we shouldn’t be overprotective and always telling them what to do.”  “And this is reflected in youth development. We tell the kids too much about what to do, and that stifles their creativity. If we give overly strict instructions, young players will only know how to do that; they’ll become good within that system, but as soon as they step outside of it, they make mistakes and get labeled as poor players. That’s not the case, they aren’t poor players: the problem is that they’ve only been taught one thing. They haven’t been taught to solve problems on their own. In other countries, these problems don’t exist; there isn’t the same “prohibition on taking initiative” as we have here. We’re in a situation where kids need to express their own qualities and test themselves. Do you know what my greatest joy was? Challenging my friends. And therefore challenging myself as well. Back in the day, video games cost money too; you paid a hundred lire to play, so you really cared. Today, video games are free….”  In the youth sectors, is there also a problem with the scouting process and those who evaluate the players?  ""I don't have all the solutions, but we must start from a clear premise: today, with Italy's U15, U16, or U17 teams, we do extraordinary things, but in the U21s, we don't reach the top—whereas in my day, we won the European Championship with the U21s for two editions in a row. This is an aspect to analyze: why are we as strong as, and perhaps stronger than, others at 15 or 16, and then we aren't anymore? What is missing in that phase? And where do these problems stem from? What kind of players are we shaping? Answering these questions is a slow process...""  Could Conte be the Italy manager after Gattuso?  ""I have no idea, but he can certainly do it. He has all the qualities and has already done it in the past. He has human and technical depth; he is obviously a potential candidate.""  [Full Interview](http://www.youtube.com/playlist?list=PLuh4tU_zP6FRslwYhsNZC6e8Sj3R2bIkY)  Might be geo restricted to Italy.",277
2026-04-03 19:24:36,"**This is a quotes thread. Remember that there's only one quotes post allowed per interview/press conference, so new quotes with the same origin will be removed. Feel free to comment other quotes/the whole interview as a reply to this comment so users can see them too!**   *I am a bot, and this action was performed automatically. Please [contact the moderators of this subreddit](/message/compose/?to=/r/soccer) if you have any questions or concerns.*",2
2026-04-03 19:27:06,"I read the same quotes from Madini somewhere i believe, maybe i misread",46
2026-04-03 19:32:44,"Good quotes in there, interesting comparison with England",4
2026-04-03 19:42:08,"Once as tragedy, second as farce, third as some undescribable horrible third thing.",43
2026-04-03 19:48:53,"There is much I agree with what he said but I also disagree with him on some points.  A point of disagreement - why is he calling Como a wonderful club? In who's eyes? We need to start calling a spade a spade. Como does not have a single Italian playing for them. It's a disgrace. It's exactly the diminishing of Italian players in Serie A that is accountable for the lack of Italian youth coming through.  30 years ago, there were 500 Italian players in Serie A. Now, there is so much less. I don't know the numbers of how much less, but we all know it is catastrophic. Como should he called out for this bs, not praised.",32
2026-04-03 20:42:28,"So, how we will define the fourth one?",4
2026-04-03 21:53:57,"Spain, France, and Argentina are clearly tier 1 in international football right now. England, Brazil, Portugal, probably next tier, followed by Germany, Netherlands, Belgium, Japan, Senegal.  Of course, if you’re in it then you have a chance to win it.",12
2026-04-04 05:12:16,"They’ll definitely reach the semis where they will likely face Spain in Dallas. From there, it’s anybody’s match.",8
2026-04-04 07:45:43,"&gt;Could Conte be the Italy manager after Gattuso?  &gt;""I have no idea, but he can certainly do it. He has all the qualities and has already done it in the past. He has human and technical depth; he is obviously a potential candidate.""  I bit skeptic on this. Compared to league tournament, Conte results in knocked-out tournaments is bad. He have more league title than he reach knocked-out tournaments final, let alone reaching the semi-finals. No doubt the world class manager, but his main strength when playing in league format tournaments, not knocked-out tournaments like World Cup.",1
2026-04-04 12:17:29,1. Spain 2. France 3. England 4. Portugal 5. Argentina 6. Brazil 7. Germany  8. Netherlands  9. Colombia 10. Norway,10
2026-04-04 14:29:15,"There’s really no reason for Spain to be consistently ranked so high when they can never even win a single KO match in a WC for a long ass time. The team really isn’t that special tbh   Netherlands, Norway and Belgium aren’t doing shit   Uruguay, Colombia, Japan are “dark horses”",7
2026-04-04 14:36:00,"France is #1 in FIFA world rankings, and #1 has never won the World Cup. So, France can't win.  😉 Vamos USA and Argentina!",11
2026-04-05 13:32:51,İ guess The final will be playing between 2 of this 3 Spain France Argentina .. the other alternatives gonna be surprise for me,9
2026-04-05 16:22:38,"[AS] Osasuna coach Alessio Lisci on Italy: “The style of play. In Italy, a lot of teams play a 3-5-2 formation, and this has led to a situation where there are no wingers in Italy, no players who can take on defenders one-on-one.” “If a national team like Italy, which, historically speaking, is one of the best in the world has failed to qualify for three consecutive World Cups, the problem is huge, absolutely huge,” he asserts. “We need to stop and change a lot of things,” the Italian states.  Serie A has lost a lot of its identity. “Of the five major leagues, it has the most foreign players. The youth academies are full of foreigners, especially the top ones,” explains Alessio. “There are no reserve teams. It’s a lot of things,” he adds. ""The style of play, too. In Italy, many teams play a 3-5-2 formation, and this has led to a lack of wingers in Italy. There isn’t a single player capable of taking on a defender one-on-one,” he says, analyzing one of the problems the Italian national team has been facing in recent years.  “For instance, when Spain was losing (in the Euro semi-finals against France), the game was deadlocked, and Lamine cut inside and scored a goal into the top corner. In Italy, there isn’t a player capable of doing that,” argues Lisci.  “There are many factors that add up, but they didn’t arise in just one year. Three World Cups span many years. Now, to turn things around, it will take time and patience,” he says, viewing a radical improvement as unlikely. “The problem is that when the European Championship comes around, Italy will want to win it with a team that hasn’t been in the World Cup for years,” he predicts. ""In football, I hope things change and the system is restructured. In the end, there are many factors; when the situation is this serious, there are many factors,"" sums up the coach of Club Atlético Osasuna.",559
2026-04-05 16:23:01,"**Mirrors / Alternative Angles**     *I am a bot, and this action was performed automatically. Please [contact the moderators of this subreddit](/message/compose/?to=/r/soccer) if you have any questions or concerns.*",2
2026-04-05 16:26:43,People talk about PL teams having very short term thinking processes but I would say that the big Serie A teams are worse.   How many times have we seen managers actually being given support for a proper project? It’s always they have to make the CL or it’s the end of the world.,74
2026-04-05 16:28:47,"Now I have to come to think, Italy hasn't had a lot of world class wingers throughout their history?   Can name Defenders, Strikers, Second strikers, midfielders, goalkeeper. Can't think of many wingers",278
2026-04-05 16:31:07,The angry dramatic fatalism coming out of Italy since  has been so stereotypically endearing. Never change Italy. Or qualify.,10
2026-04-05 16:35:05,"They play 2 main strikers, more than anyone, so they must be blessed with many talents right? Right?",63
2026-04-05 16:35:15,"Comparing Italy and Spain doesn’t make sense; there’s a huge gap between them. In the last 15 years, Spanish clubs have won 15 trophies between the Europa League and the Champions League, while Italian clubs have won 1. Spain’s national team has won 4 trophies, Italy 1. That’s a total of 19 to 2. Spain has always qualified for the World Cup and has reached at least the round of 16 three times out of four, winning the World Cup once. Italy has failed to qualify 3 times. That’s the harsh truth: at the moment, Italian fans are the most unfortunate among the major teams. There’s nothing worse than failing to qualify for the World Cup three times; I believe they should envy everyone else.",9
2026-04-05 16:44:30,Asking to learn. Why is the 3-5-2 so common in Italy?,75
2026-04-05 16:59:21,Everything football related in Italy is in decline.  The stadiums are horrendous and 1 missed champions league year can mean a huge difference to a top 4 club.,54
2026-04-05 17:05:27,"The situation of Italian football is dramatic and will not recover easily. I only feel sorry for the fans; they have no fault, while the super-lucky Spanish cousins will continue to play attractive football and win trophies, and they will keep swallowing bitter pills for a long time. Not qualifying for three World Cups is, in any case, distressing — the worst nightmare for a fan.",24
2026-04-05 17:20:34,Italy needs more Candrevas,28
2026-04-05 17:23:30,"I'd like to contrast this with all the criticism that Fabregas and Como have been receiving. Maybe in this context, they actually got it right, and all those that criticize them are in the wrong. There is a reason they never play any Italian players, because there aren't really any that fit their style of play, which is largely a lot more attacking than the average Série A team. Maybe the Italian league should start looking at Como as the example to follow, rather than the black sheep.",29
2026-04-05 17:37:51,"Forget that ,italy don't even have attacking midfielders anymore,in the world cup qualifiers,the italian didn't have a single attacking midfielder or a single great winger",16
2026-04-05 17:42:31,Italy football was really betting it all on Chiesa becoming a world class player. That ACL injury was brutal to the national teams hopes,8
2026-04-05 18:39:47,"Match Thread: Monaco vs. Olympique Marseille | Ligue 1 # [](#sprite1-p186) **Monaco** [2 - 1](#bar-3-white) **Olympique Marseille** [](#sprite1-p119)  *Monaco scorers: Aleksandr Golovin (59'), Folarin Balogun (74')*  *Marseille scorers: Amine Gouiri (85')*  -----  **Venue:** Stade Louis II, Fonteville, Monaco  **Referee:** Clément Turpin  -----  [](#sprite1-p186) **Monaco:**  [Starting XI](#bar-12-white)|[Notes](#bar-6-white)|[Subs](#bar-10-white)|[Notes](#bar-6-white) -----|-----|-----|-----  [](#sprite6-p59) Lukas Hrádecký| |[](#sprite6-p167) Philipp Köhn [](#sprite6-p64) Thilo Kehrer|[](#icon-yellow) 71' |[](#sprite6-p60) Aladji Bamba|[](#icon-up) 65' [](#sprite6-p167) Denis Zakaria| |[](#sprite6-p42) Simon Adingra |[](#icon-up) 84' [](#sprite6-p17) Wout Faes| |[](#sprite6-p60) Paul Pogba [](#sprite6-p124) Jordan Teze| |[](#sprite6-p161) Ansu Fati|[](#icon-up) 77' [](#sprite6-p42)  Lamine Camara|[](#icon-yellow) 8'|[](#sprite6-p47) Mika Bierith|[](#icon-up) 85' [](#sprite6-p60) Mamadou Coulibaly|[](#icon-down) 65' |[](#sprite6-p17) Stanis Idumbo  [](#sprite6-p60) Christian Mawissa|[](#icon-down) 65' |[](#sprite6-p151) Krépin Diatta|[](#icon-up) 65' [](#sprite6-p60) Maghnes Akliouche|[](#icon-down) 84' |[](#sprite6-p222) Eric Dier  [](#sprite6-p142) Aleksandr Golovin|[](#icon-ball-big) 59' [](#icon-down) 77'| |  [](#sprite6-p184) Folarin Balogun|[](#icon-ball-big) 74' [](#icon-down) 84'| |  **Manager:** Damien Perrinelle (France)  ------------  [](#sprite1-p119) **Olympique Marseille:**  [Starting XI](#bar-12-white)|[Notes](#bar-6-white)|[Subs](#bar-10-white)|[Notes](#bar-6-white) -----|-----|-----|----- [](#sprite6-p7) Gerónimo Rulli| |[](#sprite6-p124)  Jeffrey de Lange [](#sprite6-p60) Benjamin Pavard| |[](#sprite6-p82) Emerson|[](#icon-up) 89' [](#sprite6-p222) CJ Egan-Riley|[](#icon-down) 77' |[](#sprite6-p222) Ethan Nwaneri|[](#icon-up) 73' [](#sprite6-p7) Facundo Medina|[](#icon-yellow) 34' |[](#sprite6-p17) Arthur Vermeeren [](#sprite6-p184) Tim Weah|[](#icon-down) 89' |[](#sprite6-p42) Ange Lago [](#sprite6-p47) Pierre-Emile Højbjerg|[](#icon-down) 89' |[](#sprite6-p128) Tochukwu Nnadi [](#sprite6-p124) Quinten Timber| |[](#sprite6-p3) Himad Abdelli|[](#icon-up) 89' [](#sprite6-p24) Igor Paixão| |[](#sprite6-p7) Leonardo Balerdi|[](#icon-up) 77' [](#icon-yellow) 87' [](#sprite6-p42) Hamed Junior Traorè|[](#icon-down) 73'|[](#sprite6-p118) Bilal Nadir  [](#sprite6-p3) Amine Gouiri|[](#icon-ball-big) 85' | | [](#sprite6-p61) Pierre-Emerick Aubameyang| | |  **Manager:** Habib Beye (Senegal)  ------------  [](#icon-net-big) **MATCH EVENTS**  1': We're off!  8': [](#icon-yellow) *Lamine Camara* stops the counter by pulling down Gouiri by the arm  9': Bad free kick by Paixão goes well over the bar  10': Akliouche with the bicycle kick! But it bounces off the turf and over the net.  11': SAVE! Traorè denied at the near post.  32': Weah with a chance but he has to take it quickly and it goes way too high  34': [](#icon-yellow) *Facundo Medina* loses the ball with a bad touch and lunges into Coulibaly trying to recover  36': SAVE! Paixão gets behind the backline and fires but he's blocked by Hrádecký from close range  **HT Monaco 0-0 Olympique Marseille** No goals, some decent saves so far.  ------  46': We're back!  49': Paixão fires, Hrádecký plucks it out of the air.  56': Paixão fires, two deflections take all the power out of it for an easy save.  59': [](#icon-ball-big) **GOAL MONACO!!! *Aleksandr Golovin* with the lunging volley to put it over the keeper and into the roof of the net from close range!**  65': [](#icon-sub) Monaco double sub: *Krépin Diatta and Aladji Bamba* on for *Christian Mawissa and Mamadou Coulibaly*  66': SAVE! Højbjerg with a powerful shot, beaten away for a corner by Hrádecký  70': Traorè with a big chance but his header goes wide.  71': [](#icon-yellow) *Thilo Kehrer* carded for landing on Paixão's foot before the cross  73': [](#icon-sub) Marseille substitution: *Ethan Nwaneri* on for *Hamed Junior Traorè*  74': [](#icon-ball-big) **GOAL MONACO!! *Folarin Balogun* with an amazing strike from wide outside the box! His sixth game in a row with a goal, and what a shot it was.**  77': [](#icon-sub) Monaco sub: *Ansu Fati* on for *Aleksandr Golovin*   77': [](#icon-sub) Marseille substitution: *Leonardo Balerdi* on for *CJ Egan Riley* who is injured  84': [](#icon-sub) Monaco double sub: *Mika Biereth and Simon Adingra* on for *Folarin Balogun and Maghnes Akliouche*  85': [](#icon-ball-big) **GOAL MARSEILLE!! *Amine Gouiri* has the ball, two defenders fail to stop him and tumble to the ground, Gouiri fires and Hrádecký can only get a soft touch that's not enough to keep the ball out!**  87': [](#icon-yellow) *Leonardo Balerdi* lunges into Diatta and sees yellow  89': [](#icon-sub) Marseille double sub: *Himad Abdelli and Emerson* on for *Pierre-Emile Højbjerg and Tim Weah*  90+1': Another save from Hrádecký! Medina with a close-range header but Hrádecký tips it over.   90+1': Aubameyang's shot on the corner kick blocked on the line! Teze at the back post to make the save.  90+3': Adingra rounds the keeper and fires from wide but only hits the side netting!  90+6': Huge miss!! Adingra crosses to Biereth who's past his man but he just misses the ball and glances it sideways.  **FT Monaco 2-1 Olympique Marseille** Big win for Monaco, though they sweated for it in the end",14
2026-04-05 18:49:53,Wild to see Pogba finally back on a team sheet after all the drama. Really curious how he'll mesh with this Monaco setup if he gets any minutes tonight     The Marseille lineup looks pretty solid though - Aubameyang still has those moments where he can punish you out of nowhere. This could be one of those low-scoring grinders where one mistake decides everything,2
2026-04-05 20:06:00,"Jeez, that play from Akliouche",2
2026-04-05 20:43:57,"Post-Match Thread: Monaco 2-1 Olympique Marseille | Ligue 1 # [](#sprite1-p186) **Monaco** [2 - 1](#bar-3-white) **Olympique Marseille** [](#sprite1-p119)  *Monaco scorers: Aleksandr Golovin (59'), Folarin Balogun (74')*  *Marseille scorers: Amine Gouiri (85')*  -----  **Venue:** Stade Louis II, Fonteville, Monaco  **Referee:** Clément Turpin  -----  [](#sprite1-p186) **Monaco:**  [Starting XI](#bar-12-white)|[Notes](#bar-6-white)|[Subs](#bar-10-white)|[Notes](#bar-6-white) -----|-----|-----|-----  [](#sprite6-p59) Lukas Hrádecký| |[](#sprite6-p167) Philipp Köhn [](#sprite6-p64) Thilo Kehrer|[](#icon-yellow) 71' |[](#sprite6-p60) Aladji Bamba|[](#icon-up) 65' [](#sprite6-p167) Denis Zakaria| |[](#sprite6-p42) Simon Adingra |[](#icon-up) 84' [](#sprite6-p17) Wout Faes| |[](#sprite6-p60) Paul Pogba [](#sprite6-p124) Jordan Teze| |[](#sprite6-p161) Ansu Fati|[](#icon-up) 77' [](#sprite6-p42)  Lamine Camara|[](#icon-yellow) 8'|[](#sprite6-p47) Mika Bierith|[](#icon-up) 84' [](#sprite6-p60) Mamadou Coulibaly|[](#icon-down) 65' |[](#sprite6-p17) Stanis Idumbo  [](#sprite6-p60) Christian Mawissa|[](#icon-down) 65' |[](#sprite6-p151) Krépin Diatta|[](#icon-up) 65' [](#sprite6-p60) Maghnes Akliouche|[](#icon-down) 84' |[](#sprite6-p222) Eric Dier  [](#sprite6-p142) Aleksandr Golovin|[](#icon-ball-big) 59' [](#icon-down) 77'| |  [](#sprite6-p184) Folarin Balogun|[](#icon-ball-big) 74' [](#icon-down) 84'| |  **Manager:** Damien Perrinelle (France)  ------------  [](#sprite1-p119) **Olympique Marseille:**  [Starting XI](#bar-12-white)|[Notes](#bar-6-white)|[Subs](#bar-10-white)|[Notes](#bar-6-white) -----|-----|-----|----- [](#sprite6-p7) Gerónimo Rulli| |[](#sprite6-p124)  Jeffrey de Lange [](#sprite6-p60) Benjamin Pavard| |[](#sprite6-p82) Emerson|[](#icon-up) 89' [](#sprite6-p222) CJ Egan-Riley|[](#icon-down) 77' |[](#sprite6-p222) Ethan Nwaneri|[](#icon-up) 73' [](#sprite6-p7) Facundo Medina|[](#icon-yellow) 34' |[](#sprite6-p17) Arthur Vermeeren [](#sprite6-p184) Tim Weah|[](#icon-down) 89' |[](#sprite6-p42) Ange Lago [](#sprite6-p47) Pierre-Emile Højbjerg|[](#icon-down) 89' |[](#sprite6-p128) Tochukwu Nnadi [](#sprite6-p124) Quinten Timber| |[](#sprite6-p3) Himad Abdelli|[](#icon-up) 89' [](#sprite6-p24) Igor Paixão| |[](#sprite6-p7) Leonardo Balerdi|[](#icon-up) 77' [](#icon-yellow) 87' [](#sprite6-p42) Hamed Junior Traorè|[](#icon-down) 73'|[](#sprite6-p118) Bilal Nadir  [](#sprite6-p3) Amine Gouiri|[](#icon-ball-big) 85' | | [](#sprite6-p61) Pierre-Emerick Aubameyang| | |  **Manager:** Habib Beye (Senegal)  ------------  [](#icon-net-big) **MATCH EVENTS**  1': We're off!  8': [](#icon-yellow) *Lamine Camara* stops the counter by pulling down Gouiri by the arm  9': Bad free kick by Paixão goes well over the bar  10': Akliouche with the bicycle kick! But it bounces off the turf and over the net.  11': SAVE! Traorè denied at the near post.  32': Weah with a chance but he has to take it quickly and it goes way too high  34': [](#icon-yellow) *Facundo Medina* loses the ball with a bad touch and lunges into Coulibaly trying to recover  36': SAVE! Paixão gets behind the backline and fires but he's blocked by Hrádecký from close range  **HT Monaco 0-0 Olympique Marseille** No goals, some decent saves so far.  ------  46': We're back!  49': Paixão fires, Hrádecký plucks it out of the air.  56': Paixão fires, two deflections take all the power out of it for an easy save.  59': [](#icon-ball-big) **GOAL MONACO!!! *Aleksandr Golovin* with the lunging volley to put it over the keeper and into the roof of the net from close range!**  65': [](#icon-sub) Monaco double sub: *Krépin Diatta and Aladji Bamba* on for *Christian Mawissa and Mamadou Coulibaly*  66': SAVE! Højbjerg with a powerful shot, beaten away for a corner by Hrádecký  70': Traorè with a big chance but his header goes wide.  71': [](#icon-yellow) *Thilo Kehrer* carded for landing on Paixão's foot before the cross  73': [](#icon-sub) Marseille substitution: *Ethan Nwaneri* on for *Hamed Junior Traorè*  74': [](#icon-ball-big) **GOAL MONACO!! *Folarin Balogun* with an amazing strike from wide outside the box! His sixth game in a row with a goal, and what a shot it was.**  77': [](#icon-sub) Monaco sub: *Ansu Fati* on for *Aleksandr Golovin*   77': [](#icon-sub) Marseille substitution: *Leonardo Balerdi* on for *CJ Egan Riley* who is injured  84': [](#icon-sub) Monaco double sub: *Mika Biereth and Simon Adingra* on for *Folarin Balogun and Maghnes Akliouche*  85': [](#icon-ball-big) **GOAL MARSEILLE!! *Amine Gouiri* has the ball, two defenders fail to stop him and tumble to the ground, Gouiri fires and Hrádecký can only get a soft touch that's not enough to keep the ball out!**  87': [](#icon-yellow) *Leonardo Balerdi* lunges into Diatta and sees yellow  89': [](#icon-sub) Marseille double sub: *Himad Abdelli and Emerson* on for *Pierre-Emile Højbjerg and Tim Weah*  90+1': Another save from Hrádecký! Medina with a close-range header but Hrádecký tips it over.   90+1': Aubameyang's shot on the corner kick blocked on the line! Teze at the back post to make the save.  90+3': Adingra rounds the keeper and fires from wide but only hits the side netting!  90+6': Huge miss!! Adingra crosses to Biereth who's past his man but he just misses the ball and glances it sideways.  **FT Monaco 2-1 Olympique Marseille** Big win for Monaco, though they sweated for it in the end",33
2026-04-05 20:54:30,"Balogun has been absolute machine this season, six games with goals is mad form. Monaco looked shaky at end but they got it done when Marseille was pushing hard",6
2026-04-05 22:48:21,Nice.,2
2026-04-06 08:52:04,"Round of 16 opponents seem to be very varied in the new 48 team World Cup Just the way the draw is structured - some teams who win their group get a 3rd place team in the last 32 but a group winner in the last 16. Where others get 2nd place teams in both the last 32 and 16.  For instance France if they win their group play a 3rd place team in the last 32 and then likely the winner of Group E - Germany perhaps in the last 16.  Whereas Spain, if they win their group, play 2nd place J (Algeria/Austria)  and then the winner of 2nd L and 2nd K - Colombia or Croatia maybe.  Argentina, Netherlands and Brazil are the other 3 teams that won't play a group winner until the quarter finals.  Obviously there will random results and surprises but seems to be a slightly eaiser route for  those 4 teams. In the 32 team World Cups each group winner played a group runner up in the last 16 so it was uniform.",328
2026-04-06 08:52:04,"Hello! Thanks for your submission to r/worldcup, your post is up and running!  A general reminder to check out our rules in the sidebar, have fun, and most of all to be civil.  Finally, take a closer look at [this post](https://www.reddit.com/r/worldcup/comments/z2v46l/announcement_quick_reminder_of_our_most_important/) regarding our civility rules and reddiquette because we would like for each and everyone to feel welcome on the subreddit and to keep a healthy and safe environment for the community.  Please also make sure to [Join us on Discord](https://discord.gg/football)  Thank you!  - - -   *I am a bot, and this action was performed automatically. Please [contact the moderators of this subreddit](/message/compose/?to=/r/worldcup) if you have any questions or concerns.*",2
2026-04-06 08:59:16,"Is that path easier? Argentina will likely have to play Spain or Uruguay in the first round, which is likely much tougher than a 3rd place team.  The nature of a 48-team World Cup with 4-team groups is that it's going to be unbalanced. To win it all you still have to beat the best.",6
2026-04-06 09:10:41,48 teams is already an abomination but let's make 3rd spot teams to progress as well but only some not all.   And make them play not in one country but across the entire continent.   Baldinio: Sounds jolly good!,9
2026-04-06 09:16:30,It's too many teams and too many bad teams.,2
2026-04-06 09:20:56,"Yeah, it's a messy tournament now.  32 teams was just about perfect. I hate all this third team nonsense.",18
2026-04-06 09:23:59,"It’s messy, however a lot of this is predicated on groups shaking out the “expected” way, which it often doesn’t. At least one decent team will shit the bed, one average team will over perform etc.",10
2026-04-06 09:24:24,Columbia is not a country,6
2026-04-06 09:32:19,The dickhead president is going to use this as the reason why he makes the next world cup 64 teams.  At least it will be even funnier when Italy fail to make that one.,32
2026-04-06 10:07:16,32 was the perfect number of teams wasn’t it,47
2026-04-06 10:45:40,"If you look closely it balances ""fairness"".   If you win a group and play a third place team, you'll play in the round of 16 the winner of a match between a group winner and a third place team.   If you win a group and play a runner up, you'll play the winner of a match between two runner ups.   So the format has it an easier round of 32 should lead to a harder round of 16 assuming group winners win",23
2026-04-06 11:02:05,"Argentina have been bribing Infantino well it seems, as is tradition of course",10
2026-04-06 12:59:03,"In the 32 team format there were 8 groups, compared with 12 groups in the 48 team format. So, even if results are based on FIFA ranking, 4 of the group winners in the new format would be runner ups in the old format.  Other things to consider - in a group of France, Senegal, and Norway, all 3 teams can win the group. Germany failed to qualify from their group in the last 2 WCs. From my experience, trying to figure out ""easy"" versus ""hard"" path is challenging before the games begin. Besides, with 12 group winners, even if they all win their R32 match (they will not), there will be 4 that have to play each other, mathematically.",10
2026-04-06 14:44:35,It may appear weird but it's the best way to do this format with 12 groups of 4 and a round of 32.  The format was also created this way prior to the draw so each team had an equal chance for getting either scenario of 3rd place team + group winner or group runner ups.,8
2026-04-06 15:33:06,"We will go to 64 teams, but I think we should wait another decade at the very least.",3
2026-04-06 16:00:49,"It’s all set up to make sure France, Spain, Argentina, England, and whatever other big nation will be in the final stages. It’ll be a poor World Cup I think.",10
2026-04-06 16:18:52,"Yeah and the 3rd place teams advancing changes a lot more than people think.  You can end up with a pretty average team sneaking through and suddenly being a Round of 16 opponent for a top nation, while another group winner gets a much stronger 2nd place team.  It definitely makes the tournament less predictable, which is fun, but also kind of unbalanced compared to the old format.",10
2026-04-06 16:55:25,Spain vs France,7
2026-04-06 18:07:06,"Train tickets between Boston and Gillette Stadium to quadruple in cost during World Cup. The Massachusetts Bay Transportation Authority (MBTA) intends to almost quadruple its usual prices for a round-trip train ticket from the center of Boston to Gillette Stadium during the 2026 World Cup.  According to the MBTA website, the authority usually charges people $20 for a return ticket from train stations in the center of Boston for special events such as New England Patriots games in the NFL, New England Revolution in MLS, or concerts.  However, soccer fans who attended the exhibition match between France and Brazil at Gillette Stadium in Foxboro on Thursday saw the price increased by 50 per cent, up to $30 per-person, without any options of concessions. The purchase regulations stated that children under 11 would need to possess a valid ticket.",1620
2026-04-06 18:07:54,Crafton adds:  &gt; This means a parent and two kids taking the train (supposedly encouraged as a greener option) will have to pay $240 for a 25 mile train journey.,857
2026-04-06 18:11:06,"Anyone traveling there, pack Vaseline in your suitcase. USA gonna fuck you good",484
2026-04-06 18:12:19,"even by UK train price standards, that's insane",135
2026-04-06 18:12:24,"When Europeans say Americans have no culture, they are wrong. This is their culture, and it's disgusting",231
2026-04-06 18:16:59,it's like they're trying for no one to come,66
2026-04-06 18:20:58,Easy to avoid this by just not going.,277
2026-04-06 18:25:02,"Btw the MBTA has also said they won’t be able to provide train service for everyone going to marches, AND there isn’t enough parking on site either.",16
2026-04-06 18:25:20,Personally I am dreading the daily posts when the world cup is on about how expensive everything is at the world cup.,151
2026-04-06 18:25:46,"In Toronto, a go train ticket is $20 return. This is absurd.",15
2026-04-06 18:26:08,"Imagine not expecting the grabbiest nation on earth not to do anything but price gouge the living hell out of you. Also if you are going, make damn sure you get yourself some top notch travel insurance!",122
2026-04-06 18:29:44,I’ve never heard of public transport price gouging before,64
2026-04-06 18:37:41,This is genuinely starting to feel like the Radioactive Man movie episode in The Simpsons where they take the film people for everything they’ve got.,15
2026-04-06 19:07:06,Not sure about the exact circumstances but there was some kind of discussion in Switzerland lately that second place in their group would probably be quite advantageous. Funny format.,8
2026-04-06 19:15:27,"Just for perspective, ticket holders were given free public transport providing they had a match day ticket at the 2024 euros in Germany as well as the World Cups in Qatar and Russia.",138
2026-04-06 19:19:28,"This world Cup is going to be peak capitalism at its worst isn't it.   The game invented by the poor, robbed by the rich and now they're just shitting on us without the courtesy of calling it hail. Fan zones being a paid event as well just adds to all this bullshit; I'm not too far from Vancouver but already been priced out of every aspect of even going to do a day trip to go enjoy any part of this even though this a day I dreamed of for years.",26
2026-04-06 19:34:53,"If you want to blame anyone, blame FIFA. The MBTA budget is basically $0 thanks to some creative accounting in the 90's that dumped the highway project debt onto the train provider (obligatory ""fuck Charlie Baker""), and the system is already falling apart.  We can't afford to take more cuts to accommodate special event trains and infrastructure upgrades for an event that locals can't even get tickets to. This is just a sequel to FIFA and the Krafts jerking around the town of Foxborough by not paying for police overtime budgets needed for the games.",19
2026-04-06 19:53:40,"Kick-off times: which fans get the worst schedule at the World Cup? Best schedule : Américas, France, Switzerland, Bosnia. Worst : Algeria, Tunisia, Jordan and Iran  Now, games where both fans don't have kick-offs at local prime-times :  * Group F: Sweden (4a.m) v Tunisia (3a.m) in Monterrey (Mexico) * Group J: Algeria (3a.m) v Austria (4a.m) in Kansas City (Missouri) * Group I: Norway (2a.m) v Senegal (midnight) in New York (New York) * Group I: Iraq (1a.m) v Norway (midnight) in Boston (Massachusetts) * Group J: Jordan (6a.m) v Algeria (4a.m) in Santa Clara (California) * Group K: DR Congo (0.30am) v Uzbekistan (4.30am) in Atlanta (Georgia) * Group F: Tunisia (midnight) v Netherlands (1a.m) in Kansas City (Missouri) * Group A: South Africa (3a.m) – South Korea (10a.m) in Monterrey (Mexico) * Group A: South Korea (11a.m) – Czech Republic (4a.m) in Guadalajara (Mexico) * Group G: New Zealand (1p.m) – Egypt (4a.m) in Vancouver (Canada)  *Personal note : I wonder why FIFA doesn't have a sponsorship with a major coffee brand.*  Edit : mistake corrected on New Zealand",506
2026-04-06 20:00:17,"Spain, England, France and Argentina have pathways to avoid one another until the final four if they win their respective groups.",13
2026-04-06 20:02:38,New Zealand's time was so bad that it created an extra hour,213
2026-04-06 20:04:52,No such thing as a bad schedule for Australia  We've spent our entire lives watching world cups in the middle of the night  It's actually weird when we play in prime time,368
2026-04-06 20:07:54,Can't wait for a normal WC again. Probably when I'm 60 or something,22
2026-04-06 20:11:27,Switzerland getting 3 group games at 9 pm CET for a World Cup in America is surely something else.,106
2026-04-06 20:29:43,I’m surprised FIFA doesn’t change kickoff times to make more money during the group stage. They have plenty of time between the draw and the tournament.,15
2026-04-06 20:36:35,"As a Canadian living in Canada, every single game starts during mid afternoon on a weekday. We don't get a single evening or weekend game (as host!)",87
2026-04-06 20:38:39,11 AM and 1 PM kickoffs are pretty inoffensive TBH,15
2026-04-06 20:41:51,"I actually prefer afternoon matches and we're so used to it with Euro leagues and champions league matches. Perfect timing to leave work, head to pub, scream for 2 hours at my teams midfielders while getting properly pissed and then go home and scream at our shitty hockey teams for 3 more hours.    I don't like hosting WC matches...",10
2026-04-06 20:44:32,I'm not sure your casual european viewer realises at this point just how many games they're going to miss. Unless you're willing to stay up past 11 on a school night you're going to miss 2/3rds of the group games.,34
2026-04-06 20:57:35,algerian we got the worst scudule gonna try to synchronize it with my nigh shifts,5
2026-04-06 21:02:29,Fuck WC in dictator countries.,22
2026-04-06 21:02:47,&gt;Worst: Iran   Lmao,22
2026-04-06 21:15:22,My entire life I’ve gotten up to watch football at 3 or 4am here in New Zealand.    Anything that’s not that is an incredible schedule for us.,32
2026-04-06 22:01:07,"England - ""see you in the pub""",16
2026-04-07 00:38:16,"Well there are 12 groups, it's impossible to set up a draw where all 12 group winners avoid facing each other until they reach the quarterfinals since that's only 8 spots.",5
2026-04-07 04:49:05,"Australia has got pretty goated times all things considered. 2pm on a Sunday, 5am on Saturday and Midday on a Friday. Much better than the usual midnight-4am",7
2026-04-08 12:52:57,"Format was perfect as it was, making it bigger drops the standards as it did with the Euros",2
2026-04-08 14:06:37,"[Figc] The report on the state of health of Italian football has been published. The critical issues facing Italian football (which directly or indirectly impact the national team’s performance)  The low percentage of Italian and young players on the field (which deprives the national team of an adequate pool of talent to draw from):  Average age: Italy’s Serie A continues to be one of the “oldest” leagues in Europe, with an average age of 27 for players on the field, making it the eighth-oldest league in Europe, worse than England, Germany, France, the Netherlands, Portugal, Norway, Belgium, etc. (source: CIES Football Observatory, Appendix 1).  Percentage of foreign players on the field: In the current Serie A season, players ineligible for the Italian national team played 67.9% of total minutes. This is the sixth-worst figure in Europe: in Spain, foreign players account for 39.6% of minutes, and in France for 48.3% (source: CIES Football Observatory, Appendix 2).  Number of players eligible for the national team: As of the 31st matchday of this season’s Serie A league, of the 284 players who have averaged at least 30 minutes per game, only 89, including 10 goalkeepers are Italian (source: [www.fotmob.com](http://www.fotmob.com), Appendix 3).  Investments in youth academies at the national level: Italy ranks last, behind (in order) France, Spain, Portugal, the Netherlands, England, and Germany, in terms of total revenue generated over the past decade from international transfers of “home-grown” players (source: CIES Football Observatory, Appendix 4).  Investments in youth sectors at the club level: in the ranking of the top 50 youth sectors in the world by ten-year revenue from the sale of “home-grown” players, there are only two Italian clubs (Atalanta and Juventus), while Inter ranks 53rd. It is probably no coincidence that these are three of the four Italian clubs with “reserve teams,” the introduction of which was, moreover, long opposed within our system (source: CIES Football Observatory, Appendix 5).  A telling statistic that leaves no room for interpretation: Italy’s Serie A ranks 49th in the world (out of 50 leagues tracked) in terms of the percentage of minutes played by U21 players eligible for the national team, at just 1.9%! (Source: CIES Football Observatory, Appendix 6).  The progressive decline in technical quality and the dispersion of young talent in Italian football (which also affects the national team’s competitiveness):  Serie A does not rank among the top ten European leagues in terms of meters covered in sprints;  in Serie A, the average ball speed during matches is much lower (7.6 m/s) than the UEFA Champions League average (10.4 m/s) and that of other major European leagues (9.2 m/s);  Serie A ranks last among the top five European leagues in terms of dribbles per game (26.69 vs. 29.97);  from the 2019/2020 season to the present, the number of successful dribbles in Serie A has been declining, dropping from an average of 19.02 per game to 12.36;  Serie A ranks last among the top five European leagues in terms of aggressiveness during pressing phases, allowing the opposing team in possession of the ball to complete a higher number of passes.  Furthermore, although Italy’s youth national teams (up to the Under-20 level) have achieved their best-ever results under this federation’s leadership, as evidenced by their first-ever victory in the prestigious UEFA Burlaz Trophy and the significant improvement in their UEFA ranking for that age group, the comparison between the number of players called up to club first teams, in Italy and the rest of Europe, of players who win youth trophies is stark: the Spanish players who competed in the 2023 Under-19 European Championship (won by Italy) no longer play in youth leagues and have nearly double the playing time in the top division and nearly six times more in European cup matches compared to their Italian counterparts. The Italian players who finished second at the 2023 Under-20 World Cup were still largely playing for youth teams, while their French and English peers were no longer doing so (source: Area Football Analysis Club Italia studies, Attachments 7, 8, and 9).",243
2026-04-08 14:09:20,"Super interesting stats honestly  &gt;from the 2019/2020 season to the present, the number of successful dribbles in Serie A has been declining, dropping from an average of 19.02 per game to 12.36;   That's a big decline but i want to see other leagues too, i think in other leagues dribbles overall have dropped because teams are much better at setting up defences and wingers are not allowed to go 1v1 like they used to",95
2026-04-08 14:13:47,Curious what percentage of minutes are played by ‘ineligible’ players in the Prem.,4
2026-04-08 14:14:51,"Damn, that was a proper report.",36
2026-04-08 14:21:49,Very interesting report. I would say the most important part is showing that at Youth level Italy is not bad. But they're terrible in the transition to professional football. And find the problems is always the first step to find the solutions.,83
2026-04-08 14:21:53,Status;dead,8
2026-04-08 14:22:53,"Really interesting stuff. I wonder if this:  ""Serie A does not rank among the top ten European leagues in terms of meters covered in sprints;  in Serie A, the average ball speed during matches is much lower (7.6 m/s) than the UEFA Champions League average (10.4 m/s) and that of other major European leagues (9.2 m/s);""  is a consequence of the 352 or if the 352 became meta because of the relatively slow paced game.",38
2026-04-08 14:29:29,"So basically, Italian youth sector isn't bad but gets worse when it's time for those youth players to transition to first team in Serie A.  We've seen this for many years now and it's nothing new.  The teams fighting for Top 4 aren't risking youth players because that Champions League money can make or break them.",36
2026-04-08 14:30:19,Very damning report will it lead to any wholesale changes? Remains to be seen....,9
2026-04-08 14:38:48,"Quite dire stats overall. If nothing changes, Italy’s status as a top-tier footballing nation is at risk.",15
2026-04-08 14:47:41,"&gt; Italy’s Serie A ranks 49th in the world (out of 50 leagues tracked) in terms of the percentage of minutes played by U21 players eligible for the national team, at just 1.9%!  This is mad considering the statements highlighting the lack of international youth academy sales in the lines above",26
2026-04-08 14:59:05,I didn't even know it was sick,6
2026-04-08 15:05:03,"&gt;The Italian players who finished second at the 2023 Under-20 World Cup were still largely playing for youth teams, while their French and English peers were no longer doing so  This is the biggest thing for me. Youth players that just aren’t being given chances at a pro level early enough",21
2026-04-08 15:07:37,I thought my eyes were deceiving me when I thought Serie A matches looked so slow compared to PL. But actually backed by stats,5
2026-04-08 15:54:12,Sounds like our average report on Italy,4
2026-04-08 16:17:55,"All true, but the big factor is that the quality of Serie A is just really really bad.  That stat about speed and distance run is the most telling, to me.",6
2026-04-08 16:43:41,We are cooked,3
2026-04-08 16:49:36,Good. I hope Gravina and the federation burn.,3
2026-04-08 16:53:46,"Been watching this league closely for 2 decades. It has been declining for nearly the same amount of time. The past 5 years or so have been a fast decline. Top billed matches are almost always complete snooze fests. Napoli vs Milan this past Monday was horrible horrible quality football. I can’t remember a single memorable performance other than Maignan. Milan looked more sterile on offense than Dyche’s Burnley. Napoli could not do much either for most of the match. Neither of these clubs despite being 2/3 are going to be any good in the champions league. Bodo glimt show more balls and willingness to win matches than most serie a clubs. Milan having some of the highest revenue in Italy have zero striker options, they are all trash. What a joke",3
2026-04-08 19:47:27,"Most matches without a league win in UEFA-recognized top flights Livingston (Scotland) - 30 games (09 Aug 2025)  Shkupi (North Macedonia) - 25 games (18 May 2025)\*\*\*  Karvan (Azerbaijan) - 24 games (23 Aug 2025)  Montana (Bulgaria) - 21 games (12 Sep 2025)  Hound Dogs (Gibraltar) - 20 games (24 Aug 2025)\*  Murata (San Marino) - 20 games (19 Oct 2025)   Metz (France) - 16 games (11 Nov 2025)  Oleksandriya (Ukraine) - 15 games (27 Sep 2025)  Heidenheim (Germany) - 15 games (6 Dec 2025)  Dacia Buiucani (Moldova) - 14 games (30 Aug 2025)  Imisli FK (Azerbaijan) - 14 games (29 Nov 2025)  Waterford (Rep. of Ireland) - 13 games (5 Oct 2025)\*\*  Šiauliai FA (Lithuania) - 13 games (27 Oct 2025)\*\*  Espanyol (Spain) - 13 games (22 Dec 2025)  Tottenham (England) - 13 games (28 Dec 2025)  \*Hound Dogs' season ended one month ago, as there is no relegation group after the Gibraltarian regular season.  \*\*Not including the relegation playoffs against second division teams from the previous season  \*\*\*Shkupi's last win in the official books was awarded as a 3-0 forfeit against Voska Sport last season. Their last win on the pitch is so far back it won't show me on Flashscore!    This is an OC stat compiled by me checking every league playing in European competition.",201
2026-04-08 19:47:27,"**This is a stats thread. Remember that there's only one stat post allowed per match/team, so new stats about the same will be removed. Feel free to comment other stats as a reply to this comment so users can see them too!**   *I am a bot, and this action was performed automatically. Please [contact the moderators of this subreddit](/message/compose/?to=/r/soccer) if you have any questions or concerns.*",2
2026-04-08 19:48:45,Espanyol started the season off so well too…,55
2026-04-08 19:49:22,"Livingston, I wasn't familiar with your game.  Note that I didn't consider teams with a summer league which have played fewer than 7 games, as that would mean the majority of their streak was achieved last season.  ~~Fun fact about Hound Dogs: [they lost 17-0 to mid-table side Magpies](https://www.flashscore.com/match/football/hound-dogs-bHzgsvQK/magpies-EVDrNIYl/?mid=C2bNB5iC) in a cup game in February - there's only one league in Gibraltar.~~",9
2026-04-08 19:49:39,Tottenham without Son and Kane is just a relegation battling club unfortunately,9
2026-04-08 19:51:25,Its just Ireland.,1
2026-04-08 19:55:18,Livi with 1 win this season in total,43
2026-04-08 20:00:35,I think last week Metz had a VAR disallowed winning goal at the last minute of their match,9
2026-04-08 20:03:18,"All 32 of [Livingston's League results](https://postimg.cc/0Ms5CK2P).  They have 12 points from a last possible 90, ticking along at 0.4 points per game since 9th August.  Character building season.",29
2026-04-08 20:16:51,Please for the love of fucking God can Waterford win a game of football my hair is going grey watching them every week,6
2026-04-08 20:17:58,"&gt;Murata (San Marino) - 20 games (19 Oct 2025)  I had no idea that San Marino had a league of their own. I guess I assumed they'd be like Monaco/Ligue 1 and have a club that plays in Serie A. The whole country only has a population of like 34,000.",4
2026-04-08 21:04:14,We are bad I didn't need to know we were this bad,9
2026-04-08 22:00:13,Remember when Rangers were scraping past Shkupi in Europa? 1 draw and 24 losses this season in Macedonia!,4
2026-04-08 22:25:33,"It's simple, they're cursed. Grosso dived in the box in 2006 and robbed Australia of the greatest fairy tale story football would've ever seen. Winning the final only fully consummated the curse. And the rest is history: lost in groups, lost in groups, and three no-shows.  To break the curse every member of the Italian team has to eat a curse breaking pizza made using broken-in-half spaghetti, pulled supermarket rotisserie chicken, pineapple chunks, and a Vegemite base.",3
2026-04-08 22:46:22,Livingston play Dundee in a few days.   I will put the house on Dundee to win or draw and watch Livingston get the win.   Maybe everyone else should put a fiver on Livingston?,4
2026-04-09 07:40:59,I'm watching England and USA. No other games. Maybe final,3
2026-04-09 11:12:50,"Looking a Shkupi, it seems that they won a game on the pitch on 02 March, 12 rounds before the off-pitch game in your stat. 11 winless games between those two.  I also noticed that Voska Sport forfeited 6 games in a row.",3
2026-04-09 12:59:16,Love that Livi are dominating the discussion in here lol,4
2026-04-09 17:22:04,"World Cup groups. A deep dive into the numbers. There are two rating systems for ranking national teams: Elo Rating and Fifa Ranking. Elo has been shown to be a bit better at predicting future results, but Fifa ranking is more widely used and actually influences seeding, so is the more important number.  For all the below numbers: **the ""Rating"" I am using is an average of the Elo Rating and the Fifa Rating.**  Let's look at the groups. Here are all the **groups ranked from toughest to least tough by average Rating**.  |**Group I**|*Avg Rating*: 1756| :--|--:| |France|1980| |Senegal|1784| |Norway|1731| |Iraq|1527|  |Group J|*Avg Rating*: 1725| :--|--:| |Argentina|1994| |Austria|1710| |Algeria|1654| |Jordan|1541|  |Group K|*Avg Rating*: 1718| :--|--:| |Portugal|1874| |Colombia|1834| |Uzbekistan|1596| |DR Congo|1567|  |Group F|*Avg Rating*: 1705| :--|--:| |Netherlands|1859| |Japan|1782| |Sweden|1617| |Tunisia|1560|  |Group L|*Avg Rating*: 1703| :--|--:| |England|1923| |Croatia|1824| |Panama|1639| |Ghana|1426|  |Group D|*Avg Rating*: 1699| :--|--:| |Turkiye|1751| |United States|1697| |Australia|1682| |Paraguay|1668|  |Group H|*Avg Rating*: 1689| :--|--:| |Spain|2021| |Uruguay|1783| |Saudi Arabia|1495| |Cabo Verde|1458|  |Group C|*Avg Rating*: 1676| :--|--:| |Brazil|1873| |Morocco|1788| |Scotland|1633| |Haiti|1412|  |Group E|*Avg Rating*: 1640| :--|--:| |Germany|1827| |Ecuador|1764| |Ivory Coast|1604| |Curaçao|1365|  |Group G|*Avg Rating*: 1637| :--|--:| |Belgium|1800| |Iran|1688| |Egypt|1626| |New Zealand|1433|  |Group A|*Avg Rating*: 1633| :--|--:| |Mexico|1770| |South Korea|1670| |Czechia|1614| |South Africa|1477|  |Group B|*Avg Rating*: 1592| :--|--:| |Switzerland|1769| |Canada|1670| |Bosnia &amp;amp; Herzegovina|1490| |Qatar|1440|  Groups **ranked from most evenly matched to least evenly matched** by Standard Deviation of the Ranking  |WC Group|Std Dev| :--|:--| |Group D|36.04| |Group A|122.18| |Group F|139.93| |Group G|153.7| |Group B|153.9| |Group K|158.66| |Group I|186.03| |Group J|192.85| |Group C|202.43| |Group E|205.68| |Group L|219.06| |Group H|264.63|  Confederations ranked by average Rating of their representatives:  |Confederation|# of Reps|Avg Rating| :--|:--|:--| |CONMEBOL (S. America)|6|1819| |UEFA (Europe)|16|1776| |AFC (Asia)|9|1602| |CAF (Africa)|10|1594| |CONCACAF (N./C. America)|6|1592| |OFC (Oceania)|1|1433|  Finally, here's something interesting to me. The countries where *Elo Ratings and Fifa Ranking most disagree*. I've calculated this by normalizing each rating system across the set of countries in the world cup, and then getting the diff of the two normalized ratings. I've listed the five most extreme diffs in each direction.  Here are the countries that **Elo likes better than Fifa** by the highest margin:  |Country|Diff| :--|--:| |New Zealand|21.6%| |Norway|20.6%| |Paraguay|17.9%| |Jordan|17.4%| |Ecuador|16.1%|  And here are the countries that **Fifa likes better than Elo** by the highest margin:  |Country|Diff| :--|--:| |Qatar|29.1%| |Morocco|26.1%| |United States|25.7%| |Belgium|16.5%| |Egypt|11.6%|",40
2026-04-09 17:22:04,"**This is a stats thread. Remember that there's only one stat post allowed per match/team, so new stats about the same will be removed. Feel free to comment other stats as a reply to this comment so users can see them too!**   *I am a bot, and this action was performed automatically. Please [contact the moderators of this subreddit](/message/compose/?to=/r/soccer) if you have any questions or concerns.*",2
2026-04-09 17:32:44,&gt; Group D  36.04   Welp that should be fun,4
2026-04-10 14:03:33,"I think this is going to be the hardest World Cup to predict ever.       The expansion to more teams already adds a lot more chaos, and with 495 possible combinations in the Round of 32, the bracket becomes incredibly unpredictable.",5
2026-04-14 20:49:46,"The biggest World Cup ever, but where are all the big games? In truth, this has long been a problem with the World Cup, but it seems especially stark that in a World Cup with 48 teams they have contrived to produce so few big games ahead of the knockout stages. That’s not to say there won’t be \*exciting\* games as such, but for the first 72 games of football’s premier event to look so… meh on paper feels sad.  Firstly, what is a big game? Let’s adopt a fairy loose definition: a big game is hereby defined as a game where both participants have made the WC semi-final at least twice since 1970. That encompasses every World Cup winner plus a decent number more.   How many big games does that make?  2. That’s it, out of 72 games. 2.7%  They are:  Spain vs Uruguay  England vs Croatia  As a point of comparison, by the same criteria, Euro 2024 had 6 out of 36 games:  Spain v Italy  Spain v Croatia  Croatia v Spain  France v Netherlands  Netherlands v Poland  Poland v France  Maybe I’m being harsh, but besides games featuring my own team there seem to be precious few games in the group stage that look genuinely interesting to me. There are one or two that look interesting for reasons unrelated to the on-pitch product (Mexico vs South Africa for instance), but I want to see classic World Cup ties between the best teams. Doubtless we’ll get them eventually in the knockouts, but it’s still a shame.   P.S. I’m not blind to the fact that this is an unavoidable consequence of seeding, but in truth that just goes to show how expanding the World Cup dilutes the competitiveness of the tournament.",121
2026-04-14 20:49:46,"Hello! Thanks for your submission to r/worldcup, your post is up and running!  A general reminder to check out our rules in the sidebar, have fun, and most of all to be civil.  Finally, take a closer look at [this post](https://www.reddit.com/r/worldcup/comments/z2v46l/announcement_quick_reminder_of_our_most_important/) regarding our civility rules and reddiquette because we would like for each and everyone to feel welcome on the subreddit and to keep a healthy and safe environment for the community.  Please also make sure to [Join us on Discord](https://discord.gg/football)  Thank you!  - - -   *I am a bot, and this action was performed automatically. Please [contact the moderators of this subreddit](/message/compose/?to=/r/worldcup) if you have any questions or concerns.*",2
2026-04-14 21:04:19,"yall don't know ball. should it be 48 teams? fuck no, 32 was perfect  however a lot of these matches really intrigue me as a neutral:  all of group A and D  CAN vs BOS, BRA vs MOR (seriously, you forgot a game between 2 top 10 nations?), NET vs JAP, IVC vs ECU, BEL vs EGY, FRA vs SEN, ARG vs ALG, AUT vs JOR, ENG vs CRO, GER vs IVC, TUN vs JAP, BEL vs IRN, ARG vs AUT, NOR vs SEN, JOR vs ALG, ECU vs GER, NOR vs FRA, URU vs ESP, EGY vs IRN, DRC vs UZB, COL vs POR, ALG vs AUT  these are all pretty good games and while 32 teams again is great, you can't undermine alot of the teams who did earn qualification and if your gonna say poland was a premier team, you have to count sides like ecuador, colombia, iran, japan, algeria, ivory coast, turkey and a few more who are miles better  this reads like someone who's a uefa fan and doesn't pay attention to the rest of the world and that's coming from a uefa fan too",7
2026-04-14 21:12:29,Why do you label those Polish games as big games?,4
2026-04-14 21:19:42,"I agree with your assessment that the field is diluted, but not that only 2 of 72 group matches are ""big."" Also, using Poland as an example for ""big matches"" is a little wild, as I can't remember them having any impressive tournaments recently...  A few great matchups I can think of: - Brazil v. Morocco - England v. Ghana - Germany v. Ecuador - France v. Senegal - Netherlands v. Japan - Portugal v. Colombia  Senegal won AFCON (corrupt ruling aside) in 2026 and 2021; Morocco made the semis in the last WC; Ghana, Portugal and Netherlands have all made WC quarters or semis recently. Who cares what countries did in 1970? All the teams I mentioned have great quality right now.",5
2026-04-14 21:30:09,"48 teams, divided by pots lead to the end of group of death. However there are still some exciting games other than the ones you listed:  Fra vs Senegal  Fra vs Norway  Belgium vs Egypt  Brazil vs Morocco (this one is way more exciting than the two you mentioned)  Portugal vs Colombia (even though both teams will most likely have qualified for R32, it being in Miami will be an electrifying atmosphere)",3
2026-04-14 21:37:25,You’ll see some big crazy matches in round of 32 and I’m confident we might see a lot of of upsets.,3
2026-04-14 21:40:46,"Instead of 48 teams, they should have just made a second 32 team tournament similar to how UEFA has Champions League and Europa League",3
2026-04-14 21:45:16,"Well they’re all big games for the fans of the participating teams involved. That’s what it is all about. My top three most anticipated matches are squarely Australia’s matches against Turkiye, USA and Paraguay.   And often the unlikeliest matches shape as some of the best of the tournament.  The format is a disgrace and 48 teams is too much, but I’m keen to follow the fortunes of Uzbekistan and Cabo Verde, who have been on the brink in particular, who have been not too far off qualification over the years.  And Ronaldo and Messi fanboyism has become so cringe and disgusting over the past few years that i’m probably less keen for Argentina and Portugal matches than i usually would be!",8
2026-04-14 22:10:28,"**Openers:**    Mexico vs South Africa - Thursday 11 June, Mexico City (Start: 13:00 local time)  Canada vs Bosnia - Friday 12 June, Toronto (Start: 15:00 local time)      USA vs Paraguay - Friday 12 June, Los Angeles (Start: 18:00 local time)     **Other big GS matches:**      Brazil vs Morocco - Saturday 13 June, New York (Start: 18:00 local time)  Netherlands vs Japan - Sunday 14 June, Dallas (Start: 15:00 local time)  France vs Senegal - Tuesday 16 June, New York (Start: 15:00 local time)  England vs Croatia - Wednesday 17 June, Dallas (Start: 15:00 local time)  Scotland vs Morocco - Friday 19 June, Boston (Start: 18:00 local time)  Netherlands vs Sweden - Saturday 20 June, Houston (Start: 12:00 local time)  Argentina vs Austria - Monday 22 June, Dallas (Start: 12:00 local time)  Senegal vs Norway - Monday 22 June, New York (Start: 20:00 local time)  England vs Ghana - Tuesday 23 June, Boston (Start: 16:00 local time)  Mexico vs Czech Republic- Wednesday 24 June, Mexico City (Start: 19:00 local time)  USA vs Turkey - Thursday 25 June, Los Angeles (Start: 19:00 local time)  Ecuador vs Germany - Thursday 25 June, New York (Start: 16:00 local time)  France vs Norway - Friday 26 June, Boston (Start: 15:00 local time)  Spain vs Uruguay - Friday 26 June, Guadalajara (Start: 18:00 local time)  Egypt vs Iran - Seattle (""Pride match"", will likely determine second place in the group) - Friday 26 June (Start: 20:00 local time)  Portugal vs Colombia - Saturday 27 June, Miami (Start: 19:30 local time)     **Big potential round of 32 (2nd round) matches:**  (if Netherlands win their group and Morocco finish 2nd to Brazil in theirs)   Netherlands vs Morocco - Monday 29 June, Monterrey (Start: 19:00 local time)  (if USA win their group and whoever finishes 3rd in most likely Group B)   USA vs Canada or Bosnia - Wednesday 1 July, San Francisco BA (Start: 17:00 local time)  (if Colombia and Croatia finish 2nd in their groups to Portugal and England respectively)   Colombia vs Croatia - Thursday 2 July, Toronto (Start: 19:00 local time)      (if Argentina win their group and Uruguay finish 2nd to Spain in theirs)   Argentina vs Uruguay - Friday 3 July, Miami (Start: 18:00 local time)     **Big potential round of 16 (3rd round) matches:**  (if France and Germany win both their groups and 2nd round matches)   France vs Germany - Saturday 4 July, Philadelphia (Start: 17:00 local time)  (if Mexico and England win both their groups and 2nd round matches)   Mexico vs England - Sunday 5 July, Mexico City (Start: 18:00 local time)  (if Argentina win their group and their 2nd round match, and if Turkey finish 2nd in Group D and win their 2nd round match)   Argentina vs Turkey - Tuesday 7 July, Atlanta (Start: 12:00 local time)     **MASSIVE potential quarterfinal match:**  (if Argentina and Portugal win their respective groups and their 2nd and 3rd round matches)   Argentina vs Portugal - Saturday 11 July, Kansas City (Start: 20:00 local time, 22:00 Buenos Aires time and 02:00 (+1) Lisbon time)",6
2026-04-15 00:01:20,"Scotland vs Brazil? Hello rematch from 1998 which saw Scotland knocked out off an own goal.  The whole point of the World Cup is for a mix of group stage games. Every game is big in the group stage because that's where the upsets happen and dark horses are seen.  Just because a casual fan doesn't recognize a given team as being 'big enough' to put on a good show, doesn't take away from the fact that 90% of these teams and almost all of these matches in the group stages are all 'big' games.",1
2026-04-15 01:25:07,"I actually think this is a fair point. Expanding to 48 teams was always going to dilute the early stage quality a bit — more games, but fewer high-level matchups upfront.",2
2026-04-15 02:16:37,"I'm fine with it, personally.  It means that a good team is less likely to be screwed over by being in a group of death.  In practice,  it does create a glut of games that have to be in giant stadiums, though.",3
2026-04-15 04:36:37,"Well by your own (no offense) contrived personal definition of a big match, maybe there aren’t that many, but when you just look at matches between current elite-level teams (let’s say the best 15 teams in the world) you can add Brazil Morocco, Netherlands Japan, France Senegal, Portugal Colombia and debatably Germany Ecuador to the list. I would go as far as to call all of those bigger matches than Spain Uruguay since I’m not exactly a Bielsa fan, I think something like Argentina Algeria or the Norway matches are much more interesting.",9
2026-04-15 13:46:37,"In my honest opinion, the thing that's going to affect the ""excitement"" of the group stages is the fact that third-placed teams have a one in three of advancing to the next round, and even then there have been quite a few instances of ""big"" teams finishing fourth at the World Cup (Germany 2018, England 2014, France 2010 and 2002.",4
2026-04-15 13:53:59,"[Le Parisien] Equipe de France: Hugo Ekitike, who has suffered a torn Achilles tendon, will miss the World Cup. After suffering an injury Tuesday night at Anfield, the French international from Liverpool will not be playing in the 2026 World Cup. His absence reshuffles the attacking lineup for Didier Deschamps’ Les Bleus.  The worst-case scenario has been confirmed for Hugo Ekitike. After leaving the field in tears Tuesday night during the Champions League quarterfinal second leg against Paris Saint-Germain (0-2), the French Liverpool forward is, according to our sources, suffering from a ruptured Achilles tendon. It is a serious injury, meaning an immediate end to his season… and, above all, a missed opportunity for the 2026 World Cup.  The scene, which unfolded at Anfield, left everyone speechless. During a routine run, Ekitike collapsed on his own before clutching the back of his ankle. Quickly carried off on a stretcher, the French international left the field in tears. His Liverpool FC coach, Arne Slot, left little room for doubt after the match: the injury looked serious.  Further tests scheduled for Wednesday will determine whether he has suffered a partial or complete tear of his right Achilles tendon. In any case, this type of injury requires surgery and a lengthy rehabilitation process. He will then need to play a series of matches before regaining his top form. As a result, he cannot be absolutely certain at this time that he will play again before the end of 2026.  This is a huge disappointment for a player on the rise (17 goals in 45 matches across all competitions with the Reds), who has also delivered strong performances with Les Bleus in recent weeks.  With eight caps to his name, he had most recently scored against Brazil (2-1) and appeared in the match against Colombia (3-1) during the last camp. With just a few weeks to go before Didier Deschamps announces the roster (on May 14), his spot on the team seemed assured.",2339
2026-04-15 13:56:38,"The likeliest replacement in the WC squad is going to be Kolo Muani, according to French media.",392
2026-04-15 14:00:13,I know Deschamps has a habit of not taking players that aren’t at bigger clubs but could Kroupi get a look at all? He’s been great so far,803
2026-04-15 14:01:38,"Ekitike &amp; Rodrygo, two brilliant attackers who are damn unlucky to miss world cup with ACL injuries this close to June.  I feel so bad for them, just hope they get ample time to recover fully &amp; come back stronger.",41
2026-04-15 14:10:29,Mateta been picking up form again. Any chance he goes instead?,164
2026-04-15 14:21:32,"IIRC, a torn achilles is like the worst injury for a professional sportsman to come back from, and perform on the same level or better.",236
2026-04-15 14:25:29,"Nooo what a great player, that sucks",41
2026-04-15 14:37:10,"Tore my left Achilles when I was 28 in a similar fashion. No contact injury.  At least my livelihood didn't depend on it. So I can't imagine the amount of frustration he's going through, especially less than 2 months out from the world cup he would have played in...",20
2026-04-15 14:38:20,This is absolutely awful. One of the worst injury a player can get. I really really hope that modern sport medicine and the fact that he is your and strong will help him recover quickly and fully.,42
2026-04-15 14:42:44,"Does anyone have a link to the injury? I'm curious how he tore his Achilles without any contact. Awful injury, effectively ended Kimpembes career at the top level.",38
2026-04-15 15:04:03,"everyone talking about who will replace him, but my god he must be devastated. i’m absolutely so sorry for him. the mental pain will probably hurt more than the physical.",205
2026-04-15 15:54:38,"Horrible, out of all the Liverpool signings he's been the by far the brightest.",35
2026-04-15 17:36:10,"What about Norway - France? With Haaland and their qualification, this is going to be a big game.",7
2026-04-15 20:42:33,"Brother Morocco Brazil are both top 8 teams...you just have a European bias  If you cant get excited for France Senegal for example, thats a personal problem  Lots of good games in group, but definitely a fee less than 2022 due to the expansion",7
2026-04-15 23:51:45,My guy there will be storylines just wait and be patient.,3
2026-04-16 08:22:35,The real tournament starts in the knockouts - treat the group stage games like warm ups,1
2026-04-16 08:38:07,The fact that people can't comprehend that teams such as Poland/Denmark/Ukraine or Italy provide much more quality to this tournament ahead of Curuacao/Haiti or Cape Verde just shows how braindead football fans have got,1
2026-04-16 12:37:26,"First of all, your definition of a big game doesn't make much sence. And I fail to see how you've ended up with your list of ""big games"". It would for instance not include Spain as one of the top teams. Simply because they've only reached the semi-final once ever. They played a de facto thrid place playoff vs Sweden in 1950. But that was a second group stage, and no semi-final. And 20 years prior to your 1970 start date.  The same goes for Portugal, since 1970 they've only reached the semi-final once. In 2006. Their other semi-final was in 1966.  Secondly, the group stage of the world cup rarely has that many big clashes. Just look at the group stages in the past four World Cups.  2022: Spain vs Germany, Belgium vs Croatia.  2018: Spain vs Portugal, Croatia vs Argentina (?), England vs Belgium.  2014: Netherlands vs Spain, Italy vs England, Germany vs Portugal.  While 2010 pretty much only had Brazil vs Portugal.",5
2026-04-16 14:43:13,"[El Mundo] Madrid’s criteria for their new manager: A heavyweight manager, world-renowned and with international success, capable of managing the egos of a dressing room that has been fractured for far too long. It will not be a young profile like that of Xabi Alonso. Klopp (director of football at Red Bull), Pochettino (U.S. national team coach), Deschamps (France), Scaloni (Argentina), and even Mourinho (Benfica) are names that have come up repeatedly at Valdebebas in recent weeks, but without any definitive conviction that they would be the ideal choice. Several of them will be key figures at the upcoming World Cup, where Madrid will be keeping a close eye on both the bench and the field. Zidane, who is eyeing the French national team after the World Cup, was the favorite of Madrid’s general management, but his “no” seems definitive.  Names like Nagelsmann, the German national team coach, or Cesc Fábregas, the breakout star of Serie A with Como, seem to be out of the running at Valdebebas.  Madrid’s management remains convinced that the squad has more potential than Ancelotti, Alonso, or Arbeloa have been able to draw out of it over the past two years. They insist that injuries have taken a toll on the team and that it is up to the coach in charge to get the players to gel. There are pieces that need tweaking, sources acknowledge, but the backbone, they repeat at Chamartín, “is world-class.” That core revolves around Courtois, Militao, Tchouaméni, Valverde, Güler, Bellingham, Vinicius, and Mbappé. The club is not considering, at least at this moment, letting any of its three biggest stars leave.  From there on, the team could see a mass exodus. Alaba, Carvajal, and Rüdiger are all set to see their contracts expire, though the German is very close to renewing. Players like Ceballos, Fran García, and Asencio are free to seek new opportunities, while Gonzalo is likely to go out on loan. Endrick will return, as will likely Nico Paz, which could open the door for Mastantuono to go out on loan.  Camavinga also to be sold.  The presence of financier Anas Laghrari in the Bernabéu box and on European trips has fueled rumors about his role in these changes, and some sources close to the team claim he is among those advocating for this restructuring; however, internal club sources deny that he has become involved in the club’s sporting affairs.  The situation of some key figures in recent years, such as Juni Calafat (head of scouting), is complicated. The signings of Huijsen, Carreras, and Mastantuono have not raised the team’s ceiling, and the club is reviewing his position and potential signings in that department. Santiago Solari, currently Director of Football though with little influence, could also be on his way out.",2557
2026-04-16 14:44:11,Sooo...Carlo Ancelotti?,2286
2026-04-16 14:45:18,it's gonna be Deschamps,1292
2026-04-16 14:45:30,How about we start thinking about criteria for our new president? That sounds more appealing.,162
2026-04-16 14:45:38,That’s basically deschamps confirmed then,278
2026-04-16 14:45:57,scaloni has literally never had a club job i don't see how he isn't the young up and coming profile they're rejecting,218
2026-04-16 14:46:17,Jose to come back to RM pls. Would be funny AF to see how Jose would react to the current Madrid players.,898
2026-04-16 14:46:36,Liam Rossenior and his Man Age system - only man for the job,1171
2026-04-16 14:47:43,The return of the special one,150
2026-04-16 14:47:58,"&gt;A heavyweight manager  Well... I've been fighting some kilos since Easter but sure, I'll do it.  &gt;world-renowned  oh..",218
2026-04-16 14:48:30,"&gt; World renowned, International success  &gt; Pochettino   Uhh...",1551
2026-04-16 14:50:15,&gt;A heavyweight manager  Sam Allardyce confirmed,677
2026-04-16 14:52:58,"They should go with Sean Dyche, his voice alone will scare the shit out of the big egos in the dressing room.",76
2026-04-16 15:05:56,"That bit about Solari was just cold.  ""Santiago Solari, currently Director of football, though with little influence.""   Why you gotta do him like that.",91
2026-04-16 15:06:56,I'd be save scumming and get Xabi back if it was my FM season,100
2026-04-16 15:12:00,"Im not gonna lie, Mourinho's return to Madrid would be pure cinema.",58
2026-04-16 15:38:27,"Get Mourinho, he's everything you want.",81
2026-04-16 15:41:57,Please let it be Mourinho just for all the drama,66
2026-04-16 16:06:31,"Funny how ""it won't be a young profile like Xabi Alonso""... they chucked him out because they decided player power was more important than the managers power. And now, they want someone to control the egos.  Florentino Pérez can be as mad as he likes, this is mostly his fault.",159
2026-04-16 16:19:02,"Klopp will never happen. He had a strict no dickheads policy at liverpool and he requires everybody to run their asses off for his system to work. They'd be handing him quite literally the very opposite of what he needs for it all to work.  The problems arent the managers. Its the players. And if theyre not willing to get rid of some of those egos, then theyre basically saying its fine the way it is. Might as well just keep Arbeloa cuz he seems to do a great job at kissing his players asses and put all the blame on himself.",95
2026-04-16 16:21:44,"expanded tournament means more games and no group of death.   However, that France v Senegal matchup in Group I could be an all-time classic.",2
2026-04-16 20:52:23,"The group stages will be utter dross. There are 10-15 teams who have no business being at a world cup and we have to play 72 games to get them out, then another round to eliminate the teams who would have been eliminated at the group stage last time out. Then it might get interesting if the players have any energy left",3
2026-04-17 10:35:36,"Ancelotti: “Either we (Italy) recover our defenders, or rather the defensive mentality that has guaranteed us victories at both club and national team level, or we will continue to suffer. Because football is indeed about scoring one more goal than the opponent, but also about conceding one less.” “As for Italian football: either we recover our defenders, or rather the defensive mentality that has guaranteed us victories at both club and national team level, or we will continue to suffer. Because football is indeed about scoring one more goal than the opponent, but also about conceding one less. That’s not just a cliché.""  Bayern Munich, Paris Saint-Germain, Arsenal, Atlético Madrid. Germany, France, England, and Spain are the territories conquered by Carlo Ancelotti, a veritable legend of the Champions League, two titles as a player, five as a coach. He watched the latest quarterfinals from Vancouver before heading to Rio de Janeiro. His thoughts and words, the day after that spectacular match. “I’ve seen games with lots of goals; Atlético Madrid vs. Barcelona and Bayern vs. Real Madrid offered thrilling moments for the fans. But...”  But?  “Too many goals also mean too many mistakes—by goalkeepers, by defenders. The so-called high press, man-to-man marking, involves constant risks, and so the result can change from one moment to the next. Even the build-up from the back must be perfect; otherwise, you pay the price immediately for even the slightest lapse in concentration.”  Just like what happened to Bayern or Atlético, though they eventually bounced back  “Yes, you have to anticipate that risk. But the two-day cup run was certainly pure publicity for the fans. A little less so for the eliminated coaches.”  There’s a chasm between the Champions League and Serie A.  “The fundamental difference lies in the rhythm, not just the physical pace of the game, but the mental one, the continuous engagement, the intensity that isn’t an empty word and can’t be used only in certain phases of the match. Italian football has lost precisely that.”  Is that all?  “It has lost its defensive solidity; we already lack talent in other areas of the field, but excessive focus on the tactical aspect has distorted our characteristics—the very ones on which we have built our history, since the beginning.”  So there is a lack of talent.  “Great foreign players no longer come to Italy; abroad, with substantial TV rights and powerful investors, a more attractive market has emerged. So in Serie A, there are no longer international stars like Falcao, Maradona, Platini, Krol, Rummenigge, Ronaldo, Ronaldinho, and all the others from a bygone era. Who are young Italians learning from?”  But there are new teams emerging, Como for example  “I don't think there are any Italian players. But getting back to defensive fragility, Atalanta knows how to play aggressive, one-on-one football, and that's why they take colossal risks, just look at the match against Bayern.”  Based on your direct experience on the field, what are the actual differences in football philosophy among the four semifinalist nations you’ve played in—winning everywhere?  “In Germany, the physical and athletic aspects take precedence; to this must be added a highly organized system, bolstered by the national team’s historical tradition.”  In Spain?  “A lot is based on ball possession, technical quality, and a more proactive style of play. Atlético Madrid is the least ‘Spanish’ of the La Liga clubs, but Diego Simeone has been able to adapt; the technical level has risen. Griezmann and Julián Álvarez are key to this change, without overlooking the young players at Barcelona and Lamine Yamal.”  In England?  “The football environment, the atmosphere surrounding the sport—the national team always retains a unique importance. The clubs have evolved in terms of tactics and technique, and then they just play, without much talk after the games.”  In France?  “Technique, talent, physical strength. There’s a French school of play that has brought together the best elements spread across various European clubs, but which, when combined, form a national team that is now the best in the world.”  Summary: Who will win the Champions League?  “Not me, I’ve already had my turn. But I’d say Paris Saint-Germain.”",239
2026-04-17 10:35:37,"**This is a quotes thread. Remember that there's only one quotes post allowed per interview/press conference, so new quotes with the same origin will be removed. Feel free to comment other quotes/the whole interview as a reply to this comment so users can see them too!**   *I am a bot, and this action was performed automatically. Please [contact the moderators of this subreddit](/message/compose/?to=/r/soccer) if you have any questions or concerns.*",2
2026-04-17 10:49:07,Arteta would destroy Serie A. Will be interested if he goes there after winning Arsenal 3 leagues and 2 CLs,1
2026-04-17 11:10:50,"carlo should take over italy post wc, they need him more than brazil and he seems to be the perfect guy to revive pramgatist football",31
2026-04-17 11:18:30,"Why is still Bordalás at Getafe instead of recovering the very essence of Italy? If he would be named Giuseppe instead of José...  All that talk about haramball with Arteta, Simeone, and whoever... but the only one who has been playing haram and progressively more haram has been Bordalás.",88
2026-04-17 11:20:34,Italy needed ancelotti as coach or someone like him. Missing 3 straight world cups is unacceptable for 4 time winners.,52
2026-04-17 11:23:22,Yeah so back to Catenaccio it is. Whatever it takes to win.,26
2026-04-17 11:30:47,The saying was that attack wins you matches while defense wins you trophies. Nowadays its the opposite.  The team winning serie A in the last years has scored the most goals except Conte's Napoli. And Conte's Napoli won it by 1 point while not playing in European competitions.,32
2026-04-17 11:34:54,Flick: Ay Why you say Fuck me for?,1
2026-04-17 12:01:21,"I want more of this type of ""analysis"" by Ancelotti. It sounds really plausible and interesting",7
2026-04-17 13:20:52,Funny because the one time Italy were successful in recent times was when they played anything but catenaccio. Mancini's Italy were quite fun to watch,13
2026-04-17 14:14:52,Its a bit funny seeing how much carlo prioritises defence these days looking at how devastatingly attacking his teams were,6
2026-04-17 15:31:00,"&gt; Because football is indeed about scoring one more goal than the opponent, but also about conceding one less.  Paradoxical statement.    &gt; Not me, I've already had my turn.   Would like to see Uncle back in European football.",6
2026-04-17 18:50:17,"Group placement and avoiding powerhouse teams in subsequent rounds One of the most interesting takes on the expanded World Cup that I have noticed and wonder about is how teams will view their group placement and the opponents in subsequent rounds. I’ve complied a list of groups where we can have unique scenarios on the final day of group matches.  We’ll start off the list with teams who may not be giving any thought to the matter and we’ll end the list with teams who may want to reconsider where they place.  *Disclosure: These scenarios only matter if the teams in question are positioned well enough to advance as top two prior to the final day of group stage matches.*  **Group F**  🇳🇱 Netherlands  🇯🇵 Japan  🇸🇪 Sweden  🇹🇳 Tunisia  The top teams of Group F and Group C will face each other in the Round of 32. On the final day of group matches, Group F will know beforehand who they face in the next round depending where they place.  This can play out uniquely on the final day of group F matches if a team wants to avoid a certain Group C team (like 🇧🇷Braz**i**l **o**r 🇲🇦Morocco)  **Group B**  🇨🇦 Canada  🇧🇦 Bosnia  🇶🇦 Qatar  🇨🇭 Switzerland  Placing first grants an easier Ro32 opponent (3rd best), but there is a strong possibility of facing 🇵**🇹P**ortugal in the Round of 16, which in many circles is considered a semi-finalist team.  Placing second grants a tough road, but not an impossible one, against a Ro32 Group A opponent and a Ro16 Group C or F opponent.  This could all be an unconcerning matter for a team like **Canada** because finishing first grants them home advantage.  **Group E**  🇩🇪 Germany  🇨🇼 Curaçao  🇨🇮 Ivory Coast  🇪🇨 Ecuador  Placing first grants an easier Ro32 opponent (3rd best), but there is a strong possibility of facing 🇫🇷France in the Ro16, which many people list as favorites to lift the trophy.  Placing second grants a tough road against a Ro32 Group 2I opponent and a Ro16 opponent from Group C or F.  Teams in Group E may reconsider finishing first as to avoid a team like **France** in the Ro16 and hedge their bets against the likes of 2I teams in the Ro32 (likely 🇸**🇳**Seneg**a**l or 🇳🇴Norway)  **Group J**  🇦🇷 Argentina  🇩🇿 Algeria  🇦🇹 Austria  🇯🇴 Jordan  The top teams of Group H and Group J will face each other in the Ro32. On the final day of group stage matches, Group J teams will know beforehand who they face in the next round depending where they place.  For example if 🇪🇸Spain, who is considered one of the favorites, finishes second in their group, we can see a scenario where Group J teams would reconsider finishing first and therefore play their last group games to try and finish second.  **TLDR:**  A unique final day of Group F matches where teams will want to avoid certain Group C teams in the Ro32.  A unique final day of Group B matches where teams will want to avoid a path toward Portugal in the Ro16.  A unique final day of Group E matches where teams will want to avoid a path toward France in the Ro16.  A unique final day of Group J matches where teams will want to avoid a second placed Spain in the Ro32.",49
2026-04-17 18:50:18,"Hello! Thanks for your submission to r/worldcup, your post is up and running!  A general reminder to check out our rules in the sidebar, have fun, and most of all to be civil.  Finally, take a closer look at [this post](https://www.reddit.com/r/worldcup/comments/z2v46l/announcement_quick_reminder_of_our_most_important/) regarding our civility rules and reddiquette because we would like for each and everyone to feel welcome on the subreddit and to keep a healthy and safe environment for the community.  Please also make sure to [Join us on Discord](https://discord.gg/football)  Thank you!  - - -   *I am a bot, and this action was performed automatically. Please [contact the moderators of this subreddit](/message/compose/?to=/r/worldcup) if you have any questions or concerns.*",2
2026-04-17 19:10:13,I don't think teams think like this.  It's more embarrassing to lose intentionally than to lose unintentionally.  Its most embarrassing to lose intentionally then lose in the next round.,8
2026-04-17 19:23:06,"No player at a World Cup goes into a game with a plan to lose or draw, these are professional athletes",14
2026-04-18 01:00:42,"As a Swiss I don't like facing Portugal as they are one of our bogey teams, kicking us out last WC and in the Semi Final of Nations League.  But what better moment to beat them than in a WC match?! Our players will gladly take the challenge on.",7
2026-04-18 01:25:15,&gt;Here are the countries that Elo likes better than Fifa  New Zealand is the only country not to lose against Norway last year too,2
2026-04-18 05:16:54,"Random useless statistic: 14 teams that qualified for any of the last 3 World Cups with 32 teams failed to make it to the 48-team edition. (Disclaimer: No generative AI used for writing this post).    Starting from the most recent World Cup, they were:     🏴󠁧󠁢󠁷󠁬󠁳󠁿  Wales - lost in the play-off semifinal to Bosnia.     🇵🇱  Poland - Sweden got a revenge on them for 2022 qualifiers, lost 3-2 in the play-off final     🇩🇰  Denmark - curiously lost first to Scotland in the last group game, then to Czechia in the play-off final on penalties. Arguably the better team in both games.     🇨🇷  Costa Rica - only won one game in their qualifying group, finished third behind Haiti and Honduras.     🇷🇸  Serbia - third in the group behind England and Albania, did not qualify for play-offs.     🇨🇲  Cameroon - finished 2nd in the group behind Cape Verde, lost to DR Congo in African play-off semifinal.     🇷🇺  Russia - suspended, did not participate in qualifiers.     🇵🇪  Peru - finished 9th in the Conmebol table, far off the intercontinental play-offs.     🇮🇸  Iceland - third in their group behind France and Ukraine despite some good matches, did not qualify for play-offs.     🇳🇬  Nigeria - snatched 2nd in their qualifying group in the last minute and qualified for African play-offs where they lost in the final to DR Congo (on penalties). One of the most disappointing campaigns since Nigeria lost many points to Zimbabwe, Lesotho, Benin and South Africa.     🇨🇱  Chile - finished last in the Conmebol group.     🇬🇷  Greece - despite promising young team, tgey finished third in their group behind Scotland and Denmark, not making it to the play-offs.     🇮🇹  Italy - probably the most discussed absence - Italy missed on their third consecutive World Cup, losing again in the play-offs. They won one World Cup match in the last 19 years.     🇭🇳  Honduras - despite showing some early promise, Honduras paid the price for too many goalless draws and finished their group behind Haiti, not having enough points to qualify for intercontinental play-offs.     Absent teams from the 2010 and 2006 editions, i.e. last the 20 years: Slovenia, Slovakia, North Korea, Trinidad and Tobago, Angola, Togo, Ukraine.",281
2026-04-18 05:16:55,"Hello! Thanks for your submission to r/worldcup, your post is up and running!  A general reminder to check out our rules in the sidebar, have fun, and most of all to be civil.  Finally, take a closer look at [this post](https://www.reddit.com/r/worldcup/comments/z2v46l/announcement_quick_reminder_of_our_most_important/) regarding our civility rules and reddiquette because we would like for each and everyone to feel welcome on the subreddit and to keep a healthy and safe environment for the community.  Please also make sure to [Join us on Discord](https://discord.gg/football)  Thank you!  - - -   *I am a bot, and this action was performed automatically. Please [contact the moderators of this subreddit](/message/compose/?to=/r/worldcup) if you have any questions or concerns.*",2
2026-04-18 05:24:41,"Costa Rica is a disappointment that they missed.   But for Honduras, El Salvador, and Guatemala, missing probably their only chance without Canada, USA, and Mexico in the qualifiers.",6
2026-04-18 05:43:49,“No generative AI used for writing this post” is exactly what an AI would say.  :),18
2026-04-18 08:33:30,"I don’t mean to be disrespectful, but most of these teams have been on-and-off in most World Cups. I understand the fans’ disappointment, but nobody *expects* Wales, Honduras, Iceland or Greece to be there. Teams like Cameroon, Poland, Russia or Serbia have more of a history, but they still missed many. The only - huge - elephant in the room here is Italy.",7
2026-04-18 09:28:47,Nigeria and their jerseys ate the biggest miss alongside Italy,7
2026-04-18 09:47:05,A lot of these teams will be confident they can compete with any team along the way amyway,2
2026-04-18 10:04:25,I think the biggest shock (aside from Italy) is Chile getting LAST,13
2026-04-18 11:35:44,What this suggests is that UEFA and CAF are competitive qualifying confederations that should have more slots and that AFC is not strong enough to justify its number.,10
2026-04-18 15:07:55,"italy? more like italol, amirite boys?",9
2026-04-18 19:41:58,As an Australian I'd like to add a comment regarding Italy not making it again:  haha ha hahahaha ha ha Suck it you cheating cunts.  That is all.,23
2026-04-18 21:33:13,"Scrapping continental qualification to instead have one big World Cup qualifying tournament A lot of people have been moaning about how teams from weak confederations such as Curacao, Haiti, Uzbekistan and Cape Verde have qualified yet much stronger UEFA opposition such as Denmark, Poland or Hungary have not due to FIFA limiting UEFA to 16 spaces - and it is a fair argument.  I think instead of having continental playoffs and delegating a certain amount of places (eg 16 for UEFA) why not just have one big international world qualifying tournament to decide the 48 teams.  This is how I would do it. There are 210 national teams. So have 10 groups of 21 teams:  Groups are drawn from world rankings (eg one team from 1-10, 1 team from 11-20, 1 from 21-30 and so on) and it doesn’t matter how many teams are from a certain continent in each group. And each team would play the other team in their group once (so 20 games in total 10 at home 10 away randomly drawn) in a format similar to the league stage in the champions league.  The top 4 teams in each group qualify and the 5th and 6th place teams go into a second round to decide who makes up the final 8 spaces.  For example 1 group could look like (based on current rankings):  France - 1  Italy - 12  Ecuador - 23  Wales - 37  Cameroon 45  Iraq 57  Albania 54  UAE 68  Ghana 74  Bulgaria 86  Thailand 93  Lebanon 108  Tanzania 113  Togo 121  Liberia 140  Singapore 147  Solomon Islands 153  Grenada 163  Maldives 172  Bangladesh 181  Brunei 193  Gibraltar 203  In my opinion I think this qualifying tournament would be a lot fairer than the current one and would be more accurate at finding a way to get the best teams to play at the WC.",159
2026-04-18 21:33:14,"Hello! Thanks for your submission to r/worldcup, your post is up and running!  A general reminder to check out our rules in the sidebar, have fun, and most of all to be civil.  Finally, take a closer look at [this post](https://www.reddit.com/r/worldcup/comments/z2v46l/announcement_quick_reminder_of_our_most_important/) regarding our civility rules and reddiquette because we would like for each and everyone to feel welcome on the subreddit and to keep a healthy and safe environment for the community.  Please also make sure to [Join us on Discord](https://discord.gg/football)  Thank you!  - - -   *I am a bot, and this action was performed automatically. Please [contact the moderators of this subreddit](/message/compose/?to=/r/worldcup) if you have any questions or concerns.*",2
2026-04-18 21:34:18,This would just be an expanded World Cup,11
2026-04-18 21:38:30,Just wanted to point out as well this would eliminate a team such as Sweden who most people thought was unfair that they were able to make it to the UEFA playoffs due to nations league results even after they’d been horrible in the initial qualification round,2
2026-04-18 21:39:09,Wouldn’t this increase the amount of international games and travel immensely?,15
2026-04-18 21:40:58,No,9
2026-04-18 21:41:10,"The travel / logistics of this would make it impossible, better / fairer or not.",7
2026-04-18 21:43:13,"In a universe where time, money and all other resources are infinite: sure, let’s try it out. I quite like the current system, though. Allows for fun underdog stories.",10
2026-04-18 21:43:34,"The only problem with this is that it would limit the amount of fans that could be present at most game. For most european teams, playing another european team is not that big of a deal in terms of traveling to it. If    Luxemburg would need to play against Tonga there will be almost no away fans to either game.",9
2026-04-18 21:45:50,You already have Euros if you just want to watch European teams. Expand that.,6
2026-04-18 21:46:01,"Wanted to be against this, but fuck it I'm in.",4
2026-04-18 21:46:35,Can Italy do it on a cold rainy night in Mongolia?,14
2026-04-18 21:46:40,You’d be expanding travel considerably and you might end up with 30 European teams qualifying.,7
2026-04-18 21:47:36,Let me guess you're from one of the European countries that bottled the play-offs,12
2026-04-18 21:47:52,this take will anger the fans from Uzbekistan and Curaçao,3
2026-04-18 21:49:41,"Travel is costly and exhausting. Would never work. Just going by your example there’s no way Brunei is traveling to France, Ecuador, and Togo, to name a few.",10
2026-04-18 21:55:43,A better idea is to scrap the World Cup altogether and to just hold a confederations cup.,2
2026-04-18 22:11:18,Nah I support Italy and f'em if they can't get in with the current format.   It should be regional qualifications. It benefits the smaller countries greatly to place with better teams,5
2026-04-18 22:18:51,Naah. Thats what makes it interesting. It would be boring if it was just the consecutive top ranked teams playing. We need an opportunity for the little guys to make it to the big dance,5
2026-04-18 22:26:08,Horrific idea.  I do like the idea of intercontinental playoffs. I'd love to get Peru or New Zealand etc to qualify. It likely favours European teams so maybe that's why I like it,3
2026-04-19 04:08:52,"&gt;A lot of people have been moaning about how teams from weak confederations such as Curacao, Haiti  They're in the same confederation as Mexico, Canada and the USA.   I don't think CONCACAF is normally getting 6 slots + a playoff slot.",4
2026-04-19 08:18:50,"The hate Uzbekistan gets will never make sense to me, anyone who watches the AFC knows that they have proven themselves to be on the same level as teams like Iran and are more than capable of playing good football. The only AFC team I would say are doomed at this World Cup are Iraq, and that's just because of their group, otherwise they're a good team with a great manager.",5
2026-04-19 09:21:53,I see some logistical issues.    How do you fit 20 matches into an already packed schedule?    Where would the games be played? Are we talking about massive travel distances just for a single match?,4
2026-04-19 11:59:38,So you're telling me the entire french national team be flying to the Solomon islands for a 90 minute match?   On top of this Google Australia vs American Samoa,6
2026-04-19 17:13:29,"Strongly disagree (from England if it's relevant). It's a fun idea for a custom database on Football Manager, but not a good idea for real life in my opinion.  As others have already mentioned, a major practical obstacle is the amount of travel involved. This would place additional unnecessary physical and mental demands on players, be financially difficult for smaller confederations, and create an increased carbon footprint.  Then there's the whole point of the tournament. It's a WORLD Cup. Europe already has 16 out of 48 places in this year's expanded edition, so 33%. A World Cup finals needs a reasonable proportion of representation from every confederation, so think it's perfectly fine to have 9 or 10 teams each from Africa and Asia. In terms of pure numbers, it could be argued that they should have the same number of places as Europe, because they have the same number of members, whilst South America is over-represented. The fact that Europe and south America do get more places is supposed to represent the higher quality of teams from those regions.  Then there's the teams you've mentioned. Uzbekistan have been close to qualifying several times in recent editions. Cape Verde finished top of their group ahead of Cameroon, who are the African team with the most appearances at a final tournament. Haiti finished ahead of Honduras and Costa Rica, who have both been regular attendees at the World Cup, while Curacao finished ahead of a strong Jamaican side.  Denmark should have qualified, but threw it away against Belarus and Scotland. Hungary did similar against Ireland.",6
2026-04-20 00:40:41,"Costa Rica and Honduras not even qualifying for the playoff when they didn’t even need to play us, Canada, or Mexico is absurd",11
2026-04-20 02:09:42,"I agree with you, we are living on the same earth .",2
2026-04-20 22:55:12,Do you really expect the group stages to have big games? 🫩,3
2026-04-20 23:34:07,"And Italy still wouldn't qualify. Side note: still a bad idea. Logistical nightmare and doesn't create a world cup where each confederation is represented fairly based on the quality of their best teams. UEFA having 16 spots is plenty, if Italy &amp; were deserving of a spot, they would have qualified. OP are you trying to say Bosnia and Czechia weren't the better teams when it mattered? CONCACAF had a boost because of their three best teams being hosts. Hence why we are seeing Hati &amp; Curacao. Cabo Verde qualified on their own merit, no one would have complained if Cameroon topped the group. Uzbekistan is a strong AFC side and deserves their spot, as do all the other AFC sides that have qualified. What you're suggesting would be logistical insanity &amp; mean many of those lower ranked sides would travel across the globe to be slaughtered 15-0.",3
2026-04-20 23:36:28,Tbh teams with a proper City core won't be sweating these paths since they're used to winning it all anyway mate. It's more about the winning mentality than the draw fr.,2
2026-04-21 04:59:41,Italy gets overrated every world cup and disappoints due to it every time,2
2026-04-21 08:09:01,"It would be a Euro with guests tournament, bad idea.",2
2026-04-21 10:05:15,"honestly mate, the group stages are always a bit of a mixed bag, but as long as we've got the city core of foden and stonesy running the show for england i'm not worried about the quality of football tbh.",2
2026-04-21 17:06:52,"Proper detailed breakdown of the paths mate, but honestly it's all irrelevant if you've got a generational talent like Kobbie Mainoo holding the midfield together. He's the only reason I'm not totally dreading the tournament tbh.",3
2026-04-21 17:28:08,"Am I understanding this correctly, that the Gibraltar national team—a side that, if anything, is at the very lowest professional level—would fly to the Solomon Islands for a football match at roughly seventh-division level?",4
2026-04-23 12:21:44,Interesting idea. You could also do something like the Champions League group phase which has worked perfectly.   But then this all takes away from the World Cup being the place where all the games against teams from other continents take place.,3
2026-04-25 13:29:45,"Early 2026 World Cup odds: Spain, England and France leading – but is there value elsewhere? Been looking at the early odds for the 2026 World Cup and it’s not too surprising to see Spain, England and France right at the top.  All three have strong depth and recent tournament consistency, so it makes sense.  That said, it feels like the market is already heavily pricing reputation this far out.  In past tournaments, the winner usually comes from the top group — but there’s often 1–2 teams just outside the favourites that shorten a lot closer to kickoff.  Curious what people think:  * Are Spain/England/France clear favourites already? * Any teams flying under the radar right now?",431
2026-04-25 13:29:45,"Hello! Thanks for your submission to r/worldcup, your post is up and running!  A general reminder to check out our rules in the sidebar, have fun, and most of all to be civil.  Finally, take a closer look at [this post](https://www.reddit.com/r/worldcup/comments/z2v46l/announcement_quick_reminder_of_our_most_important/) regarding our civility rules and reddiquette because we would like for each and everyone to feel welcome on the subreddit and to keep a healthy and safe environment for the community.  Please also make sure to [Join us on Discord](https://discord.gg/football)  Thank you!  - - -   *I am a bot, and this action was performed automatically. Please [contact the moderators of this subreddit](/message/compose/?to=/r/worldcup) if you have any questions or concerns.*",2
2026-04-25 13:34:48,Spain at +500 is the best value.,3
2026-04-25 13:38:25,England will melt in the sun like an iced lolly. Out in the QF.,5
2026-04-25 13:40:05,"80/1 on America, and I'm not ruling out fixing  Getting £80 from a quid certainly would make that disgrace easier to swallow",4
2026-04-25 13:45:32,"Portugal at 11/1 offers real value to me (B365). I don't think they're favourites, but you could make some decent money E/W on them making the final.  Norway at 25/1 also feels a little steep given their qualifying performance.   Switzerland have shown up in the last two Euros big time, so 80/1 also feels a touch harsh on them, but I can't realistically see the making it past the quarters at best.",8
2026-04-25 13:45:49,England?? LOL Every single WC their dreams are smashed.,14
2026-04-25 13:50:48,"Brazil, Germany and Argentina are the nations that have won the tournament the most that have actually qualified (sorry Italy), so reckon they need to be in the discussion. Almost certainly one of those three or the three you mentioned.",5
2026-04-25 13:56:16,"I'm playing with different kinds of combinations in a [bracket predictor](https://pitchside.app/play) to see what matchups look like and it seems like a France, Spain, Portugal combinations. Would love to see Portugal take it all.",4
2026-04-25 14:06:49,"I wouldn't rule England out but they shouldn't be top 3 in the betting. Germany are the value bet for me, though they've potentially got France in the last 16.",10
2026-04-25 14:08:20,England is an overhyped scam of a international team,6
2026-04-25 14:18:56,"I'd say Spain, Argentina, France and England are the favourites. Portugal and Brazil are outsiders. Germany are the only other team I could realistically see winning it.",10
2026-04-25 14:22:39,England? 😬🤣🤣🤣🤣🤣🤣🤣😂😂😂💸😂🤣🤣🤣🤣🤣,10
2026-04-25 14:51:45,"As an Italian, I’d say Argentina o Brasil, while France and Spain are overrated.",4
2026-04-25 14:52:03,I’m 42. This is the first World Cup in my lifetime that I have very little hope of Brazil taking it. Hopefully they prove me wrong though.,8
2026-04-25 15:32:48,Norway.,8
2026-04-25 15:36:15,"Japan fan here - this could be the year they finally emerge as the dark horse, but I don’t realistically know if they have it in them to go all the way. Everything about their program is based on incrementalism, the goal the organization says this year is quarterfinals at minimum, I think they have a chance to get to the semis tho with Kubo up top",11
2026-04-25 15:53:53,France &amp; Spain are in the form recently. England also have a stable growth curve (despite the friendly loss against Senegal). Portugal &amp; Germany are good contenders.   \- For the DARK HORSE: I'll be keeping an eye on Morocco (seeing them winning u-20 WC proved they got some talent).,7
2026-04-25 16:05:27,Incredible the euro bias here.,4
2026-04-25 16:11:06,"Well looking at the odds, other than Brazil the top teams are pretty much correct.  France, England, Spain, Argentina, Germany, Portugal and Netherland is the teams who you will expect have the greatest chance. But the outsiders seems surprisingly underrated.   Colombia and Morocco isn't top 10, while Switz and Croatia doesn't even make top 15 in the odds.  However, looking at it from a knockout round perspective.  Semi final spot 1: Is a fight between France, Germany, Netherland and second worst of Brazil and Morocco (most likely Brazil imo).   Obviously this lowers the chance for all those teams to advance.   Basically i expect 4 of the 8 top odds favourites to end up in this semi final path.   And any of them can get lucky and knock out the other tbh.  Semi final spot 2: Spain will face either Croatia or Colombia, while two of the easiest groups with Turkey and Belgium as favourites only will meet one of them in the quarter final.   This path opens up for a surprise as Spain never does well in the world cup (except that one time).   On the other hand it does give Spain a better chance than France.  Semi final spot 3: This is another outsider chance as Morocco (or Brazil), Japan and Norway will fight for the chance to meet England.   And yeah its impossible to guess which way this one will go.   But England probably has the highest chance of the 4 favourites to reach the semi final atm.  Semi final spot 4: This one is much clearer. Switz or Portugal will face Argentina.   Argentina is clear favourites here infront of Portugal imo.   Which means Portugal is probably overrated in the odds with how tough their path is.  So thats how i see the chance right now. But since we always gets surprises in the group stage some paths might change drastically and shift the difficulty after the group stages.",6
2026-04-25 18:35:44,Anyone outside of Spain/France/Germany/England/Brazil/Argentina would be a shock in my view. England are the only ones out of these not to win it this century.,8
2026-04-25 18:56:32,"As an England fan, I think there’s more chance of us getting knocked out earlier than expected than us winning the tournament. We had it good under Southgate and it wasn’t appreciated. The current team is stacked with good players but hasn’t got much of an identity or starting XI. Maybe they’ll grow into it but I’m not feeling the optimism this time.",9
2026-04-26 00:17:03,"Belgium is pretty solid. Of the outsiders, I like them a lot.",4
2026-04-26 01:32:55,Japan,5
2026-04-26 07:33:47,Actual value: Argentina. I'd put them a tier below these three but definitely a legit chance.  Shot in the dark value: Ecuador and Colombia,4
2026-04-26 09:09:46,"My dark horse picks are Japan, Colombia, Brazil, Morocco, and Norway. I expect at least 2 of these teams to go far into the tournament. Uruguay are decent, and I wouldn’t sleep on the Senegalese, or even Ghana either. People also forgetting about Germany and Portugal, it feels like whenever you think a country is about to stink up the world cup they tend to have a good tournament. This one could be really good, despite the controversy surrounding it.",4
2026-04-26 10:48:32,"Spain, France or Portugal will win.  Spain won the last Euros. France got to the final of the last World Cup. And Portugal have the best starting 11 on paper.",7
2026-04-26 13:27:27,Iran,7
2026-04-26 14:07:35,Kinda feel like we (England) end up as a favourite each year because so many England fans bet on us out of pure hope - the bookies shorten the odds (British ones at least) because if we actually did win it they’d go bankrupt. 😬   My guess is 🇪🇸/🇦🇷/🇫🇷 as three semifinalists and most likely to win in that order. 🇧🇷/ 🏴󠁧󠁢󠁥󠁮󠁧󠁿 the most likely to complete the final 4 but significantly less likely to actually go on and win it.  Maybe we grow into the tournament but right now struggling to see what our best XI or playing style will be.,6
2026-04-26 14:38:36,Netherlands always good value.,6
2026-04-26 15:43:46,Any South American teams or teams that have majority of their players based in very hot climates will do well  People are really underestimating how ferociously hot it will be in some games this summer. And the fact that 3 teams will go through in some groups will make for bizarre and unpredictable games in the groups  Expect slower and more boring games as well.   Also factor in the extra knockout game this year as well and it’s a longer tougher tournament.   If I was a betting man with £100 to blow I would stick £100 on Ecuador to make the QFs,9
2026-04-26 16:22:56,In no particular order:   Favorites: 🇪🇸🇫🇷 Strong contenders: 🇳🇱🇵🇹🇩🇪🏴󠁧󠁢󠁥󠁮󠁧󠁿🇧🇷🇦🇷 Dark horses: 🇳🇴🇧🇪🇲🇦🇯🇵🇸🇳🇭🇷,7
2026-04-26 19:58:57,I had Spain #1 before Yamal's injury😒,4
2026-04-26 20:49:01,France and England have the players but they still lack that elite tactical control you only get with a proper box midfield. Tbh as long as Rodri is fit and dictating the tempo from the base it's clear of everyone else mate,5
2026-04-27 05:16:03,"Japan and Norway stand out, but Norway might struggle with the climate.",4
2026-04-27 17:05:13,"England being favourites just means we'll inevitably bottle it tbh, we've seen this movie before. Just pray Mainoo doesn't get run into the ground by then or FC Hospital is gonna have a generational squad mate.",7
