timestamp,text,views
2026-04-01 10:28:04,England have a serious Harry Kane problem,13
2026-04-01 10:42:17,England's three winners and five losers from dire World Cup warm-ups,33
2026-04-01 10:42:29,Read the full article for free here: [https://inews.co.uk/sport/football/england-winners-losers-world-cup-4325203](https://inews.co.uk/sport/football/england-winners-losers-world-cup-4325203),1
2026-04-01 10:52:29,"Harry Maguire listed as a loser rather than a winner despite getting more shots on target in his five minutes than Foden, Rogers, Palmer and Gordon 😂  Awful article.",30
2026-04-01 10:57:22,That was pure dross. All these useless matches proved was without Harry England aren’t going anywhere but home.,8
2026-04-01 10:57:52,Another shit article. How is it a problem to have the best striker in the world?,9
2026-04-01 11:54:41,Referring to Garner as a 'former Manchester United' player when you could just say he's an Everton player does annoy me a bit.,6
2026-04-01 12:02:07,"It’s a bit of a silly point really, any team would have a problem if they lost their talisman…  France go from Mbappe to Thuram, Argentina go from Messi to Paz, Portugal go from Ronaldo to Ramos, Belgium go from Lukaku to Openda, etc.  Of course it would be a worry but the fact that we have that ‘problem’ in the first place is a good thing, many countries don’t have that problem because they don’t have anyone that good.  We also saw at the last tournament that despite Toney/Watkins not being on Kane’s level, they can both offer something different from the bench. I’ll only worry if we’ve just got DCL backing him up.",5
2026-04-01 12:13:42,"World Cup 2026: Who will make Thomas Tuchel's England squad? Do you agree with Phil McNulty's choices? GOALKEEPERS: Jordan Pickford, Dean Henderson, James Trafford.  DEFENDERS: Reece James, Ezri Konsa, Marc Guehi, Tino Livramento, John Stones, Harry Maguire, Nico O'Reilly, Lewis Hall.  MIDFIELD: Jude Bellingham, Elliot Anderson, Morgan Rogers, Declan Rice, Adam Wharton, Kobbie Mainoo.  FORWARDS: Harry Kane, Marcus Rashford, Anthony Gordon, Bukayo Saka, Noni Madueke, Eberechi Eze, Cole Palmer, Danny Welbeck, Jarrod Bowen.",827
2026-04-01 12:19:25,"I pretty much do agree with it but don't think it'll be the squad selected.   Welbeck won't go, Henderson will go. Also not sure about Foden but Tuchel seems to be falling into the ""I can fix him"" trap.",18
2026-04-01 12:21:44,"Mainoo going over Garner would be an absolute joke. Last night proved there is a clear gulf in quality. I’d also take Watkins over Welbeck, but tbh I couldn’t really care less as neither will play much. Think it’s a bit irresponsible to only bring 8 defenders in a 26 man squad, especially with the injury issues a few of our defenders have had, and would bring either Burn or Branthwaite (if fully fit) instead. EDIT: would probably remove Madueke to facilitate this, but I’m fine with it being Bowen too.  I have no clue why there’s this consensus that Mainoo is a fantastic player when he doesn’t have the legs nor the physicality to work effectively as the deeper player and therefore the primary ball-winner in a double pivot. He doesn’t have the G/A threat to make up for this and his passing, while really good in tight pockets, lacks the range required to effectively decimate low blocks.",21
2026-04-01 12:22:01,James Garner over Mainoo,12
2026-04-01 12:29:15,Foden has never played well for England so he shouldn’t be selected. Henderson shouldn’t be either but he’ll go. Welbeck is a good shout but he won’t go either. Agree with all the other picks.,5
2026-04-01 12:48:50,"I really don’t get the John Stones pick.  I rate his past work so highly, but that’s just not him anymore.",2
2026-04-01 13:04:37,That’s a lot of forwards,3
2026-04-01 13:45:01,Can already tell this is going to be a disappointing world cup..,4
2026-04-01 13:48:44,"Ridiculous to suggest Welbeck has more chance of going than Watkins and Solanke.  If Welbeck was in Tuchel's thoughts, he'd have called him up either for this squad or the last so he could take a look at him.  If Tuchel doesn't think Solanke or Calvert-Lewin fit the bill, he'll revert to Watkins who he has included in multiple squads and knows can do a job.",4
2026-04-01 14:14:06,"Get Mainoo out of there until he learns how to run faster. Garner comes in. I’m not opposed to Welbeck or Bowen as such, but you cannot take 8 defenders only, when three of them are as injury prone as Stones, James, and Livramento",2
2026-04-01 14:37:24,"Why is Morgan Gibbs-White the forgotten man right now? Extremely casual football watcher here... Why is Morgan Gibbs-White out of the England set up right now? Not even in the 35 man friendly squad for Uruguay and Japan. Not mentioned at all in Phil McNulty's England Squad article that even gives Domininc Solanke (striker, 3 goals all season) an outside chance of getting on the plane!     Meanwhile attacking midfielder Morgan Gibbs-White is the English third top scorer in the premier league with 9 goals. Behind Welbeck (12) and Calvert-Lewin (10) and ahead of assumed to be going Jarrod Bowen. Also on the plane according to McNulty should be Marcus Rashford of Barcelona (ZERO GOALS this season)  In a sea of mediocrity he seems no less mediocre than the others to me. At a time when we're worried about where goals might come from outside of Harry Kane... Why not take an in form (more in form?) midfield threat? He surely deserves to be more in the conversation than not in the 35 man squad?   Is it the driving conviction stuff?",107
2026-04-01 14:58:37,"Why is Morgan Gibbs-White not in the conversation at all? I even did a post and it got modded lol. It's like a conspiracy theory that we aren't allowed to mention him. Phil McNulty doesn't.... he's the third top English scorer in the premier league this season. We're worried about where goals are coming from outside of Harry Kane, yet wasn't even in the 35 man friendly squad. What gives?",2
2026-04-01 14:59:55,"If only 1 was possible and you had to choose one, would you rather win the 2026 World Cup and finally end 60 years of hurt or win a home Euros at Wembley in Euro 2028. Just a lighthearted question to lift the mood after the uninspiring performances in the last two friendlies. Obviously it would be preferable if we won both but I would rather win the World Cup this summer in America and end 60 years of hurt and finally end all the misery, heartbreak and ridiculing that comes with being an England fan ASAP. It would also be cool to see Harry Kane finally have his crowning moment, win the Ballon D’or and also basically confirm the status of the likes of Kane, Bellingham, Saka &amp; Rice, Pickford and others as England legends. And I do believe that the World Cup is the biggest trophy and the highest stage in football.  But I do understand the appeal of winning the Euros at Wembley in 2028 to make up for what happened in 2021. Saka also winning the Euros after what happened in 2021 would also be a great storyline. And the victory and celebrations might be sweeter if the tournament was won at home after playing in Wembley in 5/7 games. The vibes and the unity of the country would be at the maximum level if England were playing well in winning every game in front of a home crowd. And I also see the appeal and euphoria on the idea of ending the drought at Wembley.  So what would you guys prefer?",95
2026-04-01 15:02:17,The WC obviously.,41
2026-04-01 15:02:30,World Cup,3
2026-04-01 15:03:09,The World Cup for sure,12
2026-04-01 15:04:03,There’s only one answer.,12
2026-04-01 15:04:16,"The World Cup.   Winning a tournament with major European teams AND teams like Argentina and Brazil would mean more.   Also I don’t think winning a Euros on home soil makes it more special to be honest. I know that’s probably a minority opinion but I feel it we go to a foreign country, kick ass and win then it would be more satisfying than winning in our own country where our own fans fill every stadium.",17
2026-04-01 15:06:49,Dumbest question ever,11
2026-04-01 15:07:20,"World cup, and I've already seen us win a home euro!",2
2026-04-01 15:07:34,World Cup for certain.,2
2026-04-01 15:08:04,"Always the World Cup. Plus if we won the Euros in 2028, there would be that caveat for the moaners that we can only win tournaments at home.",32
2026-04-01 15:12:09,World Cup on foreign soil,2
2026-04-01 15:14:10,WC,2
2026-04-01 15:17:00,"World cup is a bigger contest so that for a start   Id also rather win euros *not*at home, so we don't need an advantage to win the thing",2
2026-04-01 15:18:07,"World Cup.   I don’t think anyone would prefer us to win the euros over the World Cup, even if it was a home tournament. Away tournaments are much more fun, better vibes with the people there.",2
2026-04-01 15:18:29,"WC, especially cause of our Yank hosts",4
2026-04-01 15:19:06,It changes things a bit if you would have to be at the final.  Winning 2028 at Wembley then going out in London would be insane.,2
2026-04-01 15:19:49,I'd rather win both..,2
2026-04-01 15:22:50,World Cup.  World Cups are remembered &amp; etched in legend in a way that Euros don't quite reach.,2
2026-04-01 15:27:04,"There’s only one answer. The WC.   Plus, giving some of our foul fan base the scenes at Wembley? No chance. I’d probably never want that to happen.",1
2026-04-01 15:28:25,"World Cup, preferably against Germany again to avenge all the penalty disappointments!",2
2026-04-01 15:30:18,"It's not even close bruh, WC.",5
2026-04-01 15:32:03,World Cup every single time.,3
2026-04-01 15:34:06,"He’s not as good as palmer, Bellingham or Rogers and his skill set doesn’t suit playing deeper. I think that is pretty much all it is.",14
2026-04-01 15:34:24,"Rashford has scored for Barca though, 4 league, 5 European",14
2026-04-01 15:34:32,World Cup. It's the bigger prize.   I don't really think the Euros being at home will make much difference to the vast majority of fans. Most of us will still be watching on TV.,4
2026-04-01 15:35:53,"For the first half of the season he has largely been quite average, to be honest. In the second half he's really stepped up, but he plays a position which is swamped with talent.",5
2026-04-01 15:36:11,"Despite FIFA trying so hard to make it shit, the World Cup will always be special. For me it even eclipses the Olympics as the most prestigious global sporting event in the modern era.   Winning the Euros would be unbelievable but the World Cup is the one.",4
2026-04-01 15:36:36,World cup every time. Not that Wembley wouldn't be great too.,3
2026-04-01 15:37:02,"He had a rough start to this season in a pretty turbulent team, but he's just light years ahead of Foden and has been excellent these past few months. In terms of form he's ahead of Rogers too.  I'm massively biased as a Forest fan but I'd have him on the plane - the work rate, creativity and directness all looked so lacking last night.",2
2026-04-01 15:37:06,"Bit of a forgotten man in club football also. I think people are trying to workout whether he would thrive around better players, or Forest is his level. I like to think it’s the former, anytime i’ve seen him play in an England shirt also in Under ages setups, I’ve come away thinking he’s got tons of ability, up there with the Palmers and Fodens for sure.",2
2026-04-01 15:44:43,Hes an attacking midfielder and you’re comparing him with Strikers and wingers.  We have no depth at striker or left winger but lots of depth at attacking midfielder,5
2026-04-01 15:44:49,WC and it isn’t close at all,2
2026-04-01 15:45:46,Rashford has got 10 goals for Barcelona this season.,4
2026-04-01 15:52:54,Rashford has 10 goals this season? This further highlights my case for people overlooking him because hes in spain competing with the 2 best wingers itw. How is a take like that normalised,3
2026-04-01 15:55:08,1) Solanke has scored 6 goals this season 2) Rashford has scored 10 goals this season  I'm not agreeing or disagreeing with your point but why are you making up statistics.,2
2026-04-01 15:55:20,"just cos of his position really.  At 10, I reckon we see bellingham, rogers and even eze ahead of him. Palmer and Foden have been given more chances too. It's a crowded part of the pitch.  Bowen is only getting mins since he's third choice right winger, with some injuries ahead of him.   Welbeck could feel equally hard done by since he's in a similar spot to gibbs-white. kane, watkins, solanke, calvert lewin, foden are all considered options up front.",2
2026-04-01 15:58:01,what is this question😂😂😂😂😂,2
2026-04-01 15:58:53,Ben white?,2
2026-04-01 16:01:20,"World. More countries, more achievement",2
2026-04-01 16:04:02,Rashford has 10 goals and 13 assists this season for Barcelona,3
2026-04-01 16:10:22,Obviously the World Cup.,2
2026-04-01 16:18:02,He should be on the plane no question. The fact that people in the comments are even debating that is insane to me. Just watch him play. He is very skilled and offers way more defensively than someone like Palmer.,4
2026-04-01 16:18:22,?  Like asking if you would want a million pound or a kick in the bollocks,2
2026-04-01 16:27:35,"Solanke has been injured for large parts of the season, and is in a position with much less competition",3
2026-04-01 16:30:44,where on earth did u get rashford 0 goals from?,3
2026-04-01 16:33:16,"World Cup  We have never won a title without home advantage. Winning 26 world cup would surpass 1966.   Winning euros at wembley wouldnt.  I would rather we didnt host another tournament, kinda feels like a home win should have an asterick.",2
2026-04-01 16:35:34,The World Cup !,3
2026-04-01 17:14:00,"Thomas Tuchel defends England's Harry Kane dependency: “Well, why would Argentina not rely on Messi or Portugal not rely on Cristiano Ronaldo? They are key players. This is totally normal. We lacked a punch in the last 20 metres in both matches. In the absence of Kane, we don't have the same threat”",2342
2026-04-01 17:14:36,The Harry Kane Team- England.,29
2026-04-01 17:20:13,He has a point.  Scotland are not the same without John McGinn's sumptuous arse distracting the opposition players.,1684
2026-04-01 17:21:17,Being worse without your best striker is one thing that's normal but looking shit without him vs a team like Japan is another thing they're just not that good,26
2026-04-01 17:25:43,Kanedependencia,102
2026-04-01 17:28:03,"He's one of the best strikers in the world at the moment, of course England aren't gonna be as good without him.",337
2026-04-01 17:28:38,"He’s not wrong - every good side will focus on getting their good players involved as much as possible   If you don’t have the players to work around it at national level, you’re gonna rely on one or two",23
2026-04-01 17:30:15,"I love him, he's 100% right. Yeah man we're wank without the best player in the world in his position. Argentina don't win 2022 without Messi or 1986 without Maradona. It's the world cup, it's 8 games that are about moments of magic, we just need him to be fit",1033
2026-04-01 17:31:46,"The last few times he's had a chance for England, he's either created some good chances or had the chance to score himself.",3
2026-04-01 17:31:50,"The problem isn't that we pose less of a threat without Kane, it's that we pose no threat without Kane.  Of course every team is going to be weaker without their best player on the pitch, but you probably should have a plan B of some kind.",266
2026-04-01 17:34:05,"Because Bellingham, Rogers, Palmer and Eze are all considerably better than him. And that’s not even including Foden who doesn’t make the squad. He’s 6th-best in his position, arguably 7th behind a fully-fit Maddison.",2
2026-04-01 17:40:43,"Rashford is our best, most inform left winger and the one that suits Kane (our best player) the most",2
2026-04-01 17:40:54,the world cup is a much bigger prize than the euros 1000% id prefer the world cup and it is more special to win a tournament away from home than on home soil as hosts have an advantage.. id take either though!,3
2026-04-01 17:42:31,He’s probably in a battle for 4th choice no.10 with Foden and Eze,3
2026-04-01 17:43:45,Is tuchel just a foreign Southgate?,13
2026-04-01 17:44:21,He didn't pick any width or creativity and played without a proper striker. Hardly surprising that the team didn't look much of a threat.,32
2026-04-01 17:51:04,They ain't able without kane..,29
2026-04-01 18:04:24,"I don't get why English fans are disappointed?   Apart from Kane, Rice, Anderson and maybe Guehi which player has been in really good form in this team  Bellingham, Eze, Foden, Palmer, Saka all have had bellow par seasons via their standards  Reece James has not been fit   John Stones has regressed drastically   It's fair enough to say Southgate had a much better team even though Tuchel has prime kane",32
2026-04-01 18:06:26,"Phil Foden may not make World Cup squad, admits Thomas Tuchel “He tried everything,” Tuchel said when asked whether Foden had taken his chance to force his way into his plans. “I would say he was excellent in camp but, yeah, he struggles to show it on the pitch.”  “Obviously, he didn’t have a lot of minutes for City recently. Then he came to camp with the brightest smile and was so good in training and I thought he would just surprise us and play with the same verve and excitement but, yeah, he struggles to have the full impact.”  Tuchel considers Morgan Rogers and Jude Bellingham in competition for the No10 position, while Harry Kane, the England captain and Bayern Munich forward, is the first-choice striker. The England manager touted the idea of Foden being potential cover for Kane on a few occasions, but Foden’s case appears weakened by his performance against Japan.  Asked if he would consider taking a player to the World Cup who was struggling to perform, Tuchel said: “I can. The question would be if we will.”  When subsequently questioned whether this would make Foden a doubt to travel this summer, Tuchel said: “Well, it’s not a guarantee that he would come.”",3735
2026-04-01 18:11:08,48 games. 4 goals. Most notable moments in his England career so far is about 20 minutes against Holland and “putting it on a plate” for Eze who hit it top corner from outside the box.   Should be nowhere near our squad for the summer.,2017
2026-04-01 18:12:12,Please don't give me hope,908
2026-04-01 18:12:38,Nice to see Tuchel not wanting to choose purely on past reputation.,3188
2026-04-01 18:13:39,I just can’t make a case for him barring a major injury crisis.  So ‘might not’ is probably ‘should not make’.,525
2026-04-01 18:13:59,Good - he offers very little and has been shoehorned in far too much IMO  Don’t see him picking up form magically,117
2026-04-01 18:20:53,But then who's going to put it on a plate for Eze?,54
2026-04-01 18:25:44,England need a no bullshit straight shooter manager like this. Their talent pool is too big to not take form into consideration.,728
2026-04-01 18:30:24,"He just hasn't done anywhere near enough for the national side to be able to merit the kind of treatment he gets from the media.  His performances for City have dipped a lot in the last 2 years and he's just not at the level required for the national side and arguably never has been.  When players like Kane, Saka, Pickford, Guéhi, Rice or Bellingham dip for the national side, there's more understanding because they've proven, over the course of their respective careers, that they can be trusted when called upon and a few poor games here or there doesn't erase that.  Foden just doesn't regularly do it enough for the national side to engender any loyalty from the manager/coach.   If he doesn't seriously turn it on in the next few weeks of the season for City, then Tuchel will have to leave him at home.",159
2026-04-01 18:31:25,"If he needs backup for Kane, why not just take Welbeck?",368
2026-04-01 18:38:45,Phil Foden is the most protected English player of all time. Swap the names Foden and Sterling and then look at the performances and stat sheets for England…Sterling would’ve been run out of the country,249
2026-04-01 18:49:14,"We have plenty of talent though. The question is why are they are not performing for England when Kane is absent. I know injury and fatigue are more of an issue at this point in the season, however we still come across as toothless without Kane.",9
2026-04-01 19:12:29,Come on did he really not see his pass to eze,106
2026-04-01 19:19:30,"Tin foil hat, Tuchel's big surprise tactic will be to deploy Jude as a false 9 in place of Kane in 3 matches to keep Kane as fresh as possible.  That will launch England to their first world cup final in decades",13
2026-04-01 19:25:27,I get what you are saying but this is kind of like asking would you prefer to come first or second. World Cup always.,2
2026-04-01 19:38:07,Ex-England boss urges Harry Maguire to consider rejecting World Cup call-up,110
2026-04-01 19:42:30,Fuck big sam,20
2026-04-01 19:43:21,"Lol. While factually correct that Allardyce was once England manager, we basically all forget it happened. Carsley managed them for longer.    Also great advice- back into contention because club form merits it and his advice is to tell Tuchel to stuff it out of spite",87
2026-04-01 19:47:24,Why on earth would you not want to go to a last World Cup?,175
2026-04-01 19:48:13,"With Rice and Saka on corners, Maguire is going to be crucial in the middle on corners",47
2026-04-01 20:05:28,He's just saying something controversial so that Spurs remember he exists,12
2026-04-01 20:09:09,***It is April fools after all…***,10
2026-04-01 20:09:16,World Cup. The momentum from and belief  winning it would increase the chances of then winning the Euros.,2
2026-04-01 20:18:13,"He lost his place on merit and is regaining it on merit. Tuchel’s words may have been harsh but he seems to have a way of challenging players to step up - he made noises about Pickford not being first choice, but in retrospect it’s clear he just wanted to encourage Pickford to up his game in the face of renewed competition. He was already playing exceptionally well, but it feels like he’s found another level this season. At this point I’d be quite surprised if Maguire didn’t go to the WC",8
2026-04-01 20:28:01,Thought he actually brought something to the game when he came on last night,3
2026-04-01 20:33:59,"Imagine a reality where he wasn’t a twat while drinking pints of wine and we never got Gareth, it would have been another 10 years of shite",2
2026-04-01 20:49:24,I bet Allardyce wishes he had someone urge him not to go meet that businessman for dinner,2
2026-04-01 21:24:29,"World Cup every time, it’s the pinnacle",2
2026-04-01 21:26:53,It is dumb as fuck but I also presume it’s a lie. No England manager that wants to win is putting chalobah in his team,2
2026-04-01 21:29:40,"Oddly Satisfying England Things 1. When a player stars in the U21 euros then plays at the World Cup/Euros a year later - e.g Elliot Anderson.  2. Having Captains/star players of small prem teams as bench/fringe players - e.g Bowen, Gibbs-White.  3. Red away kits for world cups, blue for euros.  4. Red numbers.  5. Matches against rogue teams - e.g Japan, Senegal.  6. Matches in other English Stadiums - e.g Elland Road, Villa Park.  Feel free to add more, of course.",72
2026-04-01 21:33:13,5-1,4
2026-04-01 21:39:11,Don't get this at all. Only 6 makes any sense.,1
2026-04-01 21:42:32,"Oh shit, does this mean that if he does go, the plane's going to get shot down?",2
2026-04-01 21:45:00,I didn't find Number 5 particularly satisfying last night.,19
2026-04-01 21:45:10,"Having huge players of smaller teams as only bench warmers isn’t satisfying, it’s a shame. I wanna see them star, they’re usually the ones with passion.",14
2026-04-01 21:53:43,"“X get battered, everywhere they go…”",7
2026-04-01 22:54:20,"But, but, but … Ben White is a traitor for abandoning England",1
2026-04-02 07:43:34,"I don't think just 4 pivots is enough. I think we should take 5 and I think we will. For me, Rice, Anderson, Wharton, Garner, Henderson.",2
2026-04-02 08:10:28,"I understand what you’re saying, but calling Japan and Senegal rogue teams and the only ‘e.g’s’ when they’re the only top 20 ranked teams Tuchel has faced, and lost to both at home, is funny to me.",1
2026-04-02 09:04:32,Will Wembley wobbles actually matter when England head to World Cup training camp?,29
2026-04-02 09:14:37,Assuming we have a normal-to-good tournament and get knocked out by one of the best sides... Then nobody will remember these friendly games or ever speak of them again. Tbh if our two warm up games are remotely positive then they'll be forgotten before then.,23
2026-04-02 09:29:47,Maguire has continually shown he will fight for his place. No way he turns down a call up. Can’t question his attitude.,2
2026-04-02 09:29:56,"“Maverick” players we are all waiting to be subbed on to change the game. Grealish, Joe Cole in an era before him.",4
2026-04-02 09:31:50,"No, is basically our best team at a time when players are just trying not to get injured or play for themselves to get on the plane",9
2026-04-02 09:33:20,"Nobody remembers Iceland loss before last Euros. So, no.",14
2026-04-02 09:35:30,''Rogue'' teams??,3
2026-04-02 10:19:54,"Yes friendlies, B team at best with players who are arguably not going on the plane. A dirty Uruguay side with a bent ref and an in form Japan side. I'd hazard a guess our best starting 11 would have won both games. Given how Uruguay played Im relieved none of our shoe-ins actually got in the team.",6
2026-04-02 10:40:56,Yes because if you remember the euros last time out we struggled to beat everyone even smaller opponents,2
2026-04-02 11:11:06,"I'd put Garner in over Mainoo, and Foden in the squad instead of Welbeck - I think baring any drastic upturns in form, we'll see the final squad come from the team that was picked for the last Internationals.",2
2026-04-02 11:23:34,"Garner has to go instead of Mainoo, far more versatile and can act as an understudy to both Rice or Anderson and play at fullback as well if needed.",2
2026-04-02 12:56:00,Nice analogies here. Feel Germany's 2014 squad was a bit deeper than England's current one. And it helped that Brazil just lost their marbles in the semi in 2014 (and that Messi etc misfired a bit in the final). Also in 2014 I don't remember there being other national sides as formidable as Spain and France are now.,32
2026-04-02 13:08:06,Open secret at this point that England has probably one of the best youth set ups in the world now.  You even have players like Michael Olise being product of England even if he plays elsewhere.    Italy hasn't produced a world class player in forever now. Brazil has also declined from the talents produced 25 years ago,24
2026-04-02 13:08:59,"I've said elsewhere, but I suspect we will really come to regard Euro 2020 (2021) as a generational missed opportunity. Unless we win WC26, I suspect our chances of silverware will decrease again (especially the post-Kane era).",26
2026-04-02 13:47:14,We've never eliminated a major football nation on foreign soil in the World Cup,7
2026-04-02 13:47:34,"Miroslav Klose was 28 at the 2006 world cup, at which point did he stop being a ""young striker""?",3
2026-04-02 14:10:53,Who do England thrash 7-1 then? If that happens then the country would probably explode.,7
2026-04-02 14:26:54,"Order of difficulty for the World Cup groups according to FIFA points I have prepared this using FIFA points.  |**Rank**|**Group**|**Average Points**|**Total Points**| |:-|:-|:-|:-| ||||| |**1**|**Group I** (France, Senegal, Norway, Iraq)|**1616.10**|6464.39| |**2**|**Group F** (Netherlands, Japan, Sweden, Tunisia)|**1604.03**|6416.12| |**3**|**Group D** (USA, Türkiye, Australia, Paraguay)|**1589.09**|6356.34| |**4**|**Group H** (Spain, Uruguay, Saudi Arabia, Cape Verde)|**1584.26**|6337.03| |**5**|**Group A** (Mexico, South Korea, Czechia, South Africa)|**1550.45**|6201.80| |**6**|**Group J** (Argentina, Austria, Algeria, Jordan)|**1530.99**|6123.97| |**7**|**Group E** (Germany, Ecuador, Ivory Coast, Curaçao)|**1513.20**|6052.78| |**8**|**Group G** (Belgium, Iran, Egypt, New Zealand)|**1498.71**|5994.82| |**9**|**Group B** (Switzerland, Canada, Qatar, Bosnia)|**1486.67**|5946.68| |**10**|**Group L** (England, Croatia, Panama, Ghana)|**1482.50**|5930.01| |**11**|**Group K** (Portugal, Colombia, DR Congo, Uzbekistan)|**1452.15**|5808.61| |**12**|**Group C** (Brazil, Morocco, Scotland, Haiti)|**1451.77**|5807.09|",69
2026-04-02 14:30:30,Brazil getting grouped,5
2026-04-02 14:32:57,Who takes these videos? The fellow japanese or otherwise?,7
2026-04-02 14:33:14,"Seems like the weakest team skews the difficulty of most groups.  E.g. number 3 is a group with no particular “strong” teams, all non-favorite average teams.",25
2026-04-02 14:33:16,Japan has established that as one of their footballing transitions.,11
2026-04-02 14:34:00,Told you that Coach is Azs,2
2026-04-02 14:36:04,I cannot wait for the USMNT crashout in the group stage.,12
2026-04-02 14:38:45,"Good job Japan.   50 plus years ago this could have happened i Sweden, in the fashion of nobody littering in the first place. Now it is litter and filth left everywhere.",2
2026-04-02 14:41:19,And were racially abused outside by England fans,15
2026-04-02 14:46:24,"kind of agrees with eye test as well, group I and F are the hardest looking ones on paper, especially with how strong Japan has been looking recently",3
2026-04-02 14:55:38,Iraqi kings carrying group I to be honest,2
2026-04-02 15:05:57,Scotland and Morocco are with Brazil again?? That should be interesting,2
2026-04-02 15:37:02,Did they bring their own trash bags?,4
2026-04-02 15:38:06,That is certainly an analogy,2
2026-04-02 15:46:18,"England's World Cup chances could be harmed by fixture congestion, FA warns",61
2026-04-02 15:54:18,"England won't win the world cup France, Spain, Argentina all much better squads.",3
2026-04-02 15:54:24,Excuses in early. That Japan loss hurt them.,35
2026-04-02 16:04:09,"Given that the Premier League doesn’t start until mid-August because clubs want to go on money-spinning tours abroad, forgive me if I don’t have any sympathy.",16
2026-04-02 16:14:11,Never rated Will Wembley anyway,8
2026-04-02 16:26:17,Amazing,2
2026-04-02 16:42:29,"No groups of death this year, I guess that's because of the increase of teams.  That being said, a lot of the groups are competitive, it's not certain who goes through.",2
2026-04-02 16:46:40,Some reddit posts be like - “hey man look how much time I can waste”,7
2026-04-02 16:55:13,It’s about time fifa rankings get overhauled. Results from 3-4 years ago hell even 2 shouldn’t hold weight. So much can happen in 2 years,2
2026-04-02 16:55:26,Did they pick up Cole Palmer? Because he was absolutely rubbish in that game,87
2026-04-02 17:09:51,"A bit too early to start with the excuses, no? Its not like they are the only ones. Stop touring abroad like a circus and you'll be fine.",5
2026-04-02 19:23:14,I went to live in China for a while when I was younger. Going to the US for the WC would sit worse with me than that did even in retrospect.,4
2026-04-02 20:42:21,"More than who will go, I'm concerned with who will be the first names on the sheet in an attacking sense. Kane I know. But what about the other 5 players that aren't defenders or midfielders?   I'm kind of just hoping Palmer will start and that he'll show what he can do in a tournament. What are people's thoughts on who will start ahead of the defence?",2
2026-04-02 21:49:53,"Even if you wanted to, who the hell can afford to go to this World Cup. It’s gonna’ be an all time stinker",4
2026-04-02 22:42:58,What the fuck happened to the World Cup all these cup stage games are more ass than ever before.,2
2026-04-03 09:31:11,"Athletic- ‘England’s World Cup starting XI: Who our writers are picking, and who drops out’ Dan Sheldon - Pickford, James, Konsa, Guehi, O’Reilly, Anderson, Rice, Saka, Bellingham, Rogers, Kane  Dan Kilpatrick - Pickford, James, Stones, Guehi, Hall, Anderson, Rice, Saka, Bellingham, Gordon, Kane  Nick Miller - Pickford, James, Maguire, Guehi, Hall, Rice, Anderson. Saka, Bellingham, Rashford, Kane  Steve Madeley - Pickford, James, Konsa, Guehi, O’Reilly, Anderson, Rice, Saka, Bellingham, Rashford, Kane  Seb Stafford-Bloor - Pickford, James, Maguire, Guehi, O’Reilly, Rice, Rogers, Wharton, Saka, Kane, Rashford.  Jordan Halford - Pickford, James, Stones, Guehi, O’Reilly, Anderson, Rice, Saka, Bellingham, Gordon, Kane",128
2026-04-03 09:40:08,"Surprised so many pundits have NOR in over Hall. I'd have Nick Miller's list here, with maybe Rashford for Gordon depending on the opposition (Gordon a better presser/defender)",38
2026-04-03 10:04:27,I dont get how we haven’t moved past starting 11 because clearly the starting 11 to play France is very different from the starting 11 to play like Panama.   O’Reilly is maybe the better pick against the latter but the former no chance Hall all day.,18
2026-04-03 10:13:39,Calling nick Miller a writer is a bit of a stretch.,1
2026-04-03 10:35:42,"Dan Kilpatrick is what I think it’ll be, if Stones is fit…",4
2026-04-03 10:47:12,Shocking how many people still pick konsa and guehi as a duo considering they’ve never worked well together.,6
2026-04-03 11:30:57,Interesting that seb chose Wharton over Anderson,4
2026-04-03 11:54:48,"[The Athletic] It's questionable whether Tuchel learnt much from England's two friendlies in the March international break, but it's only 76 days until he has to pick a side to face Croatia at the 2026 World Cup on June 17. Our experts offer their view on what his starting XI should look like",485
2026-04-03 11:55:05,Perfect lineup,11
2026-04-03 11:56:58,"I think I'd take Gordon over Rashford but that aside, I think it looks the best line up.  Gordan just has a better work rate and better versatility. I think he's a much better player then he gets credit for.  There are games where there is an argument Jude plays deeper and you can fit in Rodgers or Eze in the support striker role.",190
2026-04-03 12:01:40,"Yup, I think that’s it",11
2026-04-03 12:01:45,Maguire probably the most disrespected player for England (same with Pickford)   Gets called average yet id ask name one bad thing he’s done in the three tournaments he’s played in,110
2026-04-03 12:01:51,That's a worse team than 2021 or 2022.  Not sure if England should be considered favourites in this competition tbf.,51
2026-04-03 12:06:59,But what do Winston and Schmidt think?,117
2026-04-03 12:10:44,"I think most people have been overrating England, this looks like a quarter-final exit team compared to the other top nations.",136
2026-04-03 12:11:08,Gordon for Rashford and O'Reilly for Hall.,4
2026-04-03 12:28:15,Need to get Stones in the team. We look so shit moving the ball forward from the back without him.,18
2026-04-03 12:48:53,Anybody that picks Rashford should be sacked immediately,1
2026-04-03 13:05:39,"As a Croatia supporter, give us rundown on Elliot Anderson and Lewis Hall!",9
2026-04-03 13:16:52,"I'd have konsa or (stone if he's fit ig) ahead of maguire, otherwise i agree with the rest of it",6
2026-04-03 13:31:45,Hall over Nico? Curious what non city fans think   He's been one of our best players this season,9
2026-04-03 14:09:19,Quite like that team if they all stay fit.   James is the best RB we have but made of glass.   Arguable Gordon over Rashford too.,13
2026-04-03 14:43:08,"What I find unusual is that despite the fact that Tuchel has played Konsa and Rogers far more than he has played Geuhi and Bellingham, pundits and fans always seem to assume he is just going to drop them.    I understand the reasons are nuanced and neither have been in the best form lately. But they have consistently played and I would stake money that both start the first game.",8
2026-04-03 15:35:15,Has saka done anything this season? I feel like people dont really care about him because usually a player who was as hyped as him underperforming would be talked about all the time,7
2026-04-03 15:40:03,"James is obviously the best player for right back, but he is the best choice to make? His injury history makes him a high risk.",2
2026-04-03 17:26:59,"anyways, its coming home",2
2026-04-03 19:32:44,"Good quotes in there, interesting comparison with England",5
2026-04-03 19:45:24,"Harry Kane , England’s Ballon d’Or hopeful , Is finally getting the love he deserves | Barney Ronay",50
2026-04-03 20:01:03,"The article by Barney Ronay, written for The Guardian in April 2026, analyzes Harry Kane’s current form, describing it as the pinnacle of his career and his best-ever chance to win the Ballon d'Or. Kane is identified as one of the three frontrunners for the award, alongside Kylian Mbappé and Lamine Yamal, and is expected to finish the season as the European Golden Shoe winner. To secure the Ballon d'Or, the text suggests he will need either a Champions League title or a standout performance in the 2026 World Cup.  Kane's impact at Bayern Munich is described as transformative; under Vincent Kompany, he has become the team's centerpiece, shattering scoring records—with 136 goals in 133 appearances by that point—and acting as a key catalyst in elevating the squad's overall level. The author also notes a shift in public perception, observing that Kane has become ""cool."" Previously viewed as a talented but ""ordinary"" player, he is now appreciated as England’s best and most intelligent footballer, with the public and the internet valuing his vision and passing over trendier players like Phil Foden.  Furthermore, for the first time ahead of a major tournament, Kane is seen as an unquestionable leader and a model of professionalism properly valued by English fans. However, despite this success, the article mentions a recent injury that could affect his performance in the Champions League quarterfinals against Real Madrid, a recurring pattern of physical fatigue that often haunts him at the end of seasons. Ultimately, the piece celebrates Kane’s maturity as a complete player who, at 32 years old, is finally receiving the global recognition and affection his talent has always deserved.",1
2026-04-03 20:04:55,"Kinda ironic how he had to leave England &amp; play abroad to get more love &amp; respect from foreign media, than he ever received by english media, even though  he was the best english player in prem for such a long time.  Hopefully he wins the Balon d'or and shuts up so many of the clown pundits who still to this day criticise him for leaving england to win trophies in a bigger team.",19
2026-04-03 20:42:28,"So, how we will define the fourth one?",5
2026-04-03 21:36:24,"I can imagine Bellingham pushing up beside Kane, so I'd have O'Reilly so he can sometimes invert to give us more bodies in midfield.",3
2026-04-04 07:31:20,the prem midfield goat. an absolute monster and one of the very best of all time,221
2026-04-04 07:45:43,"&gt;Could Conte be the Italy manager after Gattuso?  &gt;""I have no idea, but he can certainly do it. He has all the qualities and has already done it in the past. He has human and technical depth; he is obviously a potential candidate.""  I bit skeptic on this. Compared to league tournament, Conte results in knocked-out tournaments is bad. He have more league title than he reach knocked-out tournaments final, let alone reaching the semi-finals. No doubt the world class manager, but his main strength when playing in league format tournaments, not knocked-out tournaments like World Cup.",1
2026-04-04 08:01:07,"I don't know with this opinion in the title. It highly depends on the kind of job you have, your objectives and outlook.  I'm quite sure my CEO/deputy CEO are the most involved in my company, the drive is different. I would understand that their is a midpoint in one's career where the outlooks are limited to stagnation, and it hits harder. Most get out of that zone by not caring, or by getting up the ranks.   As a football player, De Bruyne probably reached this point where there is not much to one-up as he achieved most, beside a World Cup probably, hence it makes sense to lose the drive.",1
2026-04-04 08:42:40,"The GOAT midfielder for the prem, absolutely blessed to be a fan while he ran the league",24
2026-04-04 10:59:47,Best English striker of all time.,8
2026-04-04 11:31:19,"Not our best players, it was purely a final game to decide who will be on the plane. Does anyone remember the Senegal game?  Essentially we are screwed if Harry Kane gets injured. Needs to be wrapped in cotton wool until the WC!",2
2026-04-04 12:47:14,&gt;But there’s nothing we can do about it.  Don't know why this cracked me up so much,9
2026-04-04 15:53:42,Could be deliberate motivation by Tuchel? Or maybe just that he doesn’t think Maguire is capable of playing the way he wants England to play,2
2026-04-04 16:11:59,Nick's list is the closest to what I'd probably pick,2
2026-04-05 06:04:50,Swept with World Cup Fever this Week! So branched out my YouTube Channel! Just 67 days to go and I am still buzzing for this tournament. I do not care at all about the results in the friendlies. Tuchel is the man and he knows his squad! Come on England!  https://youtu.be/n94lJDVPHQo?si=9DRayeemSGEFBaH5,9
2026-04-05 06:13:07,"If there 1 thing we can be confident about, it’s that international football, and especially England, will have boring matches prior to the knockout stages.",2
2026-04-05 10:38:26,"Pickford  James, Konsa, Guehi, Hall  Jude, Anderson, Rice  Saka, Kane, Gordon",2
2026-04-05 11:24:16,Jack Wilshere interview: England should take Dowman to World Cup – Spain would,73
2026-04-05 11:27:18,Spain definitely wouldnt?,8
2026-04-05 11:29:12,"This hype has got to stop, just let him develop in peace. How many senior appearances has he had in total? What winger/10 could you possibly justify taking Dowman over? Swear this country will never learn when it comes to player development",20
2026-04-05 11:34:14,Bowen all day he miles ahead of him now. Z,6
2026-04-05 11:37:59,I think Jack may've missed the game last night,1
2026-04-05 11:39:02,We did this with Walcott 20 years ago and he carried the players bags the entire tournament and left Dafoe at home. Criminal.,3
2026-04-05 11:42:23,Nonsense from a lightweight,2
2026-04-05 11:56:21,"Jack is right, Gavi had similar senior appearances when Spain called him up. Dowman would immediately be England's best no.10. Tuchel needs to be brave, ignore the noise and pick him",4
2026-04-05 11:57:15,What's the rush.   Can't he just develop through the age groups and have a normal preseason in the summer.,2
2026-04-05 12:42:18,"Wilshere on England career and Roy Hodgson: “Arguably, I shouldn’t have been in those squads, but he trusted me. Sometimes I look back and think of what might have been. But I have really good memories of scoring two goals [against Slovenia]; of having a run in the team as a No 6. I loved that.” Wilshere would not play another competitive game for 16 months after that day at Wembley in June 2011. History records that in 2011-12, when he should have emerged as one of the pre-eminent midfielders in Europe, ready to lead England in the summer at Euro 2012, not a single minute was added to his professional tally. Things would never be the same again.  “I didn’t know at the time [in June 2011],” he says. “And sometimes I think, ‘That was the last time when I was actually really, really free as a player’.”  “I look back on my England career and those 34 caps could easily have been 75 – even if you cut down half the injuries,” he says. “I look back with pride. I went to the World Cup [in 2014] and I went to the Euros [in 2016]. Probably didn’t get the best out of me because both were off the back of a season with bad injuries, but I had a coach in Roy Hodgson who I really liked.  “Arguably, I shouldn’t have been in those squads, but he trusted me. Sometimes I look back and think of what might have been. But I have really good memories of scoring two goals [against Slovenia in June 2015]; of having a run in the team as a No 6. I loved that. So, yeah, frustrating, but also really proud.”",581
2026-04-05 12:43:14,"The story of Wilshere is why I'm always kinda nervous when players get huge game time early on, I don't want Pedri or Bellingham for example to end up like him",218
2026-04-05 12:44:55,"Arsenals injury What Ifs are massive during late in Wenger’s time there.  Ramsey, Wiltshire and Walcott amongst others. No lack of talent but all that potential not being reached deffo hurt",133
2026-04-05 12:46:35,I am not ready for guys like fucking Wilshere talking like an old man,425
2026-04-05 13:04:08,That Slovenia performance Wilshere is referring to was one of our finest under Hodgson. We were top class that day.,35
2026-04-05 13:15:09,I don't particularly remember Wilshere's inclusion being that controversial at the time.,79
2026-04-05 13:24:45,i use to go to school swearing he was going to be the next big thing 😭  still one of my favourite players for a brief time,9
2026-04-05 14:33:31,Didn't Wilshere go on a run of like 6 MotM performances under Hodgson? He more than repaid any faith that Roy put in him.,42
2026-04-05 15:13:20,"Still remember he had an outstanding game against Brazil, ran our midfield. Still one of the best talents of the past 20 years, and the Barcelona game is rightfully one of my favourite performances by a player ever.",11
2026-04-05 15:16:42,"In an alternative universe, Arsenal had Wilshere, Ramsey, Cazorla and Diaby consistently fit and untroubled by injury at the same time - that could've been a very, very strong midfield.",14
2026-04-06 10:45:39,Reece James on track to deliver England World Cup boost with Chelsea return,101
2026-04-06 10:48:29,That’s always been the timeline but the media started clickbaiting saying there’s fears of him missing the wc,17
2026-04-06 10:54:31,Reece James we are talking about here.   He’s got another injury or two in him before June.,1
2026-04-06 10:57:54,"Chelsea and England just need to rest him till the summer, only starting him at the World Cup with sub appearances in the friendlies leading up to it",4
2026-04-06 11:29:52,bEN whITe iS bETteR,5
2026-04-06 12:06:32,Anyone who thinks he will be fit is naive,1
2026-04-06 12:43:31,Let’s pray there’s not too much wind between now and the World Cup,1
2026-04-06 12:52:41,"I don't think Reece James will make the world cup.  Enzo Maresca took over Chelsea in June 2024. Reece had his last hamstring injury in November 2024.  At some point after his return Maresca was interviewed stating that he now knows how to prevent Reece James form getting those recurring injuries (something to do with limiting how much running he does during the game).  Maresca leaves Jan 2026 and Liam Rosenior takes over with his new ideas, then Reece James picks up another injury March 2026.  If Rosenior doesn't manage Reece in the same way Maresca did then I can easily see him picking up another injury before the end of the season.",1
2026-04-06 13:02:20,Wc ffs waste of a player he ain't as great as made out to be an gem play 1 game an be sent home injured,1
2026-04-06 15:19:22,Him and shaw..on paper two of the best fullbacks around..but sadly they are shot of fitness and consistency..I would take both as backups as both can fill in at CB as well but our primary fullbacks can't be either.,1
2026-04-06 16:23:25,You can't be taking a player with his injury record to a world cup.,1
2026-04-06 17:37:11,I’ll believe it when he starts a game in the World Cup. Being fit now with his track record is meaningless.,1
2026-04-07 13:01:20,Versions of England players needed to win the world cup,748
2026-04-07 13:06:04,I think Kane is just doing the same in a better team in a shitter league. Be better when he was younger and faster,7
2026-04-07 13:08:16,I think you want Maguire for the headers in tournament play.,60
2026-04-07 13:10:24,&gt; Injury-free James  If we're allowed fictional versions of them why not go for 'can-leap-over-buildings Kane' and 'teleportation-enabled Pickford'?,259
2026-04-07 13:15:20,2018 Maguire &gt; current Guehi,26
2026-04-07 13:20:21,"After this world Cup when kane retires, our options are so limited",5
2026-04-07 13:20:38,"Can we not just have the Messi version of Saka, the Maradona version of Bellingham and the Maldini version of Guehi?",5
2026-04-07 13:26:09,So funny that Rashford’s ‘best version’ is two months long,217
2026-04-07 13:26:13,'06 Rooney up top,4
2026-04-07 13:26:26,"Gotta be clearer about the rules otherwise it just becomes a fantasy free for all.  How liberal can we be with the time machine? Is it any currently playing English player even if they haven't been in the mix for years?  Because if it is then 17/18 Harry McGuire, 17/18 Kalvin Phillips, 21/22 Kieran Trippier, 21/22 Kyle Walker, 15/16 Jamie Vardy, 15/16 Jack Grealish, 22/33 Trent Alexander Arnold, 13/14 James Milner and 15/16 Delle Ali",12
2026-04-07 13:26:29,By current guehi you mean the start of the season,3
2026-04-07 13:31:33,Current Rice is better than 24/25 Rice,86
2026-04-07 13:34:00,"Bellingham in Madrid utilized badly after when Mbappe got in his position shifted deeper, making him false 9 and you will get the version you desire.",5
2026-04-07 13:39:06,2024 Palmer is statistically the best player on here,7
2026-04-07 13:42:55,"""Doesn't delay surgery in a hope to make world cup squad, tanking his own form and confidence and ironically putting him at risk of not being selected"" Palmer  Doesn't roll of the tongue though",12
2026-04-07 14:00:09,On Spanish radio they were saying Kane is carrying an injury. I hope we don't have yet another tournament where it's only admitted after we have been eliminated that he wasn't fully fit.,6
2026-04-07 14:16:22,Are u dumb? Where is 23/24 Palmer?,5
2026-04-07 14:53:40,Current Rice is better than 24/25 Rice.,8
2026-04-07 15:08:45,Saka was better in 23/24,4
2026-04-07 15:27:22,"Hall hype need to calm down he is 12 in the league, Luke shaw prime i would take euros 21..",3
2026-04-07 15:53:35,25/26 Rice is better than 24/25,4
2026-04-07 18:16:25,For how long. Luke shaw all over again,1
2026-04-07 19:02:10,"25/26 Rice has been pretty much the best player in the league, let alone better than 24/25 Rice.",6
2026-04-07 19:29:55,"Good, I think he's really important to the side. Other than Kane, Pickford and Rice, he's probably got the greatest value over the potential replacement.",4
2026-04-08 14:50:30,This year’s tournament is fully showing the original meaning of “WC”,8
2026-04-08 15:05:03,"&gt;The Italian players who finished second at the 2023 Under-20 World Cup were still largely playing for youth teams, while their French and English peers were no longer doing so  This is the biggest thing for me. Youth players that just aren’t being given chances at a pro level early enough",21
2026-04-08 16:49:36,Good. I hope Gravina and the federation burn.,3
2026-04-08 17:28:52,"of all the venues in the WC this one's shaping up to be the biggest shitshow (and IMHO is one of the worst venues in the country, it's in a cow pasture an hour outside Boston, definitely not putting our best foot forward)",6
2026-04-08 19:49:39,Tottenham without Son and Kane is just a relegation battling club unfortunately,9
2026-04-09 10:13:17,1053 to watch England vs Panama 🤣✌️,62
2026-04-09 10:17:51,"I legitimately wouldn’t even pay the £80 to watch England in the nosebleeds. Let alone £1,485. This is monstrous. Even £532 for a good seat is abhorrent.",230
2026-04-09 14:52:23,Harry Maguire eyes England World Cup spot,102
2026-04-09 14:58:42,He should be going,70
2026-04-09 15:03:54,If we need a goal but can't risk losing anymore defenders he's a great choice to have. He was good from set pieces against Japan.,8
2026-04-09 15:07:41,"Time and time again, Maguire has proved himself for England. He should be going to the world cup and with the lack of leadership in the squad right now, there's no reason to not take him",53
2026-04-09 15:10:17,"He’s been there, done it and done it well, in good form. Get him in",7
2026-04-09 15:13:33,"I've never quite understood Tuchel's preference for Dan Burn. Maguire is a similar age, similar size, more of a goal threat, and more experienced in big games, both for club and country. Not only that, he's a great locker room guy too.",33
2026-04-09 15:15:36,"He should for sure be going to this one, and I say this as someone who thinks the ""reborn can now do no wrong"" narrative is wildly over the top.",2
2026-04-09 15:22:34,"When chasing a goal, I'd much rather have Maguire put on than DCL.",38
2026-04-09 15:25:00,"İt s not WC at all,it s richests cup",1
2026-04-09 15:28:02,He's well suited to international knockout football   Can score a goal and go on a mazy run / diagonal long ball as well,6
2026-04-09 15:38:12,"[Oliver Glasner] Eddie Nketiah suffers hamstring injury in training as the England international forward nears 170 days of injury this season. The dual FA Cup winning forward is out injured again as he suffers a hamstring injury 2 minutes before the end of a training session. Tonights UECL match against Fiorentina will mark the 30th match missed this season.  All other players are will be available for selection tonight, bar Jørgen Strand Larsen who is suspended due to an accumulation of yellow cards.",224
2026-04-09 15:39:20,30M wasted,75
2026-04-09 15:44:08,The WHAT international? I bloody hope not,105
2026-04-09 15:44:51,Thought he would do better than this at palace but been a expensive signing so far. Still got time though,1
2026-04-09 15:45:38,Palace has spent an obscene amount of money on ridiculously unserious footballer like Nketiah and whatever of an excuse of a footballer Brennan Johnson is.,19
2026-04-09 15:54:04,"I didn't understand this signing at the time but I convinced myself that there must be a reason we're spending so much money on him, and I'm still none the wiser now",14
2026-04-09 15:55:06,If tuchel doesnt put him on the plane he is on crack,6
2026-04-09 16:04:29,Honestly he delivers about 3 goals a season as a striker. He is an actual waste of a space on a team. Him being out sucks for himself and nobody wants him to be injured but he is surely not even remotely missed by Palace.,8
2026-04-09 16:06:04,"Id definitely take him. Composed on the ball, likes to move it FORWARDS and likes to get forwards. Set piece threat, great aerial defender and committed as we have seen through the years. Tried and tested. He and Stones are arguably our best combination at centre back.",10
2026-04-09 16:11:57,"A lot of people not only have him going, they have him in their starting line ups",3
2026-04-09 16:18:08,"The fact that this is even debatable is ridiculous. England Maguire has proven himself time and time again. He has the experience, leadership capability, and offers tactical flexibility, not to mention how clutch he is at penalties. He should be on the plane without a doubt",3
2026-04-09 16:27:24,You can’t call up Henderson upon the basis of leadership and omit Maguire. He’s been solid this season and has an excellent record with England.,13
2026-04-09 16:36:22,Well he is one of the best center backs in both boxes!,3
2026-04-09 16:47:38,"Hey didn’t need him anyways, Sarr is going to absolutely terrorize our defense, the only one capable of even keeping up with him is Dodo. And he’s injured. We are going to get fish and chipped today.",6
2026-04-09 17:22:04,"World Cup groups. A deep dive into the numbers. There are two rating systems for ranking national teams: Elo Rating and Fifa Ranking. Elo has been shown to be a bit better at predicting future results, but Fifa ranking is more widely used and actually influences seeding, so is the more important number.  For all the below numbers: **the ""Rating"" I am using is an average of the Elo Rating and the Fifa Rating.**  Let's look at the groups. Here are all the **groups ranked from toughest to least tough by average Rating**.  |**Group I**|*Avg Rating*: 1756| :--|--:| |France|1980| |Senegal|1784| |Norway|1731| |Iraq|1527|  |Group J|*Avg Rating*: 1725| :--|--:| |Argentina|1994| |Austria|1710| |Algeria|1654| |Jordan|1541|  |Group K|*Avg Rating*: 1718| :--|--:| |Portugal|1874| |Colombia|1834| |Uzbekistan|1596| |DR Congo|1567|  |Group F|*Avg Rating*: 1705| :--|--:| |Netherlands|1859| |Japan|1782| |Sweden|1617| |Tunisia|1560|  |Group L|*Avg Rating*: 1703| :--|--:| |England|1923| |Croatia|1824| |Panama|1639| |Ghana|1426|  |Group D|*Avg Rating*: 1699| :--|--:| |Turkiye|1751| |United States|1697| |Australia|1682| |Paraguay|1668|  |Group H|*Avg Rating*: 1689| :--|--:| |Spain|2021| |Uruguay|1783| |Saudi Arabia|1495| |Cabo Verde|1458|  |Group C|*Avg Rating*: 1676| :--|--:| |Brazil|1873| |Morocco|1788| |Scotland|1633| |Haiti|1412|  |Group E|*Avg Rating*: 1640| :--|--:| |Germany|1827| |Ecuador|1764| |Ivory Coast|1604| |Curaçao|1365|  |Group G|*Avg Rating*: 1637| :--|--:| |Belgium|1800| |Iran|1688| |Egypt|1626| |New Zealand|1433|  |Group A|*Avg Rating*: 1633| :--|--:| |Mexico|1770| |South Korea|1670| |Czechia|1614| |South Africa|1477|  |Group B|*Avg Rating*: 1592| :--|--:| |Switzerland|1769| |Canada|1670| |Bosnia &amp;amp; Herzegovina|1490| |Qatar|1440|  Groups **ranked from most evenly matched to least evenly matched** by Standard Deviation of the Ranking  |WC Group|Std Dev| :--|:--| |Group D|36.04| |Group A|122.18| |Group F|139.93| |Group G|153.7| |Group B|153.9| |Group K|158.66| |Group I|186.03| |Group J|192.85| |Group C|202.43| |Group E|205.68| |Group L|219.06| |Group H|264.63|  Confederations ranked by average Rating of their representatives:  |Confederation|# of Reps|Avg Rating| :--|:--|:--| |CONMEBOL (S. America)|6|1819| |UEFA (Europe)|16|1776| |AFC (Asia)|9|1602| |CAF (Africa)|10|1594| |CONCACAF (N./C. America)|6|1592| |OFC (Oceania)|1|1433|  Finally, here's something interesting to me. The countries where *Elo Ratings and Fifa Ranking most disagree*. I've calculated this by normalizing each rating system across the set of countries in the world cup, and then getting the diff of the two normalized ratings. I've listed the five most extreme diffs in each direction.  Here are the countries that **Elo likes better than Fifa** by the highest margin:  |Country|Diff| :--|--:| |New Zealand|21.6%| |Norway|20.6%| |Paraguay|17.9%| |Jordan|17.4%| |Ecuador|16.1%|  And here are the countries that **Fifa likes better than Elo** by the highest margin:  |Country|Diff| :--|--:| |Qatar|29.1%| |Morocco|26.1%| |United States|25.7%| |Belgium|16.5%| |Egypt|11.6%|",39
2026-04-09 17:29:57,He should be in the squad for so many reasons - great passion that we need,2
2026-04-09 17:32:44,&gt; Group D  36.04   Welp that should be fun,4
2026-04-09 19:18:05,"Could Maguire stones (if fit) and Guehi not play across the middle of a back 5 if we play a top top team? Not saying that’s the way to go, but taking him goes us that option as well",3
2026-04-09 19:19:35,Rather Maguire than Burn,3
2026-04-09 20:31:45,Without doubt should be in there. Even if he’s not going to be starting (which he should imo) he should be there as a sub if England need a goal as a threat to bring on for one of the CBs.,2
2026-04-09 21:18:53,I'm certain he'll be in Tuchel's plans. As he should be.,2
2026-04-10 18:04:46,Get Declan to rap Ice Ice baby,57
2026-04-10 18:28:58,do we think that there will be a new version of 3 lions? considering it has been the same amount of time since that has been recorded to now as it was when it was recorded to when we won the world cup.,18
2026-04-10 18:47:31,Depriving us of the Declan Rice rap is the last straw from the FA.,11
2026-04-11 22:07:35,Tells us all we need to know about the strength of the squad.,2
2026-04-12 13:42:44,"As gifted as Rio is, he shouldn't be a starter for England yet. We much more seasoned players in that position. He would make a excellent impact sub though",2
2026-04-12 13:46:21,Is Kane still gonna be kicking in 2030 the way he is today?,4
2026-04-12 13:55:49,"No way someone as slow as Dowman is a winger, long term. Kids a number 10, or playing in the championship as a winger",14
2026-04-12 14:02:54,"I was 16 and watching at a pub wearing an England Gerrard shirt. Drunk bloke tried to fight me as if I was actually Steven Gerrard and had perpously missed the penalty to intentionally annoy him, and then teleported to Peterborough just to wind this one bloke up.",48
2026-04-12 14:04:55,"I'm confused, shouldn't Foden be shoehorned into this front three as a false 9",45
2026-04-12 14:05:05,"Portugal had talent, but they leant on the 'dark arts' that tournament.   Beat the Dutch in the previous round in the battle of Nuremberg. Rooney lost his cool which probably cost England this one",11
2026-04-12 14:13:16,Why the fuck would I want to relive that?,50
2026-04-12 14:20:20,Haven’t arsenal been seeing how saka does more central in recent matches? He might be our 2030 number 9.,10
2026-04-12 14:23:02,"I miss with the PK was simple, not the lame, stutter step dance shit of today",29
2026-04-12 14:52:32,Accurate,3
2026-04-12 15:11:07,Paul Robinson diving months before the ball was struck,14
2026-04-12 15:20:12,England’s kicks were awful. They mentally lost this shootout before it began.,24
2026-04-12 15:35:20,Gerard was really a choker,19
2026-04-12 16:09:50,"They’ll be 20 and 21 respectively in 2030, while Saka and Palmer will be 28 and 27 respectively. Plus there’s Nwaneri, George, Dibling, Moore who’ll be between 22 and 24",4
2026-04-12 16:34:05,Rio and Dowman are like bffs. So they are already on the same wavelength,3
2026-04-12 16:53:01,"We'll see how Brian Madjo progresses once Aston Villa can register him, assuming he commits to England that is.  Unless someone emerges in the next season or two though, you wouldn't say there's a nailed on prospect right now though. Either going to be a case of shoehorning a Winger or Number 10 or committing to a Strikerless system sooner rather than later.",3
2026-04-12 17:07:25,"Thanks for sharing, from a Scot.",21
2026-04-12 17:18:14,Kane’s not going to be there by 2030,4
2026-04-12 17:54:33,Having Gerrard and Lampard miss a penalty in the same shoot-out…,18
2026-04-12 18:44:09,"Gerrard and Lampard were supposed to be good at penalty taking, but they bottled it at the biggest stage with the highest stakes",23
2026-04-12 19:05:09,Swap kane for JJ Gabriel and thats the euros front 3!,3
2026-04-13 10:30:53,"The best 17 year olds aren't always the best 21 year olds.  And they probably won't be better than the best 25-30 year olds either.  Just because Dowman and Mgumoha are ahead of their peers at the moment, lets not assume they'll continue to develop at the same pace over the next 4 years and become the abolute best in their positions by 21 years old.  Maybe they will, but there are more examples of players who don't quite hit the expected heights than those that do - and plenty of players who actually turn out better who are not superstars at age 17-18.  Harry Kane is actually a perfect example of this.",3
2026-04-13 17:13:24,"Some other new players will come along. I'm sure 4 years ago we thought that Foden and Bellingham would be the core of England this world cup, and yet both won't start. Foden might not even go.",3
2026-04-13 18:28:20,Ricardo a true legend 04 and 06!,16
2026-04-13 19:05:58,Nearly a month to see Leeds put one past us in the first 5 minutes and Manuel Ugarte starting a Premier League game.  Murderers get a lighter sentence.,16
2026-04-13 19:06:05,Love the goal but no foul from DCL?,14
2026-04-13 19:07:13,"""Just does enough to put Yoro off""  Fuck off, Gary",19
2026-04-13 19:07:18,"Look I’m loving the fact United are losing, but that’s surely a foul on Yoro no?",16
2026-04-13 19:07:24,"“Does just enough to put him off”  He hit him in the face Gary, not sure what more he could have done 😂",19
2026-04-13 19:08:20,one like and i’ll crack open this pint,36
2026-04-13 19:10:25,Ugarte would be the worst midfielder at Spurs and we're shit. Can't believe United are relying on him at this stage of the season.,9
2026-04-13 19:13:06,"Seeing the goal again, that’s a foul on Yoro.  Yet again players’ supposed reputations influence refereeing decisions. DCL is regarded as “good in the air” so he can lead with his forearm into Yoro’s head (“young weak centre back”), get nowhere near the ball and no foul is called.",15
2026-04-13 19:37:46,"1998 FIFA Wolrd Cup | England | Beckham Free Kick, Owen Wondergoal &amp; More The official FIFA channel is uploading lots of random World Cup highlight reels like this one. a very nice way to kill a few minutes.",6
2026-04-13 19:46:55,Does feel all these missed chances will make us regret later,17
2026-04-13 19:49:34,"The ""Man Utd win 3-2"" energy is off the charts here, seen this shite far too many times in my life to properly enjoy this game so far as brilliant as Leeds have been",9
2026-04-13 20:09:44,"Luke Shaw leading ManU in minutes played in the league this season is a bit surprising. Good for him, being healthy, but probably not a great thing for the team.",12
2026-04-13 20:13:57,As a leeds fan. That should not be a red card.,16
2026-04-13 20:14:08,That is extremely harsh. Dear oh dear.,18
2026-04-13 20:14:21,"Lol, how they apply or don't apply these rules is a mystery.",9
2026-04-13 20:14:33,I hate United as much as anyone but that seems extremely soft,26
2026-04-13 20:14:46,Dang not a United fan but honestly seems a bit too harsh,14
2026-04-13 20:15:45,I just don’t get how you can rationalize that as being violent,12
2026-04-13 20:15:59,"Brilliant Neville comment, ""if he pulls his shirt I think he is fine""  Thanks Gary.",11
2026-04-13 20:16:03,Thank god var is here to prevent such injustice and violence,9
2026-04-13 20:16:29,"hate united, hate martinez, glad they are looking to call out hair pulls...but that might be the harshest one possible, really nothing in that at all",10
2026-04-13 20:17:05,"Neville is absolutely loving this, what a prick these days",11
2026-04-13 20:18:20,"It is, undeniably, a soft one but it's also super super easy to avoid ever even having this problem. Don't grab your opponents' hair. Not even a little. You'll never gain any advantage from it ever and a billion cameras will see you do it. Very simple.",12
2026-04-13 20:19:02,3 game ban is like 2 months out with man united's schedule,10
2026-04-13 20:21:36,"Sorry, Leeds fans. An absolutely amazing result so far is totally ignored because it has very funny wider implications.",14
2026-04-13 20:22:05,"Leeds have been so good, but the refs just had to make sure everything you will remember is another 0/10 ref performance.",10
2026-04-13 20:24:05,"Has someone told the ref he is allowed to give calls against both teams?   Everytime United touch a Leeds player it’s a foul, but Leeds aren’t getting called for anything",10
2026-04-13 20:29:03,Calling it now...today is the day one of Dalot's potshots will actually result in a goal.,10
2026-04-13 20:38:35,Refs just staring blankly at a player taking 45 seconds for a throw. Absolutely nothing going on between his ears.,14
2026-04-13 20:44:40,Hows that a dive?  If he doesn’t jump over him he could get his ankle broken,16
2026-04-13 20:44:40,Avoiding a tackle is now a dive,14
2026-04-13 20:44:49,I don't think that's a dive. He had to jump over Cunha's leg,11
2026-04-13 20:44:56,"Harsh booking there? Not sure it’s a dive, he just hurdled the challenge?",15
2026-04-13 20:45:16,"Dont get how thats diving, if he didnt do that he wouldve taken that high foot from cunha no?",13
2026-04-13 20:46:11,"Getting a yellow for trying to avoid the tackle? Don't really think that was a dive. Ref was so fast with the yellow for diving, didn't think for a second handing that out.",12
2026-04-13 20:46:17,"If someone flies in and misses the ball and the only way you can avoid getting quite a painful challenge is to jump over them is it really a ""dive"" if you go down as you are jumping out of the way?",10
2026-04-13 20:50:50,"Leeds fully deserved to be ahead, but there’s something that makes my blood boil when a team 2-0 up against 10 men loses all form of control. No composure in the final third to kill the game and no organisation at the back. If they drop points here, it’s entirely self-inflicted.",15
2026-04-13 20:55:14,Can't wait for the whistle on 97:03,11
2026-04-13 20:55:17,Days without officials being absolutely awful and horrible for either team: 0,13
2026-04-13 20:55:36,DCL got away with murder tonight. Well done ref,12
2026-04-13 20:55:37,"I don't watch many Leeds games, but DCL's entire contribution seems to be just elbowing as many opposition players as possible",16
2026-04-13 20:55:54,Ref desperate to blow the whistle despite delays during stoppage time. Lazy cunt.,12
2026-04-13 20:56:01,Daniel farke 💅,13
2026-04-13 20:56:26,The universe wants Spurs to go down,101
2026-04-13 20:56:27,Love how we’re all coming together to relegate Spurs.,611
2026-04-13 20:56:28,I guess PGMOL wants Spurs to go down eh? Because their match officiating + ours make it seem like so.,27
2026-04-13 20:56:33,Waited 3 weeks for this.,334
2026-04-13 20:56:37,"Leeds should've been so out of sight in this game, especially with the red. Attacking third bozos all year.",126
2026-04-13 20:56:37,We weren't great but the ref has fucked us completely,110
2026-04-13 20:56:39,I’d rather drag my balls across broken glass than listen to Gary Neville commentate another united game,266
2026-04-13 20:56:40,A big congrats to Paul Tierney and VAR for their performance. Belongs in a circus,62
2026-04-13 20:56:42,"United missing those two chances around the 85' is divine intervention to send Spurs down, you can't convince me otherwise",305
2026-04-13 20:56:51,"Hope people are realising how big of a result this is in terms of Tottenham being relegated. Leeds are the only team in the relegation race Tottenham are facing in remaining fixtures. If Leeds gets enough points before their game , there is nothing Tottenham can do. there is a chance Tottenham might get relegated with 2 games in hand.",445
2026-04-13 20:56:51,Why cant we do things in a normal and non-stressful way? Just once.,40
2026-04-13 20:56:52,"Match completly change after the red card. We were somehow way better.   Rough game, our midfield and back four were atrocious. Carrick got it completely wrong with his really late change. The ref made every decision against us too. Oh well, Leeds wanted it way more than us.",58
2026-04-13 20:57:04,Huge win for Leeds. Disaster for Tottenham. DCL gets away with a lot.,107
2026-04-13 20:57:04,Shit Ref genuinely horrendous,40
2026-04-13 20:57:19,"Despite Leeds best efforts, Leeds are 6 points from relegation zone with this win!",15
2026-04-13 20:57:34,spurs are fucked omds,10
2026-04-13 21:01:42,"Didn't deserve anything after that first half performance, but my word refereeing quality in the Prem is at an all time low.  The only consistent thing about them is how wildly  inconsistent they are from game to game.",38
2026-04-13 21:02:45,hope leeds win the FA cup,14
2026-04-13 21:05:42,Hello Spurs fans how are ya,72
2026-04-13 21:08:03,deleted,48
2026-04-13 21:10:52,Anyone else think Man United looked far better with 10 men than they did with 11?   I almost didn't notice they were a man down.,66
2026-04-13 21:11:08,"Day 5000 of requesting that Gary Neville stops commentating on United matches, what a prick",91
2026-04-13 22:18:43,"This showed up on my feed and triggered anxiety! Great match, Ricardo was memorable in that World Cup.",12
2026-04-14 00:53:16,NOTHING beats the Gareth Southgate penalty. Am so grateful I lived long enough to see him redeem himself through his management of the England team.,9
2026-04-14 11:35:30,England 2026 World Cup watch: Is there still hope for those omitted for the March friendlies?,132
2026-04-14 11:41:36,Welbeck deserves a shot.,14
2026-04-14 12:00:51,Can't see it happening for Trent. Not taking him in March when he was fit and coming back into form feels like a definitive statement on Tuchel's part.,11
2026-04-14 12:21:16,I would certainly hope Watkins makes the World Cup squad,10
2026-04-14 12:23:20,"still plenty of matches left for those season ending/world cup missing metatarsal injuries, i wouldn't rule anyone out.",7
2026-04-14 12:34:32,Of course there is.,2
2026-04-14 13:21:39,"I got the impression Watkins wasn't called up as Tuchel wanted to see the back-ups he hasn't seen. And they were  for back-ups for Kane specifically in Solanke and Calvert-Lewin. Watkins goes as a different type of striker to Kane, not as his backup. Foden as a false 9 is the other alternative (though that has failed twice now).",9
2026-04-14 13:34:48,"Bizarre stat about Harry Kane OK, this  is a bit random and needs explaining how I got here. Some of you are frustrated that Michael Olise chose to represent France over the country he was raised in, England. Personally I find this disrespectful to Bukayo Saka, a player who I happen to think is on the same level as Olise. My view is that Olise is benefitting from the Bundesliga Bounce, the phenomenon where players look significantly better in the Bundesliga compared to the PL. Basically there is a long history of players who look world class in the Bundesliga performing less well in the Premier League and this is helping Olise in comparison to Saka.  To investigate this I looked at the minutes to goals &amp; assists of 21 high profile players who played in both the Bundesliga and the PL, 4 who moved from the PL to the Bundesliga and 17 who moved from the Bundesliga to the Premier League. What I found supported that the Bundesliga Bounce is significant, 17 out 21 players performed better in the PL than the Bundesliga with average goal contribution rate being x1.5 higher in the Bundesliga than the PL.  Michael Olise is actually significantly outperforming this average contributing x2.3 as often in the Bundesliga providing a goal or an assist every 61 minutes. Based on the average Bundesliga Bounce Saka would contribute a goal or an assist every 103 minutes.  In fact Olise has got the biggest Bundesliga Bounce of any player to move from the PL to the Bundesliga and is only behind Sancho and Simons (of the players I looked at) in general. This brings me to Harry Kane because, whilst Olise got the biggest bounce moving to the Bundesliga and playing alongside Harry Kane there's a player at the other end of the scale who improved the most moving from the Bundesliga to the PL, who bucked the trend and scored or assisted x1.55 more in England. Who is this player who bucked the trend so highly? None other than Harry Kane's favourite happy Korean, Heung-Min Son.  The two best performing players (from the 21 I checked) to move from the Bundesliga to the Premier League or vice versa, both did it playing next to Harry Kane.  For Reference, these are the players I looked at:  Scored or assisted more in the PL - Son, Firmino, De Bruyne, Sane.  Scored or assisted more in the Bundesliga - Sancho, Simons, Olise, Wirtz, Nkunku, Kane, Ballack, Robben, Mhkytarian, Aubamayang, Werner, Haaland, Baily, Berbatov, Havertz, Pulisic, Mateta.",185
2026-04-14 13:38:33,We dont have to take Bundesliga state seriously while I agree that je is the best English player,3
2026-04-14 13:39:44,"olise is doing well in the champions league as well though so it isn't as if he's only good because of ""bundesliga tax""",38
2026-04-14 13:41:23,I mean yh the bundesliga is defo miles worse than the prem in terms of quality but olise is defo better than saka,17
2026-04-14 13:43:26,Olise's killing it in the Champions League and he had 16 G/A in 19 games in his last Premier League season. The only 'disrespectful' thing here is dismissing him so casually.,19
2026-04-14 13:45:56,So you're saying   1. Bundesliga bounce is real   2. Kane makes the players around him better  Makes sense!,3
2026-04-14 13:47:05,Yes I'm sure that playing next to the most creative and complete strikers in the modern game does make players perform well.,3
2026-04-14 13:47:20,Bro what is this I hate stat merchants. If you actually watch the game you can see the talent of olise. Saka can’t even lace his boots he is a lb that snuck his way to rw and on top of that he is now washed (not his fault) as arteta has overplayed him and now he has lost his burst/pace. He might not even get in the England team.  Olise was cooking at Crystal Palace with a poor squad around him. Saka could never and has never been on his level as a footballer  You need to put down the stats and start actually watching games then you will see what’s going on,8
2026-04-14 13:47:51,stopped reading after you said Saka is on the same level as Olise,35
2026-04-14 13:48:45,"I don't think your Olise comparison holds much water, he went from Crystal Palace to Bayern bloody Munich. The difference in output could easily be because he's not playing in a better team, getting the ball in better situations, and having the best striker in the world to convert the chances he creates into assists.",10
2026-04-14 13:52:53,Olise can also play as a number 10 though so him and prime Saka can play alongside each other,2
2026-04-14 13:54:21,Both things can be true. The premier league is better than the bundesliga. Olise is better than Saka.,13
2026-04-14 14:06:58,Problem number 1 is trying to draw conclusions from a player like Olise by solely quoting goals and assists.,3
2026-04-14 14:15:16,"The data is biased heavily in my opinion. We have to keep in mind that Olise moved from Crystal Palace to Bayern which has much higher quality players which results in more and better chances created   For Kane and Son, they were also the only stars and the primary goal threat in Tottenham.   Looking at the data itself without accounting for player improvement over the years and the team/players that surround them makes it prone to error",4
2026-04-14 14:39:53,"Comparing Arsenal and Bayern is an interesting take. Both are top of their domestic leagues and both could potenially reach the champions league final where the Olise and Saka debate can be tested on the pitch.   Though as far as recent form is concerned, Bayern/ Olise have looked far more convincing than Arsenal/ Saka. Bayern are breaking goal scoring records, schooling Real at the Bernabeu and are surely the favorites to win.   Arsenal meanwhile are pulling an Arsenal; dropping form and losing key games at a critcal time in the season. Saka is very much part of that form drop, going unnoticed and failing to make an impact. Their game against city could potentially be a turning point but city are at home and finally starting to look like their former selves so I doubt anyone's getting their hopes up.",3
2026-04-14 14:49:06,Saka was comfortably better than Olise for years when they were in the same league (as good as Olise was that’s no slight to him)  He went to the best team is weaker league with weaker defenders next to a Harry Kane and Diaz/Gnabry and his numbers exploded.  He’s a phenomenal player and he’s definitely been better than Saka this year but put a healthy Saka and Olise on Bayern and Arsenal and Saka is more likely to put up Olise’s numbers than Olise putting up Saka’s best numbers,2
2026-04-14 14:57:33,"What we do know is that hower attrintial and non flashy Kane may be , in his position, he is world class.",3
2026-04-14 14:59:27,Stopped reading when you said saka is same level as olise.  Saka looks like his legs are going already looks to be on the decline.  Olise just put in crazy numbers g/a in the last 2 seasons,5
2026-04-14 15:01:15,I play a 442 with literal wingers as fullbacks and inside forwards ahead of them. This game is very easy and unrealistic.,2
2026-04-14 15:09:40,"Saka's not fit to lace Olise's boots, come on",3
2026-04-14 15:19:54,Saka is better than olise . More news at 10.,1
2026-04-14 15:28:03,"I don't see how Saka is at all relevant here. Olise definitely benefits from having Kane in the side, but the managers set up is also a big factor. Kompany wants goals while Arteta wants corners any winger is going to struggle to look convincing given those tactics. Olise was also VERY good playing in the PL so it's not like he's entirely unproven outside the Bundesliga.  Most of Saka's time playing beside Kane has been while they were under Southgate so I can similarly  forgive him for again not lighting the world on fire given how averse that set up was to scoring goals.",2
2026-04-14 15:33:16,I’ll have what he’s smoking sir,2
2026-04-14 15:38:54,this is the guys version of predicting how this year will go for you based on your zodiac sign and whether Venus is in retrograde,3
2026-04-14 17:24:11,I would say Watkins should be given a shot again. He seems like he’s starting to find his feet and hit form a bit. Also he’s got tournament experience and scored a crucial goal in a semi final  Also his pace gives something different to Kane to bring on at some point in a game,4
2026-04-14 17:47:48,"No one mentioned Morgan Gibbs white yet. If he's playing better than foden and others then why write him off. He would be a genuine danger coming on late on with his ferocious energy and is scoring more than palmer, foden and Jude atm",2
2026-04-14 20:21:53,"I like Saka a lot, despite him not being particulatly good this season. But if Olise was representing England, his country of birth, Saka would be benched.",3
2026-04-14 20:49:46,"The biggest World Cup ever, but where are all the big games? In truth, this has long been a problem with the World Cup, but it seems especially stark that in a World Cup with 48 teams they have contrived to produce so few big games ahead of the knockout stages. That’s not to say there won’t be \*exciting\* games as such, but for the first 72 games of football’s premier event to look so… meh on paper feels sad.  Firstly, what is a big game? Let’s adopt a fairy loose definition: a big game is hereby defined as a game where both participants have made the WC semi-final at least twice since 1970. That encompasses every World Cup winner plus a decent number more.   How many big games does that make?  2. That’s it, out of 72 games. 2.7%  They are:  Spain vs Uruguay  England vs Croatia  As a point of comparison, by the same criteria, Euro 2024 had 6 out of 36 games:  Spain v Italy  Spain v Croatia  Croatia v Spain  France v Netherlands  Netherlands v Poland  Poland v France  Maybe I’m being harsh, but besides games featuring my own team there seem to be precious few games in the group stage that look genuinely interesting to me. There are one or two that look interesting for reasons unrelated to the on-pitch product (Mexico vs South Africa for instance), but I want to see classic World Cup ties between the best teams. Doubtless we’ll get them eventually in the knockouts, but it’s still a shame.   P.S. I’m not blind to the fact that this is an unavoidable consequence of seeding, but in truth that just goes to show how expanding the World Cup dilutes the competitiveness of the tournament.",121
2026-04-14 21:04:19,"yall don't know ball. should it be 48 teams? fuck no, 32 was perfect  however a lot of these matches really intrigue me as a neutral:  all of group A and D  CAN vs BOS, BRA vs MOR (seriously, you forgot a game between 2 top 10 nations?), NET vs JAP, IVC vs ECU, BEL vs EGY, FRA vs SEN, ARG vs ALG, AUT vs JOR, ENG vs CRO, GER vs IVC, TUN vs JAP, BEL vs IRN, ARG vs AUT, NOR vs SEN, JOR vs ALG, ECU vs GER, NOR vs FRA, URU vs ESP, EGY vs IRN, DRC vs UZB, COL vs POR, ALG vs AUT  these are all pretty good games and while 32 teams again is great, you can't undermine alot of the teams who did earn qualification and if your gonna say poland was a premier team, you have to count sides like ecuador, colombia, iran, japan, algeria, ivory coast, turkey and a few more who are miles better  this reads like someone who's a uefa fan and doesn't pay attention to the rest of the world and that's coming from a uefa fan too",9
2026-04-14 21:12:29,Why do you label those Polish games as big games?,6
2026-04-14 21:19:42,"I agree with your assessment that the field is diluted, but not that only 2 of 72 group matches are ""big."" Also, using Poland as an example for ""big matches"" is a little wild, as I can't remember them having any impressive tournaments recently...  A few great matchups I can think of: - Brazil v. Morocco - England v. Ghana - Germany v. Ecuador - France v. Senegal - Netherlands v. Japan - Portugal v. Colombia  Senegal won AFCON (corrupt ruling aside) in 2026 and 2021; Morocco made the semis in the last WC; Ghana, Portugal and Netherlands have all made WC quarters or semis recently. Who cares what countries did in 1970? All the teams I mentioned have great quality right now.",5
2026-04-14 21:30:09,"48 teams, divided by pots lead to the end of group of death. However there are still some exciting games other than the ones you listed:  Fra vs Senegal  Fra vs Norway  Belgium vs Egypt  Brazil vs Morocco (this one is way more exciting than the two you mentioned)  Portugal vs Colombia (even though both teams will most likely have qualified for R32, it being in Miami will be an electrifying atmosphere)",3
2026-04-14 21:37:25,You’ll see some big crazy matches in round of 32 and I’m confident we might see a lot of of upsets.,3
2026-04-14 21:40:46,"Instead of 48 teams, they should have just made a second 32 team tournament similar to how UEFA has Champions League and Europa League",3
2026-04-14 21:45:16,"Well they’re all big games for the fans of the participating teams involved. That’s what it is all about. My top three most anticipated matches are squarely Australia’s matches against Turkiye, USA and Paraguay.   And often the unlikeliest matches shape as some of the best of the tournament.  The format is a disgrace and 48 teams is too much, but I’m keen to follow the fortunes of Uzbekistan and Cabo Verde, who have been on the brink in particular, who have been not too far off qualification over the years.  And Ronaldo and Messi fanboyism has become so cringe and disgusting over the past few years that i’m probably less keen for Argentina and Portugal matches than i usually would be!",8
2026-04-14 22:01:25,Hemp leads England past Spain to boost Women’s World Cup qualifying hopes,32
2026-04-14 22:10:28,"**Openers:**    Mexico vs South Africa - Thursday 11 June, Mexico City (Start: 13:00 local time)  Canada vs Bosnia - Friday 12 June, Toronto (Start: 15:00 local time)      USA vs Paraguay - Friday 12 June, Los Angeles (Start: 18:00 local time)     **Other big GS matches:**      Brazil vs Morocco - Saturday 13 June, New York (Start: 18:00 local time)  Netherlands vs Japan - Sunday 14 June, Dallas (Start: 15:00 local time)  France vs Senegal - Tuesday 16 June, New York (Start: 15:00 local time)  England vs Croatia - Wednesday 17 June, Dallas (Start: 15:00 local time)  Scotland vs Morocco - Friday 19 June, Boston (Start: 18:00 local time)  Netherlands vs Sweden - Saturday 20 June, Houston (Start: 12:00 local time)  Argentina vs Austria - Monday 22 June, Dallas (Start: 12:00 local time)  Senegal vs Norway - Monday 22 June, New York (Start: 20:00 local time)  England vs Ghana - Tuesday 23 June, Boston (Start: 16:00 local time)  Mexico vs Czech Republic- Wednesday 24 June, Mexico City (Start: 19:00 local time)  USA vs Turkey - Thursday 25 June, Los Angeles (Start: 19:00 local time)  Ecuador vs Germany - Thursday 25 June, New York (Start: 16:00 local time)  France vs Norway - Friday 26 June, Boston (Start: 15:00 local time)  Spain vs Uruguay - Friday 26 June, Guadalajara (Start: 18:00 local time)  Egypt vs Iran - Seattle (""Pride match"", will likely determine second place in the group) - Friday 26 June (Start: 20:00 local time)  Portugal vs Colombia - Saturday 27 June, Miami (Start: 19:30 local time)     **Big potential round of 32 (2nd round) matches:**  (if Netherlands win their group and Morocco finish 2nd to Brazil in theirs)   Netherlands vs Morocco - Monday 29 June, Monterrey (Start: 19:00 local time)  (if USA win their group and whoever finishes 3rd in most likely Group B)   USA vs Canada or Bosnia - Wednesday 1 July, San Francisco BA (Start: 17:00 local time)  (if Colombia and Croatia finish 2nd in their groups to Portugal and England respectively)   Colombia vs Croatia - Thursday 2 July, Toronto (Start: 19:00 local time)      (if Argentina win their group and Uruguay finish 2nd to Spain in theirs)   Argentina vs Uruguay - Friday 3 July, Miami (Start: 18:00 local time)     **Big potential round of 16 (3rd round) matches:**  (if France and Germany win both their groups and 2nd round matches)   France vs Germany - Saturday 4 July, Philadelphia (Start: 17:00 local time)  (if Mexico and England win both their groups and 2nd round matches)   Mexico vs England - Sunday 5 July, Mexico City (Start: 18:00 local time)  (if Argentina win their group and their 2nd round match, and if Turkey finish 2nd in Group D and win their 2nd round match)   Argentina vs Turkey - Tuesday 7 July, Atlanta (Start: 12:00 local time)     **MASSIVE potential quarterfinal match:**  (if Argentina and Portugal win their respective groups and their 2nd and 3rd round matches)   Argentina vs Portugal - Saturday 11 July, Kansas City (Start: 20:00 local time, 22:00 Buenos Aires time and 02:00 (+1) Lisbon time)",5
2026-04-15 00:01:20,"Scotland vs Brazil? Hello rematch from 1998 which saw Scotland knocked out off an own goal.  The whole point of the World Cup is for a mix of group stage games. Every game is big in the group stage because that's where the upsets happen and dark horses are seen.  Just because a casual fan doesn't recognize a given team as being 'big enough' to put on a good show, doesn't take away from the fact that 90% of these teams and almost all of these matches in the group stages are all 'big' games.",1
2026-04-15 11:22:08,"Watkins and Scott should go. James too, but he was obviously only omitted due to injury.",2
2026-04-15 13:46:37,"In my honest opinion, the thing that's going to affect the ""excitement"" of the group stages is the fact that third-placed teams have a one in three of advancing to the next round, and even then there have been quite a few instances of ""big"" teams finishing fourth at the World Cup (Germany 2018, England 2014, France 2010 and 2002.",4
2026-04-15 15:19:33,Why did Lampard and Gerrard both open up their bodies to shoot right instead of thundercunting the ball left like they did every week in the Premier league,10
2026-04-16 12:37:26,"First of all, your definition of a big game doesn't make much sence. And I fail to see how you've ended up with your list of ""big games"". It would for instance not include Spain as one of the top teams. Simply because they've only reached the semi-final once ever. They played a de facto thrid place playoff vs Sweden in 1950. But that was a second group stage, and no semi-final. And 20 years prior to your 1970 start date.  The same goes for Portugal, since 1970 they've only reached the semi-final once. In 2006. Their other semi-final was in 1966.  Secondly, the group stage of the world cup rarely has that many big clashes. Just look at the group stages in the past four World Cups.  2022: Spain vs Germany, Belgium vs Croatia.  2018: Spain vs Portugal, Croatia vs Argentina (?), England vs Belgium.  2014: Netherlands vs Spain, Italy vs England, Germany vs Portugal.  While 2010 pretty much only had Brazil vs Portugal.",5
2026-04-16 20:52:23,"The group stages will be utter dross. There are 10-15 teams who have no business being at a world cup and we have to play 72 games to get them out, then another round to eliminate the teams who would have been eliminated at the group stage last time out. Then it might get interesting if the players have any energy left",3
2026-04-16 22:29:31,"Jarell Quansah on adapting to the Bundesliga, Harry Kane and his England World Cup hopes",16
2026-04-17 11:10:50,"carlo should take over italy post wc, they need him more than brazil and he seems to be the perfect guy to revive pramgatist football",36
2026-04-17 13:33:02,Kane got a hattrick against Panama at the 2018 world cup. So fingers crossed for a repeat.,9
2026-04-17 13:35:58,"Man, Mbappé could easily play two more tournaments after this one and end up absolutely out of sight.",69
2026-04-17 13:36:07,"Well let’s hope so and not jinx it , I’m not superstitious tbh but let’s wait lol",1
2026-04-17 13:37:01,I think he’ll get 3-5… Mbappe will definitely break the record this World Cup,7
2026-04-17 13:42:01,"You'd think he'll bag at least 3 goals given the form he's been in this season  Mbappe's numbers are insane, He'll likely end up so far ahead in this list that no one is ever going to break his record. At 27 he could end up playing 3 more World Cups (he'd be 35 by then), pretty likely he'll be on 20+",3
2026-04-17 13:43:30,Don't jinx it,1
2026-04-17 13:44:58,"The new 48 team world cup is going to make those scoring records obsolete pretty soon. God knows what the highest scoring match we are gonna see is. Germany playing against Curacao, Ivory Coast and Ecuador could see Woltemade on that list by the end of the group stages lol.",46
2026-04-17 13:46:02,It's a great list of players.    Worth mentioning that Fontain's 13 goals all came in 1 tournament!,14
2026-04-17 13:48:10,Kane to score 10 and England to win the WC 🏆 💉!!!,8
2026-04-17 13:54:41,If he scores,1
2026-04-17 13:54:43,Tbf with the extended World cups nowadays these kinds of record lists arent really valid anymore. They should end this list rn and make a new one considering its a diferent tournament format rn.,5
2026-04-17 14:14:52,Its a bit funny seeing how much carlo prioritises defence these days looking at how devastatingly attacking his teams were,6
2026-04-17 15:03:39,"Foden's quality is obvious but he's wasted out wide, Tuchel needs to stop overthinking and just play him as the central 10 where he belongs fr. Build the whole system around him and we actually win something mate.",2
2026-04-17 15:24:47,Ronaldo has 14. He was given an own goal against Costa Rica.  My personal bugbear.,2
2026-04-17 15:31:00,"&gt; Because football is indeed about scoring one more goal than the opponent, but also about conceding one less.  Paradoxical statement.    &gt; Not me, I've already had my turn.   Would like to see Uncle back in European football.",6
2026-04-17 15:51:23,"This World Cup format only makes it easier for anyone still playing (ie also Mbappe and also Messi for now) there’s an extra round and some much weaker teams. It’ll also be easier for the traditionally strong nations to avoid slip-ups in the group stage because so many 3rd place teams go through. Kane should get 6 fixtures before even facing another top seeded team, and he loves to bully the likes of Panama.",4
2026-04-17 16:35:43,Numerous England player records could/will be broken at this World Cup.  - Most England outfield player appearances (Kane needs 9 caps. If he plays in one of the June friendlies he could break Rooney’s record in the final) - Rashford could increase his record for most substitute appearances (36) - Jordan Henderson could become the first England player to appear at 4 world cups - Kane could increase his record most appearances at major tournaments record (28) - Pickford and/or Stones could increase their record of consecutive starts at major tournaments (26) - we haven’t started a major tournament game without them both playing since 2016. - Bellingham could break the record for most appearances by a player outside the English league system if we reach final and he plays both June friendlies (Beckham 55),7
2026-04-18 05:16:54,"Random useless statistic: 14 teams that qualified for any of the last 3 World Cups with 32 teams failed to make it to the 48-team edition. (Disclaimer: No generative AI used for writing this post).    Starting from the most recent World Cup, they were:     🏴󠁧󠁢󠁷󠁬󠁳󠁿  Wales - lost in the play-off semifinal to Bosnia.     🇵🇱  Poland - Sweden got a revenge on them for 2022 qualifiers, lost 3-2 in the play-off final     🇩🇰  Denmark - curiously lost first to Scotland in the last group game, then to Czechia in the play-off final on penalties. Arguably the better team in both games.     🇨🇷  Costa Rica - only won one game in their qualifying group, finished third behind Haiti and Honduras.     🇷🇸  Serbia - third in the group behind England and Albania, did not qualify for play-offs.     🇨🇲  Cameroon - finished 2nd in the group behind Cape Verde, lost to DR Congo in African play-off semifinal.     🇷🇺  Russia - suspended, did not participate in qualifiers.     🇵🇪  Peru - finished 9th in the Conmebol table, far off the intercontinental play-offs.     🇮🇸  Iceland - third in their group behind France and Ukraine despite some good matches, did not qualify for play-offs.     🇳🇬  Nigeria - snatched 2nd in their qualifying group in the last minute and qualified for African play-offs where they lost in the final to DR Congo (on penalties). One of the most disappointing campaigns since Nigeria lost many points to Zimbabwe, Lesotho, Benin and South Africa.     🇨🇱  Chile - finished last in the Conmebol group.     🇬🇷  Greece - despite promising young team, tgey finished third in their group behind Scotland and Denmark, not making it to the play-offs.     🇮🇹  Italy - probably the most discussed absence - Italy missed on their third consecutive World Cup, losing again in the play-offs. They won one World Cup match in the last 19 years.     🇭🇳  Honduras - despite showing some early promise, Honduras paid the price for too many goalless draws and finished their group behind Haiti, not having enough points to qualify for intercontinental play-offs.     Absent teams from the 2010 and 2006 editions, i.e. last the 20 years: Slovenia, Slovakia, North Korea, Trinidad and Tobago, Angola, Togo, Ukraine.",282
2026-04-18 05:24:41,"Costa Rica is a disappointment that they missed.   But for Honduras, El Salvador, and Guatemala, missing probably their only chance without Canada, USA, and Mexico in the qualifiers.",6
2026-04-18 05:43:49,“No generative AI used for writing this post” is exactly what an AI would say.  :),20
2026-04-18 19:50:06,"Will you be raising the flag this summer. I have a large St George's flag that I take to England games. It's a new thing that I'm doing with my kids, with flags of the opposition of the games we have been to sewn into it. (Irrelevant to actual issue).  I'm not going to USA for World Cup.  With all the issues from certain parts of the UK population surrounding the St George's flag. I am really in two minds to be hanging it on the front of my house during the World Cup. That and the fact I'm a white English man skinhead (not my choosing, blame my father) the last thing I need is to have grief and be called a racist. My flag torn down and worst case house attacked.  Then again I feel I have the right to show my allegiance to my country and it's football team. I feel if don't then they win.  I remember years ago we had flags on cars, on the windows, people were proud.  Anyone else having the same thoughts? Am I reading too much into it.",65
2026-04-18 20:54:02,"IMO, in a tournament year, people know it's for the football, not for the politics.",43
2026-04-18 20:59:23,Hopefully it’ll be used to get us all together.,12
2026-04-18 21:03:05,Plenty of people will have English or Scottish flags up for the football.  And there's nothing wrong with that - that's just harmless.  It won't stop the Guardian and the BBC having lots of articles about how they are symbols of hate and intimidating.,6
2026-04-18 21:04:51,I feel like the flag shaggers have ruined this for us.,8
2026-04-18 21:05:43,"I think you'll be fine, but just to avoid any controversy it might be a good idea to have the flag with the 3 Lions Crest on it",2
2026-04-18 21:10:18,Nothing wrong with a flag during major sporting events like football and olympics and I grew up learning to avoid neighbourhoods with flags up.   BTW in 2026 nobody thinks skinheads are racist you’re just folically challenged.   Don’t overthink it brother we know who the weird ones are,9
2026-04-18 21:13:43,"I agree, the st George's flag has been hijacked. I think every decent England should fly 3 lions flags and make the 3 lions the symbol for all those that support England and don't hate immigrants.",1
2026-04-18 21:14:48,Rather than flags I think I’ll do bunting. Because everybody knows bunting is positive and none of the flag shaggers used it because bunting is too nice and they are racist cunts.,1
2026-04-18 21:20:43,"Fly the flag. Don’t let them take it away from us. They’ll just use it to say we’ve banned it, the massive twats",9
2026-04-18 21:22:38,Tournament season no one is going to bat an eye lid.,6
2026-04-18 21:23:19,"its dangerous to give the flag over to a specific group in society, fly it with pride and reclaim it. it belongs to all of us ! besides, if youre worried about seeming racist or whatever, in a tournament summer I think people will associate it with football and move on.",2
2026-04-18 21:23:37,"Nothing at all wrong with flying the flag on your own property, especially during a football tournament. It's plastering the streets with them that people (like me) have a problem with, especially when you see who some of the people are organising/doing it.",1
2026-04-18 21:40:02,"My wife’s Argentinian. We’ll have both flags up during the tournament - as much as it kinda makes my eye twitch, it’ll likely have a much worse effect on my flag-obsessed neighbour.",4
2026-04-18 21:40:44,"If it's not on a lamppost, you should be fine!",4
2026-04-18 23:13:36,So what your saying is .. your too afraid to fly a flag during a World Cup just in case you offend someone and get called racist? Do you know how absurd that is?,5
2026-04-19 03:46:25,"Very heartwarming article! Awww he loves football again since playing for Leverkusen. Harry Kane is such a classy guy. Love the video of him presenting Quansah with his first cap. The picture of him and Quansah hugging presumably after the match when Leverkusen and Bayern Munich played each other is special. They will be playing against each other again on Wednesday, April 22 for the DFB Pokal semifinal.",2
2026-04-19 07:01:19,This WC is determined to fleece anyone going in anyway possible.   The combination of FIFA and the USA really is the worst recipe for corporate greed.,24
2026-04-19 10:04:34,"honestly most of the lads omitted aren't even close to the level needed mate. england only stands a chance in 2026 if the gaffer builds the whole system around foden, he's just levels above everyone else in that squad",2
2026-04-19 10:10:09,Some of these lineups are absolute shockers mate. Leaving Kobbie out of the midfield is actually criminal given he's a generational talent.,2
2026-04-19 10:20:37,"In all seriousness it is absolutely impossible to get back to the city except for the train. Ubers will accept your fare then cancel, they have some weird cabal going on where they get people to go to the Uber zone then extort you into paying hundreds of dollars. I've been stuck there till 4am trying to get back, do not try to avoid the train!",2
2026-04-19 11:06:58,Why is America such a corporate blood sucker?,3
2026-04-19 11:44:47,This world cup will be an absolute disaster from a fans perspective.  I expect there to be at least as much news about the problems at the world cup as there is about the actual football.,4
2026-04-19 13:03:14,"Finally some sense from the writers putting Maguire and Rashford in, they're levels above most of these options mate. Just need Mainoo starting in the middle and we're actually cooking tbh.",2
2026-04-19 13:09:18,"glad to see nico o’reilly getting the shout he deserves, he’s proper class mate. him and stonesy are the first names on the sheet for me if we’re serious about winning it tbh.",2
2026-04-19 14:08:25,"Honestly mate, O'Reilly being in most of these lists is spot on, he's a different level compared to the others. The more City players we have in that XI the better our chances are fr.",2
2026-04-19 14:18:45,"some of these picks are a joke tbh, imagine leaving phil out when he's the only one who can actually dictate the tempo under pressure. at least they're starting to see nico's quality, he's clear of thsome of these picks are a joke tbh, imagine leaving phil out when he's the only one who can actually dictate the tempo under pressure. nico being in there is a massive win though, he's clear of the restleaving phil out of the starting xi is actually criminal tbh, he's the only one who can dictate the tempo properly. nico being in there is a massive win though, kid is absolutely clear of the leaving phil out of the starting xi is actually criminal tbh, he's the only one who can dictate the tempo properly. nico being in there is a massive win though, kid is absolutely clear of",2
2026-04-19 16:00:53,"proper tactical control is everything and honestly the squad looks lost without phil or stonesy dictating the tempo from deep. foden is levels above the rest when it comes to technical security it's looking peak for anyone omitted from the squad tbh, but the system just doesn't function without stonesy or phil dictating the tempo from deep. foden is easily levels above the rest for technicanyone left out now is gonna find it tough to get into the flow of the system tbh. stones and phil are just levels above for that tactical security and tempo control, we're lost without them fr",2
2026-04-19 16:04:03,Solanke over Watkins is a madness tbh. But excluding Rashford is the real worry because his transition threat is still generational and we're cooked without that directness on the left mate.,2
2026-04-19 16:48:56,"mental how some of these writers still don't value tactical control mate, if stones and foden aren't the first names on the sheet then we've got no chance of actually dominating games tbh",2
2026-04-19 18:57:32,"it’s a joke that anyone is being written off this early tbh. kobbie is literally generational though and should be the first name on the sheet every time, absolute class mate.",2
2026-04-20 10:55:14,calling foden a loser after those matches is a joke mate. him and stonesy are class above the rest and we'd be lost without them tbh.,2
2026-04-21 04:59:41,Italy gets overrated every world cup and disappoints due to it every time,2
2026-04-21 10:05:15,"honestly mate, the group stages are always a bit of a mixed bag, but as long as we've got the city core of foden and stonesy running the show for england i'm not worried about the quality of football tbh.",2
2026-04-21 15:21:07,England: Fabio Capello says Thomas Tuchel must 'cancel fear' at World Cup,159
2026-04-21 15:36:23,I don't see how it's Tuchel's job to deal with ICE...!,2
2026-04-21 15:45:35,"Don't have much time for Capello, but he's right here. The only England managers who seem to have come close to cracking this were Robson, Venebles and Southgate (Southgate's tactical decisions in the biggest games let him down). I'm not sure Tuchal will have the man management skills to do this.",19
2026-04-21 15:56:36,I love how the first two paragraphs are just basically calling Capello shit.,6
2026-04-21 15:58:04,Capello seems to get off lightly for how awful he was as England manager; pipe down Postman Di Patteo.,50
2026-04-21 16:09:46,"He’ll forget, and fear will start charging £12.99 per month. We’ve all been there.",7
2026-04-21 16:24:46,Says the master of fear we all remember that Algeria debacle,8
2026-04-21 16:30:24,"As long as he doesn't cancel Ketchup, I'm sure they'll be fine",4
2026-04-21 17:13:45,crazy how much of a superstar he was before Ronaldo and Messi entered the space,2
2026-04-21 19:46:31,"As an Italian, I hope England can finally pull it off and win the World Cup this time. It would be a fresh change from the usual winners, and honestly, after such a long time, they deserve it",7
2026-04-21 21:00:41,Postman Pat needs to wind his neck in.,2
2026-04-21 23:58:34,His reputation preceded him when he became England manager and he was responsible for Englands worst ever performance at a World Cup.,2
2026-04-22 07:02:26,"Proper shout from Capello, fear is what's killed us in the past. Been tracking the odds on Only Odds and I reckon we've finally got a decent chance with Tuchel in charge.[Only Odds](http://worldcup.onlyodds.co.uk)",1
2026-04-22 07:59:48,"[OC] Every nation to ever medal in Women's Olympic Football (1996-2024) A few notes:  1. Women's Olympic football is a full senior tournament.  2. Only 8 nations have ever medaled, and only 4 have ever won Gold.  3. Every single nation that has won Gold has also won Bronze, and vise versa. No exceptions.  4. If a country has won Silver, they have never won any other color (except for the USA).  5. No nation has ever won the World Cup and the Olympic Gold medal in back-to-back years.  6. Canada is the only nation to have won Olympic Gold but never a World Cup.  7. Spain is the only Women's World Cup champion to have never won an Olympic medal.  8. Unlike the World Cup where they play as separate nations (England, Scotland, etc.), they can only compete as Great Britain at the Olympics.",29
2026-04-22 08:18:19,Spain winning the world cup and then a year later not even reaching the podium in the Olympics was absolutely heartbreaking,3
2026-04-22 08:22:13,So bronze medals don’t exist?,1
2026-04-22 11:42:26,Kane is important to the England team? Never would have guessed.,8
2026-04-22 11:43:43,Kane should fake a back problem for the remaining Bundesliga games. He can have a miracle recovery for the Champions League.,18
2026-04-22 12:08:04,"Kane's class and we'll definitely need his goals mate, but truth is England won't be winning a thing unless they start using the Liverpool lads properly in that setup tbh. YNWA",1
2026-04-22 12:18:41,Did the coast of Norway win a silver medal?,1
2026-04-22 12:46:39,"I really hope England find a system to get something out of Kane. He was so off it in Euro 2024, although everyone suspected hiding an injury.  Build the team, system and strategy around whatever Kane wants and needs.",3
2026-04-22 13:02:56,That starting 11 is dire,1
2026-04-22 13:24:53,Rogers (and Watkins) looking much sharper now than a few weeks ago.,14
2026-04-22 13:26:28,"Proper buzz for the WC now, hope the lads can finally do it. Been tracking the odds on Only Odds and they're looking a bit better recently tbh.[Only Odds](http://worldcup.onlyodds.co.uk)",1
2026-04-22 14:42:40,Good man Fabio.,2
2026-04-22 15:08:10,"Reckon Tuchel is the right man to cancel the fear tbh, could be a proper run. Been keeping an eye on the Only Odds movement and things are looking up for us.[Only Odds](http://worldcup.onlyodds.co.uk)",1
2026-04-22 17:53:34,Leaving Mainoo out of that midfield is pure madness tbh. We need his composure in the pivot or we're absolutely cooked against decent opposition mate.,1
2026-04-22 20:28:49,"Been getting a bit lucky as our defenders have been at the right place at the right time, so quite fitting that it was the opposite that ended uo having us concede. Second Hill own goal this year I believe.",3
2026-04-22 20:30:56,Don’t think I’ve ever seen Kane play well for his country when it mattered. All he’s ever done is punt away a few penalties and that’s it,1
2026-04-23 07:18:11,"Kane's fitness is basically the only thing keeping me up at night mate, if he's not sharp we are finished. Was reading this Harry Winter Article about it earlier and it's spot on about the tactics tbh.[Harry Winter Article](https://medium.com/@media_5849/knockout-stage-betting-tactics-how-to-predict-world-cup-2026-elimination-matches-d848423043f6)",2
2026-04-23 10:24:23,Kane is still the man for the goals but we're going nowhere if they keep ignoring Trent in that XI. Best passer in the country by a mile and should be starting every game tbh.,2
2026-04-23 10:27:29,"[Overlap] Ian Wright: ""If Arsenal win the Premier League, Declan Rice has to win Premier League POTY. And if Arsenal win the Champions League, Declan Rice should also win the Ballon d'Or. And if England win the World Cup, there should be a new trophy on top of the Ballon d'Or for Declan Rice.""",249
2026-04-23 10:28:14,The time stamp for the quote is 1:13:40,4
2026-04-23 10:28:19,\&gt; if,15
2026-04-23 10:28:59,Ballon c'Orner,68
2026-04-23 10:29:52,Declan Rice is no where near the calibre of being a Ballon d’Or player.,70
2026-04-23 10:32:05,"If not, he should get a participation medal and a happy meal",61
2026-04-23 10:33:33,That If is doing a lot of heavy lifting.,9
2026-04-23 10:33:42,If Arsenal or City win the premier league Bruno Fernandes should win POTY,92
2026-04-23 10:33:53,"That's a lot of ifs. Hell, even if he did win the Champions League, I doubt that he would win the Balon d'Or since it would heavily be dependent on the World Cup as well.",17
2026-04-23 10:34:09,"Lol, bless him. Rice is a very decent Prem player, has had a decent CL outing this season and is fkn solid in an England shirt.  He’s not much more than that.",23
2026-04-23 10:35:20,"Does any non-Arsenal fan actually believe he's close to being the best player in the PL, CL or the world this season?",163
2026-04-23 10:35:25,Premier league POTY has to be Bruno 🐐,3
2026-04-23 10:36:24,Why does he have to win it? POTY is rarely from the same team that won the PL. And putting him in the Ballon D'Or contention is just laughable.,10
2026-04-23 10:36:35,v=if is very load bearing,3
2026-04-23 10:37:03,Bit disappointed that Wrighty is following the ragebait gravy train tbh.,23
2026-04-23 10:37:16,The Flying Pig d'Or,9
2026-04-23 10:37:52,"i swear everyone at Arsenal— the fans, the players, the manager and and even the legends ALL share the same insufferable mindset",50
2026-04-23 10:40:13,I mean if you listen to the clip it's clearly said very jokingly.,28
2026-04-23 10:48:26,a lot of ifs,2
2026-04-23 10:53:15,"Obviously I'm biased, but I've never seen a team be so overrated as this Arsenal team. They've been on the cusp of winning the league for so long that fans have mentally chalked that down as actually winning something.",7
2026-04-23 11:08:26,"Regarding Ballon D'or, only way he ever wins it is if England win the World Cup, but even then it would be Kane",4
2026-04-23 11:10:22,There is not a reality where Rice is anywhere near contending for the Balon d’Or lmao. No wonder it’s Wright saying it though,4
2026-04-23 11:20:05,"The idea that the winning player has to come from the winning team, and that the CL somehow plays a role in awarding the PFA award has never made sense to me. I know that's how it always has been, but it just grind my gears.",3
2026-04-23 11:22:14,To quote one of my favourite shows:    Why concern yourself with things that will not happen?,3
2026-04-23 12:09:46,"Rice is not even a top 3 performer in the league this season, and that's coming from a fan of his (not arsenal, his).  Bruno Fernandes is by far the POTY",3
2026-04-23 12:37:36,"I don't even need to watch the video to know he was saying this as a joke, and yet the comments are predictably lame as I thought.",6
2026-04-23 12:42:57,"The stats from the Sunday game showing the difference between Silva /Rodri and Rice/Zumbemendi were pretty damning, Rice is a solid player but he’s nowhere near their caliber (and that’s before you include players like Pedri, Kimmich and Vitinhia)",3
2026-04-23 12:59:16,It's mostly tongue in cheek,3
2026-04-23 13:27:07,"I think there’s some bizarre but good omens for England atm. Bellingham having had some time off at the start of the season and being played deeper will maybe make him explode this summer once he’s got some more freedom to be more attack minded with rice and Anderson behind him. Rashford playing in the heat In Spain and having a good season but now being used more sparingly. Cole palmer is gonna go to the World Cup, no I’m not a Chelsea fan. And I think he will torture teams. He played last year In the club World Cup in the heat and was virtually unstoppable. Yes he hasn’t been at the races of late but manager problems, club discontent and injuries haven’t helped. I think he will peak at the right time and be happier with England than at Chelsea. And then stones I think will be as fresh as a daisy this summer. I even think English teams doing poorly in champs league may be a blessing in disguise as it’s less games. Maybe I’m wrong, but I just think some of these little scenarios and situations may help.  If all the squad had been having 40+/50+ game seasons and then expect them to perform against elite opponents in sweltering heat this summer, think again. We need players fresh, rested, and ready to rock",2
2026-04-23 13:28:41,"Kane's a machine, no doubt about that, but that lineup is missing some proper quality from the Red side of Stanley Park. You're never going to get anywhere without the lads from Anfield in there, mate.",2
2026-04-23 14:56:45,"Kane is class but that XI is missing some proper quality. No way you leave Trent out of the starting side if you want any real service from the back, simple as that. YNWA.",2
2026-04-23 15:38:25,"Kane's top class but he's always carrying a knock by the time the summer comes, mate. Need more of the Liverpool lads in the squad if we're wanting that proper winning mentality on the pitch. YNWA",2
2026-04-23 16:00:09,"Kane's class but it's the City spine like O'Reilly and Guehi that'll really keep us steady, tbh. Without the lads from the Etihad we'd be in a right mess, properly sorted they are mate.",2
2026-04-23 17:13:22,"Kane is a proper player, but he'll be doing nothing without the service from the Liverpool boys. Leaving Trent out of that starting XI is just madness if you ask me, boss.",2
2026-04-23 20:00:07,I appreciate Bowen isn't on best form for club or country but how's he been omitted from this whole post?,2
2026-04-23 20:41:20,"Honestly if Kane isn't fit we are actually finished mate. Should have just brought him to Old Trafford years ago tbh, instead we've been running a literal circus every transfer window.",2
2026-04-23 21:05:24,"Capello talking about fear like he didn't have us playing like hostages in 2010, tears in my eyes. Been tracking the market though because it's the hope that kills you tbh, [Only Odds](https://worldcup.onlyodds.co.uk)",2
2026-04-24 09:58:37,"Honestly mate, relying on Kane's ankles to hold up is giving me PTSD tbh. If he goes down we're finished, though watching a generational talent like Kobbie run the midfield might be the only thing keeping me sane this summer.",2
2026-04-24 10:08:29,Southgate did this better than anyone in our lifetimes lol,2
2026-04-24 11:00:28,"Kane's still got the magic but that lineup is a bit of a joke without any of the Anfield lads in there, tbh. You won't get far without some proper Scouse heart in the team. YNWA.",1
2026-04-24 15:51:34,Kane's a top striker but leaving Trent out of that back four is a joke mate. We won't be winning nothing without the lads from Anfield showing them how it's done tbh.,1
2026-04-24 22:37:09,"Tbh Capello is spot on, we always bottle it under pressure. I'm just waiting for the inevitable injury crisis to ruin us anyway. Been tracking the odds and it's already stressing me out. [Only Odds](https://worldcup.onlyodds.co.uk)",2
2026-04-24 22:47:33,Pep Guardiola insists John Stones will be World Cup-ready for England,103
2026-04-24 23:03:27,"Noone asked, he shouldn't be anywhere near the team if he can't even get a game for city, and isn't good enough to be offered a contract extension. Thanks, but no chance.",1
2026-04-24 23:07:15,"He shouldn’t be on the plane to be honest, you can’t rely on him being match-fit and he’s not the player he once was anyway.",3
2026-04-24 23:11:21,mad that he's started every tournament game for England since 2018 despite being permanently injured. no doubt he'll be in the starting 11 vs croatia lol,46
2026-04-24 23:12:30,I’d still take him. Can think of very few bad games in and England shirt.,30
2026-04-24 23:45:01,More than you believe!,6
2026-04-24 23:56:52,"Kane's proper class, we'll need the lad at his best if we're to bring it home. Been keeping a close eye on the odds for it over on [Only Odds](https://worldcup.onlyodds.co.uk)",1
2026-04-25 08:06:06,"I think our best options in the centre of defence are Guehi Stones and an in form Maguire.  Say what you will about stones and Maguire in term of age, fitness or the other defenders club form, but these 2 have been excellent for England since 2018.  Let’s not forget that they are our most successful centreback pairing arguably of all time (excluding 1966) , a WC semi final and QF and 2 finals at the euros.  All those centre backs before them like Ferdinand , Terry, Adam’s, Campbell etc got nowhere near them in an England shirt.  Chiellini and Bonucci dicked England in our own stadium in the 2020 final, well into their 30s injury ravaged so I back stones and Maguire to be on that plane and if they start games im all for it",12
2026-04-25 11:25:47,"He is forever injured and hasn’t played much this season, by that reasoning he should be nowhere near going.  The fact that we are having this discussion shows that England don’t have many good defenders and the future will s looking very bleak.",1
2026-04-25 13:29:45,"Early 2026 World Cup odds: Spain, England and France leading – but is there value elsewhere? Been looking at the early odds for the 2026 World Cup and it’s not too surprising to see Spain, England and France right at the top.  All three have strong depth and recent tournament consistency, so it makes sense.  That said, it feels like the market is already heavily pricing reputation this far out.  In past tournaments, the winner usually comes from the top group — but there’s often 1–2 teams just outside the favourites that shorten a lot closer to kickoff.  Curious what people think:  * Are Spain/England/France clear favourites already? * Any teams flying under the radar right now?",433
2026-04-25 13:34:48,Spain at +500 is the best value.,5
2026-04-25 13:38:25,England will melt in the sun like an iced lolly. Out in the QF.,7
2026-04-25 13:40:05,"80/1 on America, and I'm not ruling out fixing  Getting £80 from a quid certainly would make that disgrace easier to swallow",5
2026-04-25 13:45:32,"Portugal at 11/1 offers real value to me (B365). I don't think they're favourites, but you could make some decent money E/W on them making the final.  Norway at 25/1 also feels a little steep given their qualifying performance.   Switzerland have shown up in the last two Euros big time, so 80/1 also feels a touch harsh on them, but I can't realistically see the making it past the quarters at best.",8
2026-04-25 13:45:49,England?? LOL Every single WC their dreams are smashed.,13
2026-04-25 13:50:48,"Brazil, Germany and Argentina are the nations that have won the tournament the most that have actually qualified (sorry Italy), so reckon they need to be in the discussion. Almost certainly one of those three or the three you mentioned.",4
2026-04-25 13:56:16,"I'm playing with different kinds of combinations in a [bracket predictor](https://pitchside.app/play) to see what matchups look like and it seems like a France, Spain, Portugal combinations. Would love to see Portugal take it all.",4
2026-04-25 14:06:49,"I wouldn't rule England out but they shouldn't be top 3 in the betting. Germany are the value bet for me, though they've potentially got France in the last 16.",10
2026-04-25 14:08:20,England is an overhyped scam of a international team,6
2026-04-25 14:18:56,"I'd say Spain, Argentina, France and England are the favourites. Portugal and Brazil are outsiders. Germany are the only other team I could realistically see winning it.",10
2026-04-25 14:22:39,England? 😬🤣🤣🤣🤣🤣🤣🤣😂😂😂💸😂🤣🤣🤣🤣🤣,10
2026-04-25 14:34:31,Of course pep is. He’ll do it by not playing him so he’s not Match Fit ready… pep in a nutshell,2
2026-04-25 14:51:45,"As an Italian, I’d say Argentina o Brasil, while France and Spain are overrated.",5
2026-04-25 14:52:03,I’m 42. This is the first World Cup in my lifetime that I have very little hope of Brazil taking it. Hopefully they prove me wrong though.,8
2026-04-25 15:32:48,Norway.,9
2026-04-25 15:36:15,"Japan fan here - this could be the year they finally emerge as the dark horse, but I don’t realistically know if they have it in them to go all the way. Everything about their program is based on incrementalism, the goal the organization says this year is quarterfinals at minimum, I think they have a chance to get to the semis tho with Kubo up top",10
2026-04-25 15:53:53,France &amp; Spain are in the form recently. England also have a stable growth curve (despite the friendly loss against Senegal). Portugal &amp; Germany are good contenders.   \- For the DARK HORSE: I'll be keeping an eye on Morocco (seeing them winning u-20 WC proved they got some talent).,7
2026-04-25 16:05:27,Incredible the euro bias here.,5
2026-04-25 16:11:06,"Well looking at the odds, other than Brazil the top teams are pretty much correct.  France, England, Spain, Argentina, Germany, Portugal and Netherland is the teams who you will expect have the greatest chance. But the outsiders seems surprisingly underrated.   Colombia and Morocco isn't top 10, while Switz and Croatia doesn't even make top 15 in the odds.  However, looking at it from a knockout round perspective.  Semi final spot 1: Is a fight between France, Germany, Netherland and second worst of Brazil and Morocco (most likely Brazil imo).   Obviously this lowers the chance for all those teams to advance.   Basically i expect 4 of the 8 top odds favourites to end up in this semi final path.   And any of them can get lucky and knock out the other tbh.  Semi final spot 2: Spain will face either Croatia or Colombia, while two of the easiest groups with Turkey and Belgium as favourites only will meet one of them in the quarter final.   This path opens up for a surprise as Spain never does well in the world cup (except that one time).   On the other hand it does give Spain a better chance than France.  Semi final spot 3: This is another outsider chance as Morocco (or Brazil), Japan and Norway will fight for the chance to meet England.   And yeah its impossible to guess which way this one will go.   But England probably has the highest chance of the 4 favourites to reach the semi final atm.  Semi final spot 4: This one is much clearer. Switz or Portugal will face Argentina.   Argentina is clear favourites here infront of Portugal imo.   Which means Portugal is probably overrated in the odds with how tough their path is.  So thats how i see the chance right now. But since we always gets surprises in the group stage some paths might change drastically and shift the difficulty after the group stages.",7
2026-04-25 18:35:44,Anyone outside of Spain/France/Germany/England/Brazil/Argentina would be a shock in my view. England are the only ones out of these not to win it this century.,7
2026-04-25 18:39:19,What a lot of shite on here.  Stones is one of the best players in England when fit and without question should be in the squad.,4
2026-04-25 18:56:32,"As an England fan, I think there’s more chance of us getting knocked out earlier than expected than us winning the tournament. We had it good under Southgate and it wasn’t appreciated. The current team is stacked with good players but hasn’t got much of an identity or starting XI. Maybe they’ll grow into it but I’m not feeling the optimism this time.",10
2026-04-25 19:23:57,This is a star post right here.,73
2026-04-25 19:24:58,"Great read, thank you",21
2026-04-25 19:26:59,"that 2007-08 eredivisie season with nec nijmegen catching up twice in top 6 cases is wild, must have been some serious form swings happening there.",34
2026-04-25 19:59:48,"Looking for funny England FIFA World Cup 2026 t-shirt ideas The idea can be text only, graphics only, or a mixture of both.  I will be wearing it at watch parties in Vancouver, BC during their games.",28
2026-04-25 19:59:56,"I really thought Aberdeen would waltz to the title last season, Thelin just had them looking unstoppable until suddenly they were completely stopped. During that initial period I was convinced he would be a superstar manager. Life comes at you fast.",14
2026-04-25 20:10:12,I just checked the 2010/11 season where Frankfurt only managed to get 8 points the second half of the season and were relegated in the end but it were only 16 points.,8
2026-04-25 20:17:25,Powerful!,7
2026-04-25 21:19:14,"That Sunderland Coventry 1977 one is infamous as Sunderland got relegated on GD ahead of Coventry (who stayed up until 2001).  Sunderland was actually 1 point ahead of Coventry ( and 4th of bottom Bristol City ) going into final day of the season.   Sunderland’s game away at Everton and Cov vs Bristol city game was due to kick off at the same time but Cov game was (mysteriously) delayed by 20 mins  and once news of Sunderland loss at goodison had come through, Coventry Chairman Jimmy Hill displayed the result on the scoreboard and both teams then played out a draw passing the ball side to side. (Basically English version of disgrace of GIjion)  I hadn’t however realised Sunderland had been 20 points adrift of survival!  I think that probably puts into more context the incredible hatred Sunderland fans of that generation feel toward Cov and Jimmy Hill.  Having seemly survived from an impossible position and then been cheated out or it.",18
2026-04-25 21:42:30,[ Removed by Reddit ],2
2026-04-25 22:28:48,"Great post! Just a slight correction to the image, Rio Ave finished 15th, not 11th. I went and checked because it seemed extremely odd that with a 2 point final difference Rio Ave would be a whole 6 spots ahead.  Also, that season is actually one my dad talked to me about a few times! Carlos Brito, who would go on to coach Rio Ave for more than a decade (with a few interruptions here and there), was their assistant manager and promoted as their head coach after the 13th matchday.   And a thing that makes this story even funnier is that Rio Ave kept him in as a way to fully punt the season. They promoted Carlos Brito as a temporary thing until they found someone else initially, but then after he lost his first game in charge vs Gil Vicente - which is also the point where the 24-point gap between them and Espinho existed, their board fully punted the season. On their eyes they were pretty much relegated, so they decided to just keep the at-the-time interim manager Carlos Brito and, the true kicker, let go a few of their best players to shed wages and to better prepare the club financially for the 2nd division in the next season. As he told me, they not only were dead in the water but also fully cleaned house, played with a bunch of kids and somehow have done one of the most miraculous recoveries in football history.  He never talked to me about the other side of the coin though, which was the Espinho collapse. That is a truly absurd season! I've just asked him about it, and he told me he didn't really remember the Espinho collapse. Tbf we did have a few comparable ones in Portugal, even if not as extreme, such as Jorge Jesus' Felgueiras and Alverca's relegation in 03/04. But they didn't have a miracle recovery as a counterpart that could thus bridge such an insane gap and be on this list.  Here's a source on some of the things I said that I found as I went and fact checked my dad's memory, for whomever's interested:  https://www.publico.pt/2012/03/03/jornal/brito-e-mota-os-homens-das-recuperacoes-impossiveis-lutam-agora-com-o-mestre-calisto-24108738  &gt;Today, they say, it would be impossible to repeat what happened in 1996/97 and 1999/2000. In the first case, Calisto left Rio Ave practically relegated. He decided to leave, but before doing so he advised the club’s officials to hand the team over to his young assistant coach. The directors were not very convinced, but they agreed until they could find a better alternative. However, the defeat that followed at home against Gil Vicente (0–2) put an end to all the directors’ hopes. They released the more expensive players, such as Marco Aurélio and Gama, and definitively handed control of the squad to the former centre-back. “It was only supposed to be for a short while, but after that defeat they came to me and said: ‘Look, since we’re pretty much relegated already, you’ll stay until the end of the season,’” recalls Carlos Brito. But then, a draw in Setúbal (1–1) began to give the players encouragement. And the club started a stunning recovery. “At one point, we had the whole country rooting for us. We played without pressure, one game at a time, and we managed it,” explains the coach. “It was something unthinkable given the balance that exists today. That season, one of the relegated teams was Espinho, who had finished the first half of the season in fourth place.”",4
2026-04-25 23:56:17,"""I know it's not coming home I'm just here for the beer"" 🤣",3
2026-04-26 09:09:46,"My dark horse picks are Japan, Colombia, Brazil, Morocco, and Norway. I expect at least 2 of these teams to go far into the tournament. Uruguay are decent, and I wouldn’t sleep on the Senegalese, or even Ghana either. People also forgetting about Germany and Portugal, it feels like whenever you think a country is about to stink up the world cup they tend to have a good tournament. This one could be really good, despite the controversy surrounding it.",4
2026-04-26 10:48:32,"Spain, France or Portugal will win.  Spain won the last Euros. France got to the final of the last World Cup. And Portugal have the best starting 11 on paper.",7
2026-04-26 14:07:35,Kinda feel like we (England) end up as a favourite each year because so many England fans bet on us out of pure hope - the bookies shorten the odds (British ones at least) because if we actually did win it they’d go bankrupt. 😬   My guess is 🇪🇸/🇦🇷/🇫🇷 as three semifinalists and most likely to win in that order. 🇧🇷/ 🏴󠁧󠁢󠁥󠁮󠁧󠁿 the most likely to complete the final 4 but significantly less likely to actually go on and win it.  Maybe we grow into the tournament but right now struggling to see what our best XI or playing style will be.,6
2026-04-26 14:38:36,Netherlands always good value.,6
2026-04-26 15:43:46,Any South American teams or teams that have majority of their players based in very hot climates will do well  People are really underestimating how ferociously hot it will be in some games this summer. And the fact that 3 teams will go through in some groups will make for bizarre and unpredictable games in the groups  Expect slower and more boring games as well.   Also factor in the extra knockout game this year as well and it’s a longer tougher tournament.   If I was a betting man with £100 to blow I would stick £100 on Ecuador to make the QFs,8
2026-04-26 20:49:01,France and England have the players but they still lack that elite tactical control you only get with a proper box midfield. Tbh as long as Rodri is fit and dictating the tempo from the base it's clear of everyone else mate,5
2026-04-26 22:20:29,"Hey guys Hey, I just joined the community. I'll try to keep it short but I want to tell you guys my story.   My name is Sam, I am half english, half mexican. My dad met my mex mom in 86 world cup. I was born in 91. I came back to Mexico after they split in 95 or so...  I grew up not caring about football, but when I was around 10 yo, my dad told me to support England and showed me a few games. Told me we invented football and that I should be proud about it.  So all of a sudden, before having / supporting a Club, I started supporting England. I support Mexico as well, but my first love as a kid was the three lions.  I've been supporting the three lions from Mexico all my life (of course I support Mexico as well) but there is magic whenever I watch England on a tournament, something I can't explain.   All my friend have made fun of me (not in a bad way) every single tournament, they have also supported England with me (not all of them), and some of them have always questioned my support for the three lions.  On 2022, I went to england to visit my dad and watch the world cup. On one of my visits to London, I went to Windsor castle and in the gift shop, there was a stand with PINS that were the crest for family names. I felt something before I found my last name, something strange, like everybody was moving in slow motion, I got excited and didn't even know why... and when I saw my crest I couldn't not cry a tear or two. I found out that my family crest has 3 lions, almost identical to the national team crest.  That was my confirmation that it was meant to be from the very beginning, my parents meeting in 86 world cup. I was meant to love the three lions.  Last year, was my first time in Wembley and it was fantastic !!!!  I would appreciate if you guys remember this post whenever we score a goal in the upcoming world cup that is hosted (shared) in Mexico and remember that you guys have a crazy Mexican / English supporter far away.  Come on England !!!!",145
2026-04-26 22:39:48,“ All my friend have made fun of me (not in a bad way) every single tournament”  One of us!,29
2026-04-26 22:42:50,"Maybe you'll meet an English girl in Mexico this world cup 👀 full circle    (Also at least we're not big rivals - I'm 1/3 Scottish, was born in scotland but lived in England my whole life and am an England fan no doubt. Still always want to see Scotland do well, but no way can I buy a scotland shirt as a second 😅)",3
2026-04-26 22:50:18,Viva Three Lions!,12
2026-04-26 23:27:02,Discussion. With the outstanding season Michael olise is having and the World Cup approaching. Who is the best player to choose to represent a different national team over England at senior level?,586
2026-04-26 23:30:08,Haaland,163
2026-04-26 23:30:17,Erling Haaland is definitely up there.,19
2026-04-26 23:33:43,Jamal Musiala,45
2026-04-26 23:35:30,"Musiala, Haaland and Olise are the top ones that spring to mind, I'd take any and all of them tbh.",10
2026-04-26 23:36:28,Giggs. Haaland,5
2026-04-26 23:38:17,The following XI were all born in England   Andy Goram  Giuseppe Wilson David O’Leary Paul McGrath Mark Lawrenson Shay Brennan  Simone Perrotta Scott McTominay Michael Olise  Antoine Semenyo Erling Haaland,151
2026-04-26 23:45:03,Deploying Bale on the left would've been must see tv… and would've made a liability a strength.,51
2026-04-26 23:54:13,"Know this doesn’t answer your question, and I don’t intend this to come across as nationalistic, but there is something frustrating about players who are born in a particular country, educated/nurtured through that country’s footballing system, who then turn their back on it. I’m not saying that players shouldn’t be allowed to make their own choices, but it does seem morally dubious to me.   This is not just about Olise: you can look at numerous players in France’s youth system who have done the same.  Where Olise is concerned, he strikes me as someone who is naturally a contrarian, goes against the grain. You can see how he seems to refuse to integrate with the normal things at Bayern, doesn’t appear to want to do interviews etc. I suspect when he was growing up in London he made a really big point of defining himself as uniquely different to the British kids he grew up around.  To answer your question: would have to say Ryan Giggs. England lacked a true world class left winger for decades.",14
2026-04-27 00:06:49,Had Olise chosen English he wouldn't be allowed to be the player he is in the national setup.,7
2026-04-27 00:50:39,Everyone knows the answer to that question is Cherno Samba,8
2026-04-27 01:03:44,wait im half mexican too lmaoo. ive never met another half mexican in england (my mum is slavic but i was born in england,5
2026-04-27 06:13:49,"We could legitimately have Kane, Haaland, Musiala, Bellingham and Olise...  ...all being shoved into the same starting XI out of position and underperforming, as is tradition!",53
2026-04-27 08:18:29,"Harry Kane posted a picture on his Instagram of a lion with its mouth covered in blood before this game   Not the sort of thing you'd expect from him at all based on his personality, which was shown at the  when he was asked about it and he was awkwardly acting cocky",95
2026-04-27 08:53:31,I went to the World Cup and all I got was this shit tshirt and a gunshot wound.,1
2026-04-27 13:09:36,Cheer up gordon strachen,2
2026-04-27 17:05:13,"England being favourites just means we'll inevitably bottle it tbh, we've seen this movie before. Just pray Mainoo doesn't get run into the ground by then or FC Hospital is gonna have a generational squad mate.",6
2026-04-27 18:03:16,What a joke 😂,13
2026-04-27 18:06:55,"Oh, we're going the NFL route of years of denial, to make the eventual scandal bigger? For fucks sake, just say it, it won't kill the game nor clog the pipeline. But lying about it is just silly and, more importantly, disrespectful to those impacted.",288
2026-04-27 18:09:00,"Absolute denial, probably to avoid bad PR and compensation. They could learn from rugby.",75
2026-04-27 18:15:34,Matt Le Tissier tweets say different,95
2026-04-27 18:18:45,What a nice story 😀 hope the lads play a game in Mexico but not sure if possible. Don't get carried away and put a firework up your aris!,4
2026-04-27 18:19:31,"That’s fine, actual scientific studies have found proof.  Unlike the FA.",37
2026-04-27 18:22:22,"""If they die, they die.""",8
2026-04-27 18:53:56,My Dad had a white t-shirt that had three sea lions drawn where the England badge would be on an official shirt.,2
