timestamp,text
2026-04-06 01:15:55,"When Did Shai Pass Luka in general consensus? When Did Shai Pass Luka in general consensus? I’m trying to figure this out.  From 2018-19 - 2021-22 I will say that Luka was better, because at this point he made the playoffs as the first option 3/5 years since he came into the league, but was bounced 2 times in the first round and one year he made the conference finals but was bounced in 5 vs the warriors.  Shai from 2018-19 - 2021-22 switched teams but was either injured or the second/Third option in the playoffs. It was 2022-23 season where I felt Shai was better as he averaged 30 + on a good clip. They lost a play in game vs the pelicans and missed the playoffs, next season they faced each other in the playoffs and I felt Shai outplayed Luka in that series and the thunder roster was young and inexperienced, the following season in 2024-25 is when I felt it was undisputed when Shai won the finals mvp and won a chip, and was repeatedly beating Luka in head to head match ups.  What do you think?"
2026-04-06 01:16:01,"Post Game Thread - NBA: The Thunder defeat the Jazz on Apr 5, 2026, the final score is 146-111. This post contains content not supported on old Reddit. [Click here to view the full post](https://sh.reddit.com/r/Thunder/comments/1sdkvmf)"
2026-04-06 01:16:36,2 years ago when Shai lost to Jokic and came in second. He also outplayed Luka as well in their series
2026-04-06 01:16:58,Carlson deserves to be on a team getting 15 minutes a night. Too good for a 2 way
2026-04-06 01:17:00,2024 easily was his best year where i believe he passed Luka. But he was showing signs of being top 10 in 2023. Sga just never stopped being consistent in 2024 and now hes what he is.
2026-04-06 01:17:10,"I will never forget this era of the OKC Thunder, dominate nearly every single night. Such a pleasure to witness."
2026-04-06 01:17:16,We can open this conversation again whenever Luka gets a league MVP and FMVP
2026-04-06 01:17:21,2 more to secure the 1 seed and Shai’s MVP. Almost there folks
2026-04-06 01:18:11,"I personally started believing it after OKC lost to the Mavs, he outplayed him severely in the h2h and the main reason for their loss was constant wide-open misses that the attention Shai was getting generated. He looked better via the eye test and the stats."
2026-04-06 01:18:23,"Not much to say about this game, pretty much everyone looked good.     Chet looked great, J-Dub looks like he's going to be completely up to speed for the playoffs, he barely looks rusty at all outside of the Boston game.      Lu is looking great, and Caso was awesome as well.     Just hoping the squad can stay healthy."
2026-04-06 01:19:46,"This season, people were still coping and saying luka was better even after sga won fmvp"
2026-04-06 01:21:28,MVP FMVP Larry
2026-04-06 01:24:57,"Like in real life or on reddit? Because Luka is significantly more popular and more loved in real life. Look at any public polls and Luka has blown SGA outta the water on who fans want as MVP. On Reddit, it happened over the past year and in the nba media idk that Luka ever was liked enough to be ahead of Shai outside of their first couple years."
2026-04-06 01:26:14,"Just saw a poll on Youtube, 25k votes on who the better player is and Luka won the poll at 60%.  When we say the consensus, do we mean reddit?  I'm not sure if the world as a whole actually views Shai as a better player.  Luka is still more popular than Shai, I'm going to make a bold claim, Luka will ALWAYS be more popular and a bigger star than Shai, and that may always cloud actual bball discussions or consensus about them.  They also have uniquely different team situations.  Personally I would say that Shai has been better since last season."
2026-04-06 01:28:10,"It's funny because OKC are like the classic team that usually gets reduced to being ""carried"", defensive juggernaut with a clear number 1 option, like Iverson 76ers, Rose Bulls etc. Even the 2011 Mavs kind of fit this mold. But with SGA and OKC, suddenly they get described as the dream team who could win without him."
2026-04-06 01:31:34,Luka vs shai is still pretty controversial so you’ll find mixed opinions here lol
2026-04-06 01:33:51,Ring
2026-04-06 01:34:43,"I’d say for me 2023-24, but that’s not what’s being asked. 2024-25 was when I think the consensus he had passed him. I don’t think there’s much of a debate after SGA won MVP, was the scoring champ, led his team to 68 wins and won a championship.  Even if you want to say Luka’s teams are worse, he needs to win an MVP to be put back in that conversation. He’s been All-NBA 1st team 5 times, and would have been this year if the 65 game rule didn’t stop him. He’s clearly good enough to win one, and it has nothing to do with the team considering the last 8 MVP winners before SGA have not made the finals and had flawed teams around them. Without MVP, SGA is just a step above him."
2026-04-06 01:47:01,The Thunder’s magic number to clinch home-court advantage throughout the playoffs.
2026-04-06 01:47:20,magic number is shai
2026-04-06 01:54:14,When he won MVP
2026-04-06 02:01:47,At one point the Jazz went on an 18-2 run. That dropped to Thunder lead to 21.
2026-04-06 02:32:21,"The 1-4 seeds in the Western Conference gets very interesting for the playoffs. A lot of shifting dynamics going on.  The thunder have the #1 seed and basically are going to secure it, but they have the Nuggets on their schedule and by losing that game they have a better shot of securing that they get the 3 seed, which means they don’t have to face the Nuggets or Spurs until the conference finals, which no offense to the other teams, is basically a free 5 games series max until then.  The Spurs face the Nuggets as well, and whoever loses that game has major impact on if the Nuggets get the 3 seed or not, and those two Juggernauts going against eachother in the second round.  The Lakers are such a wildcard are this point. Their season is dead, but they also have a major factor on who the Nuggets end up playing in the 1st and 2nd round. If the Lakers somehow win out, the Nuggets will avoid the Spurs-Thunder route themselves.  And then there’s the Nuggets. Not sure what their “strategy” is regarding what to do when playing the Thunder and Spurs, but they have been winning a lot recently and looking dominant as their usual selves. If they don’t slow down though, they are going to have a tough run to get out of the West.  Edit: Apologies. The Nuggets path is gonna involve the Spurs and Thunder regardless."
2026-04-06 02:34:01,"Dream scenario is OKC faces nuggets and spurs on the way to another championship.  An undeniable run, no asterisk victory."
2026-04-06 02:34:20,# WE WILL REPEAT
2026-04-06 02:34:38,"Nuggets don't do strategy.  They zugg-zugg, usually to their detriment at the end of every season.  They've done it every year except the year the won the title where they were far and away the #1 seed and rested their guys down the stretch."
2026-04-06 02:34:56,Thunder will prob have the first seed clinched by the Nuggets game so they can sit their starters regardless.  Nuggets potentially having to go through Wolves/Spurs/Thunder/East winner would be an absurdly difficult run.
2026-04-06 02:37:42,"&gt;If the Lakers somehow win out, the Nuggets will avoid the Spurs-Thunder route themselves.  I'm pretty sure either way, the Nuggets will have to play either the Spurs or Thunder in the 2nd round, won't they? Hard to say which is preferable tbh. I think just keep winning if ur them, getting into playoff mode (while being cautious with everybodys minutes)"
2026-04-06 02:54:35,Ugh. I’d much rather stay at the 4 and play OKC 2nd round when we’re fresher. More worried about them than the Spurs and I don’t want to lose to the Thunder again. Much rather knock them out in 7 then fall to the Spurs than other way around if we can.
2026-04-06 02:59:15,Denver has a few more games to get the chemistry to level needed for playoff.  This roster was pretty high level favourite to win the ring this year (before season started and after all trades).    Considering everyone is fresh and played 2/3 of the season only i feel they will dispatch OKC in 6 (if they can pass spurs).
2026-04-06 04:04:45,"It’s not an easy call for the Nuggets on what path is best. Neither is ideal. If I were them I’d probably go for 3, mostly because I’m not 100% sold that Phoenix with a healthy Brooks doesn’t have an outside shot of knocking a young inexperienced Spurs team out. They’re 2-2 vs SA this year, with both losses coming without Brooks (one of them by only 1 pt). Wemby didn’t play in one of the Spurs losses, but I wouldn’t say it will be a cakewalk. Especially with it being the first playoff series for a young team.   Even the Clippers have played them tough. 0-3 but lost two of them by only 4 pts. Oddly enough the only blowout came in the game Wemby sat. Kawhi sat in one of the close losses. If somehow the Spurs were to get bounced you’d be kicking yourself for angling to get into the OKC side of the bracket."
2026-04-06 04:29:17,Dream scenario is winning both in LA and then both Thunder and spurs rest their players to close the season. Would almost guarantee that Denver gets the 3rd seed and we only have to go through one of Denver and San Antonio on the way to the finals
2026-04-06 04:53:09,"The Warriors are officially locked in to the 10th seed, they will be on the road to face either the Blazers or Clippers in the 9/10 seed matchup https://www.nba.com/standings  The Warriors are 4 games behind both teams with 4 to go for them, the Clippers have a better H2H record and the Blazers win the tiebreaker due to conference record.  The Warriors will have to win two games on the road in the playin tournament to make the playoffs where they will be the 8 seed against either the Thunder or Spurs."
2026-04-06 05:31:31,First #10 seed to win it all coming right up.
2026-04-06 13:41:09,"As a dubs fan, and if we play the blazers, I actually won't be mad if the Blazers win. I know we're not going past the 1st, maybe 2nd if we get incredibly lucky, but I like the team the blazers have and the brighter future, obviously. Would love to see Clingan bully Chet."
2026-04-06 16:04:36,"\-POR Trail Blazers v DEN Nuggets Over 238.0 (-110)  **Why This Pick?**  Over the years, this has come to be one of my all-time favourite high-scoring matchup, friends. Portland has won 5 of their last 6 games; I think they’ll hang around long enough here to see the final score pass 238. In addition, we all know that the Nuggets have little to no issue putting points on the board at home. With Denver having scored at least 130 in 4 of their last 5 games and their last meeting with the Trail Blazers falling just North of tonight’s projection, I’ve gotta put my money on the Over to hit this evening.    \----  *Belle's Pick of the Day over the last 7 days: 6-1 (6 wins, 1 loss)*  *Belle's Pick of the Day* *over the last 14 days: 11-3 (11 wins, 3 losses)*  \---  *For those asking:* **🫙** [Belle's Tip Jar](https://buymeacoffee.com/coffeeforb)  \----"
2026-04-06 16:48:53,"Summarizing every NBA team's post-bubble era in 1 sentence Here's every team's '21-'26 stretch summarized:  **East**  **Boston:** The Jays and successful coaching and front office transitions have led to consistently deep playoff runs, including a championship in 2024.  **Brooklyn:** The chaotic and disappointing results of the Kyrie-KD-Harden teams begat another potentially long rebuild.  **New York:** The free agent signing and development of Jalen Brunson plus some blockbuster trades for KAT, Bridges and Anunoby has the Knicks enjoying sustained postseason success.  **Philadelphia:** Ben Simmons' demise, Harden's flaws and Embiid's inconsistent health contributed to several disappointing playoff exits, though young guards Maxey and Edgecombe offer hope post-process.  **Toronto**: After a disastrous season in Tampa landed them Scottie Barnes, ""Project 6'9"" resulted in mediocrity, leading to the exits of Ujiri, Nurse and an uncertain path forward.  \---  **Chicago:** The Bulls have been consistently ""meh"" during the Billy Donovan era, the lone exception being a Ball-Caruso-DeRozan-Lavine team cursed by injury.  **Cleveland:** Emerged from the ashes of the Lebron era by landing Mobley and Garland high in the draft and trading for Donovan Mitchell, posting 64 wins last year before a playoff upset.  **Detroit:** Endured 5 years of wretchedness, including a 30-game losing streak, which has produced a 1 seed loaded with talent and a megastar in Cade Cunningham.  **Indiana:** Broke up the awkward and mediocre Sabonis-Turner pair by trading for the emergent Haliburton, who led a surprising run to G7 of the NBA finals before a devastating achilles tear.  **Milwaukee:** Giannis' brilliance and a weak field won them a title in 2021, but that has been followed by years of injury, upset, an unsuccessful trade for Damian Lillard and an uncertain future with a disgruntled franchise legend.  \---  **Atlanta:** The precocious Trae Young led the team to a surprising ECF berth in '21, but 5 straight seasons of .500 ball featuring an unwise trade for Dejounte Murray led to Trae getting shipped out of town.  **Charlotte:** Michael Jordan's hesitancy to tank post-Kemba resulted in a couple of mediocre play-in seasons with young Lamelo, but MJ selling the team and some shrewd draft picks in Miller and Knueppel has the future looking bright.  **Orlando:** Drafting Suggs, Wagner and Banchero has lifted the team from the dregs, but this core (with Desmond Bane) might be headed toward a third-straight first-round exit.  **Miami:** The Jimmy Butler era ended tumultuously but produced surprising playoff results, reaching an ECF G7 and a Finals (from the 8 seed!), although the remaining Bam-Herro-Spoelstra core has questionable upside.  **Washington:** 3 consecutive years of 34-35 win seasons led to the replacement of GM Tommy Shepperd and the start of 3 seasons of shit-smelling foulness the likes of which I can't imagine, or maybe I just don't want to.  \---  **West**  **Dallas:** THEY HAD A STAR IN LUKA DONCIC AND WENT TO THE FINALS AND THEN TRADED HIM AND THEN GOT THE #1 PICK AND NOW HAVE A NEW STAR IN COOPER FLAGG.  **Houston:** A patient rebuild post-Harden has resulted in a wealth of pretty good young players and solid veterans in KD, FVV and Steven Adams, though a somewhat disappointing season has people questioning their postseason potential.  **Memphis:** The exciting young core of Ja, JJJ and Bane was a burgeoning threat in the west (highlighted by consecutive 50-win seasons), but Ja's downfall led to a total teardown and the team praying for lottery luck in May.  **New Orleans**: Zion showed flashes (including a successful stint playing PG under Van Gundy), but his poor conditioning and the waste of a treasure-trove of assets has the Pels in the wilderness.  **San Antonio:** The Spurs have had 6 straight losing seasons, but none of that matters now because Victor Wembanyama is laying waste to the NBA and this year's team has a real shot to win the title.  \---  **Denver:** We're on year 6 of Jokic being in the MVP discussion, and despite Jamal Murray's ACL tear wiping out a couple of potential contenders, the team won the title in 2023 behind one of the most cohesive starting 5s in recent vintage.  **Minnesota:** The Anthony Edwards era has been both successful and news-worthy, featuring consecutive WCF berths and two massive (and I'd argue successful) trades, one bringing in Gobert, one sending out KAT.  **Oklahoma City:** Presti traded everything that wasn't bolted down, accumulating assets that would make Warren Buffet blush, and now the defending-champion Thunder (and probable back-to-back MVP SGA) are set up to be title contenders for the foreseeable future.  **Portland:** Dame's time finally ran out in Portland and the team embarked on a rebuild, but Scoot Henderson's disappointing start and the lack of other potential stars has fans questioning the future.  **Utah:** The Mitchell-Gobert teams had a couple of disappointing postseason exits, Danny Ainge decided to blow it up, but the tanking may have been worth it as the team is stocked with assets and a couple stars in Lauri and JJJ.  \---  **Golden State:** The ""two-timeline"" Warriors did indeed have one last run in them, winning the title in 2022 and vaulting the NBA into the era of motion-heavy offenses, while producing a couple more playoff series wins during Steph's waning years.  **LA Clippers:** The fraudulent clippers were often no-shows come playoff time, and despite this being their 15th straight season with a winning record, some question if they've planted the seeds for future success.  **LA Lakers:** Ill-timed injuries and an utterly disastrous trade for Westbrook meant a disappointing end to the Lebron era, though on the bright side they now employ Luka Doncic.  **Phoenix:** Chris Paul's late-career resurgence almost brought this team a title in 2021, though the ensuing ""super"" teams with Booker, Beal and Durant both disappointed and rid the team of future draft picks.  **Sacramento:** The poor Kings had that one glorious year of beam-lighting, 48 wins and a first-round exit, but that season unfortunately might be the highlight of their decade."
2026-04-06 17:16:59,"Last year when he won MVP, led his team to a championship, and was the best player in every Playoff series he was in."
2026-04-06 18:47:00,If OKC makes the finals who is the team in the East that you do/don't want to face?
2026-04-06 18:47:19,If OKC makes the FINALS who is the team in the East that you do/don't want to face?
2026-04-06 18:53:19,"Boston is the toughest. That said, there isn't a contender in the east that should scare the Thunder more than the Spurs or Nuggets."
2026-04-06 18:58:16,Boston is prob the biggest challenge but I think if we can get there and face them in the Finals it would be a great showing for the NBA in general
2026-04-06 18:58:22,"Nobody in the East but Boston even gives me pause. If they slip up against the Knicks or Cavs or Pistons, it’s an easy title for whatever West team makes it through the gauntlet."
2026-04-06 18:59:57,Celtics would be a great battle and would definitely go long due to their ability to get hot from 3. Cavs and pistons could be an interesting series.  We would beat the absolute dogshit out of the Knicks - no doubt about that
2026-04-06 19:04:42,"Will Shai play on Wednesday? Hey all,  Clippers fan here, thinking of going to Clippers Thunder on Wednesday. I’m wondering, since the regular season is coming to an end soon, will the thunder sit shai for the playoffs? Really want to see him play and probably won’t go if he doesn’t"
2026-04-06 19:07:43,"Shai will most likely play until we lock up the 1 seed. But, I would wait to buy tickets since it's the 2nd game of a b2b."
2026-04-06 19:08:02,"Depends on if the 1 seed is locked up, so really depends on the Spurs losing again."
2026-04-06 19:10:50,Probably and then if we win the b2b rest him the last 2
2026-04-06 19:18:46,"Boston is the first answer, but there is another scenario that I would hate to see in the finals: the 76-ers.  If somehow Philly makes it through to the finals it will be another Pacers-esque dark horse turning into Cinderella story run that will have a huge number of people rooting against us just cause they want to see the upset. And to get there they would have to pull out several unlikely victories to the point that it seems like you can’t rule them out of any games they should lose. While this could be any lower seeded East team, I say Philly, just because they seem most likely to punch above their weight class in finally getting a decent team together at the end of the season. And if somehow Embiid comes back in the post season to try and do something and actually looks like his MVP level, that would actually be a challenge to take very seriously. Not expecting any of this, but, in a purely hypothetical with all the possibilities of teams we could face in the finals…that one makes me think a little more than I want to."
2026-04-06 19:21:50,Celtics are really the only team I think has the players/coaching/experience to beat us personally
2026-04-06 19:27:54,"Unless you want to use a Sonic with a #1 jersey, here is an idea for magic number 1.  https://preview.redd.it/wmk68xfzfmtg1.png?width=201&amp;format=png&amp;auto=webp&amp;s=9af247ef48426e673e13200992ad2b1303e30a2a"
2026-04-06 19:28:02,"I'm sure he will play to get the minutes, and probably sit the entire 4th qtr again. Will most likely depend on if the 1 seed is locked yet or not. Can't have him rest too much right before the playoffs start."
2026-04-06 19:32:13,"Important NBA Games Today Knicks at Hawks  According to ESPN analytics, this is the 15th most important game of the season left. The Hawks want to get a top 6 seed in the Eastern Conference while the Knicks want the 2 seed in the Eastern Conference. Should be a good game.  I am not going to put Pistons Magic because the only thing that the Pistons are going to do is rest for the regular season since they clinched the one seed on Saturday.  76ers at Spurs (Game of the Day)  Embiid vs Wemby, an elite center matchup. Who is the better center? We will find out today. The 76ers are trying to keep a top 6 seed in the Eastern Conference while the Spurs want the one seed in the Western Conference.  Trail Blazers at Nuggets   The Nuggets want to take the 3 seed from the crippled Lakers to avoid the Thunder in the second round while the Trail Blazers want the 8th seed in the play-in tournament to have two chances to make the playoffs and avoid Steph Curry in a play-in game.     Laat post, I said that the Warriors were stuck as the 10 seed but that is not true so I am sorry. I forgot that the Warriors destroyed the Clippers earlier in the season."
2026-04-06 19:32:25,"I'd be way more worried about a healthy Detroit team than Boston.  Boston lives and dies by the 3, which is why when they went cold last year, New York handled them easily.  Detroit is a great a defensive team and could definitely turn a matchup with OKC into a long, physical series."
2026-04-06 19:40:32,Sixers are in a fight for survival with the Hornets and Raptors chasing right after them. Even if it seems impossible against San Antonio they have to win to avoid that play-in and facing a top 2 seed in the east first round. I expect a great game where they pull out all the stops. Spurs ofc probably can't get the 1 seed anymore and know it but they need to get a good bounce back win after the Nuggets loss to keep their momentum going into the playoffs before they start resting. Anticipating a big Wemby performance.
2026-04-06 19:52:54,"Larry Bird era Celtics or Rodman era Pistons.  Not worried about anyone else.   As tight as the team is, I could see them all getting into a Hot Tub Time Machine together, though.  So, there’s that."
2026-04-06 19:56:14,Will Shai try to extend the 20 point game streak if he does not need to play?
2026-04-06 20:11:15,Dream scenario (personal reasons) would be cavs followed by knicks. Realistically I would both like to face and avoid boston. Beat them as a fu to jaylen brown. But I dont want to play them because of jaylen brown and how much whining we'd have to endure during that series.
2026-04-06 20:15:07,I want to play the Knicks because of the aura of playing finals games in MSG and also because I think we’d clock them in 5 games
2026-04-06 20:48:07,"The biggest risk for the Finals is that Adam Silver says ""fuck it that was a great series"" and just orders a re-do of Spurs-Thunder for the title.     Although this is the scariest possibility for the Thunder, it would be fun to see reaction from Boston fans."
2026-04-06 21:55:15,3d printing Having fun with 3d printer! The city edition OKC lightbox will be soon. Anyone know where I can find a championship basketball for sitting on the net I made?
2026-04-06 23:02:09,I don’t want to face Hornets. If they can reach finals most likely that perimeter trio is shooting something like 80% 3s with 30 3PA per game.
2026-04-07 03:47:36,Laughing at all the people saying the Hornets. They would have a literal 0% chance of beating us in the finals
2026-04-07 03:57:17,Go Pokes Thunder Up!
2026-04-07 04:16:03,"Under the current playoff bracket, the #1 seed OKC Thunder would get to play either the #4 Lakers or #5 Rockets in the second round Have to think this is pretty much the ideal scenario for them   Spurs would possibly have to go through Denver and OKC back to back"
2026-04-07 04:17:51,If the Thunder don't go 8-0 then they aren't serious team
2026-04-07 04:18:01,"Thunder get creamed by Curry in round one you heard it here first, folks."
2026-04-07 04:18:12,And the Nuggets would most likely have to play Minnesota in the first round the Spurs in the Second round and the Thunder in the WCF to get to the championship.
2026-04-07 04:18:36,"If they win both games against the LA teams over the next two nights they’ll clinch the one seed, hard to imagine them not resting/intentionally throwing the game against Denver if they can have the 1 seed locked up by that point"
2026-04-07 04:19:07,"Nuggets have Grizzles, OKC BLUE and Austin Spurs left to play …   welcome to the 3rd seed"
2026-04-07 04:19:18,Its all fun and games until Durant averages 40PPG on 70% TS against OKC out of pure Spite.
2026-04-07 04:21:58,Amen jumpshot will be fixed by round 2 and we will win the championship
2026-04-07 04:26:33,"What’s your point? That teams should be trying to get the 1 seed, and even 2 is trouble? Interesting…"
2026-04-07 04:31:04,Unless something insane happens this should be close to final. Just a huge win tonight by the Nuggets for the Thunder.
2026-04-07 04:31:30,"Okc has the most ideal path. They sweep clippers or phoenix and destroy Houston (my team). But their last matchup out west would be spurs or nuggets. I guess they would rather have nuggets, and nuggets match up well with spurs. And finals a fully healthy Boston team could be a problem. It's gonna be a rough playoffs for everyone"
2026-04-07 05:44:55,sga loves playing against the clippers fwiw
2026-04-07 06:30:09,"Wemby's durability concerns coming into the playoffs This year, the Spurs look amazing, maybe a little early but they definitely look like a team that could win it before most would expect them to do so. But how likely is it for a team to win the championship when their superstar is averaging about 29 minutes a game?  I thought about the Cavs last season, spent most of the season relatively healthy, their top 4 guys all within 28-31 minutes, a deep rotation. Then they go into the playoffs, suddenly all their players are getting injured, some missing games, some playing through it like Donovan Mitchell I am pretty sure and they lose in 5 in the 2nd round.  The most recent champions, they all have their stars play around a certain level, about 32-33 at least, even Giannis who won his 2nd MVP playing 30.4 mpg, played 33 mpg in their title year.   I couldn't find a proper stat for it that showed all the mpg and the correlation with champions without going 1 by 1, but I am pretty sure it would be close to 0 seasons where the eventual champion had their best player play below 30 minutes, maybe even 31 or 32 a game. Not to mention the minutes totals as usually these guys play more than 65 games and have a bigger total than 1800-1900 which is Wemby's number for the season.  Actually looking into Spurs in general, the other players are playing under 30 other than Vassell at 30.5 and Fox at 31.  Will the extra rest these players had mainly Wemby cause them to struggle more than expected in the playoffs? In a playoff environment, where some fouls are not called, where physicality is allowed as much as it can be allowed, multiple 7 game series, usually with the stars playing 36-40 minutes occasionally having higher loads, teams like OKC sending multiple guys at you all game to pressure the ball away, foul, try to make you turn the ball over all game, double teams, blitzes, will Wemby actually manage to stay healthy and fresh throughout the postseason?"
2026-04-07 07:33:53,"I love to face denver, spurs and boston this year. Will be the ultimate playoffs run esp if we win."
2026-04-07 08:51:05,"I’m never counting out any team from beating us in the finals. After the shit I watched with the Pacers, I’m never gonna be overconfident in the finals."
2026-04-07 11:23:50,My neighbor made me this.  https://preview.redd.it/z6omfrhh6rtg1.jpeg?width=4284&amp;format=pjpg&amp;auto=webp&amp;s=9373774e9702ffc594a86978aadaa85d4c495611  Thunder up!
2026-04-07 15:37:36,"\-BOS Celtics -4.5 (-110)   **Why This Pick?**  The Celtics have been playing exceptional basketball lately. Not only have they won 6 of their last 7 games, but they’ve also covered in 4 of their last 5 outings at home against some formidable squads (including a 10-point victory over the OKC Thunder). While I love how tonight’s visitors have looked this season, the Hornets lost by 15 to Boston just last week in Charlotte. My money’s on the Celtics to win by at least 5 here, friends.  \----  *Belle's Pick of the Day over the last 7 days: 6-1 (6 wins, 1 loss)*  *Belle's Pick of the Day* *over the last 14 days: 11-3 (11 wins, 3 losses)*  \---  **🫙** [Belle's Tip Jar](https://buymeacoffee.com/coffeeforb)  \----"
2026-04-07 17:09:20,All you need to see is the Nuggets fighting for a comeback win last night to see they prefer the Spurs over the Thunder in the second round. They could have easily lost that one if they wanted.
2026-04-07 17:31:13,"The Reliquary of Stat Purgatory : NBA Play-In Cumulative Statistics First off, shout out to [Basketball Reference](https://www.basketball-reference.com/) for allowing me to scrape and collect this data.  I've always been a stats-guy and lover of the obscure and the liminal, and the NBA Play-in is exactly that. However, I've had a beef with both the NBA and Sports-Reference for not collecting the results. Even if its Bulls vs Heat Round 8, it's still basketball that counts, its not a pre-season game so we need a place to capture the stats. It's also single-elim(ish) between flawed teams so its enjoyable for the sickos.     I decided to start tracking single game and cumulative statistics. I'll present the cumulative stuff today as I think that paints a picture (if bleak) of what modern NBA mediocrity looks like. This post will be table heavy, without much explanation as I think sometimes looking into the abyss answers more questions than having it told to you.   \*Note\* I am counting the Bubble Play-in of 8 Portland Vs  9 Memphis in these stats     **Table 1: Seed Record**  |Seed|Record|Escapes|Playoff Wins| |:-|:-|:-|:-| |7|10-2|10/10|34| |8|7-11|7/11|7| |9|9-8|3/11|4| |10|5-9|1/10|0|  Note here is that the 7th seed has produced the only series wins (6), and has never failed to escape play-in purgatory.  **Table 2: Individual Team Records**  |Team|Record|Escapes| |:-|:-|:-| |76ers|1-0|1| |Bulls|2-3|0| |Cavaliers|0-2|0| |Celtics|1-0|1| |Clippers|0-2|0| |Grizzlies|3-2|2| |Hawks|3-3|2| |Heat|4-2|3| |Hornets|0-2|0| |Kings|1-2|0| |Mavericks|1-1|0| |Nets|1-0|1| |Pacers|1-1|0| |Pelicans|3-2|2| |Raptors|0-1|0| |Spurs|0-2|0| |Thunder|1-1|0| |Timberwolves|2-1|2| |Trailblazers|1-0|1| |Warriors|1-3|1| |Wizards|1-1|1|  Current teams that have not seen the in-between: Knicks, Suns (who will this year), Jazz, Rockets, Bucks, Pistons and Nuggets  **Table 3: Player Time Leaders**  |Player|Time (Hours)|Record|Escapes| |:-|:-|:-|:-| |Jonas Valančiūnas |4:05:38|5-4|3| |Demar Derozan |4:05:18|2-4|0| |Trae Young |3:57:07|3-3|2| |CJ McCollum|3:51:48|4-2|3| |Tyler Herro|3:49:11|4-2|3|  Josh Okogie spent the shortest amount of time in the playin with a mere 9 seconds in the 21-22 Playin. Jonas leads with 9 total Play-in games, and Kyle Anderson and Caleb Martin are tied for second with 7.  **Table 4: Points Leaders**  |Player|Points|FG%|3PM|FTM| |:-|:-|:-|:-|:-| |Trae Young|166|0.410|14|52| |Tyler Herro|155|0.479|18|23| |Demar Derozan|146|0.451|6|30| |Anthony Davis|136|0.459|6|28| |Stephen Curry|135|0.471|21|30|     **Table 5: Rebound Leaders**  |Player|Total Rebs|Offensive Rebounds| |:-|:-|:-| |Jonas Valančiūnas |116|39| |Domantas Sabonis |71|14| |Bam Adebayo |65|16| |Clint Capela |63|20| |Anthony Davis|60|23|  **Table 6: Assist Leaders**  |Player|Assists|Turnovers| |:-|:-|:-| |Trae Young|54|24| |Kyle Anderson|41|17| |Domantas Sabonis|38|20| |Tyler Herro|36|27| |Draymond Green|34|16|  **Table 7: Steal Leaders**  |Player|Steals| |:-|:-| |Jimmy Butler|12| |Domantas Sabonis|10| |Draymond Green|9| |Ja Morant|9| |Kyle Anderson/Bam/Alex Caruso/ Bogdan Bogdanović /Haywood Highsmith|8|  **Table 8: Block Leaders**  |Player|Blocks| |:-|:-| |Kyle Anderson|15| |Bam Adebayo|12| |Anthony Davis|11| |Daniel Gafford|10| |Jonas Valančiūnas |9|  **Table 9: Top 5 Highest +/-**  |Player|Plus-Minus| |:-|:-| |Kyle Anderson|46 (7 Games)| |Trey Murphy III|42 (5 Games)| |Tyler Herro|41 (6 Games)| |Davion Mitchell|41 (4 Games)| |Bogdan Bogdanović /  Jose Alvarado |37 (4 games, 4 Games)|  **Table 10: Top 5 Lowest +/-**  |Player|Plus-Minus| |:-|:-| |Nikola Vučević |\-61 (5 Games)| |Terry Rozier |\-61 (2 Games)| |Miles Bridges |\-55 (2 Games)| |LaMelo Ball |\-48 (2 Games)| |Terance Mann |\-47 (4 Games)|  This was a fun exercise and pretty much showed who the faces of the play-in are for better or worse. I am glad that Jonas and SlowMo are escaping the pit this year with Denver and Minny respectively."
2026-04-07 18:22:56,My choices for today’s card       Sacramento Kings @ Golden State Warriors |  Sacramento Kings +15.5 (-115)   Oklahoma City Thunder @ Los Angeles Lakers | Los Angeles Lakers +17.0 (-110)  Best of luck with your plays
2026-04-07 19:44:30,Hornets (+4.5) + OKC (-17.5)
2026-04-07 22:29:18,"On 1 or more days of rest, the Thunder won 86% of their games; while on a back to back, they won only 46% of their games Doing a lookback on the season, and it's really interesting as we head to a close looking at our record on rest vs no rest. This is admittedly a small data set (we don't tend to lose often), but it's a common saying that there are no back to backs in the playoffs, so wishful thinking makes me want this to matter.  There is a huge disparity in record for the Thunder this year on at least 1 day of rest. The Thunder this year won at a 71-11 game pace when you remove back to backs. A big piece of this is just random chance (we were scheduled on back to backs very frequently against the best teams in the league), but it's still interesting that OKC was last in the league when you compare their rested record vs non rested record, dropping 40%.  A couple of interesting tidbits:  * Looking at the West contenders - Denver had an identical record when they were rested vs non rested, winning 65% of their games (53-29 pace when rested) * San Antonio, however, had a *better* record when non-rested, winning 80% of their non-rested games vs 75% when rested (61-21 pace when rested, went *12-3* on back to backs) * I'm pretty surprised how many teams have similar records when rested vs non rested, as conventional wisdom has always been that second game of back to backs are schedule losses.  * It's likely that they've impacted us more heavily this year not because of any fatigue, but because guys sat strategically in those games. There's a deeper analysis that could be done looking at if back to backs more heavily impact more injured teams. * In general, age has no correlation with how teams do on back to backs.  Take this for what you will. It likely doesn't mean much. Or it means we're unstoppable when we've rested."
2026-04-08 02:33:02,Thunder -18 for the last leg come on
2026-04-08 03:15:59,"Okc trolling rn against a lakers with no bron ,reaves , or luka"
2026-04-08 04:22:21,Thanks OKC - 14.5 @ 90% cashout!
2026-04-08 04:31:02,More history? The Thunder have beaten the Lakers this season by a lot of points per game. They have now played them 4 times after the game completes tonight (currently up by 39). This got me wondering - what is the largest total point differential that one team has scored against another team in all of their matchups throughout one season in NBA History?  Cavs swept Miami in the playoffs and had a +122 differential. Is there one larger across 4 games in the regular season?
2026-04-08 04:51:31,"Post Game Thread - NBA: The Thunder defeat the Lakers on Apr 7, 2026, the final score is 87-123. This post contains content not supported on old Reddit. [Click here to view the full post](https://sh.reddit.com/r/Thunder/comments/1sfjafa)"
2026-04-08 04:56:27,JoeCain with the same score as minutes played.
2026-04-08 05:00:29,Couldn’t watch the game. Hope Hartenstein is ok. Saw a comment saying he was on a bike with only 10 minutes played. A little worrisome.
2026-04-08 05:31:41,"I haven't felt great about regular season wins in a long time, but knowing that we may have caused an absolute laker implosion that ruined their season, man it's beautiful, I love sports. And I hate the Lakers."
2026-04-08 05:45:06,Only in the NBA can a team be down by like 10 with 30 seconds left and somehow come back and force OT and win lol this league is a fucking joke man I swear the refs are like the stars of the show every night when in reality they should be like flys on a wall 😆
2026-04-08 08:03:13,Imma still ride with okc
2026-04-08 09:36:39,"It’s weird because last year OKC was amazing off B2B’s. Maybe winning a championship took away a bit of the fire for getting up on back to backs when they were still trying to prove it last year.   Either way, just one more B2B to play and it secures the 1 seed."
2026-04-08 10:24:18,"I don’t bet, but I always note the Vegas over/under win total as a season long curiosity.  OKC/Daigs did it again. The line was 62. Win over Lakers gets them to 63.   The injuries + tough finishing schedule made 63 look dicey, but they came through!"
2026-04-08 15:20:20,"The games/seeds each team will clinch if the favorites win each remaining game East  1. Pistons - have already clinched the 1 seed  2. Celtics - clinch 2 seed Friday with win over Pelicans  3. Knicks - clinch 3 seed Friday with win over Raptors  4. Cavaliers - clinch 4 seed as a result of the Knicks winning Friday over Raptors  5. Hawks - clinch 5 seed Sunday with win over Heat  6. Raptors - clinch 6 seed Sunday with win over Nets  7. Magic - clinch 7 seed Sunday with win over Celtics (Celtics will have nothing to play for)  8. 76ers - clinch 8 seed Sunday with win over Bucks  9. Hornets - clinch 9 seed Sunday as a result of other team’s results  10. Heat - clinch 10 seed Friday with 76ers win over Pacers and Hornets win over Pistons (Pistons will have nothing to play for)  West  1. Thunder - clinch 1 seed with win over Clippers tonight  2. Spurs - clinch 2 seed as a result of the Thunder win tonight  3. Rockets - clinch 3 seed Sunday with win over Grizzlies  4. Nuggets - clinch 4 seed with Sunday loss to Spurs (Last 2 games vs Thunder and Spurs will have nothing to play for which could impact this)  5. Lakers - clinch 5 seed Friday with loss to Suns (Suns will have nothing to play for which could impact this)  6. Timberwolves - clinch 6 seed with loss to Magic tonight  7. Suns - clinch 7 seed with win or Clippers loss tonight  8. Clippers - clinch 8 seed Friday with win over Trail Blazers  9. Trail Blazers - clinch 9 seed Friday with loss to Clippers  10. Warriors - have already clinched the 10 seed  The most important games remaining are the Friday H2H for Clippers vs Blazers, how the Nuggets perform down the stretch (if they can win vs Thunder and Spurs), and the East 5-9 will depend entirely on which teams drop games they shouldn’t and there’s still a lot of permutations of where they will end up. It will come down to the final day of the season for most/all those teams.  Results for games were determined using ESPN’s matchup predictor percentages. Obvious, but should be noted even changing the result of 1 game has an impact on other teams and when they would clinch their playoff position. This is just a hypothetical to demonstrate the favorites winning each remaining game and where teams may be likely to end up."
2026-04-08 15:43:31,"might be interesting to also discuss for each team the range of positions they can wind up based on the way the rest of the season plays out.  For example Spurs *can* still take the one seed, if they win their last 3 games (likely IMO) and Thunder lose all 3 (unlikely but entirely possible, we play LAC DEN PHX).  Not sure but probably more scenarios like that throughout the league.  A lot of it probably depends on a lot more moving pieces than the one I listed though now that I think about it"
2026-04-08 16:32:23,"THUNDER v SPURS (2-Man Race Through 2031) I believe the western conference, and likely the NBA Finals will largely be split between these teams for the next 5 years:   The Thunder have won 17 of their last 18 and are tracking for a 66-16 finish, seeking a 2nd straight championship. Their average age is 25, and their big 3 (SGA, Chet, J-Dub) are under contract through 2031. They also have between 10-13 first round picks through 2031. Outside of their ridiculous big 3, the Thunder possess a second “Big 3” of rotational game changing guards in Ajay Mitchell, Cason Wallace, and Jared McCain. They don’t just win, they blow teams out, with an NBA high 12.0 scoring differential, the 2nd highest in the 21st century behind the 2024-2025… OKC Thunder. Coach Mark Daigneault is just 41 years old and is 188-55 (.774) since signing his extension in the 2033 offseason, they have been first in the western standings each of those 3 years. Of the 16 losses this season however, 25% of them have come from the San Antonio Spurs.   The Spurs have won 16 of their last 18, and  28 of their last 31. Their average age is 26, but star core average is lower: Wemby (22), Castle (21) and Harper (20). They own all of their first round picks through 2031, including tradeable options in 2026, 2027, 2028, 2030, 2031. And as mentioned, the Spurs are 4-1 this season against the Thunder, with an average winning margin of 11.75 in those games. Coach Mitch Johnson is just 39 years old and has seamlessly taken the reigns from Coach Popovich to bring the Spurs back to contention.   It doesn’t really seem fair to the rest of the league, but these 2 front offices have built dynasty level teams that I don’t see losing (besides to each other) for the foreseeable future."
2026-04-08 16:41:06,"Depends on how well OKC hits on the multiple first round picks they have from other teams.  They have 250 million in committed salary next season, some players like Hartenstein or Dort are going to have to go.  Wemby, just enjoy him while you can, that body won't last forever the way he plays."
2026-04-08 16:42:16,"No championship team has even made it past round 2 since the KD Warriors. Thunder may break that this year but people were very confident in the Celtics beating the Knicks last year and that didn’t go so well. And most of that is pre-second apron, with the second apron it’s really hard to keep these great teams once guys get paid."
2026-04-08 16:45:15,"You do know the Celtics are supposed to be having a down year, and they have a real shot to just make the finals? You don’t think they will fix the problems they have at all???  Pacers will be better  Pistons will get better  Wolves will have a good year at some point  Nuggets are really good still   Lakers/luka will have a Mavs type of season"
2026-04-08 16:51:27,Daigneault is only 41?!?!? Guy looks 51 to me
2026-04-08 17:28:25,"I can guarantee you these 2 teams will not win every title through 2031.    As we saw last year, the talent differential between a supposed juggernaut in the Thunder and a 4 seed Pacers team was not very big at all.  The league simply has far more talent than ever, and in a 7 game series, things can (and do) get weird all the time.  Thunder and Spurs are good, but they are not unbeatable by any stretch.  And specific to the Thunder - in 2031 this roster is unlikely to look anything like it does right now.  SGA will be 33 and past his peak, many of the team's key role players will be priced out, injuries happen...  It's just so far away.  Spurs are in better shape longer term because their core is younger, but even then, who knows?  Wemby is literally one more blood clot away from retirement."
2026-04-08 17:44:14,Thanks for shitting the bed Miami.  All you had to do was beat Toronto twice but we can't have nice things.
2026-04-08 19:37:09,"Important NBA Games Today Hawks at Cavaliers (Game of the Day)  This is a likely first round series preview since there is a 66 percent chance those two teams face off in the playoffs. The Hawks want to keep the 5th seed in the Eastern Conference. With a win, they clinch a playoff spot and the division title. The Cavaliers have a chance to jump the Knicks in the standings but according to their fans, they don’t want to do that.   Timberwolves at Magic  This is the twelfth most important game left in the season. The Magic want to escape the play-in tournament and get a top 6 seed in the Eastern Conference. The Timberwolves want to get healthy and face the Lakers in the first round. Should be a good game if Ant is playing.   Trail Blazers at Spurs  The Spurs will be without Victor Wembanyama against the Trail Blazers due to a rib injury. The Spurs need a win to stay alive in the race for the best record in the NBA with the Thunder. The Trail Blazers in the meanwhile want the 8 seed in the play-in tournament because they want to have two chances to make the playoffs and to avoid Steph Curry in an elimination game.  Thunder at Clippers   If the Thunder win tonight, they clinch the one seed in the Western Conference and the best record in the NBA, they can also clinch it if the Spurs lose today. The Clippers want the 8 seed in the play-in tournament so that they can have two chances to make the playoffs and avoid Steph Curry in an elimination game."
2026-04-08 20:14:17,thunder vs clippers is probably the one with the biggest implications   but hawks vs cavs feels like the most “playoff preview” type game  today’s slate is actually pretty loaded for this late in the season
2026-04-08 21:36:18,"The Bulls owner wants to keep Billy Donovan as head coach no matter who the next GM is. However, there is a historically poor track record for GM’s who inherit a coach rather than choosing their own. &gt; **Bulls want their next GM to keep Billy Donovan as coach, but history says that isn't a great idea**  &gt; The Chicago Bulls cleaned out their front office on Monday by firing top basketball executives Arturas Karnisovas and Marc Eversley. Now, they begin the process of replacing them. The job holds real appeal. The Bulls could have two first-round picks in this year's draft. They'll have max cap space this offseason, they play in the NBA's third-biggest market, and of course, they come with all of the history Michael Jordan made for them in the 1990s. On paper, it's the sort of gig that should be able to attract top front office talent. There's just one hangup: the Bulls seem to have their heart set on retaining head coach Billy Donovan.  &gt; ""If I interview someone and they're not sold on Billy, they're not sold on a Hall of Fame coach,"" Bulls CEO Michael Reinsdorf said during a video call Tuesday, ""they're not sold on a person who's won championships in college, who's gone deep in the playoffs with Oklahoma City. ... If Billy wants to be our coach and someone's not interested in that, then they're probably not the right candidate for us.""  &gt; Though it hasn't come with such public support from ownership, something similar appears to be happening in Dallas. The Mavericks are seeking a full-time replacement for Nico Harrison, and they're even seemingly planning to go big-game hunting for proven, winning general managers in that effort. But according to Marc Stein, they'd also like whoever they hire to keep Jason Kidd as their head coach.  &gt; This has left fans of both teams feeling somewhat uneasy with their searches. Wouldn't the best executives want to hire their own coach? Are the Bulls and Mavericks therefore limiting the pool of interested general managers by trying to handcuff them to an existing coach? Can an organization really be aligned when a head coach and general manager were hired by different people?  &gt; The theoretical answers to these questions are ""yes,"" ""probably"" and ""usually not,"" but why limit ourselves to conventional wisdom? Let's look at NBA history and try to figure out whether or not teams tend to be more successful when general managers hire their own coaches or when they inherit them.     &gt; The Bulls and Mavericks do not currently have general managers, so we'll put them aside for the time being. That leaves 28 teams in the NBA that currently have front office leadership in place. Let's talk about where the coaches they started this season came from.  &gt; Of those 28 teams, 20 followed the traditional path of hiring a general manager before their coach. Those teams are the Pistons, Celtics, Knicks, Cavaliers, 76ers, Hornets, Magic, Heat, Bucks, Nets, Pacers, Wizards, Thunder, Spurs, Lakers, Rockets, Clippers, Grizzlies and Jazz.   &gt; You will notice right away that most of the NBA's best teams occupy this list, including eight of the nine teams who have clinched playoff spots as of this writing. The timing of those partnerships varies wildly. Some general managers have been in their post for more than a decade and hired multiple coaches. On other occasions, the general manager and head coach were hired in the same offseason. Take Detroit as an example here. The Pistons hired Trajan Langdon one year in the historic six-year, $70 million deal they gave Monty Williams to be their head coach and they still allowed him to make a change. His subsequent hire of JB Bickerstaff has worked out quite well thus far.  &gt; So who are the other eight teams here? Let's go through them one by one:  &gt; The Timberwolves are the current league's major success story on this front. Tim Connelly inherited Chris Finch from Gersson Rosas. However, it should be noted that Finch had been an assistant coach in Denver when Connelly was running the Nuggets, so there was at least a preexisting relationship between the two of them. The Nuggets replaced both their head coach and general manager last offseason. As David Adelman was promoted from his interim post, he was technically hired first, though as their two major hires were an internal promotion (Ben Tenzer) and the rehiring of an executive who followed Connelly to Minnesota (Jon Wallace), they likely had some inkling that the partnership could work. The Warriors promoted Mike Dunleavy Jr. to general manager internally and kept four-time champion Steve Kerr in place. Considering Dunleavy had been in the organization since 2018, there was already a working relationship. The Raptors promoted Bobby Webster internally, and he retained Darko Rajakovic. Again, they were leaning on a preexisting relationship. The Hawks technically promoted Onsi Saleh internally, but he had only been with the organization for one year, and he inherited a coach in Quin Snyder who was much more accomplished in his field. This seems a bit closer to the sort of ""arranged marriage"" fans are worried about here, but the duo has thus far seemingly worked together effectively. The Blazers promoted Joe Cronin internally soon after hiring Chauncey Billups as head coach, though the circumstances were unusual as Neil Olshey was fired soon after Billups was hired after an investigation found that he had created a toxic work environment. In this circumstance, Billups was so early into his contract that firing him just to give an internally promoted general manager the ability to hire a new coach would have been impractical. Still, Billups never made the playoffs as head coach of the Blazers. He was arrested after one game this season, and interim coach Tiago Splitter has the Blazers ready to compete in the Play-In Tournament. Joe Dumars inherited Willie Green, but fired him after a 2-10 start. Scott Perry inherited Doug Christie. The Kings went 107-88 in the previous two-and-a-half seasons under Mike Brown before Christie was promoted to his interim role, then went 27-24 with Christie in his first half-season as Sacramento's interim. In his first season as the full-time head coach, however, the Kings are 21-58 despite seemingly planning to try to win this season. Of these eight partnerships, only the one between Finch and Connelly has proven sustainably successful. The jury is still out on Denver, Toronto and Atlanta, but there is some degree of promise for each. Golden State's circumstances aren't really fair to judge. Kerr's success with Bob Myers made him virtually untouchable and their aging roster has made it mostly impossible for Dunleavy to really put his stamp on the team. Billups and Cronin didn't exactly fail, but they didn't have any success, either. The Pelicans and Kings were outright disasters this season. Notably, the two were the runaway losers of my bi-annual front office rankings, coming in at No. 29 and No. 30, respectively. The Bulls were No. 28 and the Mavericks were No. 27.  &gt; We're dealing with small samples here, though. There are only 30 head-coaching jobs. Most of them are hired by an existing general manager. It does seem notable, though, that the teams we associate with sustained winning (like the Thunder, Celtics, Spurs and Heat) never handcuffed a head coach to a general manager while the teams that are widely regarded as poorly-run (like the Kings, Pelicans and Bulls) went with the arranged marriage approach. Let's not draw any conclusions yet, though. We need to broaden our horizons a bit.   &gt; What about non-current pairings? Let's wind the clocks back a decade. Since 2016, there have been a total of 43 instances in which a team has changed top basketball decision-makers, though this includes Brian Wright becoming San Antonio's general manager while Gregg Popovich remained atop the organizational hierarchy as coach and team president. We will therefore ignore Wright inheriting Popovich. Otherwise, the split over this time period is much more balanced. There were 21 instances of a general manager inheriting a coach and keeping him going into his first full season on a job. So let's look at how those partnerships played out:  &gt; One-third of those 21 partnerships dissolved after the first year. Quin Snyder resigned from Danny Ainge's Jazz and Mike Budenholzer left Travis Schlenk's Hawks after their first years together. Landry Fields took over the Hawks in the middle of a season, kept Nate McMillan for the rest of that season and into the next but fired him before the end of that first full season. Michael Winger fired Wes Unseld Jr. after less than a year. After one full season, Steve Mills fired Jeff Hornacek, Jeff Weltman fired Frank Vogel and David Griffin fired Alvin Gentry. Jon Horst (Jason Kidd), Gersson Rosas (Ryan Saunders), Monte McNair (Luke Walton) and Koby Altman (Ty Lue) all fired coaches who predated them in their jobs during their second seasons together. Saunders was a complicated case. He was technically made the full-time head coach after Rosas was hired, and reporting stated that there was not a mandate from Minnesota owner Glen Taylor to hire him full time, but he was the interim coach before Rosas got the job and he was known to have support as the son of beloved former Wolves coach Flip Saunders, so we're counting him. Bryan Colangelo was fired after two years as general manager of the 76ers due to a social media scandal, which abruptly ended his partnership with Brett Brown. Elton Brand took Colangelo's job and fired Brown after two seasons. He was technically still the general manager when Doc Rivers was hired as Brown's replacement, but soon after, Daryl Morey was hired on top of Brand. Scott Brooks parted ways with the Wizards two years after getting partnered with Tommy Sheppard. Magic Johnson was hired midway through Luke Walton's first season with the Lakers, so technically he left the Lakers after two-and-a-half seasons together, though Johnson notably resigned from his post before axing Walton (though not for lack of trying). We're 15 duos through our list of 21 and thus far, nobody has lasted even three full years. That would broadly qualify the next six situations as the ""successes"" of this organization-building style, though I would argue that even if some came with meaningful winning, none of the six worked out in the end.  &gt; Dwane Casey went 60-186 in three years with Troy Weaver. Doc Rivers had two separate three-year arranged marriages in this window. The first was with Lawrence Frank on the Clippers, with Frank actually replacing Rivers as head of basketball operations, and the second was with Daryl Morey and the 76ers, with Rivers getting hired around a month before Morey. Both of these teams had championship expectations under Rivers. Both fell short due to playoff collapses. Rivers infamously blew a 3-1 lead for the Clippers in the 2020 Orlando bubble against the Denver Nuggets, and then a 3-2 lead for the 76ers against the Celtics in the second round of the 2023 playoffs. Nate McMillan went 141-96 in three years working with Kevin Pritchard. The Pacers lost in the first round of all three postseasons, but expectations were never higher than that given the rosters McMillan had to work with. Jason Kidd and Nico Harrison were technically hired on the same day, with owner Mark Cuban spearheading both searches. Their partnership was successful for a time, with Dallas even reaching the 2024 NBA Finals. And then, well, we know what happened. Harrison traded Luka Dončić midway through his fourth season on the job and was fired early in his fifth. The extent of Kidd's involvement in the trade is still disputed to this day, but neither looks great for the duo. Either the head coach and general manager were so unaligned that the general manager could make one of the worst trades in NBA history without feeling the need to consult his head coach or the two of them together conspired to make that historically awful deal. Either way, with hindsight, this partnership doesn't look great. The theoretical gold standard here would be Calvin Booth and Michael Malone. The two won a championship together in their very first season together. Their working relationship grew so toxic that within two years, both were fired. Even after winning a title, this dynamic very nearly broke the Nuggets organization. So with a decade of history now examined, the picture looks a lot clearer.  &gt; What can we take away from all of this? Is it possible to win when your general manager didn't get to hire his own coach? Yes. There are examples of winning teams getting built that way. Malone's Nuggets, Kidd's Mavericks and those Rivers teams are the best examples of that. But when a team is hiring a front office, they may envision the success that those teams had, but not the dysfunction and disappointment that came with it. When an owner hires a lead basketball executive, he usually does so hoping for organizational harmony, that he can have trustworthy leadership in place for the long haul.  Source:  https://www.cbssports.com/nba/news/bulls-next-gm-billy-donovan-coach/"
2026-04-08 21:58:34,Clippers only need to beat Portland to take 8th seed. Wins over OKC or Warriors doesn’t change the outcome.
2026-04-08 22:51:46,"Theory: Jared McCain will keep OKC's shooting from falling off the cliff again this postseason Full article on McCain's performance and impact on the team [here](https://www.dailythunder.com/jared-mccain-is-nails/), but the gist is: three pointers have been over-distributed to peak shooting seasons from the stars + role players who ended up not playing much in the postseason. McCain may or may not have a big role in the playoffs, but it's likely that one of him, Isaiah Joe, J-Will, and Wiggins will have real minutes in any given matchup. And OKC now relies less on three point shooting to begin with, so negative variance should be less damaging."
2026-04-08 23:23:16,"If JoeCain can make us just a decent three point shooting team for this playoff run, we gonna repeat"
2026-04-09 00:36:17,Garland is out hammer okc to cover
2026-04-09 02:30:19,Who would you root for to win the finals if not the Thunder? Of course this hypothetical isn't if we were to lose cuz we aren't losing to anybody (TTFU) but if the team plane was to get struck by lightning or something.
2026-04-09 02:33:18,Not gonna lie Cs winning with Tatum winning ecfmvp and fmvp would be an insane story. They’re the pacers of last year in terms of story
2026-04-09 02:34:50,My mom is a Celtics fan. She cheers for OKC when we don’t play each other so fair is fair.
2026-04-09 02:37:36,"On the one hand, I want to say the Spurs because before we had the Thunder, they were my favorite team (and I adored Tim Duncan). On the other hand, my wife is from Denver, so I should root for the nuggets. I’m yet another hand, I’m loyal to my Thunder. So if they lost, I simply wouldn’t root for another team."
2026-04-09 02:43:00,I genuinely don't understand how the Thunder aren't - money to win the title. Jalen Williams has barely played and they still are far and away the best team.
2026-04-09 02:45:15,"For me this is easy, the raptors, i was a fan of the raptors before okc even got a team"
2026-04-09 02:51:45,Most likely the East team. But we’re using the term “root for” very loosely here. More like prefer to win
2026-04-09 02:57:05,The kings. Would love to see my goat get a ring
2026-04-09 04:26:02,"OKC Victory Shot #64 of the '25-'26 Season! 🌩💙⛵️💙🌩 #1 SEED IN THE WEST BAY-BAY!!! 🍻 3 Years in a row!!!!!!!! 💯 HOME COURT SECURED, AND ONTO THE PLAYOFFS BABY!!!   🌩💯🍻🏆🍻💯🌩"
2026-04-09 04:26:47,LET FUCKING GOOOOOOO!!! 🍻  ![gif](giphy|vhQbK8sz8KVPi|downsized)  THUNDER THE FUCK UP!!! 🌩🏆🌩
2026-04-09 04:27:25,Should be 2 for securing the #1 seed.
2026-04-09 04:28:01,"Post Game Thread - NBA: The Thunder defeat the Clippers on Apr 8, 2026, the final score is 110-128. This post contains content not supported on old Reddit. [Click here to view the full post](https://sh.reddit.com/r/Thunder/comments/1sgfkkj)"
2026-04-09 04:28:32,One of the most complete games of Chet’s career thus far. He was incredible.
2026-04-09 04:28:33,"1 SEED MOTHERFUCKERS  CURRENTLY UPLOADED HIGHLIGHTS:  [Kawhi Leonard wants smoke but the MVP is too nimble and skilled for him as Shai drives and lays it in!](https://www.reddit.com/r/Thunder/comments/1sge34l/kawhi_leonard_wants_smoke_but_the_mvp_is_too/)  [And just like that OKC is up 25PTS off a sick dish from SGA to Chet, who rises and throws down the hammer! The bench loves it!](https://www.reddit.com/r/Thunder/comments/1sgdwl6/and_just_like_that_okc_is_up_25pts_off_a_sick/)  [Chet Holmgren blocks Derrick Jones Jr on one end and nails a three on the other! He’s the Thunder’s leading scorer tonight with 20PTS!](https://www.reddit.com/r/Thunder/comments/1sgdurh/chet_holmgren_blocks_derrick_jones_jr_on_one_end/)  [SGA WITH A NASTY BEHIND THE BACK DIME TO CHET FOR THREE!](https://www.reddit.com/r/Thunder/comments/1sgdpv1/sga_with_a_nasty_behind_the_back_dime_to_chet_for/)  [Kobe Sanders airballs badly and Isaiah Joe is as smooth as butter on the other end with an effortless corner 3!](https://www.reddit.com/r/Thunder/comments/1sgdm92/kobe_sanders_airballs_badly_and_isaiah_joe_is_as/)  [J Dub can’t get it to go, but luckily it’s tapped by Caruso back to Isaiah Joe. He swings it to Ajay Mitchell who penetrates through multiple defenders for a tough layup with 1.8 on the shot clock!](https://www.reddit.com/r/Thunder/comments/1sgdiuv/j_dub_cant_get_it_to_go_but_luckily_its_tapped_by/)  [THE LOB! THE JAM! (with replays)](https://www.reddit.com/r/Thunder/comments/1sgd4op/the_lob_the_jam_with_replays/)  [INSANE BEHIND THE BACK PASS FROM HART TO J DUB ON THE BACK DOOR CUT!!!!](https://www.reddit.com/r/Thunder/comments/1sgelrt/insane_behind_the_back_pass_from_hart_to_j_dub_on/)  [SGA and J Dub play some pong before Shai tries a jumper and nails it!](https://www.reddit.com/r/Thunder/comments/1sgej77/sga_and_j_dub_play_some_pong_before_shai_tries_a/)  [Shai gets his 20 piece for the night off a wide open three!](https://www.reddit.com/r/Thunder/comments/1sgeuzs/shai_gets_his_20_piece_for_the_night_off_a_wide/)  [Dub misses the layup but Hartenstein refuses to come up empty and yanks the rebound before stuffing it in the rack!](https://www.reddit.com/r/Thunder/comments/1sgfd67/dub_misses_the_layup_but_hartenstein_refuses_to/)  [Isaiah Joe deflects a pass from Benedict Mathurin, and Chet comes away with it. Joe then drills a triple on the other end off the assist from Chet!](https://www.reddit.com/r/Thunder/comments/1sgf8qz/isaiah_joe_deflects_a_pass_from_benedict_mathurin/)  [J Mac with the fadeaway elbow jumper assisted by Aaron Wiggins!](https://www.reddit.com/r/Thunder/comments/1sgfjl3/j_mac_with_the_fadeaway_elbow_jumper_assisted_by/)"
2026-04-09 04:28:47,I want to thank the Clippers for giving us the B2B MVP Shai and us the 1 seed this year.
2026-04-09 04:28:52,311 consecutive days at #1 is insane considering the early parts of the season are so up and down.  Love this team.
2026-04-09 04:29:00,# PLAYOFFS HERE WE COME WE THE MOTHA FUCKIN CHAMPS  ![gif](giphy|j55broi0jFeYbhDY0f|downsized)
2026-04-09 04:29:57,Welcome to the 1 seed upvote party!
2026-04-09 04:30:29,Wasn’t always pretty but encouraging performance from Chet and Zai once more! Will not take these seasons as the #1 seed for granted.   2 more to go till the offs!
2026-04-09 04:30:54,I have really nice tickets to watch Barnhizer and Carlson in Denver on Friday… AMA
2026-04-09 04:30:58,"The Thunder have become the 7th wire to wire 1 seed in post-merger NBA history A wire-to-wire 1 seed is a team that has held (or tied) the best record  in the conference every day of the season.  The previous 6 teams to do this were the    '97 Bulls   '01 Sixers   '06 Pistons    '08 Celtics   '09 Lakers   '16 Warriors  It is a silly, flukey record that essentially requires you start your season with a decent win streak. But, 5 of the previous six times this happened the team went to the Finals, and 3 won the championship.   Interestingly (?) 4 times the season following a wire to wire 1 seed the team lost their opening game.  The Thunder locking in the first seed also means they will inevitably break the '96-'97 Bulls modern record of consecutive days in 1st place (311 in season days). The '25 Thunder took a share of 1st on Nov 23, 2024 and will be in first for 314 consecutive days."
2026-04-09 04:31:22,Has that gash on Chet’s right shoulder been there awhile? Or is that fresh from tonight?
2026-04-09 04:31:50,We’ve been the one seed for 311 straight days going into last season.
2026-04-09 04:32:13,3 consecutive seasons as the 1 seed
2026-04-09 04:32:28,Rest the starters + AC + AJ for the Denver game Make sure we’re fully in the playoffs. Send Nuggies to the 3. Let them and the Spurs battle 7 games before facing a full-health thunder that just swept the Houston bums.
2026-04-09 04:32:56,"Also requires you to be the first team in your conference to get a win, which usually requires you to be the defending champion since they play on the first night of the season"
2026-04-09 04:32:59,The scariest thing is that last year was probably one of their weaker versions as a playoff team and they won  Even SGA talked about how he felt their level of play dropped off drastically in the playoffs compared to the regular season the fact that they won it all with close to their floor level is terrifying
2026-04-09 04:33:04,When was OKC not the 1 seed last year… was it like an early season thing when Chet broke his hip?
2026-04-09 04:33:38,sit Shai so we can flex his season stats plz
2026-04-09 04:34:02,"Guys. We are the reigning NBA champions. We got opponent teams’ best shot most nights. We were one of the most banged up teams in the league… and we just secured the best record. We should really take a moment to realize how blessed we are as a fanbase.   Anywho, looking forward to some Topic/McCain/Barny/Sandfort/Carlson lineups these next couple of contests lol"
2026-04-09 04:35:12,no need to stress about thunder basketball for the next 10 days 🙏🏼 love yall boys stay blessed
2026-04-09 04:35:16,"Full rest for the Denver game, it being the 3rd game in 4 nights on the road, but I don’t think it’s the worst idea for them to play 15ish minutes vs the Suns. A week and a half off before the playoffs feels long. Shai was definitely rusty vs Memphis last year."
2026-04-09 04:36:01,"We almost were the 1st seed of the whole league the full year too, detroit took the 1st seed for a couple weeks"
2026-04-09 04:37:27,I’d do starting lineup  Topic McCain Wiggins Kenrich Carlson  With  Barnhizer Sanfort  Getting minutes  Let the league fine us with all the tanking going on.
2026-04-09 04:38:08,Reigning champions ✅  Back to back MVP leading the team ✅  Back to back *to back* 1 seed ✅  **TTFU**
2026-04-09 04:49:09,Pretty sure OKC Blue is playing the next 2 games
2026-04-09 04:59:51,I learned from the Portland series a few years back that wishing for certain matchups can bring bad juju. Let the chips fall where they may. I have faith in this team against any team in the nba. Thunder up
2026-04-09 05:23:10,"Idk who pissed Chet off he had a motor tonight, keep doing that"
2026-04-09 05:42:48,"Difficulty tiers of playoff matchups - Western Conference Assuming today’s roster with forecasted injury lengths/designations, I created an assessment of playoff matchup difficulties for the Thunder into different tiers:   # Should sweep:   **1)** LA Lakers  Reasons to believe:   \- our strength is in our perimeter defenders and causing turnovers. We’ve seen all season that Reaves and Luka struggle against the defenders that we throw at them   \- their paint defense is atrocious with no true rim protector and we are 4th in the league in drives per game   Biggest concerns:   \- they lead the league in FTs. My concern with this is that it throws any of our offensive rhythm up and we’re a team that scores in bunches, quickly.   \- healthy Luka is always scary, but unlikely he will be healthy especially with a hammy   2) Phoenix Suns   Reasons to believe:   \- they don’t really have offensive creation outside of Booker and Booker never really plays well against us… they’re also bottom 5-6 in both FG% and TS%   \- they don’t get to the line. They’re near bottom in FTA rate or FTA per game. Not only do they shoot poorly, but they can’t make up for that with aggression to get easy points at the line   Biggest concerns:   \- they’re defensively scrappy… they’re tied with us in steals per game   \- they’re a top 7 team in offensive rebounding and 2nd chance points, and we can’t clean up the boards too well  3) Golden State Warriors  Reasons to believe:   \- no secondary creator outside of Steph, allowing us to try to get the ball out of Steph’s hand as much as possible   \- who’s their Shai stopper? GPII is okay but he’s too offensively limited   Biggest concerns:   \- Steph can always go nuclear   \- teams that can overcome the turnover/extra possession differential that’s part and parcel of our strategy are the ones that can simply outshoot us from 3. If we exhibit any playoff shooting slumps like last year and they catch fire, it may make it uncomfortable   # Gentleman’s sweep:  1) LA Clippers:   Reasons to believe:   \- especially with Niederhauser out, i think Lopez can be targeted especially on switches. Usually Lopez drops on P&amp;R coverage and that should allow Shai, Ajay, and Dub to feast in the midrange   \- outside of Kawhi, they don’t have a secondary offensive option. The closest person is Garland or Mathurin… if we stick Dort on Kawhi like we did today, I don’t see those guys going nuclear for a game against Dub, Caruso, or Cason on them   Biggest concerns:   \- they’re the 3rd highest TS% team in the league; and have 7th highest 3PT%. We saw today that their role players like Lopez, Miller, Sanders can all cash out from outside   \- clippers have been one of the hottest 2nd half of the season teams. Playoff Kawhi is a nightmare. They have steady dudes to throw at Shai e.g., Dunn, Derek Jones Jr, Kawhi  2) Portland Trailblazers   Reasons to believe:   \- from +/- perspective, Portland is one of the worst clutch teams. Thunder is one of the best. I don’t know who can be a reliable scorer for them in the clutch outside of Deni. Deni started the season hot but he’s slowed down since then.   \- they lead the league in turnovers. We’re awesome at forcing them   Biggest concerns:   \- they’re have an overall good defensive infrastructure with rim protection with Clingan and wing / POA defenders like Camara and Jrue  \- they have lineup versatility and depth   # Could be gentleman’s sweep, could go six games   1) Houston Rockets   Reason to believe:   \- they have zero offense outside of KD. They also have one of the worst net rating in the clutch. I don’t think they’ll be able to shoot us out the gym.. they’re bottom 5 in 3PM per game   \- they don’t have a true point guard… our perimeter defenders should feast on causing havoc to bringing up the ball   2) Biggest concerns:   \- Houston seems to always wake up to play against us… they have the athleticism and young energy to match our play   \- they’re one of the best offensive rebounding teams and that’s one of our kryptonite. They’re 3rd in the league in 2nd chance points   Minnesota Timberwolves (although in same tier I’m more afraid of wolves than rockets to be clear)   Reason to believe:   \- it wasn’t even close in WCF last year and wolves pretty much brought back the full team   \- they suck in the 4th quarter and the clutch   Biggest concerns:   \- they have playoff experience through a fairly same roster over the years   \- every game against the wolves this year have been decided by \~10 pts or less  # Can go six, can go seven games  1) Denver Nuggets   Reason to believe:   \- we’ve had their number all year  \- they don’t seem to have a Shai stopper. Shai has had Braun’s number   Biggest concerns:   \- we know jokic will go off. Aaron Gordon seems to be a mismatch nightmare for us… we have yet to see what a developed Payton Watson will do. Is he going to take the Shai assessment, and I believe he’d be a better matchup against Shai than Braun   \- nuggets are catching fire to head into the playoffs with their whole roster healthy… they’re currently on a 10 game win streak   # 7 game series   1) San Antonio Spurs   Okay, they’re 4-1 against us… that matters but I also don’t put that much stock into it. What I’m concerned is that they have the guard play to cancel out our defensive trio of Dort, Caruso, Cason. In the times we played against them, they didn’t turn the ball over much. Given how off our shooting can be, the only way to beat Wemby and that spurs defense is to stretch them out and I have concerns about doing that with how our guys can sometimes go into slumps. Lastly, I’m curious how Carter Bryant enters the equation into potentially another guy to throw at Shai. Lastly, any of their guys can go off… we had Fox beat us, castle beat us, etc. their offense isn’t that predictable for us to cut off certain options   That said, if we keep it close, given their inexperience, I don’t know how well they’ll play in the clutch and big moments. Playoffs are more physically demanding and we’ve seen how wemby can’t deal with that.   I do have spurs above the nuggets… i just feel like the way we can lose is if we don’t let our defense create offense and the spurs don’t allow for much of that to happen whereas the nuggets do…even jokic seems more turnover prone this year than last.   Anyways just my late night Wednesday thoughts… let me know how you guys are thinking about it outside of the “we’re not afraid of no one” comments"
2026-04-09 07:02:39,"the suns are also sneaky scary    we blew them out of the water twice yes, but they also beat us once and almost beat us once   Like we win in 5 I'd say but they are so pesky and sneaky scary"
2026-04-09 10:12:16,I think Rockets would lose in 5 against us. OKC is a worst case scenario matchup for them because KD handles double teams so poorly and that’s all he would see vs us.   Rockets have only been winning recently because of moving Reed Sheppard into the starting lineup. He would get hunted relentlessly in a playoff series vs us.   No Adams and Fred are also such massive losses. The only reason that tip off game was close was because OKC didn’t have Dub or Joe.
2026-04-09 14:47:39,I like the assessment. Gives me a good feel for the other teams. Obviously anything can happen in the playoffs but if tournament ends up where we face the winner of a nuggets/spurs series in WCF then I’d like to take Nuggets. I feel like Nuggets is a better matchup than Spurs. Wemby is honestly scary to me.
2026-04-09 17:25:13,"Look, I am a huge Thunder fan, but you have to keep it real.   People who are dismissive of the Spurs have their head buried in the sand.  They almost swept us this season.  They are not a playoff seasoned team, but neither were we last season.  Wemby increases their margin for error and that team has depth and talent and can shoot on the perimeter.   Wemby has go-go-gadget arms and refs seem to treat him as if he’s prime Curry or Prime Jordan.   Free throw disparity in a game like this might matter.  Spurs don’t have holes like many teams do So you don’t tend to get runs on them like when other teams put a shit lineup on the floor.   You have to beat them over a full game.   Thunder are streaky shooters and Mark can go brain dead with some of his lineups and forcing Dort minutes when he’s not playing well.   You can’t make unforced errors against the Spurs.  They make you pay.  I still like OKC in a 7 game series, but if the Thunder don’t really show up and play against the Spurs the Thunder will be making an exit from the playoffs that series."
2026-04-09 17:44:51,"JJ Redick just called out his entire team and specifically named Rui, Ayton, and Vanderbilt through the media despite criticizing Doc Rivers in 2024 for the same thing ""The trend is always making excuses,"" Redick said at the time. ""Doc, we get it, taking over a team in the middle of a season is hard ... but it's always an excuse. It's always throwing your team under the bus ... there's never accountability with that guy.""  https://www.espn.com/nba/story/\_/id/41727315/fine  He just called out the entire team after the belt to ass by the Thunder team saying he’s looking for 9 guys who are going to play hard with only 3 games left in the season.  He also went to call out Rui Hachimura for “not doing his job” two mins into a game and blamed Ayton for not being able to catch the ball.    It’s actually crazy how people give him a pass for saying and doing stupid shit such as playing the starters an entire second half of a playoff game, telling the media that practice is going to be real uncomfortable after a loss, fighting with Luka during a game and the list goes on.  This guy has never won at the highest level (NBA or college) and has no where near the coaching pedigree of someone like Phil Jackson (or even Doc rivers for that matter) yet loves to play the media game with his players.  Lakers roster is shorthanded and there’s barely any time left in the season yet this man is doing everything he can to tank the locker room vibes."
2026-04-09 17:47:05,"I think Redick is a pretty decent coach, but this is how to lose the locker room 101.  He's too impulsive and irritable.  It was unfair to kill his role guys against the Thunder of all people.  They got their asses creamed at full strength, and I didn't see any of this energy directed towards Luka, LeBron, or Austin.  The fuck were Rui and Vanderbilt expected to do against OKC?"
2026-04-09 17:49:08,he’s right though  ayton has been terrible at catching/holding onto the ball his entire career   vando has been unplayable since that lakers WCF run   what is rui even good at   the lakers roster has been garbage his entire tenure and he’s over performed in the regular season with them. no coach can succeed with this team as is
2026-04-09 17:51:13,"I don't see the comparison, calling out your guys when you play terribly in a regular season game is not the same as blaming your constant playoff struggles on them like Doc. JJ didn't even blame the loss on them, just pointed out their mistakes"
2026-04-09 18:04:28,"Do people still hate him for his Duke days or just bc he’s the Laker coach now? He’s a 2nd year coach with no experience before that. He’s going to make mistakes, we saw that in the playoffs last year although we were not winning that series even if coached by Pop or Phil Jackson. And ofc he likes playing the media game, he was a part of the media lmao. Honestly I feel like he’s given up for the year with Luka and AR out. And everything he said about the players was absolutely true if you watched the game."
2026-04-09 18:07:20,"The difference is that You can clearly tell that JJ knows what he’s doing vs Doc Rivers who doesn’t. JJ was seething on the bench and he takes accountability for when they lose as well. If you watched his after games conferences you’d see that. He got on Luka about his defense and look at how he improved in the month of march.  Compared to Doc Rivers who said “look at my resume” after getting wiped off the face of the Earth. Anyone could’ve taken that Celtics 2008 team to the finals. 4 HOFs on one squad, how could you not?"
2026-04-10 01:26:30,"Am I crazy or does the even odds 1-10, flattened odds 11-18 idea proposed to the league fix tanking and is a great idea? This was one of the recent proposals Shams said had the most momentum at the Board of Governors meetings.  Bottom 10 would have even odds, play-in teams including the winners would have descending rates but still in the lottery, and every single pick is drawn not just the top 4 like they did in the past.  Seems like this mostly got skewered on r/nba with the top comment talking about rewarding teams that don't know how to tank.  To me that kinda defines the problem.  Am I wrong or is this a great idea and people are ignoring all the positives and just looking short-term and at the unlikely worst case scenarios (that still aren't that bad)..  First, the obvious, tanking is basically dead.  There is very little reason to want to aggressively lose.  We don't know the exact numbers but if the 11-18 is staggered odds there isn't some specific drop off point where bullshit would occur.  The only one would be if a team has the balls to drop from 6-7 but that seems unlikely and at least would only be a couple teams at the end of the year instead of 1/3 of the league for 1/3 of the year.  And now long-term the team's logical action will be to improve instead of the bullshit we have now.  This seems like the main argument against it, ""I guess the bad teams will be bad forever now"".  Yes, in a way it will be harder to get out of the bottom but that's often a product of our current system that will change over time.  Right now you want to stay at the absolute bottom until you get a difference maker.  Once that changes and you can try to improve without getting punished the bottom will rise up.  People are acting like these teams are getting stripped of their draft picks.  They aren't and they'll be fine and now they'll want to hang onto and add good players instead of trading them when they win too many games and don't fit with the rebuild arc.  The other big argument is too good of a team getting a great player.  I guess we occasionally get a really strong 7 seed but they'd probably have something like a 2% chance at the top pick.  And is this that bad most of the time?  Most of these teams are kinda stuck and it's better that they have a chance to go up a level instead of being in an actual spot where they can't really add anyone good to where they should just trade everyone and suck for 5+ years.  And this century drafting a top 3 pick has mattered less than we'd think as far as championships.  Went through it and here's basically the list.  2025 Thunder drafted Chet Holmgren #2.  2020 Lakers traded #2 picks Lonzo Ball and Brandon Ingram for Anthony Davis  2016 Cavaliers drafted #1 Kyrie Irving and traded #1 Anthony Bennett and Andrew Wiggins for Kevin Love  2014, 2007, 2005, 2003 Tim Duncan #1  2004 Darko Milicic #2  2003 David Robinson #1  Maybe I missed one but those are the only guys actually drafted by the team and Bennett and Darko obviously don't matter.  Tatum and Brown were both Brooklyn/Brooklyn-Philly picks so that's not what we're talking about.  I just don't get the negativity around this, it seems like it's all jumping to the very unlikely worst case scenarios and not logically looking long-term.  Just think about just about any team and what they should do in this system vs what they would do in the current system and tell me which is a better league."
2026-04-10 04:51:35,"OKC Thunder are the SCARIEST TEAM EVER ⚡️ 2026 Highlights My favorite highlight is the Isaiah Joe lay @ 15:05 , the whole bench had the greatest reactions, most of them looked genuinely amazed.   CAUTION: This video will get you psyched for playoffs  Credit to GD’s Highlights on YouTube"
2026-04-10 05:53:28,Thunder are resting 10 players on Friday.
2026-04-10 12:53:25,Who is the bigger threat to OKC? A fully healthy Nuggets or the Spurs in the playoffs? Who is the bigger threat to OKC? A healthy Nuggets or the Spurs in the playoffs?  [View Poll](https://www.reddit.com/poll/1shlpa2)
2026-04-10 12:58:04,"Nuggets, I don’t trust a team that’s never been in the playoffs before"
2026-04-10 13:16:45,"I lean towards nuggets, but it’s not like massively different. Nuggets have more people I feel like will score regardless of the coverage. Spurs move the ball well and get open shots that they hit when they played OKC in the regular season. Are they hitting those when space is smaller in the playoffs and buttholes are tight? I also think there were lack of players, rest, and other factors like Wemby coming off the bench in those match ups that impacted those outcomes. Spurs have to be given the highest level of opponent respect, but I still feel like nuggets just have the guys who have been there."
2026-04-10 13:32:29,"If our shot is falling, we are smoking both teams. So really the question is who would be harder to beat if we are shooting poorly. With that in mind, it’s the Spurs and it’s not close. They have great fast and physical perimeter defenders and Wemby behind them all to take away the rim. Denver can be annoying with their zone, but they don’t have anything close to the one-on-one defenders and rim protection the Spurs do."
2026-04-10 13:40:33,"Spurs.   More unknowns with SA. Should we face off in the WCF, they are going to come in supremely confident, and I’m not sure if their inexperience will matter at that point. Can Wemby hold up playing 38 minutes every game? If he can, that’s absolutely terrifying. But maybe he wears down a bit with that workload over the course of a long post season run. Their offense is (unfortunately) damn near a perfect counter to our defense. The whole series might come down to corner threes. I expect Mark to have a few things up his sleeve though. He will have had 5 months to come up with some counters should we match up.   I know what I’m getting with the Nuggets. Yes, we never had a real 1:1 matchup with them this year (plenty of injuries on both sides), but in general I really like how we played them. Not saying it would be an easy series, but it’s one we should win. Jokic is going to get his counting stats, but we have several good defenders with different styles to throw at him to make it difficult. Gordon will knock down big shots and play great defense. Murray will go through hot and cold shooting streaks. Shai will cook whoever they throw at him, and we will feast in the paint going against Joker or JV. After being super impressed with Adelman after our series last year, he has been completely unremarkable this regular season, and I’m no longer convinced he is anything but an average (at best) coach."
2026-04-10 14:11:54,"Nobody has scored 40 points against the Thunder in the regular season since December 23, 2023. OKC has gone 217 straight games without a player scoring 40 against them. The last time a player scored 40 against the Thunder in the regular season was December 23, 2023 when LeBron James scored exactly 40 points against them in a game that the Lakers won.  Jokic did score 40+ twice in the second round of the playoffs last year.  Kenneth Lofton Jr. is (somehow) one of the 5 most recent players to do this and he isn’t even in the league anymore.  Just historic defense by OKC  [https://www.statmuse.com/nba/ask/last-player-to-score-40-points-in-a-game-against-the-thunder-in-the-regular-season](https://www.statmuse.com/nba/ask/last-player-to-score-40-points-in-a-game-against-the-thunder-in-the-regular-season)"
2026-04-10 14:27:29,Sharing today’s selections      Cleveland Cavaliers @ Atlanta Hawks | Atlanta Hawks -8.0 (-105)   Oklahoma City Thunder @ Denver Nuggets | Denver Nuggets -11.5 (-110)   Memphis Grizzlies @ Utah Jazz | Under 248 (-105)  Good luck with whatever you choose
2026-04-10 14:34:44,If someone starts cooking Dort they switch Wallace on him.  When he gets tired they switch Caruso on him.  Then you have Jdub available.  A mixture of this works really well.
2026-04-10 14:54:33,"In the LeBron game, the Lakers shot 16-32 from three, SGA scored 34 but was 1-5 from three (OKC 13-41/32% from 3) was +1 in ftas head to head, lakers were +4 ftas, and OKC lost by 9.  In the Jokic playoff games, he scored 42 in the game 1 win with 13 ftas to Shai;s 33 pts and 9 ftas (Nuggets +5 ftas in a 2 pt win), and in the game 5 loss 44 pts with 5 ftas tp Shai's 34 with 6 ftas, with OKC being +10 in a 7 pt game.  Just examples of how foul calls impact which team wins."
2026-04-10 15:02:40,Mark Daigneault is a defensive genius who knows how to make it hard for your best player to get his
2026-04-10 15:06:06,2026 Spurs is 2024 OKC or 2025 Cavs. Move past the semis first before u earn your stripes
2026-04-10 15:57:35,The biggest threat is having to play both of these teams. It's so crucial that that the Nuggets get the 3rd seed. I feel much better about our chances if we only have to play one. Not only that but the possibility of playing 2 long hard series increases the chances of injuries.                                                                                          Not only that but the winner of SA and Denver would likely be coming off a long hard series while we would likely be well rested. So out path would just be so much easier in every way
2026-04-10 17:06:15,"I hope caruso and dort’s whistle is a little worse this postseason, then Jokic wouldnt have to score 40 off the double team"
2026-04-10 19:34:54,"**Event: NBA, Cleveland at Atlanta, 7:00 PM EST / Minnesota at Houston, 9:30 PM EST**    **Play: Rockets ML + Hawks ML Parlay (-160, Kalshi), 2u**  We don't usually play parlays for the pick of the day, and we typically shy away from this much juice, but we feel like the value is there with this play.    The Hawks get Cleveland at home tonight, and the Cavs are resting Donovan Mitchell, Jarrett Allen, and a couple other players. Cleveland is all but locked into the 4 seed and has little incentive to push tonight. Home court in the first round is secured, and they’re better off not moving up from the fourth seed to the third. Atlanta, on the other hand, is sitting in 6th and could drop further with a loss, so this game actually matters for them. The Hawks are essentially fully healthy (only Jock Landale is out), and they're getting a gutted Cavs roster that's clearly in rest mode ahead of the playoffs. This is a game Atlanta should control from start to finish.   Houston hosts Minnesota at home, and the Rockets own a +401 scoring differential on the season while allowing just 109.8 PPG, 4th in the NBA. Anthony Edwards is questionable tonight after missing 10 of the last 12 games with a knee issue, and even if he plays, he hasn't looked like himself as of late. Gobert is sitting out for rest, and Randle is questionable with a hand injury. Minnesota has already locked in the 6 seed and has been resting guys down the stretch, while Houston is still battling Denver and the Lakers for seeding in a tight 3-5 race and has every reason to come out with energy at home. The Rockets have won 8 straight and just beat Philly last night. Give us both home teams in dominant spots."
2026-04-10 19:37:56,"Poor Adam Silver... The Thunder will keep winning championship after championship and there's nothing he can do. ""While an NBA commissioner has broad authority to regulate the league, deliberate actions to dismantle a ""super team"" could potentially lead to FBI involvement if those actions were found to violate federal laws such as the [Sports Bribery Act](https://www.google.com/url?sa=i&amp;source=web&amp;rct=j&amp;url=https://digitalcommons.du.edu/cgi/viewcontent.cgi?article%3D1186%26context%3Dselj&amp;ved=2ahUKEwjIvKPuguSTAxXc1skDHRZ-CQ8Qy_kOegQIARAB&amp;opi=89978449&amp;cd&amp;psig=AOvVaw1UD2EVTRVVuGZMe7VBiZ0l&amp;ust=1775935885950000) or involve broader criminal conspiracies."""
2026-04-10 19:47:50,“…keep winning championship after championship…”  Let’s not get ahead of ourselves.
2026-04-10 21:19:20,"Hey, not our fault that Steve Ballmer's attempt to commit fraud backfired and sent us a two-time (so far) NBA MVP."
2026-04-10 22:42:21,"There are 9 games tonight with lines of -10 or greater.  Best advice, take the dog to cover these in all 9 games you will win 75% of them.  Heat have absolutely no fucking shot at covering idiotic -16.5 line with no Herro, Powell or Mitchell. How are they going to score enoigh points to cover this? Bam will need to go for 100.   Philly a 15.5 point favorite with no Embiid? Pure fucking lunacy. With Embiid this team struggled to beat the Pacers.  Magic 15.5 point favorite? Umm this is the worst covering team in the NBA and the Bulls have owned this dogshit team all year.  Boston a 17.5 point favorite with no Tatum, really??? Sure man.   These lines today are all pure lunacy. Take the dogs to cover in every single game and you will be rich by the end of the night."
2026-04-11 01:05:53,"Denver is more likely to win the finals IMO, Spurs were sent from space to stop us"
2026-04-11 02:28:28,"OKC is 6.8x more likely to lose in a B2B or 3rd game in 5 night scenario Was interested to see what conditions OKC lost most of their games in and found with the exception of one game, the Spurs on Dec 13 the following was true.  Scenario 1: second night of a back-to-back  Scenario 2: the third game in a span where the first and third games are within 5 calendar days inclusive  In those bucket games: about 15 losses in 55 games = 27.3% loss rate  Outside those buckets: about 1 loss in 25 games = 4.0% loss rate  **Takeaway:** OKC was 6.8x more likely to lose when the game occurred on a back to back or third game in five night scenario.   With home court for the playoffs and staggered schedule the Spurs and OKC clearly stood out as heavily advantaged with favorable schedules and rest versus other top contenders.   Approximate values for the same ruleset:  Thunder  \~27%  \~4%  \~6.8×  Spurs  \~28%  \~6%  \~4–5×  Pistons  \~30%  \~18%  \~1.7×  Nuggets  \~34%  \~27%  \~1.3×  Celtics  \~31%  \~27%  \~1.2×  first real post and on a phone sorry for bad formatting."
2026-04-11 02:32:37,Hey you can't post real interesting stats here this is an SGA hate sub
2026-04-11 02:55:13,"Expectations for Wemby this playoffs? While I do believe they’re championship contenders (I personally actually have them winning it all) the glaring factor or biggest weakness is lack of playoff experience.   Because of that, the Spurs feel like the ultimate wild card. Besides losing in the first round, I don’t think anyone would be shocked if they either lost in the second round, or won it all, based off the roster and personnel. If you’re best equipped to beat the Thunder, you can beat anyone in today’s league.  The more interesting question is what do you expect Wemby to be like in the playoffs? Plays below his regular season stats, around the same, or a playoff riser? Since this is his debut, even in the first round, I’m expecting a lot of “rookie” mistakes, which is why the first round may go a little longer than people anticipated, or a blown lead in the 4th once or twice."
2026-04-11 03:00:13,WCF at least
2026-04-11 03:00:29,"I believe that Wemby is absolutely a playoff riser. His performance in the '24 Olympics convinced me of that. The NBA Cup games solidified my belief. We'll see how increased minutes affect his performance, but I can absolutely see him averaging more than his regular season averages."
2026-04-11 03:01:12,"Can’t lose R1 or he will get deservedly shit on (but that won’t happen). Can lose R2 to Denver as long as he performs well individually.   But quite possible they go all the way, honestly. They’re #2 in championship odds. This isn’t some dark horse.   His offense will be the interesting thing to see. Teams are going to hound him physically. Refs have allowed more physicality in playoffs the last few years so it could get annoying for him. I wouldn’t hold it against him if his efficiency declines for that reason. And if it doesn’t? Great sign"
2026-04-11 03:03:25,"I expect his efficiency to get a serious hit due to both the fact he is often unstable against good defense and he starts to chucking questionable shots and making stupid unnecessary dribbles; and increased minutes cause you just can't play 29 minutes in play-off. And finally, lack of experience. So I think he will have his moments, maybe even dominate one or two games, but overall Thunder or Nuggets will highlight his weaknesses."
2026-04-11 03:05:07,"Everyone offensively gets tagged down a peg in the playoffs even Jokic and SGA so he’s not gonna outperform his regular season. (I guess he could technically he could by averaging more minutes) But he has a high floor to play well in the playoffs there’s the obvious defense he provides and also his offense in transition and lobs alone is a very solid floor. Then if he is scoring in any way decently that’s probably gonna be an easy 20+ point game.   I also can’t wait for Wemby to learn an opponent throughout a series. Wemby has had awesome leaps within his seasons on how he’s learning the NBA game, I can’t wait to see his great potential in learning work."
2026-04-11 03:07:08,"I think he will be great in the playoffs and am really looking forward to seeing him play. If they lose early, I think it will be because his young supporting cast under performs against a veteran team."
2026-04-11 03:10:44,I have them being bounced in the 2nd round. The playoffs are a different breed of physicality and teams will play the Spurs to make other guys beat them.
2026-04-11 03:11:31,"Post Game Thread - NBA: The Nuggets defeat the Thunder on Apr 10, 2026, the final score is 127-107. This post contains content not supported on old Reddit. [Click here to view the full post](https://sh.reddit.com/r/Thunder/comments/1si7n3n)"
2026-04-11 03:12:11,Carlson legacy game
2026-04-11 03:13:07,"Jokic and Topic after the game were so cute, I could've sworn Jokic was asking him if he's coming over for dinner later"
2026-04-11 03:13:11,Now if the suns can just win it will be a perfect night never thought I’d be happy the thunder lost
2026-04-11 03:14:14,Our team is absolutely decimated by injuries. Terrible timing with the playoffs so soon. Pray for Cason Wallace's left great toe. Better luck next year.
2026-04-11 03:16:36,"The way this sub has been going on about him and the Spurs as champions already, I expect he'll defeat the Thunder as the MVP and dominate whoever makes it out of the East."
2026-04-11 03:18:52,"Carlson 37 minutes in a loss: 23pts, 12reb, 5 ass, 8/18 and 3/10 from deep = confused boner  TTFU"
2026-04-11 03:19:44,"Huge win for the team tonight. They got the job done. Now we only need 1 of 3 things to happen to eliminate the possibility of playing both the Spurs, and the Nuggets. A Lakers loss tonight against the Suns or a Denver win against the Spurs on Sunday or Lakers loss to Utah on Sunday. Hopefully the Suns end things tonight."
2026-04-11 03:37:04,I think he plays good but his other teammates with no playoff experience have 1 or 2 bad games that cause them to lose a series against Denver or okc
2026-04-11 03:50:49,The rockets are genuinely the most hatable team in the NBA. Can’t wait for them to get bounced 1st round
2026-04-11 04:05:21,Jealous of the team that gets the Rockets first round
2026-04-11 04:24:17,Injuries and playing hard on defense every game gets you in those scenarios. Lucky for okc there are no b2b in the postseason.
2026-04-11 05:13:24,It takes more than talent to win a championship…it also requires luck…so stop
2026-04-11 07:02:24,"As a Pistons fan I’m just happy how they keep playing lately. Even with the 1 seed locked, they’re not slowing down. Still looks sharp."
2026-04-11 07:22:41,"NBA Teams to have b2b 0.775% seasons OKC has officially become the 3rd team in history to have back to back 77.5% regular season win percentage following Jordan’s Bulls and Curry’s warriors. Historic achievement for Shai and the team but as a Thunder fan I was a little disappointed as the other two teams managed to break the 70 win mark while the Thunder’s best was 68 wins. It then prompted me to have a look at each team’s best three players and how many games they had missed and it was really interesting!   Games played   Bulls   Jordan - 82,82  Pippen - 77, 82  Rodman - 64,55  442/492 is 89.8%  Warriors   Curry - 80,79  Thompson - 77,80  Green - 79,81  476/492 is 96.7%  Thunder  Shai - 76, 68  Williams - 69, 33  Chet - 32, 69  347/492 is 70.5%  Safe to say that a season of fully healthy basketball from our big 3 is talented enough to hit that 74 win mark next season if we want to go for it.   One game left it’s time to lock in for the playoffs and prove we are a real dynasty ⚡️⚡️"
2026-04-11 08:07:35,"i've watched wemby more than you have (yes, i promise.) what no one is clocking yet is that he has another gear, one that occasionally comes out in short spurts against jokic or giannis, but we haven't seen for a full game. the dumb rookie stuff stops and it's like he's playing the whole floor.   y'all are in for a playoffs, lemme tell ya."
2026-04-11 14:22:28,Tgis is an all time team i dont care what anybody says... to get the 1st seed while being one of the most injured teams in the NBA this season should be scary for anyone
2026-04-11 14:38:55,"Thunder Have 83% Chance at Getting Lotto Pick By my rough math, the **Sixers have about a 40% chance** to miss the playoffs through the play-in, and the **Clippers about 72%**.  That gives OKC roughly:  * **29% chance at 2 lottery picks** * **54% chance at 1 lottery pick** * **17% chance at 0 lottery picks**  So basically: **83% chance OKC gets at least one lottery pick**, with a pretty real shot at getting both."
2026-04-11 15:50:57,"NBA Finals Success by Seed (1976–2026) I tried to use StatMuse to get this, since I was curious to see what the various seeds (from both conferences) achieved in the playoffs. So, for the last 50 years, I wanted to see specifically if those seeds had Finals appearances or Championships. Roughly 75% of titles go to the 1-seed. The 1995 Houston Rockets (6th seed) were the lowest seeded winner ever.  ### **NBA Finals Success by Seed (1976-2026)**  | Seed | Championships | Finals Appearances | Notable Examples | |:---|:---:|:---:|:---| | **1st** | **33** | **52** | 2025 Thunder, 2024 Celtics, 2023 Nuggets | | **2nd** | **8** | **23** | 2019 Raptors, 2012 Heat | | **3rd** | **8** | **14** | 2021 Bucks, 2022 Warriors | | **4th** | **0** | **5** | 2006 Mavericks (Lost), 2010 Celtics (Lost) | | **5th** | **0** | **2** | 2024 Mavericks (Lost), 2020 Heat (Lost) | | **6th** | **1** | **2** | 1995 Rockets (Won), 1981 Rockets (Lost) | | **7th** | **0** | **0** | *None* | | **8th** | **0** | **2** | 2023 Heat, 1999 Knicks |  ---  Edit: Thanks for calling out the inconsistencies from the previous data. I went back and checked and some numbers were way off."
2026-04-11 15:57:54,How did you count 51 wins in 50 finals?
2026-04-11 16:06:34,"I don’t want the Sixers pick in the lottery. That’s the only way OKC can lose it. It either falls where it lands or moves up into the protection and is lost. So you’re talking a difference between like 14th (in the lottery with a chance to get protected if it moves into top 4) or 15-16-17 and safe. If Presti finds someone he loves he can pair the picks together to move up a couple spots or kick it down the road. I just don’t see them drafting two players.  If Portland can beat the Kings, the Clippers will have to win 2 in a row in order for that pick to not be unprotected in the lottery with like a 7% chance of landing in the top 4."
2026-04-11 16:09:58,"Correct numbers since 76…  Championships by Seed: 1-33, 2-8, 3-7, 6-1  Finals Appearances by Seed: 1-52, 2-23, 3-13, 4-5, 5-2, 6-2, 8-2  EDIT: Sorry about the formatting"
2026-04-11 16:28:16,"That 4th seed and 6th seed were defending champions. Otherwise if you aren't a top 3 seed (or defending champion), you're just wasting your time.... according to NBA history.  But records were meant to be broken and eventually a low seed non-defending champs will break through.  The trend is kinda heading that way.  There was only 1 team lower than the 3rd seed (non defending champion) from the start to 90s make it to the finals.  2000s had 1 team.  2010s had 2 teams and already in the 2020s had 4 teams in just 5 years... with the Pacers pushing it to game 7.  It's gonna happen.  Just a matter of when."
2026-04-11 17:29:56,Bucks were a 7th seed leaguewide when they won the 2021 title - conference seeding is only half the storry.
2026-04-11 19:39:02,Courtside tickets to Game 1-2 of Thunder playoff games Interested and looking for courtside tickets to Game 1. Please let me know if u have or know someone
2026-04-11 19:57:19,Check the OKC Thunder Tickets for Sale group on Facebook. (Admins are Long Tran and Ricky Nguyen). It’s the best place to look!
2026-04-11 20:07:31,"Im going to assume you're aware, but in case you're not - courtside are never available on re sale sites. The thunder dont want opposing teams on the court. So it will have to be peer to peer"
2026-04-11 23:12:25,"I'm ready for the playoffs, I dont care vs who, lets go! The players don't say much but they are always listening, they hear and see it. If teams want to tank to play is so be it! Thunder up!"
2026-04-11 23:21:16,I can only dream of getting to go to a playoff game. Maybe I could make it up to Denver if I wanted to burn some money but I'd have to drive 7 hours and figure out my PTO situation. Afraid its not in the cards this year. At least I made it to the Bulls game in OKC over Thanksgiving.
2026-04-11 23:50:18,Dynasty incoming
2026-04-12 01:46:49,Windows around downtown OKC just got new paint today. Playoff decorations are going up.
2026-04-12 02:19:27,"NBA There never should have been a Golden State dynasty/ OKC OKC was the team that was primed to win several championships.  KD, Westbrook, Serge, Harden.  It's amazing that they're back again years later but what could have been"
2026-04-12 02:23:56,Golden state wasnt a dynasty
2026-04-12 02:30:41,"What no OKC fan seems able to admit was the Russ was the problem. He is amazing, all timer, but it would've been addition by subtraction if they replaced him with like, Rondo 15 years ago. Russ is too hardheaded and it takes an elite team to win championships. He was an elite player but his play style didn't elevate others"
2026-04-12 02:32:12,"If the Magic paid Shaq, the Lakers would have 3 fewer titles. Orlando may have been in the running, the Blazers and Kings probably grab a few. Or maybe it’s just even more of a Spurs dynasty."
2026-04-12 02:39:12,"Well, they should have stayed in Seattle too, so technically there should be zero OKC titles."
2026-04-12 05:12:19,"Maybe more than any other team, the Spurs consider the full career of a player when they determine minutes of a young player.     True, Wemby hasn’t proven himself to be durable yet, but he also hasn’t shown he can’t handle the rigours of a season plus playoffs yet. He may prove to be very capable."
2026-04-12 05:55:19,"Bucks +15.5 - 76ers laying this many points without Embiid unless it's to an absolute bottom feeder team (like Wizards, Nets, etc, not the Bucks) is way too much - they're legit a below average team without him  Suns +5.5 - OKC might legit have the worst ""backup roster"" in the league. When they say they're ""resting starters"" they mean literally playing their 3rd and 4th string guys and that's it. They'll have an 8 man rotation in this game that will become a 7 man rotation once Dort hits 20 minutes of gameplay (to become eligible for defensive honors). And Dort is the only guy in that rotation that's a decent player. As fraudulent as the Suns are and even with the missing players they have they can straight up win in this spot.  Nuggets +11.5 - I think there's close to zero chance Wemby, Castle, or Vassell play in this game - and once they're ruled out this spread will look way too big. They only played last game to make sure Wemby reached awards eligibility. Yeah if they win they can put the Nuggets on the other side of the bracket and maybe make their playoff run a little easier down the road. Other than that it's a meaningless game - all those key players are dealing with legit injuries and playing them jeopardizes winning the first playoff series which is all they're guaranteed. Nuggets bench is also significantly better than OKC bench see previous pick."
2026-04-12 12:52:11,"Back then they messed up by overpaying perkins+Ibaka and being cheap on Harden.  This time, they will only get one ring as they overpaid for Jdub and Chet - those two are good starters but aren't qualified as the top 2 and 3 of a dynasty ala Pippen/Rodman or Klay/Green."
2026-04-12 15:51:11,"Free to Read: What every NBA team is playing for on the last day of the regular season No playoff or Play-In matchup is set heading into the final day of the NBA regular season, and a bona fide MVP candidate will have to play at least 20 minutes in Game No. 82 to meet eligibility requirements for the award.  And after running headfirst into Rory McIlroy’s historic Masters victory on this day last year, with the last games of the season playing out at the same time as the golf tournament, the NBA’s season-capping Sunday won’t get started until 6 p.m. ET, which means you should be able to [watch the awarding of the green jacket](https://www.nytimes.com/athletic/golf/) and most of the games that matter.  In the East, the top four seeds are set and belong to the Detroit Pistons, Boston Celtics, New York Knicks and Cleveland Cavaliers, respectively. The remaining six postseason slots are not yet settled. In the West, the Oklahoma City Thunder and San Antonio Spurs are locked into the first and second seeds, while the Houston Rockets are guaranteed to be fifth, the Minnesota Timberwolves are sixth, the Phoenix Suns are seventh and the Golden State Warriors are 10th.  Additionally, three-time NBA MVP Nikola Jokić, who leads the league in rebounds and assists and is having arguably his best statistical season, has appeared in 64 games to date. League rules — which the players’ union wants to change — require most players [to appear in at least 65 games](https://www.nytimes.com/athletic/7175723/2026/04/07/nba-awards-eligibility-65-games-tracker/) to be eligible for awards like MVP. The Nuggets can finish third with a win over the Spurs or a Lakers loss to Utah on Sunday, and Jokić, their anchor, was held out of Friday’s game with “right wrist injury management.” Denver coach David Adelman said, “We’re gonna have that conversation” Saturday.  [Read more for free here. ](https://www.nytimes.com/athletic/7188461/2026/04/12/nba-last-day-regular-season-playoff-seeding/?unlocked_article_code=1.aVA.vPTm.3vHNL1INe422&amp;source=athletic_user_shared_gift_article_copylink&amp;smid=url-share-ta)"
2026-04-12 16:08:28,"[Townsend] Patrick Dumont offers rare interview, discusses Cuban tension and more Patrick Dumont offers rare interview, talks Cuban tension, Mavs' new arena, future with Flagg and more  **I am just grabbing some small snippits from the interview.**  **Please read the whole thing and support local journalism by reading it on the [Dallas Morning Newspaper site](https://www.dallasnews.com/sports/mavericks/article/patrick-dumont-interview-mark-cuban-cooper-flagg-22199628.php):**     -------- # In conversation with The Dallas Morning News, the Mavericks' governor touched on lots of the biggest stories surrounding the franchise.    “When expectations aren't met, we really have to take a critical look at everything we're doing,” he says. “We have to reflect and say, 'How do we get better?'  “I really believe this is an extremely important offseason for this franchise. We're going to work tirelessly to get things right. We have a lot of work to do.”   .......   “Monday morning, we're going to get active, and we're going to talk to a lot of people,” Dumont says. “And we're going to do our best to make sure that we find the best possible candidate to lead our basketball organization.    “Our goal is to have someone on board by the middle of May.”  “The good news is we're blessed to have a great young talent in Cooper Flagg,” he says. “That is really special. We're also blessed with some really great veteran leadership, like Kyrie [Irving].   “Having a generational talent like Cooper Flagg should give everyone confidence -- our fans, our team -- that we're going to get back to the playoffs and that we're going to try to compete for championships as soon as we can. We're really passionate about this.”  ------------  # Dumont’s search for team president   He says he believes Dallas, as a dynamic city and top-four media market, is a draw for candidates, as is the potential for building around 6-9 Flagg’s multidimensional talents. Then he described the intangibles he wants.  “They're going to set the tone for everything that we do from a basketball perspective,” he says. “We're looking for someone who can set the direction of our basketball team, put the right pieces in place to achieve our goals and set the right culture.  Earlier this month, Sports Illustrated reported that Dumont is aiming high. The website listed as candidates the likes of Thunder vice president Sam Presti, Celtics president Brad Stevens, Timberwolves vice president Tim Connelly and Cleveland president Koby Altman.  During the interview with Dumont, The News expresses doubt whether Presti and Stevens in particular would be available before adding the caveat: “But you did somehow hire [Naismith Hall of Famer] Rick Welts” as CEO.      To which Dumont laughs.  “I have to tell you, I can't talk to any of those people now because it would be tampering. That's against league rules. And I will never do that.   “So anything that you may have heard is just rumor and chatter. Because I actually can't talk to anyone until I get permission.   “So the way to think about it is we'll do the work. We'll figure out who's a great leader. Who can build a great culture. Who has a track record. Who knows how to work with young players and develop them, which is crucial, because if you look at our team right now, we're going to have a pool of great young talent, led by Cooper Flagg.  -------------  # Mark Cuban problem?  But when The News asks whether he and Cuban can effectively function as partners, Dumont takes the high road.    “Mark is really passionate about the Mavericks, and I think that's great,” Dumont says. “I think he's really, really frustrated about the year that the team has had. And I understand that frustration.  “I consider Mark a friend. And look, I always appreciate his thoughts. And I appreciate his frustration.   “But one thing I do want to say, in terms of ownership, I think we've been really clear: We're not moving the team to another city. The team is not for sale. We're going to continue to invest in this franchise. We're going to build a new home for the team, and hopefully in the long term we'll be able to celebrate that success for many years.”  ------  The article contains more about the new arena they want to build and them suing the dallas stars to take control of the aac. So if you are intersted in reading more: [Here](https://www.dallasnews.com/sports/mavericks/article/patrick-dumont-interview-mark-cuban-cooper-flagg-22199628.php)"
2026-04-12 16:18:30,"Here are the realistic paths to the NBA Finals for the Nuggets if they get the 3 seed or the 4 seed 3 seed:     Round 1: Timberwolves     Round 2: Spurs     Round 3: Thunder     This path is pretty clear cut and stay, since it’s unlikely that the Thunder lose in either round 1 vs the Warriors/Blazers/Suns/Clippers or round 2 vs the Rockets/Lakers, especially since a fully healthy Lakers team already struggled heavily vs the Thunder, it would go worse for a hospital Lakers team. The Nuggets basically know each team they will play from the get go, but its going to be the hardest path.     4 seed:     Round 1: Rockets     Round 2: Thunder     Round 3: Spurs/Wolves     In this scenario, the Nuggets might actually get an easier time in round 1 vs the Rockets, then they would face the Thunder in round 2 with potentially more rest, so even if it’s a slightly tougher series than the Spurs in round 2 would be, why not get them out of the way early? No defending champ has made it out of round 2 since 2019 as well. Then in round 3, while it’s quite possible you’ll play the Spurs, it’s not a guarantee. The Wolves likely will sweep a Lakers team with no Luka or Reaves, they beat them in 5 last year when the Lakers had those guys, so they would be well rested for the Spurs in round 2, imo thats a 6-7 game series that could go either way, so if you’re the Nuggets, you either get a potentially tired Spurs team that’s inexperienced, or a tired Wolves team that you’d have HCA over.     Imo one reason I don’t think the Nuggets care about their seeding that much is because the Lakers are banged up and will likely lose in round 1, if the Lakers were fully healthy, I think the Nuggets might go for the 3 seed in case they potentially saw the Lakers down the line of the playoffs, although the Lakers likely have the 3 seed clinched by now if they were fully healthy.     Thoughts?"
2026-04-12 16:20:41,If the Nuggets don’t fix their defence it’s going to be a Thunder vs Spurs conf finals regardless of their path
2026-04-12 16:23:43,I think the most realistic path to the Finals for the Nuggets is beating three straight teams in a best-of-seven series
2026-04-12 16:30:22,You guys thinks pelicans can beat Minnesota today?
2026-04-12 16:30:32,I think route 2 is the way to go and it seems the FO prefers it too because we’re basically punting the 3 seed today and giving the Spurs a chance to send us to the other side of the bracket. If we can’t make it past OKC we aren’t champ caliber anyway. Gotta beat the beat to be the best.
2026-04-12 16:33:10,"The Nuggets are more likely to make the NBA Finals as the 3-seed, but they are also more likely to lose in the first round as the 3-seed."
2026-04-12 16:46:45,We are arguably stronger than last year. Our bench players had a lot more non-garbage experience this year. SGA’s 3-pt shooting has improved. Chet is more aggressive and has grown as a 3-pt shooter. Coach D has learned from problems in clutch play last year. We added McCain and lost nobody of great consequence. Mitchell became a legit star this year out of nowhere. We are still top of the list in defensive rating — 4 points ahead of the Spurs.  So many positives.   Bring it! 🌪️⚡️🦬
2026-04-12 16:49:12,4 seeds don't win the chip. Always shoot for highest seed history says you not winning a title as 4 seed
2026-04-12 16:49:23,Wouldn’t it be hilarious if Us and the Wolves end up meeting in the WCF
2026-04-12 18:38:57,"""Dumont is aiming high, with candidates like Brad Stevens, Sam Presti...""  Good lord he is an idiot"
2026-04-12 19:21:08,"All NBA Games Ranked on Importance You can celebrate, u/AlmostHereButNot, as this is the final part of this series. I will have 3 tiers. One is game doesn’t matter for either team. Another is the game matters for one team and the last group are games that matter to both teams.       Games that Don’t matter for either team   Wizards at Cavaliers  Suns at Thunder  Pelicans at Timberwolves   Games that matter for one team   Magic at Celtics  Potential playoff series preview and Celtics fans don’t want that. The Celtics have clinched the 2 seed so this game doesn’t matter for them but the Magic need to win this game to have a chance at getting a top 6 seed. They need to win and the Raptors to lose to get it.  Pistons at Pacers  The Pacers want to lose this game so that they have the second best odds to get the number one overall pick while the Pistons have already clinched the one seed in the Eastern Conference so this game doesn’t matter to them.  Hornets at Knicks  This game is meaningless for the Knicks as they are stick as the 3 seed in the Eastern Conference but this game matters for the Hornets. If they win this game or the Heat lose, they clinch the 9 seed in the play-in tournament.  Grizzlies at Rockets   This game is meaningless to the Rockets but the Grizzlies want to lose this game at stay at the 6th best chance to get the number one overall pick.  Nuggets at Spurs  This game is meaningless for the Spurs but the Nuggets if they don’t want to face OKC in round 2 needs to win this game or hope that the Lakers lose. The Nuggets are resting most of their starters so maybe they don’t really care.  Warriors at Clippers   The Clippers need to win this game and the Trail Blazers to lose to get the 8th seed in the Western Conference play-in tournament but this game is meaningless to the Warriors because they are stuck at the 10 seed in the play-in tournament.  Games that matter for both teams   Hawks at Heat (Game of the Day)  If the Hawks want the 5 seed they either need to win this game or hope that the Raptors and Magic win. The Heat, in order to get the 9 seed, need to win and for the Hornets to lose. The Heat are way better at home than on the road.  Bucks at 76ers  The 76ers need to win and for the Magic and Raptors to lose to get the 6 seed in the Eastern Conference while the Bucks want to lose so that they have the highest chance possible to get the number one overall pick.  Nets at Raptors   The Raptors need to win to get a top 6 seed and a Magic and Hawks lose to get the 5th seed while the Nets want to lose and the Pacers to win so that they get a chance for a higher draft pick.   Bulls at Mavericks   The Mavericks look to keep the 6 best lottery odds while the Bulls want to keep the 9 best lottery odds to get the number one overall pick.   Jazz at Lakers  The Lakers want the 3 seed in the Western Conference while the Jazz want to have the 4th best lottery odds so they are hoping that they lose and the Kings win.  Kings at Trail Blazers   The Trail Blazers want the 8 seed in the Western Conference play-in if they win or the Clippers lose. The Kings want to lose and the Jazz to win so that they have the 4th best odds to get the number one overall pick."
2026-04-12 19:34:02,"Cuban has a habit of trying to be the smartest guy in the room - gaming the system and out-maneuver everyone.   The result is he almost always outsmart himself - tearing down a championship team, letting go of Steve Nash and Jalen Brunson, and ultimately selling the team while dreaming about still controlling it."
2026-04-12 19:54:44,Spurs do care about sending the nuggets to OKC’s side of bracket. What are we doing?
2026-04-12 21:51:45,"The 2025-26 r/Thunder Awards voting ballot is open! Vote for the best contributors on and off the court during this season! Hey everyone! Finally got this ready to go while managing a cold, so my apologies for that. Here is the link to the Google Form you can use to fill out your ballot! **The form will close on May 17th at 10pm PST**, just after the final play-in game finishes. Hopefully the mods can pin this to the top of the subreddit like they did before.      The awards you all will be voting on are Most Valuable Player, Most Valuable Fan, Moment of the Year, Game of the Year, and Loser of the Year. I couldn't recall enough good r/nba comments for that award, and to be honest, I would sweep Shitposter of the Year so I also omitted it. Props to everyone else who's battled in the r/nba and r/NBATalk comment sections with me!  [https://forms.gle/yMiCHYL1qhhnnaqKA](https://forms.gle/yMiCHYL1qhhnnaqKA)"
2026-04-12 22:38:16,"I want to see the Thunder! Hi thunder fans, I’m a spurs fan living in another state and I’m exploring the possibility of going to an OKC playoff game. I kinda have a bucket list goal of going to an NBA game in every arena and I have never been to OKC or seen the thunder in person.   My question is, are tickets on sale yet? Where is the best place to buy them from when they do?   I also want to make a trip out of it and explore OKC a bit outside of just going to the game. So I’m down to hear recommendations you’d give any visitor as well.   Thank you for your help!"
2026-04-12 22:57:16,I would recommend r/okc
2026-04-12 23:29:54,"If you’re the Warriors and have a preference between Clips/Blazers in the 9/10 play-in game, it may matter to them. I know they would have to play the loser of 7/8 regardless if they win the 9/10 but there could be some matchup scenarios where there is a preference. All though it probably won’t matter anyway bc the Kings are tanking against the Blazers and the Blazers have a massive incentive to win (maybe the largest incentive to win for any team tonight aside from maybe Atlanta or Miami)"
2026-04-12 23:37:48,Temporary jazz fan reporting for duty! What the fuck do Jazz fans say when cheering on their team? I want them to beat LA. THUNDER UP PLAYOFFS SOON !!!  🌩️🆙
2026-04-13 00:46:34,Magic does not deserve to make the playoffs that team stinks
2026-04-13 00:51:26,THUNDER SCREWED EVERYONES BETS LOL 😡😡
2026-04-13 02:06:56,"OKC's trash ass bench looks like a bunch of highschoolers. Still cannot believe they were priced at -300. I legit thought at least a few starters were in the mix, and instead we get a bunch of players who wouldn't even start in China"
2026-04-13 02:36:31,"Post Game Thread - NBA: The Suns defeat the Thunder on Apr 12, 2026, the final score is 103-135. This post contains content not supported on old Reddit. [Click here to view the full post](https://sh.reddit.com/r/Thunder/comments/1sjy96s)"
2026-04-13 02:37:27,"Aaron Wiggins, get ready to learn bench-eese."
2026-04-13 02:37:34,on one hand jdub got injured in the last game of the season last year so i get it but on the other hand. this fucking sucked LMAO
2026-04-13 02:38:31,We lost??? NOOO… lol anyway good minutes from carlson
2026-04-13 02:39:50,2026 Aaron Wiggins 🥀
2026-04-13 02:40:05,"“Some nights you’re the hammer, partner, some nights you’re the nail.” Thunder Up y’all. Playoffs!!!!"
2026-04-13 02:44:29,I'm down to give a roster spot to Carlson. Bro is kinda legit.
2026-04-13 02:52:20,Wiggins only had 3 pts? Ouch. Figured he’d light it up along with McCain.
2026-04-13 02:53:26,"The Western Conference playoffs are set: (7) Suns vs. (8) Trail Blazers, (9) Clippers vs. (10) Warriors. (1) Thunder vs. (8) TBD, (2) Spurs vs. (7) TBD, (3) Nuggets vs. (6) Timberwolves, (4) Lakers vs. (5) Rockets. Source: \[https://www.espn.com/nba/standings\](https://www.espn.com/nba/standings)  The Western Conference playoffs are set: (7) Suns vs. (8) Trail Blazers, (9) Clippers vs. (10) Warriors. (1) Thunder vs. (8) TBD, (2) Spurs vs. (7) TBD, (3) Nuggets vs. (6) Timberwolves, (4) Lakers vs. (5) Rockets."
2026-04-13 02:54:26,Even if we beat the rockets (we won’t) we’d have to face OKC second round lmao fml
2026-04-13 02:54:35,The Thunder are sleeping to the WCF
2026-04-13 02:55:42,Us Thunder fans were genuinely more committed to the nuggets spurs game than our own today lmao
2026-04-13 02:56:03,Thunder Up! NUGGETS WIN!!! 🌩
2026-04-13 02:56:04,It’s actually crazy that San Antonio was actively trying to win this game by playing Fox and castle as much as they did and they still lost. This team is terrified of Denver. Denver played there bench besides 20 minutes of Jokic and still won like props to Denver but San Antonio must be terrified.
2026-04-13 02:56:20,Nuggets just gifted Thunder their 2nd ring  OR  Jokic is about to have his Dirk ring
2026-04-13 02:58:21,"The Bracket is set. Let's get it, Thunder up!"
2026-04-13 02:58:55,Lmao imaging playing your starters the whole game and pressing like it's Game 7 of the finals in the 4th on the Nuggets benchwarmers and still getting cooked.
2026-04-13 03:02:17,OKC 1st Playoff Game will be at 2:30 PM on ABC
2026-04-13 03:04:35,"On Sunday*      Which means 10 full days of rest for all of our starters + Caruso, Wallace, Joe, J-Will.     Our opponent will be coming off one day of rest."
2026-04-13 03:09:39,Game 1 will be on the 31st anniversary of the OKC bombing.
2026-04-13 03:15:19,OKC goes 16-4
2026-04-13 03:22:47,You LITERALLY can't draw it up better if you're OKC. Still gotta execute though.
2026-04-13 03:25:45,"Game 1 Quick update from my last post about OKC playoff tickets.  I officially pulled the trigger and booked my flight from Charlotte to Oklahoma to catch Game 1 of the first round First-ever playoff game, so I’m ready   For those who’ve been before:  	•	What should I expect as a first-time playoff attendee?  	•	How crazy does the atmosphere actually get compared to regular season?  	•	What sections give the best value (good view + strong fan energy without going insanely expensive)?  I want the full Loud City experience but also don’t want to overpay if there are smarter options.  Appreciate any advice 🙏"
2026-04-13 03:28:08,"With the playoffs coming soon, what is everyone’s most anticipated team matchup to watch? I cannot wait to watch the thunder-nuggets/spurs conference finals, i just hope it’s a close competitive series     I really hope we get to see detroit vs boston this year as well, i think that’s a matchup that will be just as good as anything the West has to offer"
2026-04-13 03:30:28,Clippers vs OKC/Spurs -- im ready for it all
2026-04-13 03:30:45,The Thunder/Spurs/Nuggets death row in the west and Celtics Knicks in the east
2026-04-13 03:31:10,"BOS v NY, BOS v DET, DEN v SAS, OKC v DEN, OKC v BOS"
2026-04-13 03:31:19,Im excited for the potential Thunder vs Spurs. Victor is very competitive and always seems to take the Chet matchup personally. Should be fun
2026-04-13 03:39:23,"West: Nuggets vs Wolves, Spurs vs Nuggets/Wolves, Spurs/Nuggets/Wolves vs OKC.   East: Cavs vs Raptors, Celtics vs Knicks, Pistons vs Cavs, Pistons/Cavs vs Celtics/Knicks"
2026-04-13 04:08:53,Your ticket comes with a free shirt and you are required to wear it thunder up im going game 2
2026-04-13 04:13:14,https://www.nba.com/thunder/playoffscentral should have some info that may help. Good luck!
2026-04-13 04:30:11,Knicks vs Boston   Hornets if they get 8 vs pistons   OKC vs spurs   Denver vs spurs   Pistons vs Knicks   But tbh im hyped for every series besides Toronto vs Cleveland
2026-04-13 05:50:44,Filipino Thunder fan here. Good luck to me waking up 3:30 in the morning
2026-04-13 06:41:39,"I went to OKC last year for Game 2 against Memphis. It is simply the best atmosphere in the NBA, and maybe all US sports. You get a free shirt and a paper clapper to make noise with. The best sections are in the 200 corner seats since you get a good view of the court are are not too far away. They cost little more than $100, so for me it's good value for a playoff game."
2026-04-13 06:59:11,"Historical Correlation Between Net Rating and Winning NBA Championship With the regular season finishing a couple hours ago, and all the data from this year finally being available, I wanted to make a post highlighting the correlation between net rating and being an NBA champion.  Net rating is one of the best predictors of both regular season and postseason success. Here is every team since 2000 that won the championship and what their net rating was.  |Year|Net rating|Net rating rank|Team| |:-|:-|:-|:-| |2000|9|1|Lakers| |2001|3.5|8|Lakers| |2002|7.6|2|Lakers| |2003|5.8|3|Spurs| |2004|6.5|2|Pistons| |2005|8.3|1|Spurs| |2006|4.1|6|Heat| |2007|9.2|1|Spurs| |2008|10.8|1|Celtics| |2009|7.9|3|Lakers| |2010|4.9|6|Lakers| |2011|4.4|8|Mavericks| |2012|6.4|3|Heat| |2013|8.2|2|Heat| |2014|8.1|1|Spurs| |2015|9.9|1|Warriors| |2016|6.3|4|Cavaliers| |2017|11.4|1|Warriors| |2018|5.9|3|Warriors| |2019|5.8|3|Raptors| |2020|5.6|5|Lakers| |2021|5.8|4|Bucks| |2022|5.5|4|Warriors| |2023|3.3|6|Nuggets| |2024|11.7|1|Celtics| |2025|12.7|1|Thunder|  **Average net rating rank to win a championship:** 3.12  **Average net rating to win a championship:** \+7.25  **Median net rating rank to win a championship:** 3  **Median net rating to win a championship:** \+6.45  **Worst net rating to win a championship:** \+3.3  **Worst net rating rank to win a championship:** 8  .  Based on this data, if a team is top 8 in net rating they have a decent shot of winning the playoffs.  If a team is outside of top 3 in net rating, there is a significant drop off in the odds of winning. Based on this, you can probably tier teams by how competitive of contenders they are.  **Top 3 in net rating (Tier 1 teams)** \- One of these 3 teams are most likely going to win the championship, but it's not guaranteed. Teams in this category have won 65.4% of the time. (17/26).  **Between 4-6 in net rating (Tier 2 teams)** \- Teams in this range have a outside shot of winning, but still an okay chance. Teams in this category have won 26.9% of the time (7/26).  **Between 7-8 in net rating (Tier 3 teams)** \- The odds of a team in this range winning is unlikely, but still a realistic outcome. Teams in this range have won 7.7% of the time (2/26).  **Outside top 8 (Tier 4 teams)** \- The odds that a team in this range wins is slim. However, some teams in this range have gotten close. Teams in this range have won 0% of the time since 2000 (0/26).  .  To put everything into perspective for this season, here are the net ratings of every team in the postseason in order.  *(No team outside the top 20 in net rating made the postseason)*  1. Thunder: +11.1 2. Pistons: +8.4 3. Spurs: +8.4 4. Celtics: +8.3 5. Knicks: +6.4 6. Rockets: +5.4 7. Nuggets: +5.2 8. Hornets: +4.9 9. Cavaliers: +4.1 10. Timberwolves: +3.1 11. Raptors: +2.9 12. Hawks: +2.2 13. Heat: +2.1 14. Lakers: +1.5 15. Suns: +1.4 16. Clippers: +1.1 17. Magic: +0.6 18. 76ers: -0.1 19. Trail Blazers: -0.4 20. Warriors: -0.5  .  **Tier 1 teams this season** \- *(Reason for Boston not being here is addressed in closing notes)*  OKC, DET, SAS  **Tier 2 teams this season**  BOS, NYK, HOU  **Tier 3 teams this season**  DEN, CHA  **Tier 4 teams this season**  The rest  .  However, this shouldn't be taken as the end all be all, because some teams teams outside of the top 8 have been close before, with some teams outside the top 8 even making the finals.  **Teams outside the top 8 to make the finals in previous years:**  2025 Pacers - #13, +2.1  2024 Dallas Mavericks - #15, +2.1  2023 Miami Heat - #21, -0.5  2020 Miami Heat - #17, -0.1  2018 Cleveland Cavaliers - #14, +1.0  2010 Boston Celtics - #9, +3.7  These are the only teams from the year 2000 and on that have made the finals while being outside the top 8 in net rating.  A team outside the top 8 in net rating has made the finals 23.1% of the time (6/26).  .  **Closing notes -** *(Potential improvements to the analysis)*  It's important to note that the Celtics have almost the same net rating as the Pistons and Spurs, so this year specifically, it's probably dubious to list them as a tier II team, but just for the sake of keeping everything consistent across years, that's what I did.  The tier system can possibly be more precise if a tier system that uses net rating instead of net rating rank is utilized along with some sort of standard deviation calculations.  Flat net rating cutoffs could also potentially be better for tiering level of contention. For example, 'any team within 3 net rating of the top net rating team is a tier 1 team', 'any team between 3-6 net rating away from the top net rating team is a tier 2 team', etc, with possible adjustments to how much net rating each cutoff is.  There are also possibly ways to make the net rating data a bit more precise, such as using net rating metrics that factor out garbage time, factor strength of schedule, and factor rubberband effect.  **Source**  [Net rating data was gathered from here.](https://www.nba.com/stats/teams/advanced?Season=1999-00&amp;dir=A&amp;sort=NET_RATING)  .  **Edit:** I typod the year Miami made the finals the first time."
2026-04-13 07:46:00,The thing I learned the most from this post is that the Spurs finals teams truly were monstrous.
2026-04-13 08:18:09,"Highest opposition win totals en route to winning a championship? To win a championship, all the WCF teams not named OKC or the Spurs might have to beat 3 60+ win teams this year if Detroit make the Finals. Combined total of 186 opposing team wins… what’s the highest number of win totals that a team has beaten on way to a championship?"
2026-04-13 08:19:11,"Some **Honorable Mentions**, for those that I neglected to include on the ballot (may add to this in the coming days):   Most Valuable Player - **David Roddy** and **De'Aaron Fox**, for their contributions in their final game of the season that got Denver the 3 seed.   Loser of the Year - **Jaylen Brown** and **FanDuel**, for being bitches."
2026-04-13 10:55:06,"If we combine this together with the youth factor, OKC and BOS seems to be the favorites and it could very well be the Finals matchup this year."
2026-04-13 11:40:18,When we get Rockets-Wolves conference finals &gt;&gt;&gt;&gt; /s
2026-04-13 11:43:05,Houston might be in tier 2 and theoretically have good odds but I would eat my shorts if they even made it to WCF...
2026-04-13 12:49:04,"If Shai wins another ring this year, would that put him in Giannis territory on all-time ranking? It is expected that SGA will win his second MVP this season. OKC also are the favorites to win another championship. If they do it, Shai would likely have 2 MVPs and 2 Finals MVPs. He would have more than Giannis, but Giannis obviously has more elite seasons due to being a couple years older.     Would it put Shai in the same tier as Giannis all-time?"
2026-04-13 12:51:41,He would be above Gianni’s and Jokic   Only Jordan LeBron and bill Russel have ever gone back to back mvp and fmvp
2026-04-13 12:52:37,fun fact only Lebron and Jordan have won both  MVP and FMVP in back to back years
2026-04-13 12:54:57,"Shai is already in conversation with Giannis  We have to define the argument between more dominant vs better career  Shai is carving his own category, the individual talent but also his ability to be a leaders teammate different then we’ve seen modern dominant individual all stars"
2026-04-13 12:56:44,"If he goes b2b years of MVP, Finals MVP &amp; Championship, to go along with averaging 30+ points for 4 straight seasons on MJ level efficiency.... I think that puts him above Giannis"
2026-04-13 13:19:57,yes back to back title and finals MVP? thats rare
2026-04-13 13:26:28,should be interesting to see how the West finals end up.
2026-04-13 13:33:05,"I'm too lazy to look up the numbers but the 2011 Mavs knocking off Kobe's threepeat Lakers, the Westbrook/Hardin/Durant Thunder, and the LeBron/Wade/Bosch Heat has to be up there."
2026-04-13 13:33:50,I’d say even another finals appearance would probably put him in Giannis territory .
2026-04-13 13:37:07,Not yet but also it's because of longevity. Shai is younger  However he would certainly be on pace to be in Giannis territory.
2026-04-13 14:07:48,"This was great. I had cason wallace higher than I thought I would (3rd) for keeping the ship afloat when everyone was injured and turning his offense up to 10. Plus the amazing defense every single game this year.   The game of the year was between houston and the 2nd denver game for me, I went 2nd denver game first.   Best moment of the year was totally topic coming back tho. So proud of that kid."
2026-04-13 14:13:36,"Can someone please create a Branden Carlson Appreciation Post? Last night Branden Carlson may have played his last game in a Thunder Uniform.     I have yet to see anyone give him a shout out on this Thunder sub reddit.    (If there was one, and I missed it, my apologies!)  Sundays numbers for Carlson against the Suns:     26 points on 10 for 20 shooting   (.500)  5 for 10 from 3-point range    (.500)  10 Rebounds     1 Assists      7 stocks (5 blocks and 2 steals)       1 turnovers       0 fouls     Carlson numbers in his previous game Friday against the Nuggets:        23 points on 8 for 18 shooting (.444)  3 for 10 from 3-point range (.300)  12 Rebounds       5 Assists       1 Stock (1 Block)        0 turnovers     2 fouls      So Branden Carlson registered back to back Double-Doubles, in what may have been his final 2 games in a Thunder Uniform.     While I hope I am wrong, about him not being back with the Thunder, hopefully others can notice Carlson's contribution to the Thunder and his growth in his game over these past 2 seasons!     BBC, Wishing you good luck on your future!"
2026-04-13 14:15:26,"All time, no because you’ve gotta rank them based on what they done so far which and Giannis has had multiple more elite seasons.   Projecting forward a couple years though, yeah SGA will be on his level soon and a second chip would help"
2026-04-13 14:27:22,"2016 Thunder might have been the answer for this if they somehow managed to win.  They actually faced a combined opposition total of **182** (42-win Mavs, 67-win Spurs, 73-win Warriors), add in LeBron’s 57-win Cavs team and that gets you up to a whopping **239** or an average of 59.75 wins per opponent."
2026-04-13 14:32:00,"regardless of if he is wearing the okc jersey next year, he has played well in his minutes to get a role on another nba team. he has a long career ahead of him and after June, he will have a championship on the resume"
2026-04-13 14:40:24,"Yeah clearly in the same tier, and as far as rings culture goes if he wins 2 MVPs and FMVPs and kinda follows a typical trajectory he will for sure be remembered as better.   But careers aren’t always so straightforward, so it kinda requires a ‘projecting out’ that very well might not come to fruition.   Giannis was only 26 and won the chip after getting 2xMVP, DPOY. At the time you might’ve thought the possibilities for this guys’ career are endless, and going into ‘22 the bucks were favored to repeat most of the season, but that didn’t happen, new players came onto the scene, competition improved, and there hasn’t been a b2b champ since GS almost 10 years ago. 7 different teams have won a title in the last 7 seasons."
2026-04-13 14:41:45,"“Thunder have the easiest bracket, they’re getting a cakewalk to the finals” When we started the season 24-1 the regular season didn’t matter now they see the brackets and all of a sudden they’re crying because it might be “too easy” for us.   Shoutout to beating the Jazz in OT and the comeback win vs Grizzlies, those two games against non-contenders could have been the difference between being #1 and #2."
2026-04-13 14:45:42,"It’ll be the “asterisk” for this playoff run. When the OKC was going to have to play Denver, meaning SA would only have to play one of them, it was totally fine. But now that OKC won’t have to play both it’s a bad thing. Never have a seen people complain about a team getting the one seed."
2026-04-13 14:50:47,"We potentially play curry in the first round, then the 50 win rockets in the second round, then the Nuggets/Spurs in the wcf and then the Celtics/Pistons in the finals.   Anyone who thinks that would be a cakewalk started watching basketball last season or is just a delusional hater"
2026-04-13 15:00:39,“Back to Back Mickey Mouse rings for them is crazy!” -r/nba probably 😂😂😂
2026-04-13 15:01:28,we're the best team and we got lucky that we'll only face one of SAS/DEN.  being the best team doesn't guarantee a favorable matchup in the second round  don't let negative talk from an opposing fan base bother you
2026-04-13 15:05:32,*Most* casual fans can't even recall who won a championship 5 years ago yet this is now the complaint? That the road ain't hard enough??? Unbearable shit.
2026-04-13 15:06:30,I think it’s hilarious that spurs fans weren’t scared of OKC because they’re 4-1 against us but now have to face the team they’re 1-3 against
2026-04-13 15:29:50,"Idk why it wouldn’t put him ahead. I have giannis in the late teens to early 20s. Shai in the mid 20s.  Another title would put Shai in the top 15 jumping every active player besides Bron, Steph and KD imo."
2026-04-13 16:10:10,"The Athletic's Anonymous Player Picks - Who'll win 2026 NBA Finals; Top 3 - Thunder (50%), Spurs (25.3%), Celtics (8.2%) [The Athletic released the second part of their anonymous player poll, this one asking players who will win the NBA championship (besides your own team).](https://www.nytimes.com/athletic/7184200/2026/04/13/anonymous-nba-player-poll-2026-finals-thunder-spurs-celtics/)  Out of the 161 players polled, 146 responded over the course of late February through the start of April. The results:  * Oklahoma City Thunder - 50.0% (73 votes)  * San Antonio Spurs - 25.3% (37 votes)  * Boston Celtics - 8.2% (12 votes)  * Denver Nuggets - 7.5% (11 votes)  * Detroit Pistons - 4.1% (6 votes)  * Cleveland Cavaliers - 1.4% (2 votes)  * Los Angeles Lakers - 1.4% (2 votes)  * Minnesota Timberwolves - 1.4% (2 votes)  * Atlanta Hawks - 0.6% (1 vote)  Previous season poll results:  * 2025 - Boston Celtics (57.7% of 137 votes)  * 2024 - Denver Nuggets (55.9% of 127 votes)  * 2023 - Milwaukee Bucks (62.2% of 90 votes)  * 2019 - Golden State Warriors (79.5% of 110 votes)"
2026-04-13 16:11:14,So what you’re saying is spurs/OKC WCF to increase Celtics odds 😎
2026-04-13 16:23:26,"I think voters are too confident in our ability to beat the Knicks and Pistons. I think we are all on relatively equal footing and any of those matchups can go either way. Knicks in particular beat us last year and have done well this year. The Brunson/Kat PnR gives us issues along with Mitchell Robinson. I think we can beat them, but they can beat us too."
2026-04-13 16:30:57,"Vegas odds rn  - OKC +115 - SAS +550 - BOS +550 - DEN +1100 - CLE +1100 - NYK +1800 - DET +2000  So pretty respectable order for the players, though there the difference between Spurs and Celtics on the survey is too high"
2026-04-13 16:41:22,"These people are sleeping on the Wolves man. Like ok they're probably gonna fall to OKC like everybody else, but 1.4%?"
2026-04-13 16:46:29,I think you’re farming SGA hate
2026-04-13 16:47:35,NBA Championship Winner Bets and Picks Discussion 2026 NBA Championship Winner Odds  | Team | Odds | |------|------| | Oklahoma City Thunder | [+110](https://sportsbook.link) | | San Antonio Spurs | [+500](https://sportsbook.link) | | Boston Celtics | [+550](https://sportsbook.link) | | Denver Nuggets | [+950](https://sportsbook.link) | | Cleveland Cavaliers | [+1600](https://sportsbook.link) | | New York Knicks | [+1800](https://sportsbook.link) | | Detroit Pistons | [+2200](https://sportsbook.link) | | Houston Rockets | [+6000](https://sportsbook.link) | | Minnesota Timberwolves | [+9000](https://sportsbook.link) | | Atlanta Hawks | [+13000](https://sportsbook.link) | | Philadelphia 76ers | [+17000](https://sportsbook.link) | | Charlotte Hornets | [+17000](https://sportsbook.link) | | Los Angeles Lakers | [+25000](https://sportsbook.link) | | Toronto Raptors | [+25000](https://sportsbook.link) | | Orlando Magic | [+35000](https://sportsbook.link) | | Phoenix Suns | [+60000](https://sportsbook.link) | | LA Clippers | [+70000](https://sportsbook.link) | | Miami Heat | [+70000](https://sportsbook.link) | | Golden State Warriors | [+80000](https://sportsbook.link) | | Portland Trail Blazers | [+200000](https://sportsbook.link) |
2026-04-13 16:55:56,Anonymous PlayerPoll for who will win the championship this year There were 146 votes total. [https://www.nytimes.com/athletic/7184200/2026/04/13/anonymous-nba-player-poll-2026-finals-thunder-spurs-celtics/](https://www.nytimes.com/athletic/7184200/2026/04/13/anonymous-nba-player-poll-2026-finals-thunder-spurs-celtics/)  1. Thunder 50%   2. Spurs 25.3%    3. Celtics 8.2%   4. Nuggets 7.5%   5. Pistons 4.1%   6. Cavs 1.4%  7. Lakers 1.4%  8. Timberwolves 1.4%  9. Hawks 0.6%
2026-04-13 16:56:46,OKC at +110 feels way too short for me. yeah they're good but championship is different beast than regular season.      I'm actually looking at denver at +950 - jokic still in his prime and they know how to win when it matters. spurs at +500 might be decent value too if wemby takes another leap forward this year.      detroit at +2200 is interesting longshot but probably throwing money away lol
2026-04-13 17:08:46,"Riding Spurs +4000 ticket from preseason  Also a whacky +43000 parlay I had with future champions: Seahawks (won), Michigan (CBB, won), Avalanche (pending), OKC (pending)  BOL to all!"
2026-04-13 17:21:32,"I find the comparison to previous year results interesting. Its clear and makes sense that the previous years winner would be highest rated to win, but of the last 4 years the Thunder have the lowest confidence to repeat among the players despite having one of the best regular seasons in this half decade."
2026-04-13 17:33:16,"There's no cakewalks to a championship, you always have to beat some very good teams along the way. We deserve the 1 seed and easiest schedule regardless."
2026-04-13 17:42:08,"The OKC Thunder dominated the NBA Championship Belt this season: 58 days held, 16 defenses [NBA Championship Belt Tracker](https://nba-belt-tracker.up.railway.app/)      I tracked the movement of an imaginary NBA Championship belt throughout the season — every time a team lost, the belt changed hands. Idea taken from [this post](https://www.reddit.com/r/nba/comments/wnb8t8/oc_the_nba_championship_belt_oc/).  OKC ran the table. 58 days held, 16 successful defenses, more than any other team this season. They did lose the belt the Boston just before the end of the season, but no other team came close to them in title defenses or days held.  Who do you think takes the belt to the finals? Can the champs repeat and claim the belt once more?"
2026-04-13 18:00:48,It's weird that they used percentages for a poll with 146 votes. They also rounded down on the Hawks vote for some reason which leaves the total at 99.9%. I'm pretty sure these are the actual vote totals  Thunder - 73    Spurs - 37    Celtics - 12    Nuggets - 11    Pistons - 6    Cavs - 2    Lakers - 2    Twolves - 2    Hawks - 1
2026-04-13 18:14:20,I'm so confused by the Spurs logic here  They played their entire rotation besides Wemby. Why not just play Wemby until victory was secure then you could coast to WCF?  Now by resting Wemby you're gonna have to face Jokic in a 7 game series..
2026-04-13 18:58:04,He needs to sabotage the entire Thunder organization to enter Giannis territory
2026-04-13 19:12:46,"Official /r/nba Power Rankings #12 (04.13.2026) [24/30 rankers reporting this week.](https://docs.google.com/spreadsheets/d/1PBF52w8vs3VjgU1tDYClTzxOYbCY1-hisA6ZS0HopHo/edit?usp=sharing) /R/NBA's Power Rankings are published every two weeks which is a bit different from most rankings.  Other than that we rank the teams the same way as our competition. If write ups are left blank the team rep decided not to submit. We encourage any user to fill in the blanks in the comment section. Please follow /u/powerrankingsnba to see this more on your feed!									 									 \#	|	Team	|	Δ	|	Record	|	Comment	| --: 	|	:--	|	:--	|	:-:	|	:--	| 1	|	[](/OKC) Thunder	|	--	|	64-18	|	We are cooking. We finally have a healthy squad. Shai is going to the be MVP. JDub looks the best that he has all season. Chet and iHart continue to be a stalwart force on the inside. And our rotating cast of guards and wings have continued to show out in good form. AND, we are hitting 3s! Thanks to a Thunder loss, I expect the Thunder to take care of business @LAL (with no Luka and Reaves) and @LAC which should put an end to our season in practice. I imagine we'll have our 10-15 guys and two-ways play out last 2 games vs @DEN and vs PHX which should give us ~10 days before we play our first game of the playoffs, which is fairly similar to what we went through last season. I anxiously await to see my favorite team in the best part part of the season.	| 2	|	[](/SAS) Spurs	|	--	|	62-20	|	My oh my, what a season it's been. Obviously, the loss to Denver last night was a bit of a disappointment, but the team overall closed the season on a 30-4 run and now has a week to rest before setting off on its inaugural playoff run with this core. We'll see where the chips fall in the end, but this has truly been one of the most fun Spurs seasons I can ever remember watching; in many ways, it's reignited the childlike-joy I used to get from watching basketball growing up, where you were just never certain if you were about to see something you'd never seen before (and not just from Wemby, but from the entire cast). My hat's off to Mitch, the coaching staff, and the players on an incredible season, and I'm excited to see where the road leads moving forward.	| 3	|	[](/DET) Pistons	|	--	|	60-22	|	First of all, make Cade All-NBA eligible, the 65 game rule is dumb. 8-2 in our last 10 of the year, much of that without Cade. Cade's pneumothorax is healed up. We are ready to go after recording the 3rd 60 win season in franchise history. The injury may actually have worked in our benefit as it got other guys more playing time while he was out. Also let's talk about Bball Paul. 11/11 shooting in the finale for 26 points and 6 stocks. Is he the best 3rd string center of all-time? Signs point to yes.	| 4	|	[](/BOS) Celtics	|	--	|	56-26	|	At the beginning of the season most people thought the Celtics would be tanking for a top 3 pick and reset for next season once Tatum was healthy. Instead, the Celtics just clenched the 2 seed in the East *and* Tatum has been back for over a month. The story of the season though is the role players. Neemias Queta, Jordan Walsh, Luka Garza, Baylor Scheierman, and Ron Harper Jr. all entered the season looking to make a name for themselves. To show that they could be quality bench players for the Celtics in the coming years, and not just trade fodder or benchwarmers. Some of them got to shine against the Magic in the final game of the season, with Luka Garza going for 27 points and 12 rebounds, Ron Harper Jr. going for 27 points, 7 rebounds, 4 assists, and 4 steals, and Baylor Scheierman going for 30 points, 7 rebounds, and 7 assists. The shocking part? It was against a Magic team that actually played their starters and were playing for something. It was a must-win game for them and yet the Maine Red Claws beat them. Speaking of which, I just remembered they rebranded to the Maine Celtics and now I'm sad. 	| 5	|	[](/DEN) Nuggets	|	+3	|	54-28	|	Denver rolled into the playoffs with a 12-game win streak to end the season, securing the 3rd seed and landing on the more favorable OKC-less side of the bracket. The Nuggets enter the playoffs at full strength and poised for a deep run this year, and while this iteration of the Timberwolves may not be quite as fearsome as their last two teams which made the WCF, Ant and Co. will certainly put on a show and make for a challenging first round matchup.	| 6	|	[](/NYK) Knicks	|	-1	|	53-29	|	*""Impossible is a word to be found only in the dictionary of fools."" -Napoleon Bonaparte.*  Indeed, as the third-seed Knickerbockers seek to overcome the demons of last year's Conference Finals loss. The positive: every position has firepower, the bench is deep, and- when locked in- the ceiling is the sky. The negative: other teams are entering the playoffs scorching hot, and the Knicks have shown multiple times this year that pernicious habit of playing down to the competition. No lead is safe, no cigar yet worth smoking. It's been a great plasure doing these rankings for you all this year, and I hope that everyone enjoys the playoffs. Remember: Ball don't lie. Never has, and never will. 	| 7	|	[](/CLE) Cavaliers	|	--	|	52-30	|	The Cavs went 8-3 in the final stretch to lock up the 4 seed and a matchup with the Toronto Raptors. Last year, a healthy Cavs team completely dismantled the Heat in the first round, sweeping them with an average margin of victory of 31 points. That was the last time we saw the group of Darius Garland and the core 4 healthy together. 41 different starting lineups later, we’ve replaced Garland with Harden and have still hardly seen the grouping of Mitchell/Harden/Mobley/Allen together, but they’re all off the injury report now and had been amazing in the few minutes they’ve played together. This year’s playoffs need results, there’s no more excuses for this core in Donovan’s 4th attempt with the Cavs. A competitive ECF appearance is the bare minimum needed, but even then, it may not be enough. Anything less than that and we’ll undoubtedly retool outside the second apron. Thanks for reading these and good luck to your favorite team in the playoffs	| 8	|	[](/HOU) Rockets	|	+1	|	52-30	|		| 9	|	[](/LAL) Lakers	|	-3	|	53-29	|	What can even be said? The disastrous OKC game might have been the worst regular season game in Lakers history outside of the game where Kobe tore his Achilles tendon. But the Lakers are on a 3 game winning streak and have home court advantage going into the playoffs. And LeBron is doing vintage LeBron things.	| 10	|	[](/MIN) TWolves	|	--	|	49-33	|	Injury bug struck the Wolves at the worst possible time. Without Anthony Edwards and Jaden McDaniels the roster just isn't good enough to compete for a full 48. With the potential to fall into the play ins this is just a disaster of a season for the Wolves. 	| 11	|	[](/ATL) Hawks	|	--	|	46-36	|	Atlanta went 5-1 since the last rankings, with wins over Detroit, Boston, and Orlando. Atlanta is now 2 games clear of the play-ins with the tiebreaker over Philly, and ESPN now gives Atlanta a 93.4% chance to finish in the top 6. With 4 games left, Atlanta has New York, Cleveland x2, and Miami left on their schedule. Winning just one of those games *should* be enough to finish with a top 6 seed, but two would guarantee it. Also, huge shoutout to Jalen for winning player of the month, the first Hawks player to do so since the starting lineup won the award in January 2015.	| 12	|	[](/CHA) Hornets	|	--	|	44-38	|		| 13	|	[](/TOR) Raptors	|	--	|	46-36	|	LETS GO PLAYOFF TIME BABY! Honestly, both matchups are scary as heck and us being good against the Cavaliers in the regular season really doesn't matter. I look forward to doing these next year, thank you to everyone who interacts and reads these. 	| 14	|	[](/PHX) Suns	|	--	|	45-37	|	Week 0's write up: *After last season’s abomination, I just want to not hate my team. While Ishbia gets no love for putting us in this situation, the rebound this offseason has restored some optimism. The new FO non-stop from day 1 preached ⋆｡°✩ Alignment✩°｡⋆ in building this team. What they delivered through the pre-season is a young, tough, athletic, and defensively minded roster/scheme around Booker. One that will hopefully be super annoying for teams that expect them to roll over and die. Any return to relevance this decade will entirely depend on how well the young players develop and how quickly everything comes together. Expectations are very low, but maybe they can surprise us.* -- Yes. Yes they did.	| 15	|	[](/PHI) 76ers	|	+1	|	45-37	|		| 16	|	[](/ORL) Magic	|	-1	|	45-37	|	The whole season, encapsulated in these last few weeks. Blowout wins, blowout losses, close games that should not have been close. And to end it all, a loss to the Maine Celtics after being up by double digits at one point. Paolo has his strong games but also has plenty of moments where he is absolutely checked out. Franz and AB are back healthy but struggling to really get back into game shape. Desmond Bane was one of only 4 players across the whole NBA to start all 82 games this season, and the first Magic player to do so since Dwight Howard in 2009. Probably one of the only true bright spots this season. On the other hand, and as has been said time and time again this season, Coach Mose is almost guaranteed to be gone during the offseason but probably should have gotten the boot much earlier. At this point, I don't even think a Cinderella run similar to what the Pacers or Heat have done in recent years would be enough to save his job. But first it's about actually making the playoffs, with the Magic getting their first crack at it on Wednesday against the 76ers.	| 17	|	[](/LAC) Clippers	|	+1	|	42-40	|	Despite a 6-21 start to the season, trading away 2 all-star-caliber players at the deadline, and our front office embarrassing the shit out of a franchise legend for being mean, the Clippers have finished the season with a positive record and still have a chance to make it into the postseason. As someone who has supported this team since 2006 (s/o Cuttino Mobley real quick), I can safely say this has been the weirdest Clipper season that I have ever sat through. Kawhi Leonard, facing washed allegations and under league investigation for shady business practices, proceeds to average a career-high 27.9 PPG on 50/39/89 splits. You could not have asked more from him this season, and if he is to be punished for his Aspiration shenanigans and in turn ruining the team for seasons to come, what a way to go out at least. While both Harden and Zubac's presence have definitely been missed at times during this second half of the season, it was genuinely exciting to see this new core develop in the short time they've had together. While it hasn't all been figured out yet (Mathurin in particular has hit a bit of a cold streak and our rookie big Niederhauser broke his foot), it has been a while since we had a genuinely promising young core in a minute, so let us Clippers fans have this at least. In our immediate future, our losses against the Blazers have placed us against noted Clipper hater Steph Curry in the 9/10th seed play-in game. A hubris-filled matchup against OKC awaits us in the 1st round even if we break out of the play-in, so don't expect us to make too much noise in the postseason. But no matter what, this season has given us a lot to be hopeful for in the future, and hopefully we don't go out sad this April.	| 18	|	[](/POR) Trail Blazers	|	+1	|	42-40	|		| 19	|	[](/MIA) Heat	|	-2	|	43-39	|		| 20	|	[](/GSW) Warriors	|	--	|	37-45	|	Losing 7 of the last 8 including the most recent game to the Kings and Kawhi-less Clippers is a helluva way to limp into the play in as a 10th seed. With their current form and Kerr saying Curry, Porzingus and Dray will be on minutes restrictions for the play in, 1…2..3…Cancun feels inevitable.	| 21	|	[](/MIL) Bucks	|	--	|	32-50	|	Doc's gone and the season is over, Hallelujah! I never thought I'd experience a more miserable season than 2013-14 when we went 15-67, but this one somehow managed to be way worse! I am also surprised to find that I couldn't really care less if Giannis is traded or not at this point -- I just want the circus to be over. Either way, hopefully this summer, we will hire a great young coach and nail our first lottery pick since the Obama administration. 	| 22	|	[](/DAL) Mavericks	|	+3	|	26-56	|	The tank is finally over. Cooper Flagg made a strong case for Rookie of the Year, but regardless of what happens in that regard, his rookie year has given so much optimism to a semi-broken Mavs fanbase. Another notable rookie was Ryan Nembhard, who had 23 assists in the season finale. Overall, the Mavs have some rookies to look forward to having around for the long-term in Nembhard &amp; Flagg, but also as the team gets healthy and competitive, along with a top 10 pick, the rebuild looks to be quick and promising.	| 23	|	[](/CHI) Bulls	|	--	|	31-51	|	What a rollercoaster of a season. It's kinda funny to think we were the 1 seed at one point. Now that AKME is gone and all the remnants of the DeBallZach era are too, the future is finally looking bright for the Bulls. After a very odd trade deadline, we have found a hidden gem in Leonard Miller, and a promising prospect in Rob Dillingham. Matas Buzelis has been amazing for us this half of the season, and is proving that he has what it takes to be the face of this franchise one day. With Josh Giddey proving to be a borderline all-star, a top 10 draft pick in this years draft, and Noa Essengue coming back next season, this is probably the first time in however long I can say I'm hopeful for our future. 	| 24	|	[](/NOP) Pelicans	|	-2	|	26-56	|	The Pelicans had a nice little run, tricked everyone for a second, then lost eight straight and went 2–8 in their last 10 because of course they did. Now we’re back to the only thing this season has really been about: who is actually going to be here next year. Zion Williamson? Dejounte Murray? Jordan Poole? It doesn’t feel like a core so much as a collection of names waiting for someone to pick a direction.	| 25	|	[](/MEM) Grizzlies	|	-1	|	25-57	|		| 26	|	[](/UTA) Jazz	|	--	|	22-60	|	Congrats to John Konchar and Bez Mbeng for being the first teammates off the bench to have a triple double in the same game. That was rad. This season, however, was not rad. Alas, it's over. Jazz fans rejoice! Regardless of what happens in this draft (aside from Silver flipping us sideways and fucking us by giving our pick to OKC), we are out of the darkness. Tanking is no more! Now, I don't think that means we are automatically going to be a top 6 team in the West next season, but our future is bright. Ace Bailey is a baller. Keyonte George is the People's MIP, Lauri Markkanen is still Finnish, and JJJ + Kessler is going to be an insane defensive duo. I think we are in for some exciting times. This tank did not go how I imagined it would when we traded Donovan &amp; Rudy nearly 4 years ago, but hopefully it'll be worth it. God I hope it's worth it. 	| 27	|	[](/SAC) Kings	|	--	|	22-60	|	The season is mercifully coming to a close.  I have endured many seasons of bad Kings basketball, but this one might have been the most downright uninteresting.  A few more wins this week have dropped the Kings to 5th in lottery odds, and they're more likely to pick closer to 8th than in the top 4.  Demar Derozan sat the 2nd half of a blowout loss to the Clippers, and speaking as a Kings fan and a Derozan fan I truly hope we've seen his last game as a King.  In absolutley the least shocking news in the history of mankind, Zach Lavine picked up his $49.3 million player option for next season, which is even more bleak than it sounds.  Raynaud, Clifford, Carter, and Cardwell are playing big minutes and all look like they could be solid, unspectacular rotational players for years.  The Kings NEED a legitimate building block.	| 28	|	[](/BKN) Nets	|	--	|	20-62	|	The Nets have done their job, they finish with the best odds at snagging a top 4 pick in a loaded draft. It got dicey at the end there where the Nets were out-tanked by the Wizards and Bucks but they turned that around by losing 3 straight to the Pacers, Bucks, and Raptors. We now look forward to the NBA draft lottery where our fanbase's colletictive happiness will be determined by ping pong balls. This may very well be the last year that teams can aggressively tank so it's actually quite a monumental draft lottery that marks the end of some shameless tanking. 	| 29	|	[](/IND) Pacers	|	+1	|	19-63	|	It's over- it's done. The Pacers' disastrous season comes to a close with the team setting a new franchise worst for season record. With the best possible odds for a top pick secured, Indiana now just has to wait and see if the tank will be rewarded or punished come lottery night.	| 30	|	[](/WAS) Wizards	|	-1	|	17-65	|	If the Washington Wizards don't get a top three selection, it is going to be a lot more difficult to explain to people that I am a mentally sane human, just terrible luck with my family's sports-allegiance decisions	|"
2026-04-13 19:13:17,BIAS RANKINGS  Team	|	Rank	|	Ranks Above Avg	|	Lover	|	Ranks Below Avg	|	Hater	| :--	|	:-:	|	:-:	|	:--	|	:-:	|	:--	| [](/ATL) Hawks	|	11	|	4	|	2 Tied	|	-3	|	[](/TOR) /u/Jaseen	| [](/BOS) Celtics	|	4	|	2	|	[](/WAS) /u/TopOfTheKey	|	-2	|	[](/NYK) /u/Bird_and_Dog	| [](/BKN) Nets	|	28	|	4	|	[](/BOS) /u/walterdog12	|	-1	|	4 Tied	| [](/CHA) Hornets	|	12	|	6	|	[](/ATL) /u/not-a-potato-head	|	-4	|	2 Tied	| [](/CHI) Bulls	|	23	|	3	|	[](/GSW) /u/swollencornholio	|	-5	|	[](/BOS) /u/walterdog12	| [](/CLE) Cavaliers	|	7	|	1	|	3 Tied	|	-3	|	[](/ATL) /u/not-a-potato-head	| [](/DAL) Mavericks	|	22	|	1	|	3 Tied	|	-4	|	[](/OKC) /u/AnkitPancakes	| [](/DEN) Nuggets	|	5	|	2	|	3 Tied	|	-2	|	2 Tied	| [](/DET) Pistons	|	3	|	0	|	16 Tied	|	-3	|	[](/WAS) /u/TopOfTheKey	| [](/GSW) Warriors	|	20	|	2	|	[](/ORL) /u/albinorhino21	|	-5	|	[](/HOU) /u/LockAndDen	| [](/HOU) Rockets	|	8	|	3	|	[](/WAS) /u/TopOfTheKey	|	-3	|	5 Tied	| [](/IND) Pacers	|	29	|	7	|	[](/GSW) /u/swollencornholio	|	-1	|	[](/SAC) /u/SomeSand1418	| [](/LAC) Clippers	|	17	|	7	|	2 Tied	|	-2	|	2 Tied	| [](/LAL) Lakers	|	9	|	3	|	2 Tied	|	-6	|	[](/ATL) /u/not-a-potato-head	| [](/MEM) Grizzlies	|	25	|	3	|	[](/SAC) /u/SomeSand1418	|	-3	|	2 Tied	| [](/MIA) Heat	|	19	|	3	|	2 Tied	|	-1	|	[](/ORL) /u/albinorhino21	| [](/MIL) Bucks	|	21	|	1	|	[](/UTA) /u/JoeIngles	|	-4	|	[](/ATL) /u/not-a-potato-head	| [](/MIN) TWolves	|	10	|	3	|	2 Tied	|	-8	|	[](/MIN) /u/flyingscissor	| [](/NOP) Pelicans	|	24	|	4	|	[](/HOU) /u/LockAndDen	|	-5	|	[](/CHI) /u/crugreddit	| [](/NYK) Knicks	|	6	|	3	|	[](/CHI) /u/crugreddit	|	-3	|	[](/UTA) /u/JoeIngles	| [](/OKC) Thunder	|	1	|	0	|	24 Tied	|	-1	|	[](/GSW) /u/swollencornholio	| [](/ORL) Magic	|	16	|	5	|	[](/UTA) /u/JoeIngles	|	-4	|	[](/DAL) /u/rps215	| [](/PHI) 76ers	|	15	|	4	|	[](/BOS) /u/walterdog12	|	-8	|	[](/UTA) /u/JoeIngles	| [](/PHX) Suns	|	14	|	2	|	3 Tied	|	-4	|	2 Tied	| [](/POR) Trail Blazers	|	18	|	4	|	2 Tied	|	-2	|	[](/WAS) /u/TopOfTheKey	| [](/SAC) Kings	|	27	|	4	|	[](/CLE) /u/PootieTooGood	|	-3	|	[](/OKC) /u/AnkitPancakes	| [](/SAS) Spurs	|	2	|	1	|	[](/GSW) /u/swollencornholio	|	-1	|	[](/WAS) /u/TopOfTheKey	| [](/TOR) Raptors	|	13	|	2	|	4 Tied	|	-7	|	[](/LAL) /u/CutLonzosHair2017	| [](/UTA) Jazz	|	26	|	3	|	[](/HOU) /u/LockAndDen	|	-4	|	[](/BOS) /u/walterdog12	| [](/WAS) Wizards	|	30	|	2	|	[](/OKC) /u/AnkitPancakes	|	0	|	22 Tied	| 											 * Boring ranker of the week is [](/DET) /u/Chandler_Bings with a 0.65 standard deviation											 * Crazy ranker of the week is [](/MIN) /u/flyingscissor with a 2.64 standard deviation
2026-04-13 19:15:15,Hopefully OKC vs Houston in round 2. KD will get an ear full and be fun to watch the Thunder eliminate him
2026-04-13 19:22:13,The Spurs and 2014 I believe famously had no player who played more than 29 minutes.  What team was insanely deep. They had so many different ways they could beat you. So many different ways they could structure their lineup permutations.     I agree with you that Gumby is probably not going to be healthy in the playoffs
2026-04-13 19:25:10,"Knicks ranker here, my writeup from last week was used in the post so I'll put this week's here:  *""Impossible is a word to be found only in the dictionary of fools."" -Napoleon Bonaparte.*  Indeed, as the third-seed Knickerbockers seek to overcome the demons of last year's Conference Finals loss. The positive: every position has firepower, the bench is deep, and- when locked in- the ceiling is the sky. The negative: other teams are entering the playoffs scorching hot, and the Knicks have shown multiple times this year that pernicious habit of playing down to the competition. No lead is safe, no cigar yet worth smoking. It's been a great plasure doing these rankings for you all this year, and I hope that everyone enjoys the playoffs. Remember: Ball don't lie. Never has, and never will."
2026-04-13 19:42:52,Seeing spurs at 2 and nuggets at 5 is interesting considering that they just beat us 3 times in a row.
2026-04-13 20:16:38,Its between okc and spurs. Celtics is a dark horse but I dont think theyre very good right now. They need a full off season with tatum healthy.
2026-04-13 20:32:33,thunder ranker ama
2026-04-13 23:01:08,"The Clippers Pick TLDR; Looking at the possible West Play-in Bracket outcomes, without taking into account matchups or moneylines, the Clippers' pick has about a 75% chance of staying in the lottery, with the most likely pick outcomes being #12 (49%), #15 (~19%), and #11 (~15%). There's also a nearly equal chance of the pick being either 13th, 16th, or ***top 4*** (~6% for each). The best play-in scenario for the Thunder would have them playing the Warriors in Round 1, with the Clippers missing the playoffs and getting the 11th best odds; the worst would have the Clippers and Blazers both making the playoffs, with the Clippers losing the coin flip and getting the 16th pick.   ---  ### Lottery Odds Scenarios  *Note: The Play-In bracket creates **8 distinct tournament outcomes (Paths)**, resulting in a 12.5% probability for each. A ""Scenario"" is the total probability of all paths that result in a specific pick.*  * **12th best lottery odds (56.25%):** The most likely scenario, covering **4.5 of the 8 paths**. This occurs across multiple combinations where LAC misses the playoffs and the 37-win Warriors also miss (taking Slot 11). * **11th best lottery odds (18.75%):** Covers **1.5 paths**. This is the ""Best Case Lottery"" outcome where the Warriors make the playoffs, removing their 37-win record from the lottery pool and moving LAC up the board. * **15th overall pick (18.75%):** Covers **1.5 paths** where the Clippers make the playoffs and are either the only 42-win team in the postseason or win the tiebreaker drawing against Portland. * **16th overall pick (6.25%):** Covers **0.5 paths**—one specific coin-flip outcome where both LAC and POR make the playoffs and the Clippers lose the drawing.  ---  ### Detailed Scenarios and Draft Odds  | Lottery Position | Play-In Scenarios (Pathways to each Slot) | #1 Pick | Top 4 | 11th Odds | 12th Odds | 13th Odds | 15th Odds | 16th Odds | | :--- | :--- | :--- | :--- | :--- | :--- | :--- | :--- | :--- | | **11th best odds** | **1.** Blazers beat Suns, GSW beat LAC, and GSW beat Suns. | 2.0% | 9.4% | **77.6%** | 12.6% | 0.4% | 0% | 0% | | | **2.** Suns beat Blazers, GSW beat LAC, GSW beat Blazers + **LAC wins flip**. | | | | | | | | | **12th best odds** | **1.** LAC lose Wed + GSW lose Fri. | 1.5% | 7.1% | 0% | **82.9%** | 9.8% | 0% | 0% | | | **2.** LAC win Wed + LAC lose Fri. | | | | | | | | | | **3.** Suns beat Blazers, GSW beat LAC, GSW beat Blazers + **LAC loses flip**. | | | | | | | | | **15th overall** | **1.** Suns beat Blazers, LAC beat GSW, then LAC beat Blazers. | 0% | 0% | 0% | 0% | 0% | **100%** | 0% | | | **2.** Blazers beat Suns, LAC beat GSW, then LAC beat Suns + **LAC wins flip**. | | | | | | | | | **16th overall** | **1.** Blazers beat Suns, LAC beat GSW, then LAC beat Suns + **LAC loses flip**. | 0% | 0% | 0% | 0% | 0% | 0% | **100%** |  ---  ### Full Odds Calculations  | Final Pick | Total Probability | Calculation: Σ (Lottery Slot Probability Based on Bracket Outcomes × Rank Odds) | | :--- | :--- | :--- | | **Pick #1** | **1.22%** | (0.1875 × 0.020) + (0.5625 × 0.015) | | **Pick #2** | **1.37%** | (0.1875 × 0.022) + (0.5625 × 0.017) | | **Pick #3** | **1.52%** | (0.1875 × 0.024) + (0.5625 × 0.019) | | **Pick #4** | **1.71%** | (0.1875 × 0.028) + (0.5625 × 0.021) | | **Pick #11** | **14.55%** | 0.1875 × 0.776 | | **Pick #12** | **49.00%** | (0.1875 × 0.126) + (0.5625 × 0.829) | | **Pick #13** | **5.59%** | (0.1875 × 0.004) + (0.5625 × 0.098) | | **Pick #14** | **0.06%** | (0.1875 × 0.0001) + (0.5625 × 0.001) | | **Pick #15** | **18.75%** | 0.1875 × 1.0 | | **Pick #16** | **6.25%** | 0.0625 × 1.0 |  ---  ### Why Clippers Lottery  Position is Locked into Slot 11 or 12 * The play-in determines lottery odds 11-14.  * LAC and POR have the 2nd-fewest wins in the Play-In field with 42. (GSW 37w; all others 43+). * A maximum of two ""bad"" West teams can enter the lottery. * **The Result:** If LAC miss the playoffs, they are guaranteed to be the 1st or 2nd team in the ""Play-In Loser"" line, locking them into the 11th or 12th best lottery odds. * **Important Note:** This does **NOT** mean that Clippers cannot get the 13th or 14th pick, only that they can't have the 13th or 14th best odds... although its nearly impossible to get the 14th pick.   ---  ### The 6.25% Tiebreaker The Western Play-In bracket has 8 outcomes ($12.5\%$ chance each). Whenever two teams with identical records (LAC and POR) land in the same ""tier""—meaning they either **both miss** the playoffs or **both make** the playoffs—the NBA uses a coin flip to split that $12.5\%$ path into two $6.25\%$ sub-scenarios. * **Lottery Tier:** If both miss, they flip for 11th best odds vs. 12th best odds. * **Playoff Tier:** If both make it, they flip for the 15th pick vs. 16th pick."
2026-04-13 23:21:31,Best case scenario is we play the Warriors round 1.
2026-04-13 23:25:05,"SGA was picked at 11, so that would be a nice pick."
2026-04-14 00:19:34,I predict we win pick #2 and take Cam Boozer.     Presti might even consider trading down to #3 if he  knows the team behind him wants Peterson.
2026-04-14 00:36:21,Messed around on my phone with Claude and built this which models all the scenarios with implied odds from Vegas.   https://thabounceisback.github.io/thunder-pick-scenarios/
2026-04-14 02:06:38,Oh my god are we the only franchise in history to make the finals with a negative net rating 😂😂😂   AND WE DID IT TWICE LMAO
2026-04-14 03:44:31,NBA Conference Winner Bets and Picks Discussion NBA Conference Winner Betting Picks and Odds Discussion  Eastern Conference Winner Odds  | Team | Odds | |------|------| | Boston Celtics | +155 | | Cleveland Cavaliers | +330 | | New York Knicks | +450 | | Detroit Pistons | +500 | | Atlanta Hawks | +2500 | | Toronto Raptors | +4000 | | Philadelphia 76ers | +4500 | | Charlotte Hornets | +4500 | | Orlando Magic | +6000 | | Miami Heat | +15000 |  Western Conference Winner Odds  | Team | Odds | |------|------| | Oklahoma City Thunder | -160 | | San Antonio Spurs | +330 | | Denver Nuggets | +500 | | Houston Rockets | +2500 | | Minnesota Timberwolves | +4000 | | Los Angeles Lakers | +9000 | | Phoenix Suns | +25000 | | LA Clippers | +30000 | | Golden State Warriors | +40000 | | Portland Trail Blazers | +70000 |
2026-04-14 03:47:56,Playoffs Okay guys this will be my first OKc playoff experience I had a question about the shirts on the seats. Is it every seat in the arena? Are the sizes random or like every shirt is the same size?
2026-04-14 05:44:42,"It's a good fix for tanking, but it loses sight of the purpose of the draft - giving poor teams the top young players to improve parity.  Don't agree with your listing of champs with top picks (at least if I understand the point you're making). It's pretty clear NBA teams believe a top pick gives them a lot of upside - and rightfully so. To win a championship, you need a top-five player (+ other pieces). The cheapest way to get a superstar is through the draft (which is even more important now given the death of free agency)."
2026-04-14 07:11:16,People aren't gonna like it but Celtics is the only way for the odds. If they were fully healthy the whole year and putting up fully healthy type stats they'd be minus money to win the east and have competitive odds to beat any team in the west including OKC. They're fully healthy now and will be putting up those same stats but their yearlong stats don't look as good because they weren't healthy for most of the year - causing them to be undervalued now.
2026-04-14 08:47:14,"I really want to get involved in the East but im not sure how.  I think Boston is a lot weaker than people think. Tatum has only been playing for a month, their bigs are a lot worse than usual with Queta/Garza/Vuc instead of KP/Horford, and Derrick White has been shooting like shit. The depth is what has kept this team afloat and with tighter rotations in the playoffs I think the flaws of this team show more. Fading Mazulla is scary but talent is what prevails in the playoffs.  I don't want any part of the Pistons, their scoring outside of Cade is pretty suspect especially if Duren gets bullied during more physical games. Relying too much on Duncan Robinson and Tobias Harris, also I will never back a Bickerstaff lead team in the playoffs.  Cleveland is interesting, Harden and Dmitch have been playing great together, but I have a really hard time trusting Allen/Mobley since every year they get dominated by random bigs because they just aren't physical, also they've had a lot of injuries and their full lineup hasn't played much together.  New York is where I think I want to get involved, I don't see a real weakness. I think Mike Brown was a scapegoat in Sacramento, and Thibs was outcoached in every series so thats an upgrade. I think this team is better than last year but the odds flipped on its head. I honestly think this team is better than Boston and would have homecourt over Cleveland if they beat the Pistons assuming all the favorites win."
2026-04-14 13:34:25,"[OC] Playoff risers and fallers by game score, 2023-2025 The playoffs are finally upon us! Folks love to talk about who elevates their game under pressure and who shrinks in the limelight, so I thought I'd put together some visualizations for the last three seasons that illustrate this.  [2022-2023 season](https://imgur.com/1GPvQL2)  [2023-2024 season](https://imgur.com/b1pRlgE)  [2024-2025 season](https://imgur.com/9pWYcGK)  The figures show the difference between a player's average game score during the playoffs and during the regular season. I used game score\* as a simple catch-all metric; no doubt people will chime in about why that was a terrible choice, but since I'm looking at the *difference* between the regular season and playoffs for individual players, I feel like the results would be pretty similar for other catch-all metrics. I also used a minimum of 75 playoff FGA to filter out low-volume bench players; there's nothing special about the choice of 75, but it seemed reasonable to me.   Some takeaways of mine:  * Damn, I miss seeing Giannis in the postseason. * Jamal Murray's championship run may be underrated. Impressive what he achieved on such high volume. * Interesting how few Celtics and Thunder players show up. I guess that speaks to the consistency of their players.  Analysis and visualization was done in R, with stats downloaded from [Kaggle](https://www.kaggle.com/datasets/eoinamoore/historical-nba-data-and-player-box-scores/) via the awesome dataset assembled by /u/[Low-Assistance-325](https://www.reddit.com/user/Low-Assistance-325/).  \*Game score is a metric that combines raw box score production into a single number. It is calculated as points + 0.4(field goals made) - 0.7(field goals attempted) - 0.4(free throws attempted - made) + 0.7(offensive rebounds) + 0.3(defensive rebounds) + steals + 0.7(assists) + 0.7(blocks) - 0.4(personal fouls) - turnovers."
2026-04-14 14:25:47,"Yeah, last year we really missed that bench spark from Aaron Wiggins. I genuinely don’t see Wiggins getting playing time this playoff run. Will be interesting to see what happens after this season, whether Presti leverages his contract into a trade or rides it out since it’s still a solid deal."
2026-04-14 14:26:39,"Since the 2019 Toronto Raptors Championship, the NBA has seen a unique champion every year... will this random trend continue? It's the morning of the Play-In games, so the NBA playoffs are about to begin! I bring you this weird trend that is currently tickling my brain a lot recently.  Historically, the NBA sees eras with dominant teams either winning championships or participating in the Finals, resulting in many of such eras defined by teams that win a lot (MJ Bulls in the 90s, Warriors 2015, 2017-2018) or teams that stay competitive winning with championships sprinkled in between (Spurs during the 00s, Lakers/Celtics trading championships in the 80s). However this current era we've been watching has been defined by parity, many teams poised to form dynasties, but failing to repeat a second championship run.  |Year|Champion|Runner-Up| |-:|:-|:-| |2025|Oklahoma City Thunder|Indiana Pacers| |2024|Boston Celtics|Dallas Mavericks| |2023|Denver Nuggets|Miami Heat| |2022|Golden State Warriors|Boston Celtics| |2021|Milwaukee Bucks|Phoenix Suns| |2020|Los Angeles Lakers|Miami Heat| |2019|Toronto Raptors|Golden State Warriors|   Provided by [Basketball-Reference.com](https://www.sports-reference.com/sharing.html?utm_source=direct&amp;utm_medium=Share&amp;utm_campaign=ShareTool): [View Original Table](https://www.basketball-reference.com/playoffs/?sr&amp;utm_source=direct&amp;utm_medium=Share&amp;utm_campaign=ShareTool#champions_index) Generated 4/14/2026.  Such diversity in champions hasn't been seen since the 1970s, with 8 unique teams winning championships. But that era seems to be regarded as an era with talent being too rapidly spread out between a rapidly expanding NBA, resulting in the lack of truly dominant teams.  However I think the current landscape of the NBA has a plethora of talent, with almost every team having strong players to build around and be excited about. So with the playoffs dawning on us, let me ask you guys  1. Why has there been no repeat champion in the past 7 years?  2. Out of the previous champions, who might be most likely to buck the trend? (Out of all previous champions, only the Bucks are absent in this year's playoffs, although the Warriors are also unlikely...)  3. Hypothetically, how many more unique champions can we see this decade?  Mathematically, the likelihood of the trend holding up will decrease every year, but it would be very fun to have a different team win the championship every year and have the playoffs be a tightly contested affair every time."
2026-04-14 14:28:11,"Thunder are clearly the favorites, we'll see if Spurs or any other teams have anything to say"
2026-04-14 14:28:29,"Logic tells me no, but my heart is telling me okc doesn’t even make the finals   I truly believe San Antonio or Denver are coming out of the west, and in the east it’ll be Boston or NY   For basketball purists, any combination of Denver/SA/boston/NY finals actually would be sick"
2026-04-14 14:30:17,Hornets will win and Titty Salaun will be the FMVP
2026-04-14 14:30:39,"I can’t understand people being so confident in saying that the trend will be broken this year. Every team on this list except for the Raptors, was expected to repeat."
2026-04-14 14:31:05,"If somehow the Raptors don’t make it to the finals this year, then I’ll root for whichever team hasn’t won it yet to keep the era going"
2026-04-14 14:33:37,"More strange is the second round curse. No defending champion has made it out of second round since 2019, including one of the biggest upsets of the last decade in 2025 Celtics Knicks"
2026-04-14 14:34:16,"If I am betting man, I will take the OKC Thunder over the field.  But as a basketball fan, I prefer a new champion each year. Preferably teams who have yet to win one or not won in a title in long time like the Suns, Wolves, Knicks, Hawks or Pistons."
2026-04-14 14:46:10,"ESPN Must really want the Spurs to win the championship. Because they just predicted them to beat the Nuggets, Thunder and Celtics for it.😃"
2026-04-14 14:49:48,"who cares espn is nothing but engagement bait and it’s been that way for some time now. We are the defending champs with the mvp on our side, i like our odds against anybody.  Thunder up⚡️"
2026-04-14 14:53:39,"3 of the top 6 or so contenders are the last 3 champs. I’d put Spurs, Pistons, Knicks up there, with Cavs &amp; Timberwolves as dark horses. So a high chance of a repeat but not guaranteed.  Also side note, Timberwolves would likely need to go through Nuggets, Spurs, Thunder, winner of the East.  That’s about as hard as a championship run as it could get"
2026-04-14 14:55:31,"As a fan of the reigning champions that have been spoken of as a potential dynasty, I think the NBA is better when the most teams think they have a shot to win every year.  It's one of many reasons why the NFL kicks the NBA's ass, every season I would say about 20 NFL fanbases can reasonably talk themselves into being contenders.  That said, this little parity-parade dies this year.  TTFU"
2026-04-14 14:58:09,Its not really a random trend. The rules and cap space framework is build to encourage diversity at the top and limit potential dynasties. That being said a returning champion could still happen and the thunder have good chances imo.
2026-04-14 15:07:22,"That is one writer's prediction.   The Spurs are very talented, but it would be very unusual for a team with almost no playoff experience to win it all on their first trip to the postseason.   Their top 7 scorers have played in a total of 7 playoff games, all De'Aaron Fox."
2026-04-14 15:22:03,It doesn’t mean anything nor do I really care. but I don’t understand the narrative that the last two years we were too young and untested to win it all.   Now all the sudden they’re all predicting the young untested Spurs to win it all in their first postseason???
2026-04-14 15:38:46,"Espn predicted the clippers to be 4th in the west, cavs 1 seed, Orlando top 3 in the east and the celtics/spurs to be play in teams. They are there solely for entertainment and talking purposes. You can find a random guy on the street and he will have a more accurate prediction of what will happen."
2026-04-14 15:41:15,"I enjoy watching from the nosebleeds myself lol and I never leave a game early because the energy is always amazing in that house. All the floor seating is top tier imo, caught a shirt during a regular season game down there, but super pricey during playoffs.   Thunder Up! I hope you have a great time, give yourself about 30 min at least before game start to get settled and grab your merch/food."
2026-04-14 16:07:20,"On CBS Sports, 4 picked OKC, 1 SAS and 1 DEN   https://www.cbssports.com/nba/news/2026-nba-playoff-predictions-expert-picks-bracket-nba-finals/"
2026-04-14 16:43:04,This r/nba commentor has nothing better to do with his life than to hate on Thunder and SGA. It shows how emotionally vulnerable some of these Jokic fans are. At a certain point I just sit there and laugh. Imagine being so pissed off about a sports team that you spend half of your waking day making Reddit comments about it. Projection much?
2026-04-14 17:03:41,r/thunder poster has nothing better to do then scroll through some guys comments and make a whole post complaining about it. Shows how emotionally vulnerable some of these Thunder fans are.  r/thunder commenter has nothing better to do then make snappy comments at people whining about other Redditors while simultaneously doing the same thing. The irony is not lost on this commenter. It shows that the commenter really needs to get back to work.
2026-04-14 17:43:42,"The other trend is that it alternates between historic powerhouses and historic underachievers.  2019: Raptors win their first ever championship.  2020: Lakers win their 17th championship  2021: Bucks win their first championship since 1971.  2022: Warriors win their fourth title in ten years.  2023: Nuggets win their first championship since joining the NBA.  2024: Celtics win their 18th championship.  2025: Thunder win their first championship since leaving Seattle.  That means that not only will this year’s champion not be one of the teams above, but it will be a team that is a frequent flyer in the finals.  By the first rule, we’re left Clippers, Trailblazers, Rockets, TWolves, Spurs, Suns, Pistons, Heat, Hornets, Cavs, Knicks, Hawks, Magic, and 76ers.  However by the second rule, that really only leaves the Spurs. Maybe the Heat since they’ve won three in the last twenty years.  So congratulations Spurs for winning the 2026 NBA Finals."
2026-04-14 17:51:25,"With the NBA playoffs starting, recalling last year’s finals. The Thunder changed their starting 5 for the first time all playoffs. But why? With the NBA playoffs starting, recalling last year’s finals. The Thunder changed their starting 5 for the first time all playoffs. But why?  The starting 5 of SGA-Dort-JDub-Chet-Hartenstein struggled against Denver but beat Memphis and Minnesota with ease.   However, in the finals, from games 1-3 Mark Daigneault chose to bench Hartenstein and instead start Cason Wallace. What was the reasoning behind this? Note that OKC went 1-2 in those games, went back to their original starting 5 and went 3-1 rest of the way to win the finals in game 7.  The double-big lineup was dominant the playoffs, but I still don’t understand the reasoning behind benching them the first few games of the finals."
2026-04-14 17:56:13,The main worries for OKC with hartenstein in that series was how he would be able to keep up with the pacers pace. Based off their matchups against the Pacers in the regular season the double big lineups weren’t as effective and the thunders most effective lineups were Chet at the 5.
2026-04-14 17:57:14,"idk they must have thought with Indianas pace of play and multiple attack points, they wanted more perimeter defense. But imo Hartenstein is integral to their style of play and makes such an impact with his rebounding and screening.  He is the piece that prevents teams from being able to beat OKC with physicality and interior presence. That's what Dallas had that knocked them out in 2024."
2026-04-14 17:58:22,"The double big lineup was dogshit  Chet at 4 is playing him out of position and Hartenstein offers literally no offensive threat, especially when the softass floater isnt working"
2026-04-14 18:01:29,"Through the first three rounds of the playoffs, OKC had a +3.8 net rating with Chet and Hartenstein both on the floor (201 minutes) and a +19.3 net rating with Chet on and Hartenstein off (272 minutes)."
2026-04-14 18:02:48,That starting lineup has terrible spacing + they wanted Chet at the 5 and faster defenders
2026-04-14 18:07:25,"I could be misremembering, but the Thunder jumped out to semi big leads in all of those games, so the starting lineup change wasn't the problem."
2026-04-14 18:07:52,Pacers weren’t big instead they had a lot of pace. Looking to take advantage of an unorganized defense every time their opponents missed or even when they scored. Wallace or Caruso were better suited foe that than Hartenstein. Although you could argue OKC could try to bully them with their height starting Hartenstein.
2026-04-14 18:11:51,It was because the pacers liked to run and playing both he and Chet together was a detriment to the team the best lineups had 1 or the other and then defenders to try to reduce the amount of shots they gave up on the perimeter
2026-04-14 18:12:10,"The idea was to match the Pacers' fast-pace play, and also disallow the Pacers to switch onto anyone on the perimeter. Hartenstein is an excellent rebounder but slower and not a perimeter defender compared to the guards and wings of both teams.  Ironically the Thunder lost game 1 where Hartenstein came off the bench, and won game 4 when Hartenstein started, even though both those wins and losses were not because of the lineup. Wallace in game 1 was the right move and Hartenstein in game 4 was the wrong move."
2026-04-14 18:23:31,Hartenstein and Holmgren played 10 minutes together in the first 3 games and had a +/- of +7. They had 0 min in the first game and 5 min each in the next two.   They had 28 minutes in the last 4 games and had a +/- of 0.   I think there’s an argument to be made that having neither one on the floor for the end of game 1 was a big mistake (when the pacers out scored the thunder by 9 pts in the last 3.5 min of the game by going small and the thunder responded by also going small with neither Chet nor Hartenstein on the floor)  But overall I don’t think avoiding double big against the pacers was a bad idea.
2026-04-14 19:04:32,They said the Timberwolves was go beat us in 5 because they Been to the WCF before.
2026-04-14 19:17:42,They want Wemby to win it cuz he brings views
2026-04-14 20:53:14,"Who I'm rooting for tonight Portland!!  TLDR; For the Clippers pick, A POR over PHX win removes the 42-win POR record (same as LAC) from the lottery and avoids a coin flip with LAC,  immediately increasing the probability of landing the 11th overall pick nearly 5% (~14.5% to ~19.5%). For the 76ers pick, a POR win moves the 45-win PHX record (same as PHI) one loss away from the lottery where they would potentially lose a coin flip to PHI, ultimately making it twice as likely Philadelphia lands the 13th overall pick (~3% to ~6%)   ---   ## Some possible play-in effects:  Overall, without taking into account sportsbook odds for the Play-In tournaments, just looking at all possible scenarios, the Thunder have ~81% probability of walking away with ***at least*** one lottery pick. This still leaves ~19% that *both* the Clippers and 76ers make the playoffs and Thunder don't play the lottery at all, but there's only ~2% of the absolute worst case where LAC and PHI both make the playoffs *and lose their coin flips* (picks #16 and #18). There's also an equal ~19% that both teams fall out of the play-in, in which case the Thunder get two lottery tickets - with the most likely pair of picks being #12 and #14 (~11% chance of this overall). Of course, the absolute best case scenario is to get **both** a top 4 pick from LAC and #14 from PHI (only ~1%); but hey, the ~6% of at least an LAC top 4 is still better than the absolute worst-case.   # More  on the current possibilities for 76ers Pick  With the 76ers having to lose twice to miss the playoffs, it's very likely their pick is outside the lottery (75% of East Play-in scenarios have this result), with picks 18th (~34%), 17th (~28%), and 16th (12.5%) being the most likely spots outside the lottery; the 15th pick is impossible. If the 76ers do happen to lose twice, the most likely pick to land in the lottery is the last one at 14 (~21%), with a small chance at 13 (~3%); picks 1–12 from the 76ers are impossible regardless how the Play-in shakes out.  # More on the Clippers Pick  Breakdown [here](https://www.reddit.com/r/Thunder/comments/1skr1q5/comment/og4mx89/)"
2026-04-14 21:28:33,"In the last 10 regular seasons, the Lakers have started 94 different players, the most in the league. The Nuggets have only started 54 players, the fewest in the league. The Lakers have started 94 unique players since the 2016-17 season (regular season only). The 76ers, Nets, and Grizzlies are the other teams to start 90+ players over these 10 seasons.   The Nuggets, Spurs, and Timberwolves are the only teams to start less than 60 players.  |Team|\# Players| |:-|:-| |Los Angeles Lakers|94| |Philadelphia 76ers|93| |Brooklyn Nets|92| |Memphis Grizzlies|92| |Washington Wizards|85| |Atlanta Hawks|84| |Detroit Pistons|84| |Portland Trail Blazers|81| |Cleveland Cavaliers|79| |Dallas Mavericks|79| |New Orleans Pelicans|79| |Phoenix Suns|79| |Utah Jazz|79| |Toronto Raptors|78| |Los Angeles Clippers|77| |Chicago Bulls|76| |Indiana Pacers|76| |Sacramento Kings|76| |Houston Rockets|75| |New York Knicks|73| |Oklahoma City Thunder|73| |Milwaukee Bucks|72| |Golden State Warriors|70| |Miami Heat|67| |Boston Celtics|66| |Charlotte Hornets|62| |Orlando Magic|62| |Minnesota Timberwolves|59| |San Antonio Spurs|57| |Denver Nuggets|54|  There is definitely a correlation to where teams who won more games over the past 10 years have started fewer players, but there are some odd outliers like Orlando and Charlotte who have been bad, but have started few players, or the Lakers who have been above average, but have started the most players.  Interestingly, the Raptors and Lakers are the only teams who have won a championship in this span that aren't in the bottom 10 of this metric.  Source: Stathead"
2026-04-14 21:31:50,So we’re due for a championship?
2026-04-14 21:35:23,"That's what happens when you win a championship and decide that instead of running it back and getting reinforcements, you get rid of players like Caruso and completely remake your team. Then when that doesn't work out you use free agency to try to fix that, because that's what the Lakers have always done. But every year Rob pelinka chooses players like THT and Ayton, and every off-season we are wondering what they will do the next season"
2026-04-14 21:36:10,Jokic has had a great supporting cast with chemistry for years but has underperformed relative to expectations clinching one of the easiest rings. For a 3x mvp he’s definitely underperformed in the playoffs majorly.
2026-04-14 22:44:25,That tracks. We changed out the team 4 times essentially since then. And then the normal ancillary players that every team goes through. The young core to the championship team to the Westbrook era bums to the Doncic team.
2026-04-14 23:13:04,I want Portland to win tonight and The Suns to clinch the 8 seed on Thursday. The sole reason is that I’ll be in Phoenix when game 3 and 4 are going on and would love to attend a road playoff game and support our boys!!
2026-04-15 00:53:07,If Suns win tonight and the Blazers beat the winner of the GSW / Clippers game don't we get the exact same lottery result anyway but instead of having to face a veteran Suns team with Booker we get to face a young and untested Blazers team?  I think we handle either team but I'd way rather the Spurs take on the Suns as they have played them tightly and might give them problems. Booker has been deep in the playoffs and has the ability to catch fire for a series. Spurs are untested and that's a great first test for them instead of going against an inexperienced Blazers squad.
2026-04-15 03:38:46,"Which Eastern Conference teams are y’all gonna be riding with during the Playoffs? Obviously it’s Thunder Up all the way till the end, but it’s fun to pick a team or 2 in the opposite conference to follow closely without being too sad about them losing.  Personally I think Charlotte and Atlanta are gonna be my two teams, Charlotte has been an interesting team this year and NAW plays for Atlanta so I’d like to see them upset the Knicks in round 1. Cleveland is another team I’d like to see make more waves, DMitch has always been a personal favorite for me."
2026-04-15 03:59:20,"I’m a big Cade fan, so Detroit. I don’t think they have the shooting to get past Boston, but stranger things have happened.   However, I live in NY now, so if we got to the finals and played in MSG, that would be sweet. I’d never afford tickets, but still awesome."
2026-04-15 04:01:46,"I like the Hornets a lot, they're super fun. If not them, then probably the Cavs so Lu Dort can lock Mitchell down like a public execution for every NBA fan to see."
2026-04-15 04:46:39,Atlanta of course and I lowkey have them making the conference finals too
2026-04-15 05:14:56,"Playoff history: Spurs - Blazers Playoff games record: SAS leads 14-6  Series record: SAS leads 3-1  Last meeting: 2014 WCSF - Spurs won 4-1  Leading scorers: LaMarcus Aldridge (POR, 21.8), Damian Lillard (POR, 19.8), Tony Parker (SAS, 18.4), Kawhi Leonard (SAS, 17.0), Nicolas Batum (POR, 14.4).  The Spurs would go on to beat the Thunder in the WCF in 6 games, and then get revenge on the Heat by beating them in 5, en route to their 5th and final title so far.  Will Wemby and co. cruise through their 1st playoff series, or can Deni and the Blazers make it tough on them?"
2026-04-15 05:21:01,"funnily enough both teams prefer this matchup. suns are a tougher matchup for the spurs and the blazers would for sure rather face the spurs than the thunder which would've happened if they were to end up as the 8th seed instead (assuming they beat the clippers/warriors). anyways, spurs in 5 lol"
2026-04-15 05:26:18,I just want to the Blazers play hard and for these young guys to get some playoff experience... Spurs are young too and hopefully the Blazers can make them sweat just a little.
2026-04-15 08:38:12,"This is going to be an interesting series. It could be a full on belt session, and probably will.  But here's an alternate version for the Blazers Optimists such as myself. There are opportunities here for the Blazers. One of Deni's most powerful attacks isn't just his drive, it's his drive and kick. Assuming Wemby ends up with a lot of responsibility there means he's either picking up fouls, or tight defense is pushing him deep into the paint, creating imbalances in the defense and holes on the outside. I honestly don't think Deni cares if he gets his own points or if someone else is getting buckets. He wants the team to win. So if our 3 is falling, it's absolutely possible for us to take some games.  Also there's a non-zero chance that Toumani and Matisse Thybulle can cut off the head of the snake. Matisse is disruptive in a way that no other active player in the NBA is, and he's finally healthy and Toumani is absolutely outrageous."
2026-04-15 15:33:09,"Hornets are fun as hell and would make some comparatively affordable finals ticket prices. Detroit is sick too, I’d toss up between them and NYK for enjoyment, or Boston for media hate"
2026-04-15 15:46:32,Cleveland is my dream finals but they have James harden so it'll never happen. Would love Detroit since they're closer to me and would be facing okc 2.0
2026-04-15 16:38:42,"My prediction for the last three years has been Thunder-Celtics finals and the last two years one of the teams has fumbled in the second round so I would really like to see this season’s predictions be correct.   From a strictly entertainment standpoint: I would like to see the series play out as Clippers, Lakers, Spurs, and Celtics. The Spurs/Thunder matchup better not be a Lakers/Clippers situation where we hype it up so much just for it to never happen"
2026-04-15 19:48:11,Thunder Pistons finals will feed families
2026-04-15 20:18:12,i like to see Hornets Vs OKC
2026-04-15 20:20:32,same espn who think the suns will the finals
2026-04-15 21:09:54,I’m a Thunder fan living in Charlotte. I need the Hornets to goto The Finals!
2026-04-15 21:43:35,"Cavs playoff discourse I’ve never seen a meme determine outside fan bases decision on a team as much as “the lights were too bright”.   When you actually analyze the Donovan Mitchell Cavilers playoff success the truth it boils down to injuries and luck.   Let’s start by analyzing Cavs vs Knicks. A four vs five seed matchup in 2023. The Cavs starting lineup of:  Darius Garland - age 23 - zero playoff experience   Donovan Mitchell - playoff caliber player. He was actually battling an injury in this series.   Issac Okoro - 21 years old - zero playoff experience   Evan Mobley - 20 years old - zero playoff experience   Jarrett Allen - 24 years old - had nine games of playoff experience 8 of which were losses.   Go further and you discover that the majority of the Cavs bench rotation in this season is out of the league while the Knicks players all have had successful careers. That’s Toppin, Grimes, Ihart, Quickly, etc.   This Knicks roster was more talented than the Cavs and the majority of Cavs players were young and next to nothing in playoff experience. Yet, people from this series associate the Cavs as weak and underperforming. This moto has stuck with this team until this day.   Playoffs #2.   The Cavs again are the four seed vs the fifth seed magic. This series goes seven games with the Cavs losing Jarrett Allen to a broken rib earlier in the series. Darius Garland earlier in the year broke his jaw and was never quite the same, but was available. Cavs the next round face Boston. Leaving Boston despite the injury to Jarrett Allen the Cavs are tied 1-1. What happens the rest of the series? Donovan Mitchell is shut down with a calf injury. Caris LeVert is shut down due to injury. The Cavs get gentlemen swept by the eventual champions.   Playoffs #3:  The Cavs finally look like they are a powerhouse. This is basically the only series where the quote on quote “soft” allegations could be rightfully applied. They sweep through the Miami heat in historic net rating fashion, but here we go again. Darius Garland hurts his toe in game 2 of the series. He eventually in the offseason needs surgery on this toe. Cavs move on to face the pacers. Darius Garland the engine of the offense does not play games 1-2 and looks about 35% of himself in games 3,4,5. Evan Mobley gets injured and sits out game 2. Deandre hunter gets injured and sits out game 2. Mitchell hurts his calf in game three based on the absurd load he needs to carry. The Cavs lose to the places 4-1 in a gentlemen’s sweep. A healthy Knicks loses to the pacers in 6. The pacers go on to push the thunder to a game seven a debatable win the series if Haliburton doesn’t go down.   So you have inexperience then a loss to a finals winner in round two and a loss to a near champion in round 2.   So why is it after actually Analyzing these losses that Cleveland is “soft” or “not built for the playoffs” my conclusion is that’s it’s the meme. That’s why."
2026-04-15 21:45:58,"Cavs playoff discourse I’ve never seen a meme determine outside fan bases decision on a team as much as “the lights were too bright”.  When you actually analyze the Donovan Mitchell Cavilers playoff success the truth it boils down to injuries and luck.  Let’s start by analyzing Cavs vs Knicks. A four vs five seed matchup in 2023. The Cavs starting lineup of:  Darius Garland - age 23 - zero playoff experience  Donovan Mitchell - playoff caliber player. He was actually battling an injury in this series.  Issac Okoro - 21 years old - zero playoff experience  Evan Mobley - 20 years old - zero playoff experience  Jarrett Allen - 24 years old - had nine games of playoff experience 8 of which were losses.  Go further and you discover that the majority of the Cavs bench rotation in this season is out of the league while the Knicks players all have had successful careers. That’s Toppin, Grimes, Ihart, Quickly, etc.  This Knicks roster was more talented than the Cavs and the majority of Cavs players were young and next to nothing in playoff experience. Yet, people from this series associate the Cavs as weak and underperforming. This moto has stuck with this team until this day.  Playoffs #2.  The Cavs again are the four seed vs the fifth seed magic. This series goes seven games with the Cavs losing Jarrett Allen to a broken rib earlier in the series. Darius Garland earlier in the year broke his jaw and was never quite the same, but was available. Cavs the next round face Boston. Leaving Boston despite the injury to Jarrett Allen the Cavs are tied 1-1. What happens the rest of the series? Donovan Mitchell is shut down with a calf injury. Caris LeVert is shut down due to injury. The Cavs get gentlemen swept by the eventual champions.  Playoffs #3:  The Cavs finally look like they are a powerhouse. This is basically the only series where the quote on quote “soft” allegations could be rightfully applied. They sweep through the Miami heat in historic net rating fashion, but here we go again. Darius Garland hurts his toe in game 2 of the series. He eventually in the offseason needs surgery on this toe. Cavs move on to face the pacers. Darius Garland the engine of the offense does not play games 1-2 and looks about 35% of himself in games 3,4,5. Evan Mobley gets injured and sits out game 2. Deandre hunter gets injured and sits out game 2. Mitchell hurts his calf in game three based on the absurd load he needs to carry. The Cavs lose to the places 4-1 in a gentlemen’s sweep. A healthy Knicks loses to the pacers in 6. The pacers go on to push the thunder to a game seven a debatable win the series if Haliburton doesn’t go down.  So you have inexperience then a loss to a finals winner in round two and a loss to a near champion in round 2.  So why is it after actually Analyzing these losses that Cleveland is “soft” or “not built for the playoffs” my conclusion is that’s it’s the meme. That’s why."
2026-04-15 21:56:20,If you actually watch the games you’ll understand why. It’s not wins and losses. It’s how they play. Mobley and to an extent Allen just get manhandled. Mobley can’t overpower a toddler and constantly gets the ball stolen from him and out rebounded. There’s just a consistent lack of hustle from everyone on the core team. Hoping some new guys can help but I’m so down on this years squad. Mobley has just been a disappointment all year
2026-04-15 21:59:41,"Cavs have had 4 all-stars in their prime and 1 all-star not in his prime but still a very high level player in Harden. 4  of those 5 have played together at any given time.  Despite this, the only team they've looked convincing against in the playoffs was the Heat in the 1st round last season, a frankly awful team.  Making just the 2nd round really isn't good enough for the talent they have and honestly its been a theme of Mitchell's career, having played with 6 total all-stars, 4 of which were all-stars with him, some being high tier all-stars like Mobley, Gobert and now Harden."
2026-04-15 22:04:32,They’re a team of posers who get exposed every postseason. Mobley/Garland have never been at the level of Brown/Bam/Siakam/Middleton both skill and attitude wise to make a run even when Mitchell is on fire
2026-04-15 22:06:13,They are getting written off too easy imo as well. Maybe finally the year Harden gets back to the finals after so long.
2026-04-15 22:12:40,Who says they’re still viewed as a team that’s “not built for the playoffs”?  Three different sites I’ve looking at right now are all giving them the 2nd best odds to make the finals in the East after Boston. I think most people view them as a contender
2026-04-15 22:44:59,"""The Thunder have earned a favorable path to the Finals this year"" Ok?? We're the #1 seed. ""The Thunder have earned a favorable path this year following the end of Reg. Season results,"" or something close to that headline. Shouldn't they have the most favorable in the West along with homecourt? I know, bc of injuries or something else, the 3rd best may slide to 4 or 5, but most of the time, its 1, 2 and 3.  We'll play the Suns, GS, or LAC the first, then Lakers or Rockets the 2nd, then the winner of the #6 or #3 seed, or the #2 and #7 seed, if they dont get knocked. Which I personally think it'll be Nuggets/Thunder in the WCF. What am I missing here? We obviously cant play both the #2 or the #3 bc of the bracket setup, which would also be just a stupid way to set it up. Did it surprise anyone that the 2 and 3 ended up being Spurs and Jokic? Were the best 3, hands down.  It just sounds like they're trying to create this ""We had an easy path narrative, so its not surprising were in the Finals"" narrative. I know weve been the heavy favorite, but now this headline is everywhere. Can someone help me understand their logic? Maybe Im missing something. Because its not one site saying this, its many. Thanks.  EDIT: My bad, guess someone made a QSP about this a couple days ago, don't get on much anymore, didnt read. my bad for repeating  2nd edit: Now I remember why I never get on here anymore, just fellow fans attacking other fans for jack shit lol. I literally asked a question, if I was missing something. Then some posters tried to define ""earn"" for me. Lmao. Some headlines said recieved, some said got, secured, the most favorable matchup, which is a ""given"" (a word i just learned) if youre the #1 seed. They act like its the same headline as saying, ,""The Thunder have the #1 seed."" If that was the case, why are so many sites repeating what the world knows? Maybe bc it has a different meaning! Theyre saying we lucked out because we dont have to play the Nugs AND the Spurs. Which is pretty dumb, unless Im missing something. Anyway, wish this thread was what it used to be. Take it easy Thunder fans."
2026-04-15 22:47:32,We should get the easiest path and we do. We didn’t duck anyone and earned the right to the easiest path. That’s what the 1 seed is. The rest is just people crying. If the spurs or nuggets are good enough to get to us they will get their shot.
2026-04-15 22:59:20,The chodes will cry about anything OKC does #MuhSuperSonics
2026-04-15 23:10:40,"What's wrong with this headline? The Thunder **earned** the favorable path, as in their rightfully got it due to their merit because they busted their ass all season and got the 1 seed."
2026-04-15 23:10:45,That’s the whole point lmao  You’ve got to work hard to get that #1 spot so you get rewarded with an easier path
2026-04-15 23:15:15,"I’m really struggling on how you twisted yourself into being offended by this. We did earn an easy path. Keyword, earn."
2026-04-15 23:45:45,&gt; a near champion   That's fucking hilarious! Knicks haven't been a near champion since 1999.
2026-04-15 23:46:28,"Anyone who's been using this to discredit a potential finals win is just further proving the team's greatness. They're right, we EARNED the path we got by EARNING the #1 seed."
2026-04-15 23:56:42,The first two series called out here were coached by JB who is allergic to playoff adjustments so we’ll see presuming both make it to round 2  The Pacers last year were just so good and also just kept beating the Cavs bad all season not just in that series
2026-04-16 00:09:54,Hawks vs Detroit East Finals Watch
2026-04-16 00:15:05,"The thing with the Cavs is they’ve been slightly overrated due to certain expectations they haven’t or hadn’t met. But this is the first season they’re properly rated. When they got Donovan Mitchell people were expecting Garland to become an elite level guard after becoming an Allstar, and were expecting Mobley to become a modern KG. The assumption was they were going to develop into a superstar team but it just never turned out that way. Mobley and Garland’s development never really progressed, and it still hasn’t. Now they have Harden in Garlands place who’s old but also a historic playoff underachiever. So many expectations then to underachieve again. Injuries are part of it but when guys were available only Mitchell really showed up consistently. It’s also roster construction too the only elite defensive player they have is Mobley, while the Knicks have 4 elite defensive players for example. I think they’re missing a legit scoring defensive wing player, and a scoring guard that can take the pressure off Mitchell but also isn’t too weak defensively."
2026-04-16 00:30:32,"We should get the easiest path as the 1 seed.   Thing is it seems easier than expected this season or even what one might expect for a 1 seed on avg.  The current 3 best teams (excluding OKC) Timberwolves, Nuggets,  Spurs are in the other bracket - you would normally only expect 2/3 of the other best teams to be in the other bracket, as it's rare(probably) for the 4th best not to be the 4th or 5th seed.  So the second round potential matchup seems remarkable easy for a second round. The Lakers is.... No longer a playoff caliber team and the Rockets are declining and looking more like a 7-8 seed than a 5 seed.  So the path to the conference final seems easier than one might expect of the avg. path. That said the conference final is every bid as hard if not harder than the avg. Conference final, assuming either Spurs or Nuggets make it. That is, assuming that their comparatively way harder second round don't completely deplete the winner."
2026-04-16 04:46:49,"After the Clippers Choke vs the Warriors in the 4th, The OKC thunder has a Lottery pick in the loaded 2026 NBA Draft. After the Clippers Choke vs the Warriors in the 4th, The OKC thunder has a Lottery pick in the loaded 2026 NBA Draft. The 42-40 clippers will officially for now have the 12th worst odds in the NBA draft.. This is crazy to hand the thunder a lottery pick in this year’s draft..  The draft odds could be 11th worst if warriors advance to the playoffs..  ALL TIME BAD TRADE GETS EVEN WORSE LOOL"
2026-04-16 04:47:09,Thunder about to get Dybantsa league is so fucked
2026-04-16 04:48:58,Congrats clippers! OKC has a real chance at a top 4 draft pick!
2026-04-16 04:49:44,"Clippers have given 2 lottery picks to OKC now.  Embarrassing franchise, should move them to San Diego.   All that just for playoff P to hit the backboard in an elimination game"
2026-04-16 04:50:23,"If the Thunder get a top 4 pick, I might have to watch and learn the rules of lacrosse or cricket"
2026-04-16 04:50:42,"THE LOS ANGELES CLIPPERS HAVE BEEN ELIMINATED FROM CHAMPIONSHIP CONTENTION With the play-in loss tonight to the Warriors, the Clippers are officially eliminated from the 2026 postseason.  They enter an offseason in flux, with major questions around their core moving forward and without their 1st round draft pick, which will be conveyed to the Thunder.  Fade 'em"
2026-04-16 04:51:09,"With the first pick in the 2026 nba draft, the Oklahoma City Thunder selects...."
2026-04-16 04:51:16,Their championship Aspirations will have to wait another year
2026-04-16 04:51:20,"Imagine being Ballmer selling a decade of your franchise for Kawhi and accomplishing nothing but giving OKC their dynasty.      I'd say I felt sorry for him, but screw billionaires."
2026-04-16 04:51:47,Doing all that winning in the later half of the season only to still give OKC a lottery pick 😭 such a fitting end
2026-04-16 04:52:55,Imagine having to cheat the system just to arrive at this failure of a season. Sweet vindication to have the front office who circumvented the cap to trade away the league MVP for this disappointing Kawhi era.  Good riddance Ballmer
2026-04-16 04:58:26,Man that SGA trade is STILL fucking them like this?!
2026-04-16 04:59:49,I hope it’s the best pick possible for the Thunder. Might as well drag everyone else down with us.
2026-04-16 06:08:10,"It’s theoretically possible for the Thunder to get the #1, #9, and #18 picks in the upcoming draft while being back to back NBA champions. With the Clippers losing tonight and officially entering the lottery the Thunder now officially have a chance at the #1 pick.   Additionally if the Jazz’ pick drops to #9 they could potentially have 3 first round picks, none of them being their own.   While the odds of this are very unlikely, 0.009% it’s theoretically possible.   All while coming off a championship last year and being the current favorite for this year’s title.   Sam Presti is a wizard."
2026-04-16 06:11:50,"the league deserves it for not taking draft picks seriously, trading talent away for temporary superstars and not developing winning cultures. Thunder in 5"
2026-04-16 06:14:48,Okc might 3 peat at least 💀
2026-04-16 06:19:42,It would be insane if OKC ended up drafting Dybantsa.
2026-04-16 06:23:21,It's also theoretically possible the Warriors win five of their next eight games and OKC is in Cancun dreaming about those lottery balls.
2026-04-16 06:28:06,But what do they do with that? They will be cap maxxed so they gut their role players and have the Chet sga jdub + rookies and vet mins?
2026-04-16 06:30:22,"What Kawhi and the Clippers have aspired to in L.A. is a legacy of failure for a half decade and counting It cannot be overstated how little the Clippers have to show for the most recent iteration of the little brother of L.A. centered around Kawhi.  2019/20:  **Second round exit**; Blew a 3-1 lead in the 2nd round to the Denver Nuggets in the Bubble after trading a haul for Paul George.  This is the 2nd time this franchise blew a 3-1 lead and it was the direct result of its stars playing well below their standards.  The good news is  they fired the coach who saw both chokes in Doctor ""Glenn"" Rivers who would go on to fail to get the Embiid 76ers past the 2nd round.  2020/21:  The high-water mark for the franchise, their sole **Western Conference Finals** appearance; after beating a Utah Jazz team that routinely blew leads at half in 6 games they advanced to face the Chris Paul Phoenix Suns. Kawhi was absent from Game 4 onward due to an ACL tear, leaving Paul George to show up in pivotal Games 5 and 6 along with Terance Mann.  Alas, they lost to the Phoenix Suns in 6 games though it's possible they could have won if Kawhi was available.  2021/22:  **Missed the playoffs** despite a heroic effort from Paul George, the loss of Kawhi was too much to bear and they lost in the play-in to the Timberwolves ***AND*** Pelicans, gave the OKC Thunder the 12th overall pick (Used to select Jalen Williams).  2022/23:  **First round exit**; Injuries plagued the team once more as they delivered the Durant era Suns their only series win by bowing out in 5 games due to Kawhi tearing his meniscus and Paul George succumbing to a knee sprain pre-playoffs.  2023/24:  **First round exit**; the team dug themselves further into draft capital hell by trading 2 firsts (Technically 1 1st and a swap) for James Harden; Kawhi struggled in the postseason as did the new addition of James and Paul George left in the offseason after the Mavericks brushed them aside in 6 games.  2024/25:  **First round exit**; Kawhi was decent against the Denver Nuggets but James Harden once again struggled (His efficiency was dubious the entire year but he kept them afloat without Kawhi for much of the year in spite of his scoring woes) along with Norm Powell.  If not for Jokic also struggling throughout this entire postseason, this series probably wouldn't have gone to 7 games.  2025/26:  Despite a career year from Kawhi and making history after a horrendous start, they **missed the playoffs** after trading 2026 All-Star Norm Powell for John Collins, bringing in Bradley Beal on a new albatross contract &amp; alienating franchise legend Chris Paul; they are projected to give the Thunder the 12th overall pick but at least they may get a Top 5-6 pick from the Pacers, depending on who jumps and falls in the 2026 NBA Lottery as they traded away franchise center Zubac to the Pacers in one of the most surprising deals made at this season's deadline.  https://preview.redd.it/k4h5hgssrhvg1.png?width=1306&amp;format=png&amp;auto=webp&amp;s=abad48a6a480722e0843ca7c79f96da6e5172982  For those counting...  * 1 Conference Finals * 1 2nd round exit * 3 1st round exits * 2 missed postseasons * 5 first-round picks; 6 after the Harden trade    * 2 first-round pick swaps; 3 after the Harden trade * 1 future (soon-to-be) 2x MVP and NBA champion in Shai Gilgeous-Alexander * 1 alienated franchise legend * 1 largely unattended Halloween party  Yes, part of these seasonal outcomes is due to injuries but the same could be said for a lot of ""if, buts"" for teams throughout this stretch like the Nuggets missing both MPJ &amp; Murray in 2021/22 or &lt;insert year of Joel Embiid 76ers here&gt;.  Even in 2020/21, there is no guarantee they have an answer for Giannis who put on one of the best playoff performances of the past 20 years against the Suns.  This is before we even get into the dubious, cap circumventing manner that led to Kawhi signing with the Clippers.  However one rationalizes it, the Clippers attempt at contention with the dynamic duos of Paul George and Kawhi Leonard or Kawhi and Harden was a failure and it will likely be remembered as such in spite of Kawhi having arguably two of the best years of his career (2020/21 and 2025/26)."
2026-04-16 06:30:59,If the nba draft is rigged this is the best time to rig it and guarantee OKC of not getting this
2026-04-16 06:40:23,Don’t step on our toes okc…
2026-04-16 07:10:13,"Agree.  From 1999 to 2019, the Clippers or any other team could justifiably have said ""it is basically 3 teams getting out of the West every year (Lakers got out 7 times, Spurs 6, Warriors 5 of the 21), and every team has all-time top-20 players on it (Shaq / Kobe, Duncan, Nowitzki, Curry, Durant).    But since 2020 the conference has been wide open.  The last 6 West champions were the Lakers, Suns, Warriors, Nuggets, Mavs, Thunder.  The Clippers could easily have broken into that group."
2026-04-16 07:13:16,"the big problem was buying high on PG.  if they had not done that, they might have played in the Finals"
2026-04-16 07:13:34,"I got nothing but good memories from Kawhi's time here so I don't root for his failures personally. He came here and did his job at the highest level, and (according to all the players who were in the know) made it clear he was not staying from jump. IMO the tampering and cap circumventing didn't really matter when it came to us. That shit started when he was in San Antonio, he was always gonna go home to LA, and he was never gonna stay here.   Having said that, I do think he was on a super high after winning in 2019, thinking he was invincible and success would just keep following him anywhere no matter what. But he miscalculated how good he had it in Toronto and San Antonio and that championship teams don't just grow on trees. Also Ballmer can suck it, glad he can't buy himself a ring."
2026-04-16 07:14:50,You’re trying a bit too much with the title bro
2026-04-16 07:45:47,"a Raptors fan hating on Kawhi when he gave them a championship   No one stays there, don’t blame Kawhi for leaving"
2026-04-16 09:43:44,"Its hilarious they're still giving lottery picks to OKC. I hate the Clippers even more because while they tried to cheat, they failed miserably and are now the fucking feeder team for OKC. FFUUUU BALMER!"
2026-04-16 12:36:28,"I thought the narrative was Kawhi to a scrub team of the Raptors and dragged that team To a championship.   Surely in the years since leaving Toronto, Kawhi would  have won more series than he did during that single year up north?"
2026-04-16 13:02:26,They have to win to get rid of the soft label.  They should be able to handle the raps in 5 or 6. We aren’t deep enough to compete.  It will be interesting to see how much harden contributes to their wins.   The whole calves team has to step it up to go far in the playoffs
2026-04-16 14:45:53,Yeah I’m all for dismantling the Clippers and Thunder now
2026-04-16 18:07:37,"Friday PIT Hopes # I made some tables with Thunder draft pick probabilities, as well as ranking the 4 possible PIT outcomes and how they affect Thunder picks   Factoring in BetMGM Sportsbook moneylines, pick odds, and random drawings, here are some things:  * **the single most likely pick result is for the 76ers to land at 18 (58.51%)** * the Clippers pick is more likely than not to land at 12 (55.45%) * even though the 11th pick only has ~32% chance, the two most likely pairs of picks are  11/18 (25.83%) and 12/18 (25.91%)  	* **This means there's a better than 50/50 chance that Thunder end with either 11/18 or 12/18**  A GSW win would give the Thunder's lottery pick 77.6% of landing at 11, with 9.4% at the top 4. This, with an ORL win, would be **ideal for the Thunder's draft as they would have the *11th best lottery odds with a 50/50 chance at pick 17***.  **The chance of this PIT result is ~17%**, with the worst PIT result (12th best and 17/18) actually being twice as likely (**~35%**); this comes in the form of ORL and GSW losses.   # Magic and Warriors!  **So all that said, I'll be rooting for the *Magic*, and then I'll be rooting for the *Warriors.*** I can only see someone rooting for the Suns if they value 12th best odds and a ***chance*** at 16th, over simply 11th best and 18th (theres also nearly 4x better chance at 11/18). Or they're a huge Dillon Brooks fan I guess. Lol  What do we think?   ---  ### **Individual Pick Probabilities**  | Pick | Overall Probability | Primary Contributor | | :--- | :--- | :--- | | **Top 4 (Total)** | **8.12%** | Clippers Pick | | **1st** | **1.71%** | Clippers Pick | | **2nd** | **1.91%** | Clippers Pick | | **3rd** | **2.11%** | Clippers Pick | | **4th** | **2.39%** | Clippers Pick | | **5th–10th** | **0.00%** | NA | | **11th** | **32.36%** | Clippers Pick (Requires GSW Win) | | **12th** | **55.45%** | Clippers Pick (Requires PHX Win or Lottery Slide) | | **13th** | **4.08%** | Clippers Pick | | **14th** | **0.09%** | Clippers Pick | | **15th** | **0.00%** | NA | | **16th** | **7.84%** | 76ers Pick (Requires ORL/PHX Win + Drawing) | | **17th** | **33.64%** | 76ers Pick (Requires Ties/Drawings) | | **18th** | **58.51%** | 76ers Pick (Includes CHA Win Outcomes) |  ---  ### **Most Likely Pick Combinations**  | Rank | Pairing | Probability | How we get there | | :---: | :--- | :--- | :--- | | **1** | **12th &amp; 18th** | **25.91%** | Hornets/Suns win + lose coin flip (or GSW win + lottery slide) | | **2** | **11th &amp; 18th** | **25.83%** | Hornets/Warriors win + lottery holds (no slide) | | **3** | **12th &amp; 17th** | **22.78%** | Suns win + win coin flip (Scenario 4) or 3-way draw (Scenario 3) | | **4** | **12th &amp; 16th** | **6.75%** | Magic/Suns win + win 3-way drawing (Scenario 3) | | **5** | **11th &amp; 17th** | **6.53%** | Magic/Warriors win + win coin flip (Scenario 1) | | **6** | **Top 4 &amp; 18th** | **4.94%** | Landing a Top 4 pick in any universe where Philly lands at 18th | | **7** | **Top 4 &amp; 17th** | **2.61%** | Landing a Top 4 pick in any universe where Philly lands at 17th | | **8** | **13th &amp; 18th** | **1.69%** | Suns win + a team jumps the Clippers from the 13th/14th slot | | **9** | **13th &amp; 17th** | **1.69%** | Suns win + a team jumps the Clippers from the 13th/14th slot | | **10** | **Top 4 &amp; 16th** | **0.56%** | Magic/Suns win + win Top 4 lottery + win 3-way drawing | | **11** | **13th &amp; 16th** | **0.53%** | Magic/Suns win + lottery slide + win 3-way drawing | | **12** | **14th &amp; 16-18** | **0.18%** | Worst-case lottery luck (two teams jump the Clippers) |  ---  ### **Scenario 1: The Best and Least Likely Outcome**  | Thunder Rank | Probability | PIT Result | 76ers Pick | Clippers Pick | Top 4 | 1st | 2nd | 3rd | 4th | 11th | 12th | 13th | 14th | | :---: | :---: | :--- | :--- | :--- | :---: | :---: | :---: | :---: | :---: | :---: | :---: | :---: | :---: | | **1** | 16.83% | **Magic def. Hornets** (40.35%) &amp; **Warriors def. Suns** (41.70%) | **Coin flip w/ Magic (17/18)** | **11th best odds** | 9.4% (**1.58%** w/ game odds) | 2.0% (**0.34%** w/ game odds) | 2.2% (**0.37%** w/ game odds) | 2.4% (**0.40%** w/ game odds) | 2.8% (**0.47%** w/ game odds) | 77.6% (**13.06%** w/ game odds) | 12.6% (**2.12%** w/ game odds) | 0.4% (**0.07%** w/ game odds) | &lt;0.1% (**&lt;0.02%** w/ game odds) |  * **76ers Pick:** **Coin flip with Magic for 17th/18th** — The Warriors and Trail Blazers take picks 15 and 16. The 76ers and Magic both make the playoffs with tied 45-37 records, resulting in a drawing for the next two spots. * **Clippers Pick:** **11th best odds** — The 37-win Warriors make the playoffs, clearing them from the lottery and securing the 11th spot for the 42-win Clippers.  ***  ### **Scenario 2**  | Rank | Probability | PIT Result | 76ers Pick | Clippers Pick | Top 4 | 1st | 2nd | 3rd | 4th | 11th | 12th | 13th | 14th | | :---: | :---: | :--- | :--- | :--- | :---: | :---: | :---: | :---: | :---: | :---: | :---: | :---: | :---: | | **2** | 24.87% | **Hornets def. Magic** (59.65%) &amp; **Warriors def. Suns** (41.70%) | **18th Overall** | **11th best odds** | 9.4% (**2.34%**) | 2.0% (**0.50%**) | 2.2% (**0.55%**) | 2.4% (**0.60%**) | 2.8% (**0.70%**) | 77.6% (**19.30%**) | 12.6% (**3.13%**) | 0.4% (**0.10%**) | &lt;0.1% (**&lt;0.02%**) |  * **76ers Pick:** **18th Overall** — The Warriors, Trail Blazers, and Hornets all make the playoffs with worse records than the 45-win 76ers, taking picks 15, 16, and 17. The 76ers are the only remaining 45-win playoff team. * **Clippers Pick:** **11th best odds** — The 37-win Warriors make the playoffs, removing their record from the lottery pool and moving the 42-win Clippers up one spot.  ***  ### **Scenario 3**  | Rank | Probability | PIT Result | 76ers Pick | Clippers Pick | Top 4 | 1st | 2nd | 3rd | 4th | 11th | 12th | 13th | 14th | | :---: | :---: | :--- | :--- | :--- | :---: | :---: | :---: | :---: | :---: | :---: | :---: | :---: | :---: | | **3** | 23.52% | **Magic def. Hornets** (40.35%) &amp; **Suns def. Warriors** (58.30%) | **3-way drawing (16/17/18)** | **12th best odds** | 7.2% (**1.69%**) | 1.5% (**0.35%**) | 1.7% (**0.40%**) | 1.9% (**0.45%**) | 2.1% (**0.49%**) | 0% (**0%**) | 86.1% (**20.25%**) | 6.7% (**1.58%**) | 0.1% (**0.02%**) |  * **76ers Pick:** **3-way drawing with Magic &amp; Suns for 16th/17th/18th** — The Trail Blazers take the 15th pick. The 76ers, Magic, and Suns all make the playoffs with tied 45-37 records, triggering a three-team drawing. * **Clippers Pick:** **12th best odds** — The 37-win Warriors fall into the lottery, slotting ahead of the Clippers and pushing them to the 12th spot.  ***  ### **Scenario 4: The Worst and Most Likely Outcome**  | Rank | Probability | PIT Result | 76ers Pick | Clippers Pick | Top 4 | 1st | 2nd | 3rd | 4th | 11th | 12th | 13th | 14th | | :---: | :---: | :--- | :--- | :--- | :---: | :---: | :---: | :---: | :---: | :---: | :---: | :---: | :---: | | **4** | **34.78%** | **Hornets def. Magic** (59.65%) &amp; **Suns def. Warriors** (58.30%) | **Coin flip w/ Suns (17/18)** | **12th best odds** | 7.2% (**2.50%**) | 1.5% (**0.52%**) | 1.7% (**0.59%**) | 1.9% (**0.66%**) | 2.1% (**0.73%**) | 0% (**0%**) | 86.1% (**29.95%**) | 6.7% (**2.33%**) | 0.1% (**0.03%**) |  * **76ers Pick:** **Coin flip with Suns for 17th/18th** — The Trail Blazers and Hornets take picks 15 and 16. The 76ers and Suns both make the playoffs with tied 45-37 records, resulting in a drawing for the next two spots. * **Clippers Pick:** **12th best odds** — The 37-win Warriors miss the playoffs and enter the lottery pool. Their worse record pushes the 42-win Clippers down one slot.  ---  **Betting Odds Reference (Probabilities):** * **Hornets (-164)**: 59.65% | **Magic (+138)**: 40.35% * **Suns (-155)**: 58.30% | **Warriors (+130)**: 41.70%  ### Legend &amp; Formulas  * **Game Probability:** The ""true"" implied probability of a team winning, calculated by converting the moneyline odds and removing the sportsbook's vig (the built-in house edge) so the total probability of both outcomes equals exactly 100%.     * **Step 1 (Conversion):** * For Favorites (-): `|Moneyline| / (|Moneyline| + 100)`         * For Underdogs (+): `100 / (Moneyline + 100)`     * **Step 2 (Normalization/De-Vigging):** `Individual Implied Probability / (Implied Favorite % + Implied Underdog %)`     * *Suns (-155) vs Warriors (+130):* Implied probabilities are 60.78% and 43.48% (Total: 104.26%). Normalizing to 100% yields **58.30% for the Suns** and **41.70% for the Warriors**.     * *Hornets (-164) vs Magic (+138):* Implied probabilities are 62.12% and 42.02% (Total: 104.14%). Normalizing to 100% yields **59.65% for the Hornets** and **40.35% for the Magic**. * **Probability (Scenario):** The likelihood of a specific two-game Friday night outcome occurring. ""Probability"" is the most statistically accurate term for this intersection of two independent events.     * *Formula:* `True Probability of Game 1 Outcome * True Probability of Game 2 Outcome`     * *Example Calculation (Scenario 1):* The Magic have a 39.08% true probability of winning and the Warriors have a 43.67% true probability of winning. The probability for that specific two-game scenario is: `0.3908 * 0.4367 = 17.06%`. * **Updated Draft Odds (`% w/ game odds`):** The weighted probability of the Clippers landing a specific lottery spot when factoring in the likelihood of the required Friday night scenario actually happening.     * *Formula:* `Scenario Probability * Original Draft Pick Probability`     * *Example Calculation (Scenario 1, 11th Pick):* Taking the 17.06% probability of Scenario 1 occurring, the updated odds for the Clippers to get the 11th overall pick (base 77.6% chance at that lottery slot) would be: `0.1706 * 0.776 = 13.24% w/ betting odds`.  ---  ### **Three-Way Drawing:**  While standard tiebreakers like head-to-head records and division leadership are used for playoff seeding, [the order for the NBA Draft among tied teams that make the playoffs is determined strictly by random drawings](https://pr.nba.com/2025-nba-draft-tiebreakers/).   During the drawing, the league typically uses a randomized process (often involving numbered ping-pong balls) to assign the tied teams into a specific sequence. For a three-way tie between the 76ers, Magic, and Suns (Scenario 3), this drawing would decide which team receives the 16th, 17th, and 18th picks respectively.  ---  ### **Lottery Slide:**  The weighted NBA Draft Lottery drawing only determines the specific order for the first four picks of the draft. Once those are assigned, [the remaining 10 lottery teams (picks 5–14) are slotted into the draft order in the inverse order of their regular-season records](https://www.nba.com/news/nba-draft-lottery-explainer).   A ""lottery slide"" occurs when a team with lower odds is drawn for one of the Top 4 selections. This causes that team to ""leapfrog"" the teams ahead of them in the standings, pushing every team that was not drawn back by one position in the final order. For the Thunder, this means the Clippers pick at #11 would slide to #12 if a team behind them jumps into the Top 4."
2026-04-16 20:11:04,This years run is going to be 100% harder than last year. I know all the “OKC in 4” and “we want all the smoke” bros are gonna downvote the shit out of this post but I don’t really care…   All 4 playoff teams in the west this year were solid teams. And as a basketball fan as well as a Thunder fan I can acknowledge the talent and grit of the Suns and Warriors. And which ever one comes out is going to be a formidable opponent.   I think anyone expecting to see what has happened the last two years (Memphis and New Orleans) is going to be sadly mistaken. But our first round match up has finals experience regardless. That was not true in the prior years.   Then the second round is gonna be no joke either. A KD lead Houston team with a defensive nightmare in Amen and a quality bigs in Sengun and Adams or a potential healthy Luka and Reeves with a 3rd option Lebron.   Then we are rewarded with two generational talents in Wemby and Jokic lol. Downvote all you want but those are 50/50 series and luck and health is 100% going to play a factor. (Which is the case for all Final Champions).   So my point of the post is this… I’m calling my shot and prediction now.   Regardless of GSW or PHX I think the series is going 6. And that’s not a shot at our boys. I just think these teams are way deeper and talented than most give credit for and I don’t think everyone needs to freak out when it happens.
2026-04-16 20:12:54,"Fair enough, but have you considered the fact that Shaivonte Aician Gilgeous-Alexander is the best player in the world?"
2026-04-16 20:17:26,"Just making sure you know that Steven Adams is not playing this playoffs. You're also just describing the playoffs in general. Obviously we are going to play tough teams. Last year we had to go through championship proven Denver, a Minnesota team on their 2nd straight WCF, and Indiana who was scorching hot since the calendar turned 2025. We have the MVP and a deep lineup that plays defense, nobody wants to play us either"
2026-04-16 20:17:40,First round will be about the same as last year. Second round will absolutely be easier than last year. Conference finals will absolutely be harder than last year.
2026-04-16 20:18:50,"The Suns and Warriors are from “formidable” comparatively. They take a game off of us if they’re lucky. Whoever wins Houston/LA is likely in the same boat (Steveo’s been hurt for a while my man). The hypothetical final two rounds will be tough though, no question."
2026-04-16 20:19:04,"Respect ur take but disagree tbh. No slight to those teams but I dont think pheonix or GSW is giving them much trouble. the lone guy with finals experience is dbook, and yea they got some vets and I think they're a fun 8th seed, but remember the memphis grizzlies last season were actually a really good 8th seed. They were the 2 seed for the most part and I understand Ja got injured and they were gonna win g3 with him, but I doubt that series would've been any more than 1 win for Mem. A rlly bad series from sga too and still a sweep, (he played bad cause of the lack of incentive that series brought). But man lets not forget what the thunder had to go thru last season, Jokic in the 2nd round and not the conference finals without as much experience... Chet and Jdub were far from 100% and jdub playin thru a wrist injury in addition, Nuggets entire starting 5 had championship experience. Then one of the deepest teams itl led by a playoff riser in Ant and Jrandle prolly had the best szn of his career. They were like t4 in net rating too that yr? Thunder won that in 5 when the series was supposed to be much deeper than that. And finally, the pacers who had a generational run in those playoffs. Genuinely one of the most well coached deepest teams OAT, goat lvl offense, and their defense scaled up to elite thanks to Siakam's anchoring and elite elite POA defense from both neismeth and Nemby.      Plus the additions of Jmac and Ajay will be huge."
2026-04-16 20:19:04,"The team’s lack of experience in the playoffs showed up a number of times last year, most notably in the Denver and Indiana series, when we gave away games we should have won. It’s probably naive to assume that we won’t have any of those this year, but I still expect a bit more of a ‘taking care of business’ attitude from the team this year that could make for some shorter than expected series."
2026-04-16 20:23:57,"We win the first round in 5 games max, sweep the second round, the WCF goes to seven, then we win the finals in six."
2026-04-16 20:25:50,"Lets not forget our growth as well - this team has championship DNA, last year we were still the new kids who got bounced by Dallas the year before."
2026-04-16 20:30:49,Stfu thunder in 4
2026-04-16 20:31:45,"the 2026 OKC thunder team are deeper and better than the 2025 team. In fact, I'm of the opinion that the league fucked up by letting us get last year, because we weren't really ready  Outside of SGA, we had no offense last year. Jdub was playing with one hand, Ajay was a rookie, Ijoe was in the worst shooting slump of his career. Everyone else was super young and inexperienced. Denver and Pacers *literally* did nothing except play zone and trap sga and hope everyone else missed, and they literally stole games with multiple game winners by the skin of their teeth  This year we are MUCH better. We have championship experience. SGA is even better than last year at playing out of traps. Jdub is healthy. Ajay has taken a leap. IJoe is shooting the lights out. We picked up McCain who can both shoot and create his own shot.  Everyone knows what it takes to win.   It'll still be hard because no championship is easy, but they actially fucked up by letting us win last year when we weren't even that good compared to now"
2026-04-16 20:38:13,"The Warriors without Butler or Moody are just not a good team outside of Curry. Their bench is getting ran thru by our 2nd unit and whenever Curry is out we’ll easily build double figure cushions. The Flippers being bad and letting them stay in the game when Curry went out was an indictment on how bad the Clips are rather than how good GSW. Unless Curry is playing 48 minutes every game I can’t see this go past 5 games.   As for Houston, they’re just not a good team in the half court whatsoever their spacing is clapped and having no FVV will ultimately be their undoing. KD like Steph is good enough to win a game on his own, but i don’t think that series goes past 5 either, would honestly bet on a sweep. Which is crazy because I had that matchup being the WCF after that opening night 2OT thriller.   Denver or San Antonio no matter which one we play will go 7 for sure tho no disagreement there. It’ll be the harder than Minny last year, and I expect a lot of close games against either of them."
2026-04-16 20:39:47,"As far as the Lakers go, some of the suggestions that both Luka Doncic (hamstring strain) and Austin Reaves  (oblique strain) are going to be available for the 1st round of the playoffs is  questionable, given the general length of time it typically takes players to come back from those types of injuries!"
2026-04-16 20:39:51,Adam’s is out for the year. And Luka and Reeves won’t be healthy for the first round. I think this year will be easier until we get to the WCF and the finals.
2026-04-16 20:43:56,It's probably Denver in the wcf and they are better than last year.  Boston in the finals with 4 consistent scorers with championship experience. Yeah much harder for sure
2026-04-16 21:06:05,"Along the same lines of the Thunder rooting for Golden State Warriors to win Friday's Play-in game against Phoenix Suns, Golden State might also be 1 of the few teams, besides the Thunder, that might draft Yaxel Lendeborg as high as 11.    Unlike the other  teams picking in the (8 -11 range) right before the Thunder (assuming no lottery win), Golden State also is also a team pushing to win now, and has been projected in some mock drafts to Draft Yaxel Lendeborg.     So, Golden State wins their play-in game, meaning they are bounced out of the lottery at #11, and replaced by the Thunder there at #11, where Miami and Charlotte/Orlando  move up to #12 and #13, with the Suns entering the lotto at #14.      While there are even some mocks where Chicago picks Yaxel at #9 or Milwaukee at #10, I believe that is less likely, based on their timelines, Yaxel's advanced age as a draft prospect, his lower ceiling / higher floor...    The Warriors are the biggest competition to swooped in and take him, but only of they were to lose to the Suns!"
2026-04-16 21:20:12,Doris Burke Listed as Announcer for Our Game on Sunday 😐 This makes it 13 straight playoff games that Doris Burke has called for the Thunder
2026-04-16 21:23:00,I think the NBA Finals will be Thunder vs Knicks
2026-04-16 21:25:30,OKC needs to file a restraining order
2026-04-16 21:33:18,Does Shai shoot a lot of free throws?
2026-04-16 21:34:18,"All of the playoff teams last year were pretty good too. It's not going to be easy they'll have to want it this year and I'm certain they will get tested and pushed. We'll see if they're up for the challenge, I think they are. Anyone who thinks they'll be able to sleepwalk through the playoffs are dumb"
2026-04-16 21:35:31,"On April 17, Steph Curry has, and will play against every Western Conference franchise at least once in his Postseason career [https://www.statmuse.com/nba/ask/steph-curry-record-vs-each-team-playoffs](https://www.statmuse.com/nba/ask/steph-curry-record-vs-each-team-playoffs)  On April 17th, Stephen Curry (and Draymond Green) has and will play against every Western Conference franchise at least once in his Postseason career (Except GSW &amp; Seattle), Playoffs and Play-in incl.  1. Denver Nuggets | 2013, 2022 | 8W-3L | 26.0 PPG  2. San Antonio Spurs | 2013, 2017 | 6W-4L | 26.1 PPG  3. Los Angeles Clippers | 2014, 2019, 2026 (Play-in) | 8W-6L  4. New Orleans Pelicans | 2015, 2018 | 7W-1L | 29.1 PPG  5. Memphis Grizzlies | 2015, 2021 (Play-in), 2022, 2025 (Play-in) | 9W-4L  6. Houston Rockets | 2015, 2016, 2018, 2019, 2025| 18W-9L | 24.9 PPG  7. Portland Trailblazers | 2016, 2017, 2019 | 10W-0L | 33.4 PPG  8. Oklahoma City Thunder | 2016 | 4W-3L | 27.9 PPG  9. Utah Jazz | 2017 | 4W-0L | 24.5 PPG  10. Dallas Mavericks | 2022 | 4W-1L | 23.8 PPG  11. Sacramento Kings | 2023, 2024 (Play-in) | 4W-4L  12. Los Angeles Lakers | 2021 (Play-in), 2023 | 2W-5L  13. Minnesota Timberwolves | 2025 | 1W-0L (inj. during Game 1)  14. Phoenix Suns | April 17 (Play-in)  Even played against Three different EC teams  (Play-in stats not incl. because statmuse doesn't account for play-in games as postseason games)"
2026-04-16 21:49:28,Did you know SGA is cousins with Nickeil Alexander-Walker?
2026-04-16 21:52:14,Thunder vs pistons
2026-04-16 21:53:59,"that’s actually a crazy way to show longevity and consistent playoff runs  you don’t face every team like that unless you’re deep in the postseason almost every year, curry really been around every matchup possible"
2026-04-16 21:58:48,Thunder Vs Celtics
2026-04-16 22:09:50,She's the worst announcer for OKC viewers and they know it and still gave us her annoying ass.
2026-04-16 22:45:14,"GSW - Clippers defense is levels below ours. Wardell will have to work a lot harder to score with Dort and Caso guarding him. Rest of the team is really not up to par imo.   PHX - As a once supporter of that light skin, I have since realized that Devin Booker is not that guy. He’s not a leader. And Jalen Greens inconsistent efficiency is what hurts him. Round 1 &amp; 2 I’m not stressing.  Round 3, we can have that convo no matter if it’s Denver or Spurs. Both will give us hell. Still overly confident in our guys tho."
2026-04-16 23:08:01,"AI says:  WEST  Thunder vs Warriors - Thunder in 6. GSW experience steals 2 games.   Spurs vs Blazers - Spurs in 6. SAS defense and length are too much. But Wemby minutes management allows Blazers to steal 2.   Nuggets vs Wolves - Nuggets in 7. Chess match, Jokic solves it late.  Lakers vs Houston - Houston in 5. Lakers too depleted.   Thunder vs Rockets - Thunder in 5. Turnover pressure folds Houston.  Spurs vs Nuggets - Nuggets in 7. Wemby impacts Jokic, but the higher minutes load leads to fatigue and foul pressure as the series swings to Denver in games 6/7.  Thunder vs Nuggets - Thunder in 6. OKC depth and freshness wins late game margins.  EAST  Pistons vs Magic - Pistons in 6. Magic defend, but DET is too athletic.  Celtics vs 76ers - Celtics in 6. Depth and versatility overcome.  Knicks vs Hawks - Knicks in 6. Physicality and half court execution control series.  Cavs vs Raptors - Cavs in 6. Balanced offense and defense win over time.  Pistons vs Cavs - Cavs in 7. Half court and experience makes the difference.  Celtics vs Knicks - Celtics in 6. Spacing and depth wear down NY.  Celtics vs Cavs - Celtics in 6. More creators and fewer weaknesses in late game situations.   FINALS  Thunder vs Celtics - Thunder in 6. SGA’s clutch scoring and OKC’s depth create more reliable offense late.   It says if Spurs win a coin flip with Nuggets. Thunder go down 2-3. But win the final 2 games with defense and SGA clutch shooting.   Thunder go on to still beat Celtics in 6."
2026-04-16 23:48:03,This is exhibit A why i wish we could watch local broadcasts (FanDuel) for round 1.
2026-04-17 00:12:52,Bro if believe that fine but dont say its not a knock on the thunder lol its fine if u believe they not that good bc id expect a 64 team with the mvp to sweep the warriors or suns no way it should go 6
2026-04-17 02:33:43,"If there was a Bronze championship for Conference Finals losers in the past 10 seasons, which matchup would be the best one? They do this in the World Cup, so I thought about the NBA matchups and see how that would look.  2016 would be the choice for the actual Finals, but for the Bronze, I’d say 2018 Boston/Houston would be the best one from a fan standpoint.  In reality this would probably be a game rather than a series.  **2025**  * East: New York Knicks * West: Minnesota Timberwolves    **2024**  * East: Indiana Pacers * West: Minnesota Timberwolves    **2023**  * East: Boston Celtics * West: Los Angeles Lakers    **2022**  * East: Miami Heat * West: Dallas Mavericks    **2021**  * East: Atlanta Hawks * West: LA Clippers    **2020**  * East: Boston Celtics * West: Denver Nuggets    **2019**  * East: Milwaukee Bucks * West: Portland Trail Blazers    **2018**  * East: Boston Celtics * West: Houston Rockets    **2017**  * East: Boston Celtics * West: San Antonio Spurs    **2016**  * East: Toronto Raptors * West: Oklahoma City Thunder"
2026-04-17 02:57:42,Best of three in-between finals games. That’s a lot of money for the league.
2026-04-17 03:07:19,2025: Wolves    2024: Wolves    2023: Celtics   2022: Heat      2021: Clippers even without Kawhi        2020: Celtics     2019: Bucks    2018: Rockets    2017: Celtics because no Kawhi   2016: Thunder
2026-04-17 03:27:06,"OKC Playoff watch Parties in LA? Hi all,  As the title implies, I’m looking to see if there are any watch parties in the los angeles area to get fellow Thunder fans together and geared up for this playoff run."
2026-04-17 03:28:01,"I love the idea. A single game, so people stay entertained while the Finals team get an extra day of rest"
2026-04-17 04:43:41,Good write up cheers mate. OKC in 4
2026-04-17 06:24:53,Celtics-lakers in 2023 would have had higher ratings than the actual finals
2026-04-17 10:56:21,"If the 2025/26 Warriors beat the Phoenix Suns tonight, they will be the 11th worst team to make the playoffs based off of win percentage. One quick caveat:  This is only accounting for team's seasons since 1984.  There's technically worse teams that have made the postseason in the NBA, NBL, ABA and BAA but to keep this as simple as possible, post-ABA/NBA-merger, 1983/84 was the year when the 8 seed format was introduced, hence it being the cutoff.   Amusingly, this cutoff year sees one of the worst teams to ever make the playoffs in the 1983/84 Washington Bullets (Now the Wizards with a significantly less cool logo) who cracked the 8 seed with a record of 35-47. That's good enough (Bad?) to tie for 3rd worst win percentage for a playoff team with two other teams (It's the 85/86 Spurs and 94/95 Celtics).  In case you're wondering, the worst team to ever make the playoffs was the 1985/86 Chicago Bulls aka Jordan's sophomore season when he played only 18 games.  They had a record of 30-52.  There's around 50 teams to make the postseason with a losing record, with the most recent team to do so being the 10 seed Miami Heat in 2025 - albeit they did so via the Play-In Tournament and wouldn't have made it through previous means.  That Heat team has the magic number:  37-45.  The same record as the 2025/26 Golden State Warriors and ties them with four other teams who made the postseason for the eleventh worst regular season record to ever make the playoffs.  Oh and in case you're thinking about a 1st round upset of truly hilarious proportions against the Thunder:  Of the 50-ish teams who've made the playoffs with a losing record from 1984 onward, only one of them has ever won a playoff series.  That would be the 7th seed 1986/87 Seattle Supersonics; they went 39-43 and beat not only the 1 seeded Dallas Mavericks but the Houston Rockets in 4 and 6 games respectively.  Keep in mind the 1st round during this time was a ""best of 5"" format so it wasn't a sweep like what happened to the Sonics when they faced the eventual champion Lakers in the Western Conference Finals, thus preventing us from getting the first ever 7 seed in the NBA Finals."
2026-04-17 11:04:31,"This is what I've been telling people and why Jordan is the GOAT, no one else has made it to the playoffs with a worse team, literally"
2026-04-17 11:04:37,"We started a group in NYC in 2024. I just have to say - go for it. It might take off, it might not. For us, it did, and the experience of having 300 people watch us win game 7 last year in NYC was unforgettable. Dm @thunderupnyc on IG and we can probably help you boost some posts, and if you want advice, happy to chat."
2026-04-17 11:23:21,"just looked at the '85-'86 season, 8 teams qualifying to the playoffs in an 11 team conference is a DIABOLICAL set up."
2026-04-17 11:24:16,"Not going to happen, suns will officially bury the warriors dynasty"
2026-04-17 12:50:25,"Playoff Predictions? I want the Thunder to win it this year more than last year. I don’t pay attention to Reddit NBA anymore, but on Instagram the hate for the Thunder and SGA is absolutely insane. I’m not talking about hating him because he’s not you favorite player or on your team, I’m good with that. We all have our favorite teams, and I’d cheer against us if I was a fan of another team. Some of the stuff they say about him trying to discredit his accomplishments is ridiculous. I know it probably won’t stop but I just want the Thunder to silence them.  Playoff Predictions: I believe we can easily win the first 2 rounds. If we lose before the Conference Finals I would consider this a failure of a playoff run.  Conference finals:  Either Spurs or Nuggets, both matchups are going to be tough. These two teams are the only teams that worry me.  Spurs: our experience is supreme. Most of the Spurs roster hasn’t been to the playoffs, this is a different beast. Spurs need to get a series loss in the playoffs before they make a finals, as OKC did against Dallas in 2024. OKC in about 6 or 7.  Nuggets: OKC wins in 6  Finals: Either Celtics or Knicks. We can beat either of them.  THUNDER UP! So excited for some Playoff basketball!"
2026-04-17 12:58:15,Round 1: Thunder win or 4 or 5 (Suns) Round 2: Thunder win in 6 (Rockets) WCF: Thunder win in 7 (Spurs) Finals: Thunder win in 7 (Celtics)
2026-04-17 13:06:12,Thunder in 5 vs suns. Thunder in 5 vs rockets. Thunder in  6 vs Denver. Thunder in 7 vs Detroit
2026-04-17 13:17:05,I don’t see us losing a series if we remain healthy.  It seems like the healthiest team wins the championship the last several years
2026-04-17 13:17:53,Thunder up. Hold onto your butts
2026-04-17 13:28:25,"It’s 1 in a million, but how odd would it be if the 37-45 Warriors get a title while the 73-9 Warriors couldn’t"
2026-04-17 13:48:48,"Thunder Gear Shops in OKC I’m taking my kids to their first playoff game Sunday and was curious if there’s any cool shops in OKC to buy unique Thunder gear that’s not the usual fanatics stuff, especially for kids? Typically we get to OKC from Tulsa right before tip off so we don’t usually have time to look around in the city. Thanks."
2026-04-17 13:58:56,"2025-2026 Playoff Positive Primer To see everybody up for a pleasant playoffs thought it might be helpful to collect positive vibes. As a team and fanbase, Thunderers are gonna take the salt for the next two months.   Shai is genuinely a fantastic human being while also being a historic player.   As a franchise we have had 4 HOF players in 18 years.  Small markets are not meant to be this successful, and it should be cherished.  No matter the ""hate"" now, in 10 years, the nostalgic love will come flowing in from the league.   These are in fact the ""good old days"" right now, let's not miss the sun for the chance of rain tomorrow.   Id love to hear more positive takes on the season, team, playoffs, new food recipes being brought out to watch parties, whatever!"
2026-04-17 14:11:25,"Just with the actual structure of the standings, I'm seeing a ton of similarities to the 2016 playoffs. We're playing the part of the Warriors, the Spurs are... well the Spurs, and Denver is playing the part of OKC.  So screw it, I'm just going to plagiarize. 4-1 over the Suns, 4-1 over the Rockets, Denver runs over the Spurs 4-2, we go down 3-1 to the Nuggets then storm back to win in 7.  But let's say we buck the trend in the Finals and win that."
2026-04-17 15:51:42,"I love your mindset. Cherish this team and this time while we are here. Don't wait for nostalgia to make us realize what we have.  It can feel like the fog of war out there with all the media narratives and social media drama. It's hard to ignore the desperate hate boner for the Thunder that is all over r/nba.  But ignore all that we must, for we have a special crew of quality men who play for eachother in their mission now to be back-to-back champs, a home-grown killer of a head coach, while also being built for future continued success because we have the best GM in basketball. Soak it in."
2026-04-17 16:05:42,Oklahoma Shirt Co. on NW 10th near I-235 has really cool Thunder T-shirt designs.
2026-04-17 16:06:40,"It’s really the pinnacle of sports fandom to support a team, staff, and front office that really celebrates what is best about the sport  Sam has brought together a cast of 18 guys that are team oriented, and hard workers, from SGA to Barnhizer. You don’t see guys dogging it, you don’t see bad body language from any of the guys. You don’t see them leaving their team to play 4v5 in order to argue with the ref about a foul call.  There is no locker room drama to play out in the media. We have two All-Stars in JDub and Chet who put their egos aside because they know winning is most important. A lot of other young 2nd/3rd options in this league would be throwing shade in the media about their touches, but not these two guys.  Everyone cheers for their teammate’s success. When Carlson hits a three in garbage time, our starters are up on their feet cheering for him. Sorber is always a part of the crowd for post win interviews because the team wants him to know he is not separate from them just because he’s not dressed for the game.  You have a genuine G-League Coach success story in Mark who is about as thoughtful about the game of basketball as a coach decades older than him. He’s a basketball junkie, and he revels in coaching other basketball junkies.  This is what a basketball organization is supposed to look like, from top to bottom."
2026-04-17 17:00:56,Thunder over Suns in 6.   Nuggets over Wolves in 7.   Spurs over Blazers in 6.   Rockets over Lakers in 4.    Pistons over Magic in 6.   Celtics over 76ers in 6.   Knicks over Hawks in 6.   Cavs over Raptors in 4.    Pistons over Cavs in 6.   Celtics over Knicks in 6.   Thunder over Rockets in 5.   Nuggets over Spurs in 7. Coin flip.    Thunder over Nuggets/Spurs in 6. Both will be exhausted.   Celtics over Pistons in 6.    Thunder over Celtics in 6.
2026-04-17 17:24:11,"I think we all need to realize that this is the best we will ever have it as Thunder fans. We need to enjoy it because it will have to end eventually, and we’ll never see a group of players like this as long as we live."
2026-04-17 17:53:05,"From Oct 24, 2024 to Oct 23, 2025 Aaron Gordon shot 44.4% from 3. Outside of that time he has shot 32.4% AG came into last season a career 32.3% 3 point shooter.  But from the start of lasts season (Oct 24th) through the playoffs and into game 1 of this season (Oct 23rd) he shot 107/241 from 3, or 44.4%  Since game 1 of this year he has shot 34.9% on a little more than 4 3pa/g.  Did he have an exactly 1 year long hot streak? A deal with the devil?   fwiw this isn't an AG hatepost. I like Gordo, respect Gordo, want him to do well any time he isn't playing the Thunder. And fully expect him to shoot 70+% from 3 if we meet in the playoffs. I just thought this was a weird statistical quirk."
2026-04-17 18:05:43,"KD, Russ, Harden, PG, Shai, JDub, and Chet, that’s seven future Hall of Famers. You can add CP3 and Melo too"
2026-04-17 18:16:53,"We will lose a game or two in the first round.    People will lose their shit, both in the Thunder fanbase and in r nba, because we swept our last two first rounds. Odds are, we will have a sloppy first round, for multiple reasons, one of which are just odds, the other being we might sleepwalk and then wake up in game 3 and go ""oh shit let's try!""  We will dispose our opponent in round 2 in 5.   Maybe even 4.  Like I can see the Warriors....taking us to 7 cause of fucking Curry and fucking Draymond and freaking I love you Big Al.///and we turn around and sweep the healthy Lakers in round 2.     Now...I've said this before, and I'll say it again, I don't care about downvotes, so if this downvoted, this is why:  I am terrified of Wemby.    We have had minimal success against him the past 3 years.     I will root my ass off for us against the Spurs, but I am inherently a pessimist and negative Nelly.    Right now, put a gun to my head, I think we will lose to Wemby.    Not the Spurs, not their coach...no....it's just Wemby.  and his ability to be all over the court at a given moment in a way no player has ever done, and we haven't calculated the ramifications of it.     And I say that because we have been the best team in the West for 3 years and have looked like dogshit against healthy Wemby in those 3 years.    So...hopefully?...the Nuggets knock them off...but as a pessimist, my bowels will clench into a black hole against the Spurs, assuming we meet them in the WCF.  And again....it's not the *Spurs* it's *one player* that has the physical presence to cover 1/3 of the half court just by being on the court and not being a limp dick like Shawn Bradley circa 1996."
2026-04-17 18:22:52,He's gonna win Final's MVP. You heard it first.
2026-04-17 19:04:24,"I think we win the first round easily, probably in 5. Houston will give a tougher series than we expect but we'll win in 6. Unfortunately I see Denver beating us in 7, theyre much better than last year and repeating is so difficult.  Hoping for the best though!"
2026-04-17 19:08:58,"[Haller] Dillon Brooks doesn’t shy from controversy or a challenge. That’s why the Phoenix Suns forward had a clear preference on which team he wanted to face next in the NBA’s Play-In Tournament: The Golden State Warriors. And his reasoning was simple. “Steph and Draymond... And Steve Kerr.” PHOENIX — Dillon Brooks doesn’t shy from controversy or a challenge. That’s why the Phoenix Suns forward had a clear preference on which team he wanted to face next in the NBA’s Play-In Tournament: The Golden State Warriors.  And his reasoning was simple.  “Steph and Draymond,” Brooks said after Thursday’s practice. “And Steve Kerr.”  Behind Steph Curry and Draymond Green, the Warriors defeated the LA Clippers on Wednesday night to advance to Friday’s elimination contest against Phoenix. The Suns have stewed since losing Tuesday night’s Play-In contest against the Portland Trail Blazers.  Friday’s winner in downtown Phoenix secures the Western Conference’s eighth seed and will face the top-seeded Oklahoma City Thunder in the first round of the playoffs. The loser goes home.  “We know what’s at stake,” Suns forward Royce O’Neale said.  Brooks’ Golden State preference is no surprise. He has history with Curry, Green and even Kerr, the Warriors’ long-time coach. That history fuels his competitive drive.  In December, Brooks closed out to contest a late Curry 3-point attempt from the corner. While doing so, he struck the Golden State star in the midsection, earning a flagrant foul from the officials and harsh words from the Warriors.  Curry called Brooks’ actions “bush league.” Kerr later said Brooks has a track record of such plays, mentioning a hard foul on Gary Payton Jr. during the 2022 playoffs that resulted in a fractured elbow. Brooks played for Memphis at the time. While the Payton foul was extreme, his methods still spark controversy.  Brooks lives to get inside the heads of opponents. Before a recent game, the Suns’ social-media team asked players who they’d most like to play in a dream 1-on-1 matchup. Most Suns players picked retired superstars. Michael Jordan, Kobe Bryant, Allen Iverson, Tracy McGrady.  Always the villain, Brooks said LeBron James. His NBA nemesis.  Source: [https://www.nytimes.com/athletic/7203917/2026/04/16/suns-warriors-dillon-brooks-steph-curry-play-in/](https://www.nytimes.com/athletic/7203917/2026/04/16/suns-warriors-dillon-brooks-steph-curry-play-in/)"
2026-04-17 19:10:57,Thunder in 6 vs suns Thunder in 6 vs rockets  Thunder in 7 vs nuggets  Thunder in 6 vs Knicks
2026-04-17 19:12:59,"He had an absolutely HORRENDOUS series vs the Warriors with Memphis, but I understand him being pissed about the whole ""dynasty starts after you"" and ""break the code"" thing, it probably hurt his value and reputation around the league at the time (not as much as the whole ""not back under any circumstances"" thing tho). So I get that he's pissed at Kerr and Draymond, what's the thing with Steph tho ?"
2026-04-17 19:15:44,Seeing a Thunder flair post this means he’s gonna shoot 60% from three in the Western Conference finals
2026-04-17 19:33:03,"Tyrese Haliburton Launches Production Company Tyrese Haliburton Launches Production Company, Signs Multiyear Development Deal With Wheelhouse (Exclusive)  BY TONY MAGLIO  ""Their first project is a no-brainer, an original documentary series called Time Out. The docuseries will follow Haliburton’s (painful) journey back to the court after rupturing his right Achilles tendon in Game 7 of last year’s NBA Finals. Without their star, the Pacers simply couldn’t keep pace with Shai Gilgeous-Alexander and the champion Oklahoma City Thunder. Portal A, a Wheelhouse-backed content studio, also produces Time Out; the premiere date will be announced at a later time.""  ""In addition to rehabbing his achilles, which is a very rough injury itself, Haliburton’s recovery has been slowed by a bout with shingles — in his face — a horrible disease that will probably make for good TV, somewhat fortunately and very unfortunately.""   \------  Good for him, for maximizing his recovery year.   I hope he also produces his own version of the behind the scenes of the Pacers' 2025 playoffs too, and not just his recovery coz I dont like how Netflix showed it in Starting 5."
2026-04-17 21:03:48,"Arguments against our ability to repeat is always based on league history Been seeing a lot of playoff predictions and the only arguments people have against us going back to back, is just based on ""well other teams haven't repeated since 2018 Warriors, so it can't happen to the Thunder either"".      Some of the most baseless arguments I've ever heard. Every team that had a chance to go back to back since 2018, always had some major change going into the playoffs. Toronto-No Kawhi, Lakers-Health, Bucks-Middleton Injury, Warriors-Age, Nuggets-Depth, Celtics-Health. The Thunder this year on the other hand, have greatly improved in every way IMO.   Really Dort and Wiggins are the only players that regressed this season. Cason, Chet, Shai (somehow), JWill, Isaiah Joe, and especially Mitchell. Non Thunder fans seem to not realize how much better our bench offense will be between Mitchell, McCain and Joe. It's funny cause they will say how much better of a team Denver is this year but completely disregard how much better we are.      I think it just shows how much people don't watch Thunder games and stick to their negative presumptions about us because we torched their team sometime recently."
2026-04-17 21:06:42,Only when it’s convenient. League history says teams of OKC’s caliber almost always win the championship but they ignore that fun fact
2026-04-17 21:17:35,I don't think people watch enough Thunder 😃😃
2026-04-17 21:20:18,"Health was only an issue for the Celtics after they were about to lose to the Knicks anyway.  That said, We're a massive favorite on any betting site. We're getting picked by pretty much every analyst. It's hard to win a championship. We could easily lose to the Nuggets or Spurs in the WCF or Celtics in the finals if we have a few bad shooting games.  But even on r/nba, the vast majority of people acknowledge we're the heavy favorites."
2026-04-17 21:28:47,"SGA flopping narative Just finished reading article on the ringer about hatred scale of playoff team and to no surprise the Thunder are the most hated.  This writer goes on to highlight supposed huge disparity in whistles, and he talks about SGA‘s consistent flopping.  Needless to say this writer isnt very original in his takes.  However i take issue with the flopping narative.  I watch the majority of thunder games and sga doea get fouled a lot but he isnt flopping and hardly has his arms complaining like Luka or Ant.  there are a couple clips from the past that i always see where sga is definitely embellishing or flopping and they are pretty egregious but other than those he just plays his game with his head down.  The only complaint i would agree with is he gets some questionable foul calls but thats not on him, thats on the refs.  is he stuck with this for the rest of his career?"
2026-04-17 21:36:49,"I don’t remember this going on early in his career. He was fouled and wasn’t getting calls. I feel he does try to let the refs know he is getting hit by body movements. This is normal behavior for today’s NBA. It is just talked about with SGA, because he has a ring."
2026-04-17 21:38:50,"Once a narrative starts the only way to end it is by winning and time passing. Every great player in the NBA flops and sells calls, all of them. SGA isn’t egregious or hunting for foul calls nearly as much as he used to and that’s why his efficiency went up. He used to run in or take dumb shots just to try to get a foul but now he will pass out of it or take obvious fouls when a defender presents the opportunity. Meanwhile most players don’t understand it and just flop and grift and complain to the officials like Doncic, Jokic, Brown and others."
2026-04-17 21:44:41,Don't worry when we win everyone will act like it was obvious
2026-04-17 22:19:24,"Could he get run in the playoffs? When games start to slow way down? If players would have made their shots, he could have averaged about 17 assist for his 2 starts. He tied rookie records for OKC and the NBA in just 2 games."
2026-04-17 22:21:21,If he does it's bad news for the Thunder.
2026-04-17 22:21:44,I could see it if ajay gets injured. Other than that no unless its a blowout
2026-04-17 22:36:16,All the arguments I hear all resolve around us going to game 7 vs the nugs and pacers last year or us going 1v4 against the wolves.  I havnt seen any breakdowns against us that don’t seem to resolve around that and it’s usually finished off with a very lame well the joker blah blah blah.  We will just have to prove it on the court and shut them up again with another championship
2026-04-17 22:38:12,There are 29 other teams that wish they could be the Thunder.  It's perfectly natural they are jealous.  Ignore the haters and enjoy this incredible team!
2026-04-17 22:40:46,"SGA definitely sells very minor contact by contorting his body or flopping. I’d guess he does it once or twice each game. But, it’s a part of the game these days and every player that’s trying to gain an edge over the opponent does it. Younger me would probably hate SGA if he were on a dominant team that I wasn’t a fan of. That’s just the way it is. For example, I hated Kobe and Shaq because I really liked the Mavs and the Kings back then."
2026-04-17 22:45:23,"We had several blowout wins last playoffs, so he’ll likely get some"
2026-04-17 23:01:08,"its kind of wild that despite being tied for the highest number of national tv slots this season (34, same as Lakers, Knicks, Warriors) nobody watched OKC. Or certainly didn't pay attention."
2026-04-18 00:19:21,“SGA is an unethical foul baiter!” - R/NBA  “Kobe is top 3 all time!” - also R/NBA   🤨
2026-04-18 01:10:44,The argument against repeating is that it’s really hard to win a championship. The odds are always against any one team winning.   But we got this!
2026-04-18 01:46:08,"The hate from fans of other teams is normal. You win a championship, favored to win another, have a million draft picks, etc. Happens to every team that is this successful.    What's weird is that the entire podcast national podcast ecosystem (especially the ringer) hates OKC. Like, about as openly as they can will still pretending to be a national, unbiased program.    Nothing to be done, but weird"
2026-04-18 02:06:28,"The most fouls called in an NBA game this season was 70 fouls between the Pacers and the Thunder on October 23. The Hornets and Magic are already at 60 fouls with most of the 4th quarter remaining. (Pacers Thunder went to OT btw)   Anyway, this has been a physical game for sure but I hope we do not see this officiating crew again in these playoffs because this game has been an absolute slog."
2026-04-18 02:30:07,"Well... joe, wiggins, Caruso, Ajay, McCain, jaylin, and Kendrick will be called before Nikola does so probably not. At least not in the semi-finals and finals if we hopefully make it back again."
2026-04-18 03:12:24,"It's because we didn't have a long run up.  We went tank, play in, 2nd round, championship.  It was a fast ascension.  SGA is 27 meaning he has a legitimate 10 year window remaining to be winning rings with this core assuming our big 3 stay together.  That means he should be able to get at least 2 more.  Wemby and the Spurs are the only real threat for the duration of that time.  Denver for the next 2-3 years will be spoiler.  Nobody else in the west is winning it all for a while.  That makes people upset.  If San Antonio wins a ring they will start saying ""Wemby got lucky.""  It's how it goes."
2026-04-18 03:16:09,"Drawing contact is a skill.  It looks like flopping sometimes.  It IS flopping sometimes.  SGA isn't nearly as egregious as prime LeBron, Wade, or Harden."
2026-04-18 03:29:46,The Thunder Just Got A Playoff X-Factor They Didn't Have Before
2026-04-18 04:48:19,[Highlight] The Clock Runs Out of Time as the #8 Phoenix Suns Eliminate the #10 Golden State Warriors from Championship Contention &amp; Advance to the 1st Round vs #1 OKC
2026-04-18 04:57:36,"Last Playoff Appearances for Each Team as of Today East  2026: Pistons, Magic, Cavaliers, Raptors, Celtics, 76ers, Knicks, Hawks   2025: Pacers (East Champion), Heat (First Round), Bucks (First Round)  2023: Nets (First Round)  2022: Bulls (First Round)  2021: Wizards (First Round)  2016: Hornets (First Round)  West  2026: Thunder, Suns, Lakers, Rockets, Spurs, Trailblazers, Nuggets, Timberwolves  2025: Warriors (Semifinals), Grizzlies (First Round), Clippers (First Round)  2024: Mavericks (West Champion), Pelicans (First Round)  2023: Kings (First Round)  2022: Jazz (First Round)"
2026-04-18 04:58:27,"The Hornets' last playoff series was against a Heat team led by Dwyane Wade, Chris Bosh, and Hassan Whiteside."
2026-04-18 04:58:46,"I'm gonna be honest,  im a Spurs fan to the bone, but, ive watched a lot of Thunder games this year, and SGA does very little flopping. Hes a solid player through and through. Jokic on the other hand........🤣🤣🤣🤣"
2026-04-18 05:15:22,Dillon Brooks on matching up against the Oklahoma City Thunder: “There are a lot of foul baiters on that team. We gotta show our hands. I hope it's the real playoffs. Show your hands.”
2026-04-18 05:16:50,Dort vs Dillon about to go crazy
2026-04-18 05:20:34,This guy is gonna foul out in the 1st minute against OKC
2026-04-18 05:21:12,"in however many years and the decades following, when this era of tight-knit, goofy and historically dominant OKC basketball is finally over, I can't wait to turn into an old head and defend this team"
2026-04-18 05:34:49,I have a feeling Devin booker and Jalen green are both gonna shoot more free throws than shai and suns fans are still gonna blame the refs
2026-04-18 05:38:48,Dillon Brooks on the Thunder: “There are a lot of foul baiters on that team. We gotta show our hands. I hope it's the real playoffs. Show your hands.” Brooks with some choice words when asked to preview the upcoming matchup with OKC.
2026-04-18 05:41:54,ngl we should just put dort on him. he might not even make a single shot the whole series
2026-04-18 05:42:33,Shai first round trolling is over this year. Go crazy please
2026-04-18 05:43:30,Shai is going to love beating the brakes off this guy 😂. This guy will stoop to the lowest lows. Remember when curry had a hand injury and he kept purposely trying to smack it. Guys a bitch. Pat Bev 2.0
2026-04-18 05:45:07,"13 points on 14 shots, brooks talks like he is earning the max on his team. Booker will be given the ingram treatment, green will shit the bed cause its the actual playoffs now and not some random game in march/april. they dont have anyone that can guard chet or ihart.  think we also get shai sitting out the 4th quarters in this series"
2026-04-18 05:45:18,This is going to make OKC in four that much sweeter lol.   But genuinely this type of mindset is so weak.
2026-04-18 05:53:19,A Warriors fan told me in the comments today that Brooks isn't dirty like Dort since he doesn't intentionally injure players when they had a whole series of [this](https://www.reddit.com/r/nba/comments/1k8vbwg/highlight_steph_shoots_3_over_brooks_brooks_still/) lmaooo  Did people forget we had to have the high five rule specifically because of Dillon Brooks on Steph Curry?
2026-04-18 06:08:55,"It's AJ's time to shine, Topic Thunder will get his next season."
2026-04-18 06:42:43,Setting the refs and media into a trap. Dort vs Dillon will be the real Wrestlemania 42 😭
2026-04-18 07:11:15,"Canadian Beef  coming. I thought SGA, Dort and him are good friends."
2026-04-18 07:43:00,"Like Shai would say, OKC will just let their game do the talking. LOL"
2026-04-18 07:45:37,"The 2025-26 r/Thunder Awards Ceremony! Hello everyone! It is past midnight where I am, and I just got done eating a piece of paper for a joke, so I'm gonna try and get this done before heading to bed. Thank you all so much to all **81** of you that voted on the ballot, and congratulations to the following award winners! These five individuals stand as the peak contributors to the success of the Thunder, both on and off the court.      Most Valuable Player obviously goes to **Shai Gilgeous-Alexander** for his second consecutive MVP season, while Most Valuable Fan also obviously goes to the legend **Nick Gallo**, with a strong honorable mention for u/MakeCocktailsNotWar (fun fact, he put JWill first for MVP) and his victory shots. Moment of the Year was **Shai's second game winner against Denver**, with ring night close behind and Topic's first game back in third. Game of the Year is thus pretty clearly **March 9th vs Denver**, and honestly it should be up on all-time great regular season games lists. Finally, **r /nba** deservedly takes home Loser of the Year, but Chris Finch traded the top spot with them a few times during the voting process and was my pick to win the award going in.  **First Team** r/Thunder (top 5 in MVP or MVF voting):   Shai Gilgeous-Alexander		   Chet Holmgren		   Isaiah Hartenstein		   Ajay Mitchell		   Jalen Williams		   Nick Gallo   u/MakeCocktailsNotWar   u/NotMarkDaigneault   u/Vitex1988		   u/Common_Pangolin9809	  **Second Team** r/Thunder (6th-10th in MVP or MVF voting):   Cason Wallace		   Luguentz Dort		   Jaylin Williams		   Isaiah Joe		   Alex Caruso		   u/OKCTopicThunder	   u/ShabbyLiver		   u/BookBison		   u/wcooper97		   u/Stxtic1441		     A few Honorable Mentions are also in order, for individuals that did not crack the ballot but are worth bringing up for their contributions to the success of the Thunder: FanDuel, Jaylen Brown, Al Horford, De'Aaron Fox, David Roddy.      [Voting Results Breakdown](https://docs.google.com/spreadsheets/d/1mAvf94KR3Rpn8sqAALgOMcZBC0yDGLnFfYmjAFcQyDE/edit?usp=sharing)"
2026-04-18 07:55:25,"Who’s a Contender vs Pretender? I Ran Every Championship Test **Using Historical Precedents to Predict the 2026 NBA Champion**  Everyone knows the 40 wins before 20 losses rule for separating contenders from pretenders. So I went further.  I compiled the strongest historical indicators shared by championship teams, then applied them to this season to eliminate teams and identify the most likely winner.     **1. Top 3-Seed:** \~97.5% of NBA Champions  **2. 40 Wins Before 20 Losses:** 41 of the last 45 NBA Champions  **3. 52+ Wins Benchmark:** \~95% of NBA Champions  **4. Top 10 Defense:** 22 of the last 25 champions  **5. Top 5 Offense OR Defense:** 23 of the Last NBA Champions  **6. Top 8 Net Rating:** EVERY NBA Champion since 1997  **7. Record vs &gt;0.500 teams (50%):** \&gt;90% of NBA Champions  **8. Top 5 NBA MVP finisher:** \~93% of NBA Champions    **Historically Perfect Contenders (8/8 Criteria met):**  **Oklahoma City Thunder** &amp; **San Antonio Spurs** \-   These teams align perfectly with every major championship indicator. Historically, this level of regular-season dominance strongly correlates with producing the eventual NBA champion, and these were clearly the two best teams throughout the year.     **True Contenders (7/8 Criteria Met):**  **Boston Celtics &amp; Detroit Pistons -**   Boston just missed the 40–20 rule by 1 game (largely pre-Tatum return). Detroit’s only miss is no projected top-5 MVP finisher, but if Cade jumps Brown, Detroit moves to 8/8 and Boston drops to 6/8.     **Real Contenders with questions (6/8 Criteria Met):**  **Denver Nuggets** &amp; **New York Knicks** \-   Both clear enough thresholds to be dangerous, but have clear flaws: Denver’s defense falls short, while New York lacks a top-5 MVP-level player.    **Very Unlikely (4/8 Criteria Met):**  **Houston Rockets** \-  Strong in a few areas, but missing too many key championship indicators overall. Historically, teams with this profile rarely win without multiple things breaking perfectly in their favor.     **Historical Longshot (2/8 Criteria Met):**  **Los Angeles Lakers &amp; Toronto Raptors** \-  Both have a couple of traits seen in past champions, but fall well short of the overall profile. Historically, teams like this are extreme longshots and would need a genuinely abnormal playoff run.     **Historically Dead (1/8 Criteria Met):**  **Atlanta Hawks, Phoenix Suns &amp; Minnesota Timberwolves** \-  These teams check almost none of the boxes shared by past champions. Historically, teams with this profile just do not win the title.     **Unprecedented Tier (No Criteria Met):**  **Cleveland Cavaliers, Philadelphia 76ers, Orlando Magic, Portland Trail-Blazers**  No historical indicators align with past champions. A title run from this group would be completely unprecedented.    **Important context:**   This framework is about identifying the **most likely champion**, not predicting who can make a deep run. Plenty of recent Finals teams would’ve failed this checklist: the Indiana Pacers (2025), Dallas Mavericks (2024), Miami Heat (2023 &amp; 2020), and Boston Celtics (2022) all reached the Finals without meeting most of these criteria. So while history is very strict on who actually *wins* the title, it’s far more forgiving when it comes to teams making a Finals run.     **Biggest Championship Pretender: Cleveland Cavaliers?**  It’s genuinely surprising to see a team this good on paper miss every major championship indicator. Historically, that’s a huge red flag, contenders of this calibre almost always tick at least a few of these boxes. Whether it’s just bad variance across the metrics or a sign they’re not as complete as their record suggests, it’s hard to ignore. Either way, it’s one of the strangest profiles in the league this year."
2026-04-18 08:05:11,SGA MVP no Question⚡
2026-04-18 08:05:21,"No one would’ve said the Pacers were legit contenders last year. They didn’t fit any of your criteria iirc, but went to game 7 of the finals that they could’ve won if not for a major injury to the best player on their team."
2026-04-18 08:09:31,"A bit nitpicky, but the Cavs had 52 wins this season, satisfying the 52+ win benchmark so shouldn't they be in the Historically Dead tier and not the Unprecedented tier? Still surprising nonetheless, although I never thought they were going to win the Finals, let alone get there."
2026-04-18 08:23:06,"I feel like Cade was going to be firmly 5th in MVP voting if he wasn't hurt certainly over Brown. They won 60 games finishing 2 games behind San Antonio and 4 behind OKC. I know and get why people will choose Boston as favorites out of the East but the Pistons belong in the first tier no much how people ""feel"" they are pretenders. They meet all the criteria.   Their record vs greater than .500 teams was 34-16, OKC was 36-16, and San Antonio was 35-15, virtually the same. These are clearly the top three teams during the regular season."
2026-04-18 08:50:15,How’s playoff experience factor in? I suspect it’s either Boston or OKC this year
2026-04-18 08:51:39,"I'm inclined to write off Detroit and San Antonio for being homegrown teams with no prior significant playoff experience among their core guys. First round last year for Detroit, none at all for the Spurs. History says that homegrown teams don't win it all in their first year of being elite.  Scroll down [this list of past champions](https://www.basketball-reference.com/leagues/) and let me know when you find a team that didn't already have 50+ wins and second round playoff experience under their belt in a prior season before winning it all.  The 14-15 Warriors are a sort-of exception in that they didn't get both (50+ wins, second round) in the same season, but they got them separately; second round 2013, 50 wins in 2014. The 08 Celtics *technically* don't fit the mold, but they remade their whole team the summer before with guys that did have that experience (KG, Ray Allen, Posey, House, Pollard, plus P.J. Brown and Cassell at the deadline). The exact opposite of homegrown. And Pierce comes up literally one win short of the 50 wins checkbox (49 and ECF in 2002).  The Spurs and Pistons have some scattered guys with the experience like Barnes, Kornet, Robinson, and Harris, but not on their core guys that they're absolutely counting on."
2026-04-18 08:58:30,"I enjoyed this analysis but it's also pretty easy to see the flaws.  The Hornets met 2 of the 8 criteria (top 8 net rating and top 5 offense).   By this analysis they have a better chance of winning the championship this year than the Timberwolves, Hawks, and Suns, and the same chance as the Lakers and Raptors."
2026-04-18 09:16:51,They tried this last playoffs and then cried when we “played football” against them on defence
2026-04-18 10:01:31,"Who will be OKC’s X Factor role player this post season? For me, it’s Ajay Mitchell. He’s completely broken out this year and become a main staple of the rotation and I think will be a massive needle mover for us.   His scoring, defense, and high motor are going to win a lot of games for us this post season. He’s going to give another element OKC didn’t have last year.   It felt like last playoffs so much of the ball handling burden went through Shai and Dub. This year Ajay has ascended into that 3rd slot and can drop 20 any given night and also play alongside both of them well.   Who do you guys think will be an X factor for OKC this year?"
2026-04-18 10:05:25,Joe and Wiggins finally earn their contracts in the playoffs this year :)  Ajay isn’t a role player since he’s our 4th best player.
2026-04-18 10:08:17,JDub's hammy  Hart's calf  Ajay/Joe
2026-04-18 10:11:35,FYI: KD is questionable for game 1 vs the Lakers due to a knee injury sustained during practice this week.
2026-04-18 10:29:08,"Predicting the 2026 NBA Championship odds (statistical modelling) *TLDR;* I developed a statistical model (Logit + Monte Carlo) that predicts the 2026 championship odds for all teams in the 2026 NBA playoffs. The model predicts that OKC has the highest probability of winning the championship (\~40%) followed by the Nuggets / Pistons and Celtics. All results are documented and visualized in a dashboard.  **Content**  * Introduction * Model Explanation * Model Selection &amp; Specification * Model Performance * Results  **Introduction**  I've been following the NBA for about 6 years now and besides thoroughly enjoying the sensational basketball moments that NBA playoffs can produce, I am also really interested in the extensive statistics and numbers that accompany them. For a while now, I have been toying with the idea of building a model that predicts teams' NBA championship probabilities in a given year. This year, I finally got around to realizing my idea. In the end, I settled on using a logit model (binary dependent variable, fitted on historical playoff series) to predict single playoff series outcomes and simulating the knock-out structure of the playoffs using Monte Carlo simulation (50k simulations per playoffs). Finally, I built a website to document the modelling process and visualize all the results and let you play around with different years and training windows.  Dashboard link: [www.stikkelbroeck.dev/nba](http://www.stikkelbroeck.dev/nba) (works best in desktop mode)  Given that the NBA playoffs are right around the corner, I am excited to present to you the results of my model, according to which the 2026 NBA Champion will be…  **The Oklahoma City Thunder!**  Of course these results are to be taken with a grain of salt, given the high variance and unpredictability that are inherent to NBA playoffs. Below I explain everything in detail including a results section describing the model outcomes in more detail. So prepare for a long read!  **Model Explanation**  As mentioned before, I applied a logistic regression (logit) model on playoff series level. A logit model is a model that assigns coefficients (basically weights) to chosen features (explanatory variables such as team net rating) that best explain the corresponding prediction variable (probability of winning a playoff series). The weights are fitted based on historical data. The aim is to use these assigned weights to predict playoff series outcomes in the 2026 playoffs using the feature values corresponding to the 2026 season. In this case we aim to predict the probability that the high seed wins. To include both high and low seed data in a single equation, the feature values are actually deltas. Hence, the final feature values used in the model are the differences in feature values between the high and low seed in a specific series. Using the logit model to predict series-level outcomes, I then applied Monte Carlo simulation to simulate the knock-out structure of the playoffs. Starting with the first round brackets based on regular season seeds, the 2026 playoffs were simulated 50,000 times.  To be able to construct this model and perform the simulations, I gathered historical data (1980–2024) containing playoff series information and team/player regular season data from various sources. I then built the dataset containing all raw feature values for each team/player in each historical year and the outcomes of all playoff series in that year.   The raw input data set contains a long list of potential features that are meant to capture the main components that (I believe) contribute to playoff success. The aspects I considered were:  • Team strength/characteristics --&gt; reg. season wins, net rating, offensive/defensive rating, TS%, eFG% etc.  • Star player(s) strength --&gt; player BPM, EPM, RAPTOR, superstar flag (to capture transcendent superstar impact)  • Star player(s) availability --&gt; historical playoff availability  • Roster playoff experience --&gt; cumulative playoff series played, series won  • Coach success --&gt; cumulative playoff series won, playoff win percentage  • Referee bias --&gt; FTA/FGA, FTA/2PA  • Homecourt advantage --&gt; implicitly captured in the intercept (to prevent collinearity)  • Matchup dependent features --&gt; pace, (O)REB rate, 3PA  A final note on playoff availability of players. Due to the unpredictable nature of injuries and their enormous impact on playoff series outcomes, I have used actual playoff series availability as a feature in the model. Historically (in-sample) this works because the information is known, however, using this feature would be impossible when using the model for predictions given that actual future availability is logically not known yet before a series starts (at least injuries occurring during a series). To remediate this and be able to capture the impact of injuries on outcomes, I constructed an injury prediction module. For each simulation (50k total), a uniform random number (0–1) is drawn using the player's historical playoff availability as the baseline parameter (capped at 0.99); if the random number for a player in a series exceeds the historical playoff availability percentage, the player does not play that series, else the player is healthy and plays that series. While far from perfect, the aim is that this more accurately captures the effect of injuries in the simulations and thus in final championship probabilities. For 2026, I also incorporated injuries known at the start of the playoffs.  **Model Selection &amp; Specification**  I started by defining three different training windows:  • Full (1980–2024)  • Modern (2000–2024)  • Recent (2014–2024)  These windows were chosen based on a mix of eras in the NBA and quality/granularity of available data. From 1980 onwards, reliable NBA data exists online, hence this was the hard cutoff for my full training dataset. From 2000 onward, more granular player metrics are available, such as EPM. Hence, the shorter ""modern"" training window was meant to reflect these data changes. The ""recent"" window (2014–2024) was meant to capture the three point revolution and see the impact of this era shift on model coefficients compared to the other windows.   The model selection process consisted of running a full combinatorial search based on 2-6 feature models from a list of 23 features and selecting the top 5 models per training window based on 4 different statistical performance metrics:  • BIC --&gt; main metric given that it penalizes additional features (to prevent overfitting)  • AUC  • Brier Score  • Pseudo R2  Comparing the results over training windows and performance metrics, taking into account (statistical) significance of features, allowed me to distill which features consistently topped the leaderboards (and thus likely provide a significant predictive signal) and which features are less stable. The BIC metric generally favored a 3-feature model for all windows (sometimes also 2-feature models). The three features that were always amongst the highest ranking models, and therefore were selected in the final model, were the following:  • *Delta\_sum\_bpm\_avai*l --&gt; delta between high and low seed of availability weighted EPM (BPM used as fallback if missing or before year 2000) of top 3 players per team  • *Delta\_playoff\_series\_win* \--&gt; delta between high and low seed of total playoff series wins per roster  • *Delta\_ts\_percent* \--&gt; delta between high and low seed of team True Shooting percentage  **Model performance**  *In-Sample*  The chosen model correctly predicts the outcome of roughly 80% of all historical playoff series (in-sample fit) for all three training windows and additionally correctly predicts around 32–36% of championships (assigns the highest championship probabilities to the actual champion). This seems low, but is more or less aligned with an 80% accuracy on series level (because 0.8⁴ ≈ 0.4). Generally, the championship favorite according to the model has a championship win probability somewhere between 30% and 50%, meaning that although they have the highest overall chance of winning the title, more times than not they will not actually win the championship. This also makes it notoriously difficult to correctly predict the final champion.  Additionally, the model does not capture all signals that predict series outcomes. This is partly because only 3 features were used in the chosen model. This was, however, a conscious choice, both to prevent overfitting given the relatively small training dataset and due to the high correlation between several features. The choice of number of features is always difficult due to the inherent tradeoff between model flexibility and explanatory power. Given two teams that are exactly equal (all deltas equal to zero), the model will assign the higher seed a 74.1% chance of winning the series due to the intercept being positive and rather large (equal to 1.05 in the modern window). Part of this can be attributed to home court advantage which is captured in the intercept, but part is also missing features or simply unexplained variance or noise. A good example of this is the 1995 Houston Rockets, who were the #6 seed in the west and only had a 0.1% chance of winning the title according to the model, largely because they had no home-court advantage during any of their series and were always the lower seed, but did end up taking home the title of course.  I tried to at least reduce the large impact of seeding by exploring models with a larger number of features or even forcing the model to omit the intercept entirely but all these options performed significantly worse statistically speaking and did not visually improve predictions. Hence the chosen model prevailed.  Lastly, the logit model does also provide a direct win probability outcome of a head-to-head matchup between two teams in a series. Note that although team A might be stronger than team B in a direct matchup, its championship probability may still be lower if team B had an easier path to the finals, thereby facing lower odds of an upset along the way. This can for example be seen in 2023 (modern training window) when Denver has the higher championship probability due to their relatively easy path to the finals, but in a direct matchup the odds are 64/36 in favor of Milwaukee. The dashboard (attached in link) shows this in more detail and allows you to switch between matchup probabilities and championship probabilities.  *Out-of-Sample*  Lastly, the chosen model was used to predict the out-of-sample year 2025 (for validation). All three windows correctly predicted OKC to win the title in 2025 (granted not the most difficult year to predict). The full and modern window gave OKC \~40% chance of winning the title; in the recent window this dropped to 33% (the recent window has a slightly lower intercept than the other two, thus it weights the dominant regular season of OKC slightly less). Additionally, the full and modern windows assigned the second and third place to the Cavs and Celtics respectively. In the recent window the Celtics drop out of the top three and the Lakers take their place.   *Calibration*  Admittedly, the model is not very good at discrimination, i.e. accurately predicting upsets on a single series level. The below confusion matrix (based on modern training window) shows this clearly, where the number of predicted upsets is much smaller than the number of actually occurred upsets.  | |**Prediction: High Seed**|**Prediction: Upset**| |:-|:-|:-| |**Actual: High Seed**|292|6| |**Actual: Upset**|69|8|  The strength of this model actually lies in the accuracy of its predicted probabilities compared to actual win rates rather than predicting specific outcomes correctly. I've tested the calibration of the model and found that generally the predicted probabilities match closely to observed win rates (within a 5%-point range for most buckets). Only the buckets with fewer observations sometimes deviate significantly from actual win rates.  **Results**  As shown in the table below, the highest overall probability to win the 2026 NBA championship the model assigns to OKC in the full and modern windows, followed by Denver or Detroit in second place and the Celtics coming in third in all windows. Only in the recent window Denver is actually predicted to win it all. The championship probability is calculated by simply dividing the number of simulations in which a specific team wins the NBA title by the total number of simulations. So let's say the Thunder win in 17,500 of the simulations; then their championship probability is 17,500/50,000 = 0.35 (= 35%). The table below shows the exact odds for the top 5 per training window. The odds vary significantly across windows, specifically between the recent window and the other windows. In the recent window the Denver Nuggets are assigned a much higher championship probability, due to the intercept being significantly lower, implying that seeding is less important and team strength is valued more. Additionally, as already mentioned, the championship odds do not reflect the head-to-head matchup predictions which are generally less in favor of Detroit, but the fact that the other Western teams have to face each other (and especially OKC) before the finals drops their championship probabilities significantly.  |**Window**|**1st**|**2nd**|**3rd**|**4th**|**5th**| |:-|:-|:-|:-|:-|:-| |full|OKC 42.0%|DET 14.6%|BOS 13.8%|DEN 12.7%|SAS 9.9%| |modern|OKC 42.6%|DEN 18.3%|BOS 12.6%|DET 11.5%|SAS 8.0%| |recent|DEN 32.9%|OKC 32.5%|BOS 11.4%|LAL 6.9%|DET 6.8%|  The frequency of injuries altering the championship outcome is generally low, given the high overall availability of players in the playoffs. However, in several simulations injured stars significantly impact the outcome of the predicted championship probabilities. For example, in exactly 12 out of 50,000 simulations in the modern window, the Nuggets meet the Pistons in the finals and both Jokic and Cade get injured and cannot play. The table below shows the respective model predictions for star injury matchups between Denver and Detroit:  | |**Cade healthy**|**Cade injured**| |:-|:-|:-| |**Jokic healthy**|DEN 63.9% / DET 36.1%|DEN 77.7% / DET 22.3%| |**Jokic injured**|DEN 27.8% / DET 72.2%|DEN 43.1% / DET 56.9%|  Despite the slightly unfavorable odds in the injury scenario, Denver proceeds to defeat Detroit in 6 out of 12 mentioned scenarios. A more general overview of injury impact is shown below, where the win rate in the finals of the top three teams is compared when their superstar is fully healthy versus when they are injured. Especially the Nuggets see an enormous drop in win rate (-30.0pp) when Jokic is injured due to his absurd BPM of 14.2. This once again showcases the insane impact of an absolute superstar.  |**Team**|**Star BPM**|**Availability**|**Finals Appearances**|**Finals w/ Star Injured**|**Win Rate (Healthy)**|**Win Rate (Injured)**|**Change**| |:-|:-|:-|:-|:-|:-|:-|:-| |OKC|11.7|99%|25,010|240 (1.0%)|85.5%|62.1%|\-23.4%| |DEN|14.2|99%|14,090|150 (1.1%)|65.4%|35.3%|\-30.0%| |DET|6.3|85%|19,773|3,026 (15.3%)|30.4%|21.8%|\-8.6%|  Note also that Detroit's star availability is only 85%. This is because the star players that do not have historical playoff experience get assigned the league average fallback percentage of 85%. Meaning stars such as Cade Cunningham and Victor Wembanyama will have a relatively low playoff availability percentage. To account for this issue I ran a simulation using full health for all players to see the impact. The below table shows the results for the modern window. As expected the championship odds for the Spurs and Pistons increase, because of their initial low availability, whereas the odds for the other ""healthy"" teams drop accordingly.  |**Team**|**Baseline**|**Fully Healthy**|**Delta**| |:-|:-|:-|:-| |OKC|42.6%|41.0%|\-1.6%| |DEN|18.3%|16.2%|\-2.2%| |DET|11.5%|15.0%|**+3.5%**| |BOS|12.6%|11.0%|\-1.6%| |SAS|8.0%|9.9%|**+1.9%**|  Lastly, to all Phoenix fans out there, do not despair (yet)! In exactly 1 out of 50,000 simulations (0.002%) the Suns end up winning it all (both modern and full window). So with a little bit (read: an obscene amount) of luck, you walk away finally an NBA champion.   Please feel free to reach out in case you have questions or suggestions!  Thank you!"
2026-04-18 10:35:01,Doesn’t agree with my agenda that the finals will be suns hawks so therefore it’s invalid
2026-04-18 11:06:25,"&gt;The frequency of injuries altering the championship outcome is generally low   This is surprising as it feel like very frequently injuries have a big role in determining the result. Last year with Haliburton, Cavs-GSW 2015 (Cavs-GSW 2016 kinda too), etc etc"
2026-04-18 11:28:10,"Our playoff X factor is j-dubs hamstring, hartenstein's calf and the three-point shooting of anybody who is not a starter."
2026-04-18 12:02:28,Is this the guy who keeps posting this Topic card in multiple subs about how thick it is?
2026-04-18 12:10:33,JoeCain
2026-04-18 12:33:32,This is cool. I wonder what the data would be if we expanded to teams that made the finals
2026-04-18 12:39:42,Dort is going to make this guy cry
2026-04-18 13:11:07,"Dort, and SGA know Brooks too well. This will be fun!"
2026-04-18 13:32:00,"Unders , these guys actually play defense, give effort and play hard in the playoffs. Anything above 215 is sus."
2026-04-18 13:39:08,Def gonna be our bench. Ajay or Joe.  I do think that Chet is going to surprise some people too this playoff run
2026-04-18 13:40:26,What we can't afford is having a dud Joe playoff again. It's all or nothing this year. If he's a negligible factor again then we gotta move on.
2026-04-18 14:24:05,"Brooks is on the same national team as Dort and SGA, so I’m sure it’s just “promotion”. Phoenix probably gets 1 game."
2026-04-18 14:59:01,"This is really cool honestly. Mostly because I am a Knicks fan. But also because it's more of a survey of likely criteria that matter to paint a picture across a variety of metrics. You can argue the merits of any individual bullet point but if a team is 8 for 8...that obviously matters.   Personally I think 40 wins before 20 losses is fucking dumb. The Knicks were like 37 and 19 this year. That particular 3 game win stream would have changed their whole season? It's actually idiotic.   But nailing the other 7 metrics? Yea that matters. Defense, net rating, overall record, having a top 5 player, those things are obviously very important to being a contender."
2026-04-18 15:16:46,JoeCain hopefully
2026-04-18 15:32:02,Full 2026 NBA playoff predictions East:  Pistons vs Magic: Pistons in 6  Cavs vs Raptors: Cavs in 7  Knicks vs Hawks: Knicks in 6  Celtics vs Sixers: Celtics in 5  Second round:  Pistons vs Cavs: Cavs in 7  Knicks vs Celtics: Knicks in 7  ECF:  Knicks vs Cavs: Knicks in 6  West:  Thunder vs Suns: Thunder in 4  Lakers vs Rockets: Rockets in 5  Nuggets vs Timberwolves: Nuggets in 6  Spurs vs Blazers: Spurs in 6  Second round:  Thunder vs Rockets: Thunder in 6  Spurs vs Nuggets: Nuggets in 6  WCF:  Thunder vs Nuggets: Nuggets in 7  FINALS: Nuggets vs Knicks: Nuggets in 6
2026-04-18 15:37:33,"Lol, Knicks will be lucky to make the conference finals"
2026-04-18 15:50:08,Round one predictions   West   1. OKC in 4 2. Rockets in 5 3. Nuggets in 7 4. Spurs in 5   East   1. Pistons in 5 2. Cavs in 6 3. Knicks in 6 4. Celtics in 5   My NBA finals prediction is Thunder over Celtics in 6.
2026-04-18 15:56:07,Cavs over Pistons in 7…lol  Knicks in the Finals…lol
2026-04-18 16:24:26,"First Round Announcers Schedule through Tuesday Saturday, April 18  G1: Raptors-Cavaliers, Prime Video 1:00 p.m. Eric Collins, Dell Curry, Kristina Pink  G1: Timberwolves-Nuggets, Prime Video 3:30 p.m. - Kevin Harlan, Candace Parker, Dwyane Wade  G1: Hawks-Knicks, Prime Video 6:00 p.m. - Ian Eagle, Stan Van Gundy, Cassidy Hubbarth  G1: Rockets-Lakers, ABC 8:30 p.m. - Mike Breen, Richard Jefferson, Tim Legler, Lisa Salters  Sunday, April 19  G1: 76ers-Celtics, ABC 1:00 p.m. - Ryan Ruocco, Jay Bilas, Jorge Sedano  G1: Suns-Thunder, ABC 3:30 p.m. - Dave Pasch, Doris Burke, Malika Andrews  G1: Magic-Pistons, NBC 6:30 p.m. - Noah Eagle, Grant Hill, Ashley ShahAhmadi  G1: Trail Blazers-Spurs, NBC 9:00 p.m. - Mike Tirico, Jamal Crawford, Reggie Miller, Zora Stephenson  Monday, April 20  G2: Raptors-Cavaliers, NBCSN/Peacock 7:30 p.m. - Mark Followill, Robbie Hummel, Chris Mannix  G2: Hawks-Knicks, NBC 8:00 p.m. - Noah Eagle, Grant Hill, Jordan Cornette  G2: Timberwolves-Nuggets, NBC 10:30 p.m. - Michael Grady, Brian Scalabrine, Austin Rivers, Grant Liffman  Tuesday, April 21  G2: 76ers-Celtics, NBCSN/Peacock 7:30 p.m. - Jason Benetti, Robbie Hummel, Jordan Cornette  G2: Trail Blazers-Spurs, NBC 8:00 p.m. - Mike Tirico, Reggie Miller, Zora Stephenson  G2: Rockets-Lakers, NBC 10:30 p.m. - Terry Gannon, Jamal Crawford, Ashley ShahAhmadi  Source:  https://espnpressroom.com/us/press-releases/2026/04/espn-nba-full-court-press-espn-tips-off-its-coverage-of-the-2026-nba-playoffs-presented-by-google-this-saturday/  Source: https://www.nbcsports.com/pressbox/press-releases/nba-playoffs-are-here-nbc-sports-first-nba-postseason-coverage-since-2002-begins-this-sunday-april-19-on-nbc-and-peacock"
2026-04-18 16:43:00,I think OKC is repeating this year barring injuries to key players
2026-04-18 16:56:43,We def lost having no home announcers for the first round we cant have my goats Mike Breen and Clyde Frazier it really sucks
2026-04-18 17:23:50,"I Have a Passion for Thundering Up &amp; Graphic Design Been a basketball fan since I was a kid (and Thunder fan since day one), fell into the art and design world and then combined the two starting last season and especially ramped up around the playoffs. Doing lots of stuff again leading into this year's run, too! Hope you dig it."
2026-04-18 17:44:45,I need #10 on a poster! Fantastic work!
2026-04-18 18:01:59,"Dude! I've seen a couple of these floating around on Facebook and Instagram but didn't know who did them. I died laughing at image #2 and it's one of my favorite Thunder-related graphics I've seen in a while.  Honestly, if you haven't made shirts or posters out of these, you definitely should. I have to believe they'd be a huge hit!"
2026-04-18 18:20:11,"""Let's Rumble"" is fire. They should make that our playoff slogan. For some reason we don't have one"
2026-04-18 19:15:36,AJ played and cost us game 1 of the finals last year. He’s come a long way!
2026-04-18 19:33:36,#11 and #6
2026-04-18 19:49:21,Really think it’s Caruso. Looked like the backbone last playoffs when we needed a spark
2026-04-18 19:51:32,"I pick OKC over Denver for WCF.  Actually, over the Spurs.  I think Denv has lost a step, and No. 50's always getting injured.     In the east, I don't think Pistons are ready for big time yet.  Until a team has extended playoff experience, I'm bearish.  Let's go Boston over Cleveland.  Boston has hit a sixth gear as Tatum gets back into shape.  For Finals, I'm still picking OKC.  While Boston's resurgence is enough to get them out of the East, don't think they've played enough Thunder at full strength to figure them out.  They put up a fight in Game 6, but SGA takes over, and leads OKC to a second consecutive ring.  OKC's dynasty ends next year, as Wemby and Celtics raise the profile of a league that was all OKC for three years."
2026-04-18 20:08:59,I don't know the game of the year might be the first game of the season against Houston also MVP is the greatest Bald player off all time Alex Caruso i think fan of the year can't be a media person so I would go with the guy that takes a shot for every win. The best moment is topic checking in the biggest looser is r/nbatalk.
2026-04-18 20:50:43,"Why does OKC never have prime time playoff games? This is the 3rd year in a row being the 1st seed and again, no primetime games in round one. Meanwhile, the Spurs, Celtics, Knicks, and Lakers all have at least one primetime game within their first few."
2026-04-18 20:53:09,I don’t think it’s OKC but just the 1 vs 8 matchup is not that interesting. They know we gonna dominate
2026-04-18 20:55:48,Because the league expects that OKC will dominate the series and that there will be plenty of prime time OKC games in later rounds.
2026-04-18 20:59:32,So us international fans (Germany) get to enjoy the show too 🤩  Thunder up!
2026-04-18 21:05:11,We do have prime time games just not in the first round because its boring everyone knows were going to win
2026-04-18 21:12:36,LeBron James must be the smartest player ever! # Lakers News: LeBron James Believes Thunder Are Favorites To Repeat As Champions.    # Quite a complement being he's in the playoffs.
2026-04-18 21:19:50,"Don’t worry, we will be primetime in the finals."
2026-04-18 21:37:27,"They are expected to win the networks probably don't view OKC as a sexy viewership as they would feel Ant and Wemby are easier to sell to casuals.   The early start benefits OKC though, they have played multiple early slots. Phx not so much and their body clock may not be fully adjusted.  Pistons are in same spot networks really don't know how to promote them, rarely talk about Cade."
2026-04-18 21:42:18,"Daily Playoff Game Discussion Thread (for non Thunder games) Mods, can we please have a daily pinned thread to discuss the non-Thunder games?  This thread be today’s discussion thread.  Today’s games are:  Toronto vs Cleveland  Minnesota vs Denver  Atlanta vs New York  Houston vs Los Angeles"
2026-04-18 21:44:04,"Murray currently has 15 free throws on 7 made shots. If SGA did this, the entire internet would be melting down."
2026-04-18 21:46:48,Tbh 1 v. 8 is rarely ever compelling. If we advance in the playoffs the games will certainly become all prime time.
2026-04-18 21:55:56,"This is extremely unfair, other teams are not supposed to have shai whistle"
2026-04-18 22:18:29,"Finch would have got himself thrown off the game first half if thar mcdaniels flagrant happened against okc lol   These dudes cannot even bother to whine when they actually get fucked by refs lol, their fans and finch only bring it up for okc lmao"
2026-04-18 23:01:08,Thunder play on Sunday on ABC. Sounds primetime to me.
2026-04-18 23:18:52,beautiful buzzer beater by the hawks at the half!! i find it so easy to cheer for them since they have casons brother (keaton wallace) and shais cousin (nickeil alexander walker)
2026-04-18 23:59:37,y'all see Jakob Poeltl in G1 v Cavs? That's what IHart is if you renew him long term.
2026-04-19 00:35:02,Isaiah Joe.  If he plays like he has this season it’s gonna be a short playoff.  16-20 games.
2026-04-19 00:51:18,"So I think we want the Lakers to steal Game 1 here.     They won't be able to win this series without Luka or Reaves, so it's just a matter of them wearing down Houston as much as they can.     If they can extend the series to 5 or 6, that's good for us."
2026-04-19 00:56:16,https://preview.redd.it/tf5353uep1wg1.jpeg?width=2160&amp;format=pjpg&amp;auto=webp&amp;s=32f69f2d5545c57839088983b8d9d1eac04d8f0d  0-3 FTs in the final seconds to lose on the hook lol  Here's the slip for bums like u/Powerful-Attorney113 who pocket watch like a loser.
2026-04-19 02:04:00,Earned. Not Given. | Royce Young on the Road Ahead | NBA Playoff Video Essay | OKC Thunder
2026-04-19 02:06:09,Nuggets in 6 over the Knicks is a spicy take. Jokic in the Finals again feels right but I think you're sleeping on OKC. That team is built different this year and I'm not sure Denver has the depth to outlast them in a 7 game series.
2026-04-19 02:22:28,Its only fair because well have nothing but prime time games in the WCF and finals
2026-04-19 03:21:08,"Lakers *needed* to win this one and they did.     The longer this series goes, the better for us.     We will have time to rest, recover and even gameplan for the winner of the series."
2026-04-19 05:04:34,I feel like JWill is gonna hit some huge top of the key threes in clutch moments for us.
2026-04-19 06:43:48,"[Pavon] Ajay Mitchell on Thunder mindset heading into playoffs: “It’s a new year… we’re not defending, we’re trying to win again… just focused on what’s in front of us”"
2026-04-19 07:17:24,Mindset of a Champion
2026-04-19 09:24:48,"Playoff history: Thunder - Suns \*Including Seattle  Playoff games record: OKC leads 13-12  Series record: 2-2  Last meeting: 1997 1st round - SEA won 3-2  Leading scorers: Gary Payton (SEA, 25.4), Rex Chapman (PHX, 24.2), Shawn Kemp (SEA, 22.2), Detlef Schrempf (SEA, 17.6), Kevin Johnson (PHX, 16.8).  The Sonics would then go on to lose in an epic 7 game series against the Rockets.  29 years later, the franchises meet again for the 1st time in the OKC era. Is there any chance for an upset?"
2026-04-19 09:39:55,"Russell Westbrook and the Bank of New Zealand Not sure if this was ever posted in this sub, but here in New Zeland we (Steven Adams) somehow managed to convince Russell Westbrook to feature in one of the main advertisements for the Bank of New Zealand. I rarely watch a youtube video where this ad doesn't pop up (cheers Rusell). A wee reminder of the worldwide support as the playoffs begin, thunder up!!"
2026-04-19 09:49:44,"OKC should win in max 5.  But one area I could see Phoenix challenge OKC in is the 3 point shooting. OKC have a tendency to protect the paint, double the star (booker) and leave shooters open and gamble on them missing. And the Suns have a lot of good shooters who can punish this"
2026-04-19 10:34:10,Dear god why did it take them so long to finally get Seattle a team again.   The Thunder and the Suns have never met in the playoffs.
2026-04-19 10:40:07,"So, OKC has never once faced the Suns in the playoffs. Got it."
2026-04-19 11:54:42,Shai clutch player oty
2026-04-19 13:13:27,"OKC is the favorite to win the ring this season. If youre the coach of any team, how would u beat OKC? I personally think the OKC is the toughest to beat just because their core is so complete. Theyre not also super dependent on their star (SGA) to win. They play great offense and are hungry on defense. Recipe for a championship imo"
2026-04-19 13:14:42,Convince SGA that it's his civic Canadian duty to boycott the US entirely
2026-04-19 13:15:15,"They are dependent on SGA for offence, so that’s how you stop them. You hard double SGA, try to force the ball out of his hands, then hope the rest of the team has a cold shooting night as they do pretty often. If the rest of the team is shooting above 35% from 3 you’re just screwed though."
2026-04-19 13:23:01,Spurs just to play them in the WCFs
2026-04-19 13:23:22,"Not turn the ball over, our half court offense outside of SGA is prone to bad spells when he isn’t on the floor, so teams need to take care of the ball or else we will get to play in transition which is where we really thrive"
2026-04-19 13:24:50,"Defensively trap, double/triple Shai. Don't let him get to his spots at all costs.  If you lose because Dort/Wallace/Chet/Caruso/Williams hit enough open 3s, move on to the next game  Offensively protect the ball at all costs - if you start giving too many live ball turnovers you are already dead   Have to win on offensive glass - especially when Hartenstein is sitting. Need to hit corner 3s, OKC will concede them to lesser shooters."
2026-04-19 13:25:05,"Took all the home teams yesterday and enjoyed multiple cold ones. Classic first day of the playoffs has me tricked into thinking I'm a genius. Feel like it's Boston, OKC, Orlando (ooof), and San Antonio, but I'm still drunk.."
2026-04-19 13:49:32,I am not joking when i say that Dillon Brooks injuring SGA is the only way they don't repeat
2026-04-19 14:06:47,"For any team other than the Spurs you just can't play safe.   Teams need to play really aggressive, get into passing lanes. If you just play your game they are too efficient and don't turn it over and you fall behind and never come back because the defense is stifling.  Making aggressive plays for the ball and creating fast break opportunities is really the only way for a team that is worse than them across a 7 game series. They have to be taken out of their element.  That and don't play soft when it comes to defense. If you're going to get called for fouls anyway foul hard. Don't try to hurt anyone but if SGA is going to the ground even if you don't touch him on some of these plays and you're going to end up with the foul call you may as well be the one who puts him there."
2026-04-19 14:08:23,How is this sub reacting if OKC loses game 1 today? I'm just curious how you all are preparing to view the team and the overall possibility of okc not being as locked in and how that reflects to their chances of winning the championship this year
2026-04-19 14:09:44,hopefully we learned from last year’s playoff run not to overreact
2026-04-19 14:11:46,"""Inside The NBA"" 2026 Finals predictions - OKC loses the Western Conference **""Inside the NBA"" April 18 Predictions**  (\*predicted winners)  **Western Conference**                             **Eastern Conference**   **Charles**  \*Denver Nuggets                                       \*Cleveland Cavaliers  OKC Thunder                                               Boston Celtics     **Shaq**  \*San Antonio Spurs                                       Detroit Pistons  OKC Thunder                                                \*NY Knicks      **Kenny**  OKC Thunder                                                \*Detroit Pistons  \*San Antonio Spurs                                         N""Y Knicks     **Ernie**  \*Denver Nuggets                                         Cleveland Cavaliers  OKC Thunder                                               \*Boston Celtics     On ""Inside the NBA"" the crew all made their predictions of which teams would make it to the conference finals, and who would win their conference. NONE of them selected the OKC Thunder to win the Western Conference."
2026-04-19 14:12:23,Blame Dort
2026-04-19 14:14:06,"would suck, but would have lots of confidence we'd win in 5 rather than 4  PHX can't hang with us we match up so well with them especially with Book struggling recently"
2026-04-19 14:16:25,This sub will melt down and say trade dort lol. I might lead the charge if there's enough beer in me
2026-04-19 14:17:18,"Not happening. I'll run around the market naked if thunder lose game 1.  Jalen green is 90 ovr with 15%consistency, he will be guarded by jalen williams and cason. I don't see him scoring more than 20 that's it. His highs are insane but few.   Booker will be in dorture chamber, sga will work brooks up. Just 1 besides sga has to show up offensively that's it. They ain't got the offense to hang with our defense and bigs to handle hart, chet and jwill."
2026-04-19 14:20:43,I saw this last night too. they’re all entitled to their hot take opinion but not one picking us to win even the WCF? they watched us blow through the season as a top 5 most injured team in the league and now everyone is fully healthy…   but picking the cavs to win it all is genuine comedy
2026-04-19 14:21:25,This sub will be on fire if the Thunder aren’t up 20 5 minutes into the game.
2026-04-19 14:22:51,"If I was trying to be annoying:  1. Blame refs 2. Blame dort 3. Clamor to trade dub and Chet 4. Blame Coach for failing to give all of dub and Chet’s minutes to Ajay and Jwill 5. Declare this team doesn’t have it 6. Wait for the next win to flood other subs with trash talk  In reality: 1. Be bummed for the day, stew until Wednesday, get pretty nervous by tip. Feel confident but with a hint of nervousness about “what if we lose again?”  Official prediction is Thunder in 6 so that gives me an emotional hedge on a loss or two"
2026-04-19 14:24:38,"Need to win 4 games out of 7 as of today.  If we lose,  we need to win 4 games out of 6.    I believe this team can do either one of those."
2026-04-19 14:25:35,"You got to have some crazy offensive output while mantaining a thight defense on SGA, and a ok defense on the rest."
2026-04-19 14:25:54,"Coming into the season my prediction was 62 wins and a loss to Denver in WCF’s. Now everything is in line, I need to be wrong!!! 😑"
2026-04-19 14:33:48,"I love that no one is picking them…. I’d be a lot more worried if everyone said it’d be a cakewalk through to a repeat.   I’ve also seen that a Thunder repeat would be the most profitable outcome for the Sportsbooks in Vegas. A lot of people betting the Spurs, Nuggets, and Celtics at higher odds. Most of the time people try to get too cute and end up outsmarting themselves.   On a side note, this same line of thinking has me hating everyone saying we have an easy path and will breeze through the 1st two rounds. Guess I can’t have it both ways."
2026-04-19 14:44:08,On The Ringer most of them picked Nuggets to win 4 out of 6
2026-04-19 15:05:35,it was an honor just to be nominated. also find it funny that Thunder is the only team all four of them saw being in a conference final. they split the difference on the other 3 teams being Nuggets/Spurs for the west and Cavs/Celts/Knicks/Pistons for the east.
2026-04-19 15:08:42,"So what? Denver and Spurs have good chances to beat OKC, its not a slight to have okc losing to either of them."
2026-04-19 15:16:55,genuinely what has Denver shown this season to make so many people think they're the #1 threat to win?? hell if the wolves weren't so immature they would have taken game 1. what is it?
2026-04-19 15:20:27,"Just last week they were arguing jaylen brown should be the mvp. These dudes spent years in the league but there are youtube comment sections more knowledgeable about the modern game than they are. And once all is said and done they'll be talking about it like ""this was the most likely outcome all along"", exactly like they did last year."
2026-04-19 15:33:57,"I don’t think there’s a better photo that represents today. As someone who’s lived here his whole life and vividly remembers sitting in a class full of other 10 year olds while our teacher tried to explain with tears in her eyes what had just happened some 35 miles north of us, the team and championship are special. It’s just sports… but it’s also so much more. Thank you thunder and…. LETS GO!!!"
2026-04-19 15:34:01,Because it’s really damn hard to repeat.
2026-04-19 15:38:49,I already know Kenny is wrong. Neither the Spurs nor the Pistons have even been to a conference finals in their current iterations. It would be the most anomalous finals of all time.   We did it last year (with a historically good point differential) and 2015 Warriors did it. That's it.   I'm sticking with my pre season pick of OKC vs Knicks.
2026-04-19 15:42:42,"I'm up in the KC area, I showed that picture to some friends including a lady at church.  She started crying, I didn't know but apparently she lived in OKC back when she was in med school and lived through that."
2026-04-19 16:18:33,"I don’t expect OKC to win every game of these playoffs, losses are definitely going to happen. I think our championship chances are still strong and this team will be more locked in after any given loss for sure"
2026-04-19 16:19:57,My MVP is always aura farming
2026-04-19 16:20:23,"Favorite according to who? Thunder Floppers? You can't beat the Ethical Spurs and you are walking around like you are not even going to face your worst nightmare to get to that chip.   Wemby is getting better every game? Even when Dort hurts Wemby (He will, the coward that he is), Wemby will unleash fury on your flopping, foul baiting heads?       The flopping/foul baiting era is over. This is Wembys league now. You are yesterdays fake news Thunder Floppers."
2026-04-19 16:20:50,"The way I’m feeling is, this team made the playoffs.  For me, that was the accomplishment that felt nearly impossible six months ago.  However we do against the Thunder, for me, is just gravy at this point.  That being said, it *would* be pretty sweet to win a game and avoid a sweep.  I would be stoked for that."
2026-04-19 16:31:01,"I was 4 when it happened. I live in BA. It's an indelible memory seeing the terror that day on the screen, and my parents trying to calm us when it happened. They pulled us out of class to make sure we would be okay. The championship win last year 30 years after the fact felt like such a turnaround from that time.     When people ask why I love The Thunder, this is a big reason why. They have uplifted our state in ways unimaginable in my lifetime. I never thought I'd see such unity and happiness around our state than what happened last year.  Not only does this team stand up for our community in ways above and beyond what many might do, but they represent the best of us.   The fact that every employee is required to visit the Memorial shows their commitment to making our state a better place. It's always people first, players 2nd.  The investment this team makes in our home state is 2nd to none  The Thunder represents the hope that things are going to get better in Oklahoma from here on, and that we don't have to return to the worst days of our lives. The future is bright.  I'm going to do a lesson this year on the OKC Thunder for my class this year. It's my finest lesson for sure. I'm showing this photo in my presentation as part of the presentation. I want to remind my kids of the great things this organization does not only for basketball, but for our state writ large."
2026-04-19 16:39:23,"Foul shai hard, constantly. Give him the treatment his teammates give to other stars."
2026-04-19 16:40:41,Thoughts on parlay plz  Celtics ML + Celtics 1st half ML + o 210 alt total @+100 odds thinking abt hammering with 50% boost as well
2026-04-19 16:47:37,Glad we don’t play this game on paper… when we started 24-1 everyone was coming OKC… it’s cool stay on that side like ja would say lol
2026-04-19 16:55:44,"I can understand someone thinking the Spurs can beat us in the WCF, mainly because Wemby is 5-4 against the Thunder in his career, and two of those seasons were bad Spurs lottery teams when we were heads and shoulders above the rest of the west.    But the Nuggets?    People read way too much about going to 7 last year.    We were a young team whose balls needed to drop in the playoffs, and they did, and we won't be as sloppy in Games 1 like we were last year.   We had to learn how to win in the playoffs, like the Nuggets had to do in 2020.    That and we've just beaten them consistently since the play in season, we match up with them well."
2026-04-19 16:59:09,It’s fashionable to hate on OKC.
2026-04-19 17:46:14,double team shai at the halfcourt line and pray to god that every non-shai player misses 3s.
2026-04-19 17:59:57,"NBA Player Rankings for Playoff Series I mostly use stats like [https://www.sports-reference.com/stathead/basketball/versus-finder.cgi?request=1&amp;seasons\_type=forall&amp;year\_min=2026&amp;year\_max=2026&amp;player\_id1=suggsja01&amp;player\_id2=thompau01](https://www.sports-reference.com/stathead/basketball/versus-finder.cgi?request=1&amp;seasons_type=forall&amp;year_min=2026&amp;year_max=2026&amp;player_id1=suggsja01&amp;player_id2=thompau01)  76ers vs Celtics   1. Tyrese Maxey: 76ers  2. Joel Embiid (if healthy): 76ers  3. Jaylen Brown: Celtics   4. Jayson Tatum: Celtics   5. Paul George: 76ers  Honorable Mentions: Derrick White (Celtics), VJ Edgecombe (76ers), Payton Pritchard (Celtics)  Suns vs Thunder  1. Shai Gilgeous-Alexander: Thunder  2. Devin Booker: Suns  3. Chet Holmgren: Thunder  4. Jalen Williams: Thunder  5. Dillon Brooks: Suns  Honorable Mentions: Jalen Green (Suns), Collin Gillespie (Suns), Isaiah Hartenstein (Thunder)  Magic vs Pistons   1. Cade Cunningham: Pistons  2. Desmond Bane: Magic  3. Paolo Banchero: Magic  4. Franz Wagner: Magic  5. Jalen Duren: Pistons  Honorable Mentions: Ausar Thompson (Pistons), Jalen Suggs (Magic), Tobias Harris (Pistons)  Trail Blazers vs Spurs  1. Victor Wembanyama: Spurs  2. Deni Avdija: Trail Blazers  3. Donovan Clingan: Trail Blazers  4. Deaaron Fox: Spurs  5. Stephon Castle: Spurs  Honorable Mentions: Jrue Holiday (Trail Blazers), Devin Vassell (Spurs), Jerami Grant (Trail Blazers)"
2026-04-19 18:03:27,You can’t rank SGA because he is unwatchable
2026-04-19 18:03:42,"You got Thunder and Suns right but the rest are kinda wack. Tyrese Maxey is NOT better than Jaylen Brown that’s such cap. Derrick White is absolutely better than Pandemic P. Jalen Duren is better than every single Magic player. Fox and Castle being worse than Clingan is ridiculous. Clingan isn’t even better than Jrue, who should be number 5."
2026-04-19 18:13:41,"I have a wheel prepared with ""Dort/Refs/Mark/the roleplayers"" that I'll readily spin to know who to blame for my sorrow"
2026-04-19 18:20:02,"how many years have we heard Shaq say ""mj told me once to succeed you must first learn to fail"" and now he has the spurs in the finals in their first playoff appearance with this squad?"
2026-04-19 18:30:15,"Game Thread: Phoenix Suns vs Oklahoma City Thunder Live Score | NBA Playoffs | Apr 19, 2026 This post contains content not supported on old Reddit. [Click here to view the full post](https://sh.reddit.com/r/nba/comments/1sq0zjv)"
2026-04-19 18:37:55,"Either rage bait or you’re just dumb lol, your Suns-Thunder ranking is the only one that isn’t ridiculous"
2026-04-19 18:53:36,"This is one of those pictures that will go down in OKC history. Whether you follow the thunder or like them or w/e, in 100 years when they show a compilation of pics of what it means to be an Okie, this one will for sure be still there."
2026-04-19 19:31:18,this picture gives me goosebumps every time i see it. the victims should’ve been able to see us win the championship
2026-04-19 19:41:52,THUNDER THE FUCK UP FOR THE 2026 PLAYOFFS!!! 🌩🏆🌩
2026-04-19 20:17:35,OKC really got another lottery pick this year. OKC dynasty for the next 5 years.
2026-04-19 20:18:12,"Can’t believe the refs made Chet hit that shot, how dare they"
2026-04-19 20:19:01,Man I know people hate the thunder but when they’re playing like this and have that crowd behind them it is really fun to watch
2026-04-19 20:20:37,"I feel like OKC is the greatest transition team ever,when it comes to forcing turnover and then constantly being able to produce points off it..I think they are the best ever"
2026-04-19 20:25:13,"Man when you watch the thunder i think its actually easy to see the hate they get. Its not really hate its jealousy. Except for maybe the Celtics, nuggets(maybe) uhhh hell the spurs are young aside from those teams this thunder team is just so far ahead of everyone else. You got a scoring champion mvp you have 3 other guys who could probably be leading scoring on other teams. Youre 10 11 guys deep. Every one scores everyone plays good defense everyone hustles its ridiculous. I think its jelousy there is just no way a team can be this far ahead of the rest of the league. I hate these guys"
2026-04-19 20:27:57,Clippers going to fucking hell for that Shai for PG trade.
2026-04-19 20:29:01,Hating isnt fun when they are this good. Maybe I will just start cheering for okc instead
2026-04-19 20:29:19,I love watching OKC and how they play basketball.
2026-04-19 20:35:41,i respect okc for being the only fanbase itl who all put the shirts on
2026-04-19 20:35:58,I officially switched from hating on okc to cheering for them now and I feel so free. Its like a huge weight has been lifted off me
2026-04-19 20:42:45,"Say what you will about OKC, their fanbase for both college and their one pro team is loyal to a fault."
2026-04-19 20:54:38,OKC -9 1H was sweat free.  https://preview.redd.it/eu7aqua9n7wg1.png?width=420&amp;format=png&amp;auto=webp&amp;s=6784f6314ab829a6ebe21b3b73a7ce1a56f28c9c
2026-04-19 20:56:12,Cheering for okc feels like a mix of being on drugs and in love. Is this… is this how thunder fans get to feel every single day?
2026-04-19 20:56:33,SGA really is incredible when he’s going to the cup like that. What a move
2026-04-19 20:57:37,Shai just got blatantly punched for no call as he finishes the layup and y'all are SILENT
2026-04-19 20:58:39,Shai is so explosive with the ball. If he sees you lean even the slightest bit he can take advantage and blow by. His sense of the game can't be taught
2026-04-19 21:38:56,Shai should stop at 16 free throws attempted out of respect for Jamal Murray
2026-04-19 21:48:34,I'm pretty sure if you don't wear the playoff shirt in OKC they ritualistically sacrifice you at halfcourt
2026-04-19 21:56:23,I do love how analysts spent a majority of the post All Star break understandably hyping up the Spurs and the Nuggets and then we're just reminded that the Thunder are on a different level.
2026-04-19 22:08:05,"Spurs downfall will be their lack of playoff experience. History has shown that good teams whose starters lack playoff experience (less than 2 years) never make it far. Why do people think it will be any different with the Spurs?  Playoff experience is huge at this time of the year and they don’t have a starter who has been there and done that (Harrison Barnes plays limited minutes coming off the bench).  They’ve played extremely well this year and should be proud of it but history has shown teams lacking playoff are an early exit so it’s strange that people are calling them real contenders.  In recent years examples of teams with a young core with little to no playoff experience that performed well in the regular season but lost early on in the playoffs.  25 Rockets was the second seed and was a first round exit  24 Thunder was the first seed and was a second round exit  23 Kings was the third seed and was a first round exit  22 Grizzlies was the second seed and was a first round exit  19 Nuggets was the second seed and was a second round exit  Luka, Shai, Giannis, Brunson, Cade, Banchero, Anthony Edwards, Kevin Durant, KAT, Sengun, Fox, James Harden all first round exits in their first year of the playoffs.  LeBron, Jokic, Jamal Murray, Embiid, Steph, Donovan Mitchell all second round exits in their first playoffs.  \*Suns in 2021 had CP3 a starter who had years of playoff experience and made it to the finals and 2017 Celtics had Al Horford who had years of playoff experience when they made it to the ECF  [https://www.espn.com/nba/standings](https://www.espn.com/nba/standings)"
2026-04-19 22:09:14,Gotta get their lumps! No one wins without some scars! The thunder are too young!  Wait a second…
2026-04-19 22:11:29,dillion brooks doesnt respect a win till you beat his team by 40. suns in 6
2026-04-19 22:11:32,I mean our second year in the playoffs we won the championship  You absolutely cannot force me to overlook the Spurs
2026-04-19 22:13:22,"Wemby competed against the US team in a great game with the second best player being Nicolas Batum. Wemby is playoff ready. So is Fox, Kornet and Barnes. More importantly, the Spurs organization is ready. Pop is still there everyday."
2026-04-19 22:13:47,Watch OKC get a top 5 pick
2026-04-19 22:14:02,"Jaylin ""Asian Duke Dennis"" Williams ends with Four steals in 10 minutes 10 MIN  4 STL  5 PTS  4 REB  2 AST  24 +/-  Great defensive game for Jaylin Williams in Game 1 of the NBA Playoffs  [SOURCE](https://www.espn.com/nba/game/_/gameId/401869192/suns-thunder)"
2026-04-19 22:16:20,How long until NBA fans realize the Thunder were playing at 70% effort in the regular season? They're gonna dominate this playoffs.  Book it.
2026-04-19 22:16:52,Dude is still underrated.  He’s a do everything guy for the Thunder.
2026-04-19 22:18:34,Only paid like 8 mil a year yet another Presti w as he will be huge in a series vs Denver he is genuinely one of our best options for guarding Jokic because he allows Chet to help off of CB to rim protect
2026-04-19 22:19:39,"Their downfall will be losing to a superior or similar quality team, and that's most often the case with these. The Nuggets could beat them and the Thunder most likely would. That's just how it is regardless of any other stories.  Edit I cursed it."
2026-04-19 22:20:17,"SGA playoff stats in the first round since 2024: 27/5/6 on 53 TS%. This jumps to 31/6/7 on 59 TS% in later playoff rounds. https://www.statmuse.com/nba/ask?q=sga+playoff+stats+vs+grizzlies%2C+pelicans%2C+suns  https://www.statmuse.com/nba/ask?q=sga+playoff+stats+against+mavericks%2C+nuggets%2C+timberwolves%2C+pacers  While he isn't immune to stinkers in big games, see Game 6 against the Nuggets or Pacers last season, he has generally seen a significant drop in his performance against first round opponents who the Thunder have generally dominate. They've 9-0 in first round games since they returned to the playoffs in 2024."
2026-04-19 22:21:29,"People who dont watch games ""see thats why okc won!"""
2026-04-19 22:22:25,I hope that ends up being true.  I think I’ll wait on calling that one way or the other until we are done with the post season.   It’s a bit premature.   But I hope you are right.  1.  Evidence supporting your theory:   Thunder defense showed up today.   Turnovers by the bushel today.  Very positive.    2.   Contrary evidence:   Dort minutes still being forced by Mark and same result as regular season in Dort minutes.
2026-04-19 22:25:59,"Forget 16 game player, Shai is a 12 game player."
2026-04-19 22:26:27,We sweep so he doesnt need to go as hard
2026-04-19 22:26:44,People really reacting to literally one bad game that the thunder won by 40 lol
2026-04-19 22:29:39,Shai worst shooting game in 4 years is somehow still better than a slightly below average Brooks game
2026-04-19 22:30:44,Spurs bouta tank next year to face OKC round 1
2026-04-19 22:36:58,"Maybe. But then again what's the point of this post? Do you want people to stop caring and write them off? Of course everyone is excited to see what this team can do. They've already far surpassed the expectations for the regular season.  The most likely scenario is them vs Denver in the second round and that series is going to be epic af  All the narratives around this Spurs squad and Wemby are epic. If anything, there's a lot of factors that point this will be an exception to this rule"
2026-04-19 22:41:55,"Watch: Not 1 person on the Inside Crew on ESPN pick OKC to make the NBA finals this year I know a lot of people don’t care about their opinions, nor should they. But I always find it comical seeing stuff like this. It just makes it better at the end."
2026-04-19 22:45:45,"Last year when they won the title he had a 49.4 eFG% and 57.4 TS% in 23 games. 46.2/28.3/87.6 shooting splits.   His jump shooting was very inefficient, but he was super efficient from the line, hence the large gap between eFG% and TS%.   It'll be interesting to see if the trend holds or if he can somewhat replicate that jump shooting efficiency from the regular season in the playoffs."
2026-04-19 22:51:35,Wait until we win big dawg 🤣
2026-04-19 22:52:49,"yeah i also thought of posting about that same video. i’m not too sure why not much of the media seems to take the thunder seriously, from what i’ve seen. they make out the nuggets and celtics to be formidable, gritty, tough, and impossible to beat, and dismiss the thunder as a bunch of talent that’s only good on paper. who knows why 🤷‍♂️"
2026-04-19 23:02:30,Playoffs are only time when guys are sometimes able to guard him without it being called a touch foul
2026-04-19 23:08:41,"A lot of people (non Thunder fans especially) like to ignore how injured our team was for the majority of the season. It’s amazing we were able to hold the 1 seed in such a good western conference.  If the guys can stay healthy, there’s no reason this team doesn’t go back to back."
2026-04-19 23:09:42,Yeah I've seen shockingly little picks for OKC to win the finals despite us being the best team
2026-04-19 23:14:08,"They have another gear the didn't drive in much during the regular season.  But, they blew out Memphis even worse in their playoff opener and needed two 7 game series to win the title.   I think they will be more confident this year as it was the first major playoff run for them last year.   They also have a pretty easy road to the WCF.   It will come down to whether they make a respectable number of 3s against Denver or San Antonio in the WCF and in the Finals."
2026-04-19 23:28:34,Last time a champion made it past round 2 is 2019  I think it’s crazy that they don’t think we can break that tho
2026-04-19 23:31:19,Lights off Shai off
2026-04-19 23:44:56,"If you think the Thunder are going the loose to spurs, they are not making the finals. I think most analyst see OKC as too 2/3 but feel Spurs and Wemby have their number. No disrespect."
2026-04-20 00:00:02,"Shai's stats are markedly worse against teams with top 10 defensive ratings. That's why his fans keep trying to use TS% to mask this fact. Shai is fortunate he has an amazing team around him, because his playoff stats simply paint him as a devin booker rather than an all time great"
2026-04-20 00:26:04,Vegas rubbing their hands in glee at all the money coming their way from those that parlayed a home team sweep today
2026-04-20 01:01:01,"What a joke of a game, Detroit looks like the play in team, hope the magic sweep these frauds"
2026-04-20 01:01:37,Open 3? Missed it. Free throws? Missed them. Lay ups? Missed them. This team blows dick. They are getting knocked out first round.
2026-04-20 01:12:35,#1 seed lost to a play in team. Mna I'm sick
2026-04-20 01:13:58,All of the nba analysts I follow via podcasts pick OKC to win. I don’t watch tv analysts because they’re unserious / don’t watch the games so what do you expect?
2026-04-20 02:41:22,Caruso is basically on PTO all season until the playoffs
2026-04-20 04:57:04,That's actually crazy lmao. Even though I knew the outcome from reading the title of this thread I still expected Ernie to pick OKC over DEN at the end of the video.
2026-04-20 07:25:30,"Does efficiency matter less during the playoffs? SGA just had an inefficient shooting night, finishing 5/18, and the Thunder still won by 30+. Last year, he also struggled with efficiency in the first round against the Grizzlies, yet they swept the series. In the final game last season - game 7 in the Finals, he went 8/27, and they still won comfortably. At this point, it’s hard to see a clear connection between his shooting efficiency and the Thunder winning playoff games. Does efficiency matter less in the playoffs?"
2026-04-20 07:32:25,its easy to win by 30 shooting 5/18 when you also shoot 17 fts and you have the best roster in the NBA playing against a bad team
2026-04-20 07:32:56,"Everyone shoots worse in the playoffs, because everyone plays better defense. Regardless, SGA has the luxury of bumming it up and still getting carried."
2026-04-20 07:35:35,"The whole team is good, not just SGA"
2026-04-20 07:38:49,"Efficiency matters, even in the playoffs. SGA is the exception because he's carried by his team's generational defence."
2026-04-20 08:20:27,"The funny thing about SGA, is that when he feels that the shot is not there, it usually comes around, but if it does not, he gear up on defense to compensate, and he was vicious on defense last night.   And when Shai had a off night offensively, he made sure to put the ball in the hands of those that hit more shots than him."
2026-04-20 08:39:01,The Cavs were soft against Knicks in 2023. Their highly paid frontcourt were manhandled on the boards by the Knicks centers Mitchell Robinson and Isiah Hartenstein. To say those guys are more “skilled” is a lot of bullshit.
2026-04-20 09:52:20,"This team just defends at a whole different gear when it’s the playoffs. You see it for a couple regular season games like the lakers game not too long ago.   But when the rotations tighten up and everyone’s healthy with playoff games on the line, nobody wants to play this team."
2026-04-20 12:29:15,"Record: 0-0  Net Units: 0.00u  ROI: 0.00%  NBA Plays:  **Knicks -5.5 (1.87) vs Hawks - 1u**  I like New York to cover at home again. They handled Game 1 by 11, and the matchup still points toward the Knicks being able to control the game with Brunson/KAT in the half court. Atlanta has shot-making, but New York’s home edge and better late-game structure make me comfortable laying under 6.  **Cavaliers -8.5 (1.91) vs Raptors - 0.75u**  Cleveland looked like the better team in Game 1, and I don’t mind laying the same range again. The Cavs have more reliable half-court creation with Mitchell and Harden, and Toronto may still be dealing with Quickley’s hamstring situation. If Cleveland keeps the turnover count reasonable, I think they can win this by double digits again.  **Nuggets -6.5 (1.91) vs Timberwolves - 0.5u**  This is the smallest team play for me because Minnesota is dangerous, but Denver at home is still the side I prefer. Jokic controls the matchup, Murray is in a good scoring spot, and the Nuggets are up 1-0 with home court. The Edwards injury tag is also enough for me to avoid taking Minnesota here."
2026-04-20 14:50:45,"The Reason Thunder can still win these types of games, (if you watched the game yesterday) is how elite their defense is. That's all."
2026-04-20 15:14:28,"WCF.  No one will care if we smash the Suns, Rockets, or hobbled Lakers."
2026-04-20 17:52:05,"Raptors @ Cavaliers — full breakdown  This is one of those games where the recent matchup + current form matter a lot.  Cleveland:  * 8-2 in their last 10 * 5-0 at home * Averaging 124.1 PPG, but also allowing 118.3 * Playing at a pace that keeps totals high  Toronto:  * 5-5 L10 * 1-4 on the road * Allowing 109.6 PPG * But now missing Immanuel Quickley, which impacts their half-court offense  The most important reference point is the game 2 days ago:  * Cleveland won 126-113 * Total = 239 * Game played fast, with both teams getting into rhythm offensively  From a matchup standpoint:  * Donovan Mitchell is controlling Cleveland’s scoring tempo * Cleveland’s depth (Mobley, Allen, Harden) keeps offensive pressure constant * Toronto still has scoring through Barnes, Barrett, Ingram, but likely relies more on transition and wing creation without Quickley * If Toronto can’t slow the game down, it turns into a pace game again  Key things to watch:  * Early pace (first quarter will tell a lot) * Whether Toronto can control possessions without Quickley * Cleveland’s defensive intensity (or lack of it)  The spread is tricky because of the recent 13-point result and Toronto’s road struggles, but the total feels more aligned with how these teams are actually playing right now.  https://preview.redd.it/4s9277gnvdwg1.jpeg?width=1116&amp;format=pjpg&amp;auto=webp&amp;s=18381e5325700d5bf704e890df1f1c44579f25b7"
2026-04-20 21:27:46,"Tried sticking up for SGA and got a comment comparing him to Epstein Man I’m cracking up. I am not a Thunder fan at all, but just getting so tired of the SGA hate. Made a post about it and got this absurd response. Y’all star is really triggering them. I’m so dead man  The post is here: https://www.reddit.com/r/NBATalk/s/aWcyVbVBLW. They hate this guy man. Idk how I even got myself into this. I’m rooting against you guys this playoffs just for parity sake but like man this hate is INSANE"
2026-04-20 21:30:18,This is how unhinged the discourse is on SGA
2026-04-20 21:35:03,most reasonable SGA hater
2026-04-20 21:36:31,People are completely delusional when it comes to this team and SGA. Just totally devoid of thought.
2026-04-20 21:38:57,I can’t imagine what this guy thinks of Draymond Green if SGA is Epstein in his eyes
2026-04-20 21:39:29,somehow Luka has skirted through r/NBAtalk’s ring of trials for ethical hoop all year round despite being a better merchant. Wonder why that is?
2026-04-20 22:01:03,a couple months back someone in a game thread there was genuinely comparing dort to ice agents. i can’t go in there it makes me feel insane
2026-04-20 22:09:26,"I've learned not to open comment sections of posts involving our players (shai, jmac especially). I've lost enough faith in humanity as it is"
2026-04-20 22:28:31,I'm not a thunder fan either but I'm rooting for them because of how dumb the hate is. Hate on the thunder for being too good not this BS
2026-04-20 23:09:54,Reminds me of the time someone on r/nba unironically blamed Dort for a shooting in the OKC area  Edit: [Post of the comment](https://www.reddit.com/r/Thunder/s/cA3I0Co0Tp)
2026-04-21 04:40:09,"Is there a website, or known stat, that shows teams rate of sustained runs Like a yearly stat each season, each playoffs. Some number that shows the amount of big comebacks that have happened each year, and also the rate of blowouts each year.  Awhile back, it felt like these kinda blown leads were chokes, but now I’m more impressed than anything because the teams that can comeback like this seem to be really good. Last year alone, Thunder had an insane round 1 comeback, and the Pacers did it in three different matchups. But outside of the big games playoff ones, the regular season has a million runs/comebacks that don’t always result in a win because the other team had the same amount of runs"
2026-04-21 05:13:16,"Given the belt that the Thunder and Celtics delivered to the asses of Phoenix and Philly, OKC and Boston finals would be insane and imo, it would be peak. FINE, it might be too early in the playoffs to even reliably PREDICT the finalists for each conference but hear me out, two of the deepest teams in recent history since the fuckass Warriors Avengers in 2017 clashing in the NBA's biggest stage? That's something we haven't seen since like the Showtime Lakers and Bird Celtics or Jordan's Bulls against that underrated Suns team with Charles, Kevin Johnson, and Thunder Dan.  Ofcourse, r/nba hates Shai and the refs (dw, I hate them aswell because what the fuck? 27% from the field and got carried by like 17 free throws? Jesus.) and y'all hated Boston 2 years ago because ""doo doo Finals run against injured teams"" but who doesn't love a brawl between two powerful antagonists in a story? We got peak fiction like Risotto vs Doppio or Maul and Savage against Palpatine for example.     Sure, hoop fans might want a Wemby finals, Cade finals, or even another Lakers vs Celtics finals more BUT YOU CAN'T DENY IT, the defending champions with a 10 something man deep team FIGHTING the former champions whom they took the crown off last year (who largely retained their depth and Tatum returning and cooking) for the throne would be peak narrative.   ...or it just ends up as ""who gets the whistle more?"".  Tl;dr: Celtics vs OKC this year would be peak entertainment and is a helluva way to start off the Wemby dynasty (TRUST, IT WILL HAPPEN, MY SPURS WILL RETURN TO RELEVANCE). Either way, it's just my opinion at the end of the day, this sub just won't chill for the most part but eh, that's the internet for you."
2026-04-21 15:45:47,Shai's Canadian ass in this pic lol
2026-04-21 18:01:41,"Getting to the Rim It's really such a simple concept, but I feel like this very elementary aspect of basketball is overlooked in the discourse regarding roster construction and playstyle in modern basketball.   The importance of spreading the floor and having three point shooters is likely the most agreed-upon aspect of having a high-functioning offense, but what is necessary to maximize that playstyle, is a wing who can consistently beat his man off of the dribble, get to the rim, and either finish or kick it out to open shooters.   Watching Wolves/Nuggets last night - that was the most glaring difference between the teams in the 4th quarter. It doesn't help that Murray was noticeably exhausted, but even at his best, he's more of a patient and crafty dissector of a defense, than a beat you with his first step. Jokic, for all of his genius, just does not generate pressure on the defense in the same way, operating methodically from the high-post and looking for cutters.   Edwards is the poster child for a modern wing who can get to the rim whenever he decides to. The Nuggets had no answer for him. Even players like Julius Randle, DiVincenzo, Naz Reid and Bones  (to a lesser extent, Jaden McDaniels) are great platers at generating a decent look off of the dribble. This wore out the Nuggets defense and had them in the penalty early in the 4th.  In a match up of two relatively equal teams with superstars, solid role players and supporting players, this might be the deciding factor.  This was the offensive Achilles heel for the pre-KD Warriors. As explosive as they were offensively, Steph was their only offensive player who excelled at getting to the rim one-on-one, and he was limited in his ability to do so during the 2016 playoffs. All of their other actions are off-ball, and when defenses are fully locked in, and you don't have a low post threat, you're more susceptible to long scoring droughts when you can't generate easy looks (like in game 7). Contrast that with the Cavs - who had two elite penetrators in Kyrie and LeBron who fully took control of the series, particularly when Bogut went down and the Warriors lost rim protection.     Aside from their frenetic defense with the personnel to do it, this is the biggest separator of the Thunder from the rest of the league, because even with at times below par three point shooting, Shai and Jalen Williams (when healthy) are elite at getting to the rim.  Of course, the right personnel around that penetrator is required (a problem for the Cavs the last few seasons, even with Donovan Mitchell). The Knicks are seemingly built for it, but it's difficult when your penetrator is a small guard.     As someone who grew up watching and playing ball in the 90s and early 2000s, it's refreshing to see the brand of attacking the hoop featuring so prominently in these playoffs."
2026-04-21 18:31:25,"i dont understand your contention that this is ""overlooked""  when people talk about adding spacing, its for the very purpose of giving players like this the room they need to operate or the ability to punish defenses to collapse.  for instance, when talking about the pistons, people lament the lack of spacing because it lets teams collapse onto cade, who can get to the rim  we talked about this historically with guys like Luka and LeBron, who could get to the rim and needed outlet options.  SGA's game starts with his ability to attack the rim due to his handles, physique, and balance.   the spurs have wemby yes, but a lot of talk about them has been the 3 guards, all of whom get to the rim.  the celtics formula has been to have a number of guys who excel not only with driving but also shooting  its not an underdiscussed concept at all, so i think the premise of your post is simply not well founded"
2026-04-21 18:55:07,This is more of a defensive issue for the Nuggets. Compare them to someone like OKC that sells out on preventing shots at the rim. The same players on offense look much different.    Guys that can drive are always going to be valued though. Drive and kick will never go out of style.
2026-04-21 21:40:45,"I have OKC winning it all - too ambitious? Maybe this doesn't pan out if the Spurs beat the Nuggets. I don't think Tatum is conditioned enough to play at his peak in the Finals.     Denver scares me, but I like home court advantage a lot.     Rockets have proven they have no offense without KD.     I had the Clippers coming out as the 8 seed, but we'll beat the Suns in 4 or 5 too.     Also made this part of a free-entry $100 bracket challenge if anyone wants to compare theirs."
2026-04-21 21:48:45,Picking the overall 1 seed isn’t really ambitious at all
2026-04-21 21:50:18,You could tell me any of the top seeds in the east wins and I’d believe it
2026-04-21 22:06:03,If it gets to okc vs Celtics it's going to be insanely elite basketball
2026-04-21 22:07:59,Spurs ain’t beating us this year. Fuck the regular season merchants
2026-04-22 00:03:29,"I go to Chipotle every single day for lunch. My steak bowl costs $12.62  I’m wagering $3,790 on the Thunder to win the series (-30000) and I’ll win exactly what one steak bowl costs me. It’s basically a free lunch"
2026-04-22 00:04:07,"I think you just highlighted the Timberwolves advantage over Denver’s defense. The nba is a matchups league lately and most of the team’s strategies are to get the ball to an offensive player who has a miss match after a switch. Either it’s a height advantage or quickness to the rim advantage they’re looking for and as soon as they get it that player has the green light to use that mismatch to their advantage and try to score. For example.. In the Knicks case, only because I see it all the time because I’m a fan, I’ve watched teams hunt Brunson on defense when he’s switched on a bigger player and spam away with their cheesy asses lol. But hey it’s all they can do to beat us because they can’t otherwise if they don’t. Besides that these are professionals nba freaks that only need a slight edge on the defense and it’s a bucket. One tiny sliver of daylight is all Curry needs or it’s 3 every time down."
2026-04-22 00:38:22,"Active Playoff Appearance Streaks as of Today East  2015-: Celtics  2023-: Knicks, Cavaliers  2024-: Magic  2025-: Pistons    West  2019-: Nuggets  2022-: Timberwolves  2023-: Lakers  2024-: Thunder  2025-: Rockets"
2026-04-22 00:58:04,Why is this ambitious? We have expectations to win?  It's unlikely Rockets make it even passed the Lakers with that first game effort.
2026-04-22 01:53:38,"Ambitious but realistic is OKC sweeping the Suns and Rockets/Lakers, then having 6 games to beat DEN/SAS, and then wining the finals in 5. The expectation for this team is to win."
2026-04-22 02:05:47,"Shoutout to my Sister for getting Me This Yes, you can see the Thunder Championship Cap covering my left thumb."
2026-04-22 02:50:52,NYC Watch Parties - Rd 1 Keeping the NYC Thunder watch parties going tomorrow at Standings!
2026-04-22 05:34:27,"I really do not understand how this Detroit team is double digit favorites I really thought the line would go down from the last matchup. Like Duren has gotten dominated in the playoffs, Tobias Harris is Tobias Harris, and Duncan Robinson is just a three point shooter and everyone else sucks. Magic's offense also sucks so maybe Ill just take Magic Team Total Under."
2026-04-22 06:00:52,What are your predictions for the rest of the first round of the playoffs after what happened tonight? Here are mine:     West:     Thunder in 4     Lakers in 6     Nuggets in 7     Spurs in 7 (if Wemby doesn’t return)     East:     Pistons in 7     Cavs in 4     Knicks in 7     Celtics in 6
2026-04-22 06:02:29,"Lakers in 7, Thunder in 5, Nuggets in 7, Spurs in 7, Pistons in 6, Cavs in 5, Knicks in 6, Celtics in 7"
2026-04-22 06:02:30,"lakers look legit and if Luka keeps sleeping 15 hours a night, he'll be back for game 1 against OKC/Suns"
2026-04-22 06:05:21,West feels mostly chalk but Nuggets/Thunder series are the ones I could see flipping.   East has a couple 7 game coin flips waiting to happen.
2026-04-22 06:07:31,"Thunder - 4  Lakers - 6  Wolves - 7  Spurs - 5 without Wemby  Pistons - 7  Cavs - 4  Knicks - 6  Sixers - 7 (bold one but this isn't the same old Celtics, Tatum is still coming into form, their bigs suck, and Derrick White couldnt hit water falling while falling out of a boat lately, plus Embiid is probably going to play at some point)"
2026-04-22 06:07:37,"Celtics in 7  Knicks in 5  Magic in 6  Cavs in 4  Spurs in 7 (With Wemby coming back at all for the series), Blazers in 7 (Without Wemby coming back)  Nuggets in 6  Lakers in 6  Thunder in 5"
2026-04-22 06:08:42,"I haven’t changed except the Lakers/Rockets. Thunder in 4, Lakers in 6, Nuggets in 6, Spurs in 6, Pistons in 6, Cavs in 5, Hawks in 7, Celtics in 5."
2026-04-22 06:13:32,"Lakers in 3, Thunder in 4, Wolves in 7, Spurs in 6, Magic in 7, Cavs in 4, Atlanta in 7, Sixers in 6"
2026-04-22 06:15:30,East:  Knicks in 7  Cavs in 5  Celtics in 6  Magic in 6     West:  Lakers in 7  Nuggets in 7  Spurs in 6 (assuming Wemby comes back in G3 or G4)  Thunder in 4
2026-04-22 06:18:32,"lakers in 5, thunder in 5, wolves in 7, pistons in 6, cavs in 5, knicks in 7, celtics in 6"
2026-04-22 06:25:50,"Thunder in 4, Spurs in 6, Nuggets in 7, Lakers in 6, Pistons in 7, Celtics in 5, Knicks in 7, Cavs in 5"
2026-04-22 06:33:26,Thunder in 4  Lakers in 4  Wolves in 6  Blazers in 6  East:  Magic in 6  Cavs in 5  Knicks in 5  Sixers in 5
2026-04-22 06:44:08,Nuggets in 6  Thunder in 4  Lakers in 5  Trailblazers in 7  Pistons in 6  Celtics in 6  Knicks in 7  Cavs in 5
2026-04-22 09:22:30,"Downvotes on these previous plays were crazy lol but we cashed 3/3 so whoever followed, GOOD JOB!      Previous Plays:  76ers +13.5 (1.91) - 1u 💰  Trail Blazers +11.5 (1.87) - 0.75u 💰  Lakers +4.5 (1.95) - 0.5u 💰  Record: 4-2  NBA Plays:  **Magic +8.5 (1.98) - 1u**  Write Up: Orlando already proved they can win this matchup in Detroit, so I’m good taking the points again. The Magic looked like the more comfortable team in Game 1, and this spread feels a little too heavy just because people expect a top-seed bounce-back.    **Suns +17.5 (1.91) - 0.75u**  Write Up: Same logic as the POTD. This is just a massive playoff spread, and Phoenix should be better offensively than they were in that Game 1 disaster. I’m fine grabbing the points.    **Suns @ Thunder Over 215.5 (1.93) - 0.5u**  Write Up: Game 1 landed way under because Phoenix completely fell apart, but this total is still low enough for me to look over. If the Suns are even semi-functional on offense tonight, this number is reachable, and OKC can do a lot of the heavy lifting on their own."
2026-04-22 10:25:14,West:   Thunder in 4   Lakers in 6  Nuggets in 6  Spurs in 6   East:  Pistons in 7  Cavs in 4   Knicks in 5   Celtics in 5.
2026-04-22 15:41:27,Oh shit I was wondering if there’s an OKC bar to watch from
2026-04-22 16:25:52,"\-PHX Suns Team Total Under 99.5 (-115)   **Why This Pick?**  As long as the Thunder are playing at home, assuming they’ll blow out their opponents 9 times out of 10 is typically a safe bet (lol). The Suns lost their first game against OKC by 35 points, and the total fell well below the projected line. The one thing I don’t doubt here is that the home squad’s defense is elite and will show up in spades (it’s also looking like Phoenix could be out a few players this evening…) I’m betting on the OKC defense here, friends – take the Suns Team Total to stay Under 99.5.   \----  *Belle's Pick of the Day in April: 14-7 (14 wins, 7 losses)*  \---  **🫙** [Belle's Tip Jar](https://buymeacoffee.com/coffeeforb)  \----"
2026-04-22 18:51:44,"I just saw this trying to search my username for a post I made in Discord. Not sure why Reddit didn’t ping me, but hell yeah 2nd team r/Thunder! It’s an honor Thunder-posting with you all. ⚡️⚡️⚡️⚡️ 🫡"
2026-04-22 20:25:35,Suns ML is +1000  Thunder -41.5 is also +1000  This is wild
2026-04-22 21:02:45,OKC playoff thunder shirts Would love to get my hands on 2 playoff shirts from tonight's game if anyone is giving theirs away!
2026-04-22 21:33:33,Look on eBay.  I bought one of the finals shirts I really liked for like $20 last year on ebay.
2026-04-23 00:30:15,"Game Thread: Phoenix Suns (0-1) vs Oklahoma City Thunder (1-0) Live Score | NBA Playoffs | Apr 22, 2026 This post contains content not supported on old Reddit. [Click here to view the full post](https://sh.reddit.com/r/nba/comments/1st3b7p)"
2026-04-23 01:56:28,"When in a playoff game, You should probably stop shooting logo threes in the first quarter against the best team in the league"
2026-04-23 01:57:03,Thunder always have a great crowd
2026-04-23 02:17:40,Idk how people can tell me Shai isn't guarded physically.   He was being grabbed by 2 different people off ball.   This is the playoffs.
2026-04-23 02:22:31,Bro this OKC squad moves like a hive mind
2026-04-23 02:28:20,"Maybe an OKC upset coming and I would genuinely take that! You never know, yesterday was one of them days. Lol"
2026-04-23 02:36:35,Shai's trolling 💀
2026-04-23 02:36:49,Hahahaha I love SGA
2026-04-23 02:36:50,Bruh no way shai hit brooks with the “get a load of this guy”
2026-04-23 02:37:33,Shai with the “get a load of this guy” 😭
2026-04-23 02:37:33,Aight this SGA vs DB thing is fun af
2026-04-23 02:37:43,New SGA edit just been added
2026-04-23 02:37:45,shai is so funny man great player
2026-04-23 02:38:04,New SGA reaction just dropped lmao
2026-04-23 02:48:21,Thunder are awful to watch 🤮
2026-04-23 02:48:24,This is why people hate the fucking thunder. Back to back bullshit here
2026-04-23 02:48:25,It’s like there are two sets of rules when you play OKC.
2026-04-23 02:48:25,OKC whistle is different lol
2026-04-23 02:52:31,Snagged Thunder -15.5 -110
2026-04-23 02:52:42,The victim complex of thunder fans is insane
2026-04-23 02:53:34,Not calling an intentional foul by sga on oso there isn’t even surprising
2026-04-23 02:53:35,"Didnt take a winner in this game but god I hate watching OKC play the refs give them so many breaks its freaking crazy, does anyone outside of OKC actually like this team???"
2026-04-23 03:01:09,"Damn, imagine my shock of reading the comments here and then seeing that the Suns have actually shot more FTs than OKC. I just assumed that OKC was +20 in the FT margin. Wild."
2026-04-23 03:16:30,Why dort got the tech tho lol he was just going away
2026-04-23 03:17:40,That was the weakest double tech I've ever seen      Dort was literally just standing there
2026-04-23 03:34:38,This is crazy suns get fouled and sga gets free throws
2026-04-23 03:38:33,LMAO the classic Caruso just get in the way of someone running back and fall over.
2026-04-23 03:41:38,"Maybe Booker is frustrated because he received a technical foul for throwing the ball back onto the court as he fell out of bounds. You know, one of the most normal plays in basketball that somehow resulted in an SGA free throw, with no explanation."
2026-04-23 03:42:12,This thread is turning me into a Thunder fan fr
2026-04-23 03:48:01,"You can adequately gauge Thunder point differentials by these game threads, we're at the ""Oklahoma public schools aren't good"" mark, which means 20+."
2026-04-23 04:17:01,"Post Game Thread - NBA: The Thunder defeat the Suns on Apr 22, 2026, the final score is 120-107. This post contains content not supported on old Reddit. [Click here to view the full post](https://sh.reddit.com/r/Thunder/comments/1st891c)"
2026-04-23 04:17:19,"Don’t like how this one ended. Suns carrying some momentum going into Phoenix. That and Dub with the hamstring, I wish I felt better about being up 2-0 but I don’t.   I feel confident the Thunder win the series but I think it gets much tougher in these next 2 games. Get ready for a dog fight. Hope we get some good news on Dub soon."
2026-04-23 04:17:27,"This is officially a J-Dub ""get well soon"" thread.    Please let his hamstring be okay.     We can't win a title unless he's 100% healthy.     He was our BEST player in Game 1 and Game 2 (until he got injured).     With a healthy J-Dub no one can stop us.     With him injured, we are mortal."
2026-04-23 04:17:35,"# THE REPEAT GROWS CLOSER...  CURRENTLY UPLOADED HIGHLIGHTS:  [DORT DRILLS A THREE RIGHT IN DILLON BROOKS' FACE LATE IN THE FOURTH!](https://www.reddit.com/r/Thunder/comments/1st86hl/dort_drills_a_three_right_in_dillon_brooks_face/)  [Ajay Mitchell cans a triple to quell a 20-4 Phoenix run!](https://www.reddit.com/r/Thunder/comments/1st824y/ajay_mitchell_cans_a_triple_to_quell_a_204/)  [Collin Gillespie tries his best but he's no match for Big Chet!](https://www.reddit.com/r/Thunder/comments/1st70yj/collin_gillespie_tries_his_best_but_hes_no_match/)  [DEVIN BOOKER IS BLOCKED BY IHART! Shai comes up with the ball and Chet throws it down on the other end off the lob from Hartenstein!](https://www.reddit.com/r/Thunder/comments/1st737u/devin_booker_is_blocked_by_ihart_shai_comes_up/)  [Shai nails the stepback on his second try!](https://www.reddit.com/r/Thunder/comments/1st7by2/shai_nails_the_stepback_on_his_second_try/)  [LUUUUUUUUUUUUUU](https://www.reddit.com/r/Thunder/comments/1st53np/luuuuuuuuuuuuuu/)  [SGA takes it coast to coast and barrels through bodies to lay it in!](https://www.reddit.com/r/Thunder/comments/1st576o/sga_takes_it_coast_to_coast_and_barrels_through/)  [J Dub razzles and dazzles for the 360 layup! Timeout Phoenix!](https://www.reddit.com/r/Thunder/comments/1st59q8/j_dub_razzles_and_dazzles_for_the_360_layup/)  [J DUB'S GRAVITY LEAVES DORT OPEN AND HE PUNISHES THE SUNS FROM THE TOP OF THE ARC!!!!!!](https://www.reddit.com/r/Thunder/comments/1st5c6r/j_dubs_gravity_leaves_dort_open_and_he_punishes/)  [Alex Caruso with a brilliant defensive play and SGA converting it into a bucket!](https://www.reddit.com/r/Thunder/comments/1st5h9n/alex_caruso_with_a_brilliant_defensive_play_and/)  [DEVIN BOOKER CANNOT GUARD SHAI](https://www.reddit.com/r/Thunder/comments/1st5ink/devin_booker_cannot_guard_shai/)  [Caruso is an absolute pest and the Bald Eagle soars for the flush! The bench is hype!](https://www.reddit.com/r/Thunder/comments/1st5n84/caruso_is_an_absolute_pest_and_the_bald_eagle/)  [SGA hits a nasty stepback to give him 11PTS already here in the first on 56% shooting!](https://www.reddit.com/r/Thunder/comments/1st5org/sga_hits_a_nasty_stepback_to_give_him_11pts/)  [We are shooting great from 3PT range tonight, and Chet is getting in on the action too!](https://www.reddit.com/r/Thunder/comments/1st6ant/we_are_shooting_great_from_3pt_range_tonight_and/)  [Isaiah Joe checks in and nails a 3PT bomb to open the second quarter!](https://www.reddit.com/r/Thunder/comments/1st5tbg/isaiah_joe_checks_in_and_nails_a_3pt_bomb_to_open/)  [BACK TO BACK 3PT BUCKETS FROM ISAIAH JOE TO START THE SECOND!](https://www.reddit.com/r/Thunder/comments/1st5tr2/back_to_back_3pt_buckets_from_isaiah_joe_to_start/)  [J Dub accelerates for the lay-in and roars afterward! The crowd is pumped up!](https://www.reddit.com/r/Thunder/comments/1st64zf/j_dub_accelerates_for_the_layin_and_roars/)  [J Dub drills a stepback three over Oso Ighodaro!](https://www.reddit.com/r/Thunder/comments/1st66qw/j_dub_drills_a_stepback_three_over_oso_ighodaro/)  [SGA kicks it out to J Dub who scoots into a catch-and-shoot three! Thunder go into halftime up 65-57!](https://www.reddit.com/r/Thunder/comments/1st6j09/sga_kicks_it_out_to_j_dub_who_scoots_into_a/)"
2026-04-23 04:18:05,"OKC Victory Shot #66 of the '25-'26 Season! 🌩💙🌞💙🌩 2 of 16, &amp; now 14 to go for B2B Championships! 🌩🏆🌩 Positive vibes to Jdub and great team effort at the end! 💯🔥💯"
2026-04-23 04:18:43,"Great to protect home court. But the Dub injury puts a damper on things for sure. Hopefully it was just precautionary, but we need him healthy for a finals run."
2026-04-23 04:18:58,"These next 2 games in phoenix are gonna be Tough. Suns are just gong to play more and more physical. reckless bullshit.  good tough win tonight. I'm calling it, Jdub is fine"
2026-04-23 04:18:59,A Pyrrhic victory if I have ever seen one  Get well soon JDub
2026-04-23 04:19:40,“Phoenix has momentum.”  MFW the team doesn’t win each playoff game by 30.
2026-04-23 04:19:55,༼ つ ◕◕ ༽つ JDUB TAKE MY ENERGY ༼ つ ◕◕ ༽つ
2026-04-23 04:21:25,Shai going to have to put up crazy numbers and I think he’s up to the challenge.
2026-04-23 04:25:54,Ajay is really gonna have to step up man Jdub leaves a huge hole of experience and talent it was fine in the regular season but not anymore
2026-04-23 05:34:15,"Small sample, but Ajay has been awesome Ajay Mitchell it’s time to show the world OKC has a big 4 not 3     Obviously the Jdub injury sucks, but it doesn’t seem like it’s a tear so he likely comes back by WCF which not to sound cocky, but I fully expect OKC to be in it because it’s either the Lakers or Rockets in the semis lol"
2026-04-23 07:57:28,jdub and chet have been so good to start too. Ajay is the cherry on top lol. suns genuinely couldnt stop Dub in that first half.
2026-04-23 09:25:22,"Previous Plays:  Magic +8.5 (1.98) - 1u ❌  Suns +17.5 (1.91) - 0.75u 💰  Suns @ Thunder Over 215.5 (1.93) - 0.5u 💰  Record: 6-3  NBA Plays:  **Knicks ML (1.91) - 1u**  Write Up: Series is tied 1-1, and this feels close enough to a pick’em that I’d rather just back the team I trust more late. New York still has the cleaner half-court offense, and if the game is tight in the fourth, I’m more comfortable being on the Knicks side.    **Cavaliers ML (1.65) - 0.75u**  Write Up: Cleveland has looked like the better team through two games, and I’m fine backing them again even on the road. Mitchell and Harden have been the two best perimeter creators in the series so far, and that matters a lot once these playoff games slow down.    **Nuggets -2.5 (1.95) - 0.5u**  Write Up: Denver blew a real chance in Game 2, but I still trust them to answer here. Jokic gives them the best floor in the series offensively, and I think their half-court execution is more dependable than Minnesota’s if this is close late. With the number sitting under one full possession, I’m good backing the bounce-back."
2026-04-23 11:32:07,He will fill the non SGA minutes well
2026-04-23 12:37:01,Total free throw attempts through the first two playoff games Rank|Team|FTA ---|---|--- 1|Denver Nuggets|63 2|Detroit Pistons|62 3|New York Knicks|57 4|Los Angeles Lakers|54 5|Toronto Raptors|52 6|Orlando Magic|51 7|Cleveland Cavaliers|50 8|Minnesota Timberwolves|49 9|Oklahoma City Thunder|48 10|San Antonio Spurs|47 11|Houston Rockets|44 12|Atlanta Hawks|42 13|Boston Celtics|40 14|Phoenix Suns|40 15|Portland Trail Blazers|35 16|Philadelphia 76ers|34
2026-04-23 12:40:22,The depravity of this place when OKC wins only makes me want to see them win more.
2026-04-23 13:01:20,Individual leaders:  SGA - 26  Cade - 19  Murray - 19  Booker - 17  LeBron - 16
2026-04-23 13:03:29,I thought OKC had 2800 based on the threads.  Middle of the pack huh.  Interesting.
2026-04-23 13:23:17,"This is a blatant attempt by the league to cover up the massive conspiracy to give OKC their second title. Without the calls they got in games 1 and 2, there’s no chance they could’ve beat that Suns team"
2026-04-23 14:11:59,"this would be at 6k upvotes if OKC were first, I know so many here are disappointed lmao"
2026-04-23 14:30:45,"Devin Booker has lost a league-leading 8 consecutive playoff games with an average margin of 18.7 points Per the Athletic’s Doug Haller. The margin of defeat is particularly jarring, basically getting blown out (almost) every game. His own -+ is -129. Pretty rare to see a supermax guy in the prime of his career go that long without a playoff win, especially after reaching the Finals earlier in his career. There’s also been a lot of roster and coaching upheaval around him in past seasons.  The Suns looked better in Game 2 versus the Thunder, and with Jalen Williams likely missing the rest of the series, Booker has a good chance to snap this streak.   Kevin Durant is second with 7 consecutive losses and he’s also well-positioned to snap that streak."
2026-04-23 14:34:44,"Yes the 1 seed is going to blow out the 8 seed.   Now let's talk about how the Thunder are playing 8 on 5 here. So unnecessary, the thunder shouldn't need brazenly biased refs to beat the Suns"
2026-04-23 14:56:29,"Booker is in a perfect spot  Making $60M, no media pressure to win, future Hall of Famer, LDIDBF is effectively a dead meme  Don’t get greedy like Dame, just sign extensions with the team that drafted you until you retire"
2026-04-23 15:15:58,"It's really not that rare if you would say ""losing playoff games OR not getting into playoffs at all"" instead of ""losing playoff games"", which is kinda pointless in terms of defining lack of results lol. Why would getting to playoffs and losing be somehow worse than not qualifying at all? And if you do, it's completely not rare lol.  Out of the NBA's EIGHT top earners, only Jokic and Tatum won a playoff game this year. Only Curry and Butler at least won a playoff game last year (sorry, Giannis also won 1 playoff game last year). Some go further back, for example Kevin Durant last won a playoff game in 2023 etc. Many of the wider group of the top earners in the NBA maybe won a game or two, but won very few playoff series in the last many years. Generally not uncommon.  And the guys who won the most playoff games in recent years? Completely not the ones you want - all the Boston guys, Jrue Holiday, Denver guys, Max Strus, PJ Tucker, Obi Toppin, Cameron Payne somehow... You're not gonna get the story you want if you actually ask about which players are winning playoff games."
2026-04-23 15:28:56,"Another thing I hate about thunder fans, they hate everything and everyone not with the thunder, to them the Goat is sga, the top 3 players in the league are sga, jdub, and chet, they don't like any other stars or teams."
2026-04-23 15:30:44,"&gt;The Suns looked better in Game 2 versus the Thunder, and with Jalen Williams likely missing the rest of the series  Is his injury that severe? I only saw him leave. Haven't seen any updates since"
2026-04-23 16:39:26,"2023 playoffs the Suns won 6 games and Booker averaged 34ppg, they lost in the second round to a championship Nuggets team in part because CP3 got injured   2024 Booker averaged 28ppg but the Suns got swept because they roster construction was terrible after the Beal trade  This year the Suns are likely gonna get swept because the Thunder are a million times better. The Suns were a projected lottery team.  2024 is really the only disappointment."
2026-04-23 16:45:19,"Down to Dunk - Jalen Williams injured + Thunder up 2-0 on the Suns Andrew Schlecht and Alex Speers discuss JDub's injury, OKC up 2-0 and the NBA Playoffs.  ---   Hosted on Acast. See [acast.com/privacy](https://acast.com/privacy) for more information.  [Listen to this episode](https://www.nytimes.com/athletic/podcast/153-down-to-dunk/)"
2026-04-23 16:46:48,I’ve never seen a sadder account than this burner of a Thunder fan.
2026-04-23 19:50:04,Devin Booker has lost or the Phoenix suns have? No wonder we can’t win a playoff game! We are only playing a single player!
2026-04-23 23:29:16,"I love being the main villain of the NBA https://preview.redd.it/2o1mumnkx0xg1.jpg?width=2028&amp;format=pjpg&amp;auto=webp&amp;s=738fe207aa393744e50af45cdad273186e6da145  Just because we chose not to ""die the hero"" and we won a title, everyone is expectedly against us, so what? Did we really think people were gonna be like ""Oh great job OKC! We love you OKC! You're so amazing OKC, we're just lucky to watch you!!!"" Lmao they were never gonna give credit where credit is due-the modern day OKC hater/nba fan has more coping mechanisms than a hormonal teenage girl. We're the Bad Guy everybody (especially Dillon Brooks) wants to be, so embrace the villain arc and enjoy it while it lasts. \*Insert evil laugh\*"
2026-04-24 02:57:29,We can’t just go around beating the snot out of everyone’s teams and not get the hate. I love it.
2026-04-24 03:01:21,Thunder are like a very weird bad boys pistons. To the point where people will underrate Shai like people underrate Zeke because he had good team mates as well
2026-04-24 14:08:44,[Brandon Rahbar] “Thunder are #9 of 16 teams in free throw attempts so far in the playoffs.  Thunder were #17 of 30 teams in free throw attempts in the regular season.” Brandon Rahbar: Thunder are #9 of 16 teams in free throw attempts so far in the playoffs.  Thunder were #17 of 30 teams in free throw attempts in the regular season.  [https://x.com/brandonrahbar/status/2047319768760299677](https://x.com/brandonrahbar/status/2047319768760299677)
2026-04-24 14:18:49,"doesn't matter, they'll move goal posts.   * ""it's not how many, it's how they get them""  * ""can't defend OKC like OKC defends other teams"" * ""it's always 5v8 out there, refs on OKC payroll""  Never argue with an idiot; they will drag you down to their level and beat you with experience"
2026-04-24 14:18:59,Oh yeah. We know. We just support a really good team. Same thing happened to golden state when they started winning. Mindless hating (including me) because they were beating everyone. It’s the circle of fanhood that not many fanbases get to experience.
2026-04-24 14:19:33,"“Thunder flop on offense every foul and they get to foul non stop on defense” - Suns fans who started watching basketball two years ago   You know the typical “I’m perfect, you’re satan” mindset"
2026-04-24 14:28:26,"As a Dodgers fan too, I love this!!! Y'all keep hatin, we stackin wins and trophies!!! Muhahahahaha"
2026-04-24 14:32:21,I just find hard to believe that watching this series they don’t see Booker foul baiting and Brooks using his winged arm to push people out of the way. Why is OKC only signaled out?
2026-04-24 14:57:40,"It’s just a perfect example of one of our primate brain heuristics: The Highlighting Bias. People are inundated with clips of Shai drawing fouls on social media. Those are specific, prominent bits of information that can easily be recalled. That comes at the expense of less noticeable data. It’s the textbook definition of that phenomenon."
2026-04-24 16:08:57,iTs nOt aBOut tHe nuMBerSs. It's about dort and carusoe being able to run a train on the opposing teams mommas after every win
2026-04-24 16:32:42,It’s not about fta it’s about how the thunder get to play way more physical than everyone else 😡 actually it’s not about fta differential because it’s about what’s not called vs the thunder 😡
2026-04-24 16:44:52,Shai averaging 13 FTA/game this post season. Second place is Cade with 9.5/game.
2026-04-24 16:47:53,"For some additional context, regular season only since its a bigger sample size:  * FTAs for: 23.2 per game, #17, .3 less than average * FTAs against: 21.9 per game, #24, 1.6 less than average  * Fouls for: 19 per game, #22, .9 less than average * Fouls against: 20.4, #9, .5 **more** than average  We're a team of really really good defenders, with an obvious defensive strategy of ""it's okay to push the limits on defense as long as it doesn't accrue shooting fouls -- non shooting fouls are a resource to be used""   It's really brilliant and clearly executed extremely well: 9th in fouls against, but only 24th in FTs against.    It also only works if you have the guys for it, which is why other teams can't replicate it, leading to all the dummies claiming that the team gets a different whistle, when a. from a gameplay perspective it's due to our personnel of defensive studs, not some conspiracy by the league or the refs and b. from a watchability perspective of stoppages etc our #'s aren't even *that* different than the mean.  My response to other teams crying about our defense: get good.  Anyone could build a defense like this (conceptually), it's not some phantom thing that's specific to only OKC.    Notably Pacers actually played a pretty similar style of hard nosed ""push the limits"" defense last year, which was why it was sort of funny they were the NBA darlings while we were the villain.  At the end of the day, the teams that don't defend like us don't not do it out of some sense of pride or desire to play ""real"" basketball whatever that means, they do it because they aren't good enough defenders and the scheme would not work.  Otherwise every coach in the league would obviously be executing it."
2026-04-24 17:50:26,"Since 2021 vs. Portland, Jokic and the Nuggets have never beat a playoff opponent that was better than 14th in offensive rating. The Timberwolves rank 12th in the league this year. Source: https://www.statmuse.com/nba/ask?q=nba+teams+offensive+rating+ranking+2022-2023  This team has really struggled to contain above average offenses in the playoffs.   2021  1st round  Trail Blazers  Won 4–2  2nd    2021  West semis  Suns  Lost 0–4  5th    2022  1st round  Warriors  Lost 1–4  17th    2023  1st round  Timberwolves  Won 4–1  23rd    2023  West semis  Suns  Won 4–2  14th    2023  West finals  Lakers  Won 4–0  20th    2023  Finals  Heat  Won 4–1  25th    2024  1st round  Lakers  Won 4–1  15th    2024  West semis  Timberwolves  Lost 3–4  16th    2025  1st round  Clippers  Won 4–3  14th    2025  West semis  Thunder  Lost 3–4  3rd    2026  1st round  Timberwolves  Ongoing; DEN down 1–2  12th"
2026-04-24 18:03:10,Idk what’s crazier this or the fact that the Nuggets faced 3 Play-In teams in their championship run.
2026-04-24 20:47:38,Lightest cakewalk to the finals in quite a few decades. The thought Joker would causally keep getting to the finals after that is still gold in my mind
2026-04-24 21:05:02,Yeah the main topic I hear about Thunder on podcasts is the foul baiting. That automatically tells me they don’t watch the games and just follow some narrative
2026-04-24 21:35:55,Im a Chiefs fan and this is EXACTLY how NFL fans were for the Chiefs dynasty.   Just know it means your team is so good the others have to make up conspiracies about you to explain it. Revel in it.
2026-04-24 22:38:24,"What few Thunder fans understand is the criticism is not based in any reality, so no amount of facts, reason, or stats is going to change what sore losers with no real skin in the game are going to say."
2026-04-24 23:37:42,"Going to game 3 in Phoenix Are any other Thunder fans planning on going to the game tomorrow? I'm going with my son and his wife (a Phoenix fan) I've been a Thunder fan since 2013, my son since 2012. We've been to a couple regular season Thunder games in Phoenix, but this will be the first playoff game for us! Hoping to see some other Thunder fans there! (Not from Oklahoma. Move to Arizona from New Mexico a few years ago.)"
2026-04-25 01:44:57,Are you stupid they took the thunder to 7 last year  You need to get off the spreadsheets and watch some ball man
2026-04-25 02:21:07,"A championship run is a championship run. I do think when it comes to his legacy discussion and ranking all time greats if this trend doesn’t change and the only top 10 offensive team the Nuggets and Jokic beat is the 2019-2020 Jazz who were 10th, and their championship run was against three teams that were in the play-in and bottom 10 in offensive ratings it’s going to be very interesting discussion.   Part of what cements the true all time greats are those big playoff moments. Beating great competition. Winning championships. If Jokic has one very weak championship and not a lot of great successes in the playoffs (though he has played great in most series to be fair) it makes it so much harder to actually compare him to the “top 10” guys."
2026-04-25 03:30:55,"LeBron James has tied the Chicago Bulls franchise with 187 total playoff wins Established in 1966, this is the 60th NBA season for the Chicago Bulls. As one of the premier franchises, the Bulls are 9th in total playoff wins, trailing the OKC Thunder/Seattle SuperSonics joint franchise by 1 playoff game win."
2026-04-25 04:50:21,jdub will not return for the next game. **The Thunder shouldn't have any trouble in the first round.**   **Hope J-Dub takes his time to rest up; the Western Conference Finals is the real goal anyway.**
2026-04-25 06:22:10,"The 2018 run finally convinced me that LeBron was the GOAT but I don't know how you see 41 year old Bron who has clearly declined from his prime days still be one of the best players in the playoffs and not at least have him tied with Mike. Hell, Mike at 39 was still  pretty good player on a bad team that didn't play any meaningful basketball and I considered that pretty amazing. What LeBron is doing is just on an absolutely different level"
2026-04-25 07:13:38,"We should still handle the lakers even without dub, but man does our offense grind without him. Love Ajay but you can’t just replace an elite slasher, passer, and defender like dub."
2026-04-25 07:19:58,Thunder will have a hard time with lakers. They are the hottest team right now and that’s without Luka and AR. This won’t be like regular season matchup
2026-04-25 13:03:36,OKC will be wearing its Blue Icon Jersey for Game 3 of the First round Playoff Series.
2026-04-25 14:10:18,"It’s constantly feels like the worst possible outcome for the Thunder and yet… In my opinion despite the amazing play from our players, this post season just seems dead set against us.   1. The total bullshit narrative about the refs and foul calls. The game tonight I know is going to be horrific because of this exhausted narrative. I expect every minor contact to be called against us because all eyes will be on us. Then in return the Suns will be able to hack and slash because it’s “a desperation game”.   2. WTF are the Rockets doing?? KD is a bitch among all bitches. This series has been sold. Bus rider never a bus driver. Lakers getting a fucking cake walk of a series while missing their two best offensive threats. And now with this continued narrative of flops and “ref bias” facing Luka is going to be damn near impossible with the whistle. We already saw it in the Western Conference Semi Finals.  3. Nuggets forgetting how to play basketball and giving the Spurs a breeze of a wolves team in the second round.    4. Lastly and most importantly, losing Dub for a couple weeks. Like he finally was hitting his stride… it just seems so fucking unfair for the kid. He honestly has been our best player through two games.. the long term solution after this season is to let him cut weight and get back to his natural position. We HAVE to get size and length to help this kid out. His body can’t be that explosive at the weight he currently is carrying.   And despite all this shit, we will still find a way to compete and be an amazing team. Win or lose this post season the resiliency this team has displayed all season is insane.  I’m just amazed all this is going to happen and I still believe regardless we will come out on top."
2026-04-25 14:21:47,Fuck ‘em. Throw it all on the pile and we still walk out with a ring this year. TTFU.
2026-04-25 14:29:46,Man I’m just hoping for another championship cause yeah they gon hate now but when it’s all said &amp; done we gonna get our flowers
2026-04-25 14:58:03,"I was talking to my friend who’s a lakers fan despite what you see and hear on Reddit OKC is still the team to beat.  I don’t expect it to be insane blowouts but we have dominated the lakers all year, we know how to close out games.  And we have the best player in the world.  The spurs are genuinely struggling against the trailblazers. They won last night off some insane efficiency from Harper and castle, before wemby got hurt they were struggling that game too.then blew a 14 point lead and lost   If Denver loses the spurs gotta play this hungry ass wolves team. And we beat the wolves.  So what are you really worried about? If we lose fuck, but outside of jdubs health we are still favorites"
2026-04-25 15:27:21,"Nothing at all to worry about yet.   There are no guarantees in basketball, but right now the Thunder are sitting in about as good of a position as any team could be."
2026-04-25 15:51:54,None of this is even moderately abnormal or alarming aside from JDub.
2026-04-25 15:58:20,"The last few OKC games have had a tonnn of thunder fans, so hope it’s the same!  I’m holding off to go Monday in hopes that Phoenix fans have given up and will sell cheap"
2026-04-25 16:26:34,"Pistons, knicks, okc, all ML"
2026-04-25 17:11:35,"\&gt;The total bullshit narrative about the refs and foul calls. The game tonight I know is going to be horrific because of this exhausted narrative. I expect every minor contact to be called against us because all eyes will be on us. Then in return the Suns will be able to hack and slash because it’s “a desperation game”.  Bro, our ring game is less upvoted in the main subreddit than a clip of Jokic giggling would be, this isn't something new from this season lol"
2026-04-25 18:08:45,KD do not want to get smoked in the playoffs by the Thunder IN OKC. Nightmare.
2026-04-25 18:13:02,Any chance  okc loses today?
2026-04-25 18:30:15,"Game Thread: Oklahoma City Thunder (2-0) vs Phoenix Suns (0-2) Live Score | NBA Playoffs | Apr 25, 2026 This post contains content not supported on old Reddit. [Click here to view the full post](https://sh.reddit.com/r/nba/comments/1svjwwa)"
2026-04-25 18:37:18,"PSA: Made an Instagram account for archiving Thunder game highlights Hey guys,     I decided to make an Instagram (literally today) for archiving all the OKC highlights I've been collecting. I'm gonna start off just posting the playoffs stuff, and then during the offseason I figure I'll post stuff I clipped from earlier this year. I know a lot of you also use IG so I thought it'd be good to share the new account here:  Currently got all my highlights from GM1 and GM2 up there right now!     [https://www.instagram.com/okc.highlights.archive/](https://www.instagram.com/okc.highlights.archive/)"
2026-04-25 18:37:40,"Why does the r/NBA mods take down any pro Thunder posts? Just like the title says. I posted a pro Thunder YouTube vid earlier and they basically immediately removed it. They allow constant shitting on and SGA bashing but if something is good for the thunder and actually shows stats they remove it. It's beyond me, just gonna unsub and move on I guess but it's beyond ridiculous."
2026-04-25 18:40:54,U just answered ur own question u were pro thunder don’t u know its hip and cool to be anti thunder
2026-04-25 18:46:16,"Just to get ahead of things a little bit~ OKC's current narrative discourse is pretty contentious. I think we as fans could agree with that. Do I believe it to be justified or valid? No. Not at all, but woe is the small fanbase when faced with a much larger narrative. Better to just cheer our team on than to try and feed the trolls that wish to aim any kind of negative narrative toward our team.   But... there is an even greater story that is being written, one that will paint us as a villain even more-so than we already are imo.   Lakers v OKC  Lebron is doing heroics in leading his team to basically demolish KD and the Rockets. There are nuances to the games, for sure, but the Rockets have looked like basically the weakest team in these playoffs imo. The Lakers without Luka and Reaves are being led by a seasoned Lebron who is genuinely impressing me and anyone else with his playoff rise this year.   However... We're the next series that the Lakers are aiming to face. And we've already completely dismantled those Lakers at their strongest. In fact, we're the very reason so many doubts were cast upon the Lakers going into the playoffs.  So with Lebron's Heroics now painting the Lakers as this do or die underdog, overcoming doubts and injuries. We are now the next thing they'll face... and when a hero has emerged, a villain will always be assigned to their opposition.  But... This goes further than just some fun banter between fans. This is going to get a whole lot worse for us as OKC fans. The Lakers carry one of, if not THE largest fanbases in the sport. Lebron is an all-time great player playing some real heroic ball out there. Luka and Reaves also carry a lot of their own fans. This is about to get insanely ugly when it comes to the online and media discourse surrounding the OKC Thunder. So what are we to do?   Well, let's just be who we've always been. We're not about to go start trying to change the narrative to favor us, or dispute these narrative driven talking points. Let's just let them have their say, let them have their seasonal story. We'll take the history, we'll take the ring, we'll take the very fact that when we are looked back upon, they won't see a villain, they won't see bitter rivals. They'll see a team of young and talented players that were hungry to prove they could beat anyone on the court, and a fanbase that wanted nothing more than to celebrate them doing it.   They'll see our parades, our banners, our stadium, our city, our people. A story that will endure the test of social media narratives because we've endured so much worse than that. They'll paint us as villains, we'll be remembered for our integrity."
2026-04-25 18:48:13,the vitriol once we start destroying the lakers is going to be so nasty i will probably unsubscribe from all basketball subs until the finals
2026-04-25 19:03:32,Because we’re stepdads. We beat them and they hate us /s
2026-04-25 19:08:10,https://youtu.be/f1tP3-2emfg?si=iYkaO9CR7OrgWHo-  Noted OKC hater Nick wright has never been wrong before
2026-04-25 19:13:06,B2b flop champions
2026-04-25 19:25:01,The discourse around OKC is just representative of the current norm for discourse around almost all corners and topics of social media. It’s not an OKC problem. It’s bigger than that.
2026-04-25 19:29:04,"I think the moderation has weird rules about what's allowed to be posted  The fact they refuse to crack down on the blatant hate against people from Oklahoma that often shows up tho, that's messed up  Like the education ranking stuff is already pretty weird to me, but some threads go pretty hard on hating ''oklahoma citizens'' instead of ''the thunder''"
2026-04-25 19:37:12,They remove all sorts of shit all the time. Including anti-OKC stuff. It’s a shit sub
2026-04-25 20:03:31,If an okc player got that Grayson Allen call it's 100k upvotes
2026-04-25 20:05:19,Best quarter the Suns have played. Friendly whistle. No Jdub. Still losing. Gotta be a shitty feeling.
2026-04-25 20:05:59,"OKC is just relentless on both ends. They might have cold streaks at times, but they never stop just moving, passing the ball around and get something going. Shai just does his thing."
2026-04-25 20:06:19,Cason just plays steal simulator lmao you can tell he enjoys picking pockets
2026-04-25 20:10:02,"End of the first. OKC is up 33-28.   8 fouls called on OKC, 4 called on Phoenix. 7 free throws for Phoenix, 2 for OKC. Zero for SGA. Average pressure rate +6% for Phoenix.   Just getting ahead of the accusations."
2026-04-25 20:22:33,Who gives a fuck? Can we stop posting about anti Thunder subs?
2026-04-25 20:36:19,"*SGA, the soon to be 2x MVP, literally hasn't missed a shot*   Reddit: ""Why do the commentators keep talking about how good this guy is?"""
2026-04-25 20:39:50,OKC going half speed and it's still too much for phoenix 😑
2026-04-25 20:39:54,Shai legit unguardable lol
2026-04-25 20:40:11,The only reason OKC is up 9 at half is because of the crazy whistle they get to cause a huge FT discrepancy.  Wait.
2026-04-25 20:40:56,“Just disgusting how much the commenters praise Shai” - multiple comments as he’s perfect from the field through half in an away playoff game.
2026-04-25 20:41:11,so we all agree sga is the bitw now?
2026-04-25 20:41:32,"SGA at half- 17 points, 7-7 shooting, 1-1 3pt, 2-2 FT.   I know zero SGA haters will see this because none of them ever actually watch any of the games, but if they were actually watching they’d be incredibly pissed off right now."
2026-04-25 20:41:53,"Shai leads all scorers, hasn't missed and looks like he barely broke a sweat"
2026-04-25 20:43:38,It’ll be fun to watch what r/nba comes up with to bitch about SGA today
2026-04-25 20:46:21,Fucking SGA. No one pays their hard earned money to see you never miss a shot you basketball nerd /s
2026-04-25 21:23:35,I would also hate SGA if he cooked my team like this.
2026-04-25 21:23:53,SGA 12/14 on push offs and 5/6 on flops smh
2026-04-25 21:24:36,"The angles Shai uses to score just don’t make sense  The body control and hand-eye you need to make that shot, from that angle, with that coverage look routine is ridiculous"
2026-04-25 21:34:57,"OKC in the bonus with 9 minutes, terrible product."
2026-04-25 21:36:56,The commentators are a bunch of OKC glazers fuck these pussies
2026-04-25 21:38:53,Hardly ever see SGA this animated. He def wants the sweep
2026-04-25 21:38:59,"I’m glad Dort had a questionable play, otherwise r/NBA would have nothing to cry about after the game"
2026-04-25 21:39:27,Shai is 13/16 and people will still say he is a free throw merchant lol
2026-04-25 21:39:41,Go ahead and keep bitching about the whistle while actual champions keep working
2026-04-25 21:39:42,It's almost like OKC is just the better team with the best player.
2026-04-25 21:40:08,SGA probably gets hard when he thinks about shooting free throws.
2026-04-25 21:46:23,SGA out here evoking the spirit of The Black Mamba on they ass today 🐍
2026-04-25 21:46:41,Shai said “fuck your free throw narratives”  Dude is a living legend.
2026-04-25 21:46:48,"It's actually hilarious how much Gillespie, Brooks, and Booker foul Shai but you won't see anyone complains about that. Same with Nembhard, Mathurin, and Nesmith last year"
2026-04-25 21:46:51,"One day yall will appreciate SGA, once yall create a villain narrative for another team"
2026-04-25 21:48:36,Y'all won't like it. But if the refs actually called it fairly for okc this would be a bigger blowout
2026-04-25 21:57:29,"If SGA got the foul that Jalen Green just got, this sub would explode        He just stepped on Chet's foot and fell down"
2026-04-25 21:59:30,It’s my fault for betting on the suns spread but come on man 😒 trying to get a stop and leave Lu Dort wide open 💀
2026-04-25 22:02:12,"Dw Thunder fans, ball knowers saw that 107% true shooting at half with 2 free throws lol"
2026-04-25 22:02:19,Suns fouled shai multiple times so they can continue the fta slander
2026-04-25 22:02:31,"Post Game Thread - NBA: The Thunder defeat the Suns on Apr 25, 2026, the final score is 109-121. This post contains content not supported on old Reddit. [Click here to view the full post](https://sh.reddit.com/r/Thunder/comments/1svpbrf)"
2026-04-25 22:02:49,"Hey a well-executed Game 3! Look at that.  CURRENTLY UPLOADED HIGHLIGHTS:  [Caso's three hits the rim and the Suns grab the board, but Shai steals the ball from Devin Booker and delivers the runaway flush!](https://www.reddit.com/r/Thunder/comments/1svp0fc/casos_three_hits_the_rim_and_the_suns_grab_the/)  [Devin Booker flubs a pass! Ball is scooped up by SGA and he puts it in on the other end to give himself 32PTS here in the 4th!](https://www.reddit.com/r/Thunder/comments/1svou12/devin_booker_flubs_a_pass_ball_is_scooped_up_by/)  [AFTER DRILLING A THREE, CASON SNATCHES DILLON BROOKS' COOKIES AND J WILL CONVERTS IT TO A 3PT BOMB](https://www.reddit.com/r/Thunder/comments/1svmbr3/after_drilling_a_three_cason_snatches_dillon/)  [Thunder win the tip and Dort immediately sinks a three!](https://www.reddit.com/r/Thunder/comments/1svlr44/thunder_win_the_tip_and_dort_immediately_sinks_a/)  [Shai brings the ball up and BURIES a pull-up three to regain the lead!](https://www.reddit.com/r/Thunder/comments/1svmcx7/shai_brings_the_ball_up_and_buries_a_pullup_three/)  [J Mac cuts baseline and works inside for the and-1! He went on to complete the 3PT play!](https://www.reddit.com/r/Thunder/comments/1svmma4/j_mac_cuts_baseline_and_works_inside_for_the_and1/)  [SGA sends Collin Gillespie skiing and weaves inside to put it in off the glass! He's shooting a perfect 5/5 so far!](https://www.reddit.com/r/Thunder/comments/1svmyvz/sga_sends_collin_gillespie_skiing_and_weaves/)  [Hart YAMS it down off the feed from Dort!](https://www.reddit.com/r/Thunder/comments/1svndlb/hart_yams_it_down_off_the_feed_from_dort/)  [SGA extends the lead and gives himself 17PTS so far on 100% shooting!](https://www.reddit.com/r/Thunder/comments/1svnety/sga_extends_the_lead_and_gives_himself_17pts_so/)  [Oso Ighodaro makes a bad pass and Ajay Mitchell gets ahold of the ball! Chet throws it up for Hart on the other end and Hart slams it down!](https://www.reddit.com/r/Thunder/comments/1svnz5e/oso_ighodaro_makes_a_bad_pass_and_ajay_mitchell/)  [BLOCKED BY CHET! Then Shai brings the ball up and lays it in to give himself 21PTS on 9/9 FG!](https://www.reddit.com/r/Thunder/comments/1svo2ko/blocked_by_chet_then_shai_brings_the_ball_up_and/)  [CARUSHOW FOR THREE!](https://www.reddit.com/r/Thunder/comments/1svob8b/carushow_for_three/)"
2026-04-25 22:03:05,Shai scores 42 points on 90% true shooting and r/nba will only bitch about Dort  Fucking losers
2026-04-25 22:03:11,"All timer from Shai. We are so lucky we get to watch him.  Get fucked Suns, yall just be complaining."
2026-04-25 22:03:12,SGA 🐐
2026-04-25 22:03:28,"Ruthlessly composed game from SGA: 42 points and 8 assists on 90% TS.       Per usual, shouldered titanic offensive responsibilities to uplift all his defensive-minded teammates and put them in good spots. Created efficient offense from a variety of spots on the floor. Unreal player."
2026-04-25 22:03:59,"Shai 15-18 fg, 11-12 ft  That is insane."
2026-04-25 22:04:14,"With Shai, we’re watching greatness. Every single game.   We’re all so damn lucky. What a time to be a Thunder fan."
2026-04-25 22:04:15,SGA  ![gif](giphy|VFZDuY0nePXry)
2026-04-25 22:04:50,2 DONT NEED EM!! THUNDER UP
2026-04-25 22:05:07,"Keep the hate flowing. Starting to feed this team and to an extent, SGA, even more. Fuck r/nba."
2026-04-25 22:05:35,Shai masterclass. Suns are very whiny but they're bouta get swept so I understand the frustration
2026-04-25 22:05:57,"Ajay missed a lot he usually makes damn, but I'm glad we got simeone not afraid to take it to the rim with Dub out."
2026-04-25 22:07:18,Shai GOAT Alexander
2026-04-25 22:08:38,The best player in the world is playing for the OKC Thunder btw
2026-04-25 22:09:05,The Oklahoma city Thunder now joins the Los Angeles Lakers as the only teams to go 3-0 this playoffs. They are one win away from completing a sweep in the first round. The Oklahoma city Thunder now joins the Los Angeles Lakers as the only teams to go 3-0 this playoffs. They are one win away from completing a sweep in the first round.   Final score: 121-109
2026-04-25 22:09:56,Thanks rockets for not giving us any time for JDub to get healthy
2026-04-25 22:10:30,"Just as everyone predicted, the Thunder AND THE LAKERS, would be up 3-0 in their series."
2026-04-25 22:11:06,OKC joining some elite company
2026-04-25 22:12:09,The real finals is thunder-Lakers second round /s
2026-04-25 22:43:41,"OKC Victory Shot #67 of the '25-'26 Season! 🌩💙🌞💙🌩 3 of 16, &amp; now 13 to go for B2B Championships! 🌩🏆🌩 SGA IS THE BEST IN THE WORLD!!! 💯"
2026-04-25 22:57:32,"Yup. I want this sweep, because I loathe the Suns for trying to sully us and commit character assassination."
2026-04-26 02:52:10,"Donte DiVincenzo becomes the 4th jersey number 0 in the playoffs to suffer an achilles tear in less than one year.  Nine 0s and three 00s remain in the playoffs. |Jersey Number|Player|Team|Games (RS+Playoffs)|Minutes (RS+Playoffs)| |:-|:-|:-|:-|:-| |\#0|Aaron Holiday|Houston Rockets|60|803| |\#0|A.J. Lawson|Toronto Raptors|27|247| |\#0|Anthony Black|Orlando Magic|67|1959| |\#0|Christian Braun|Denver Nuggets|47|1494| |*#0*|*Donte DiVincenzo*|*Minnesota Timberwolves*|*85*|*2593*| |\#0|Jalen Duren|Detroit Pistons|73|2043| |\#0|Jayson Tatum|Boston Celtics|19|635| |\#0|Jonathan Kuminga|Atlanta Hawks|39|921| |\#0|Ryan Dunn|Phoenix Suns|73|1389| |\#0|Tyrese Maxey|Philadelphia 76ers|73|2782| |\#00|Jordan Clarkson|New York Knicks|75|1320| |\#00|Royce O’Neale|Phoenix Suns|81|2270| |\#00|Scoot Henderson|Portland Trailblazers|33|848|  The Thunder, Spurs, Cavs, and Lakers are the four #0 resistant teams remaining."
2026-04-26 03:24:31,https://preview.redd.it/m7zoy7l3egxg1.jpeg?width=1170&amp;format=pjpg&amp;auto=webp&amp;s=1589949fcc1002a7ad3ccaaa3a8d449d75438daf  FUCK THE SORRY ASS NUGGETS! Incapable of beating a team missing their best player and another top 3 scoring option. How in the fuck do they lose that shit? Ayo Dosunmu can fck himself. Unbelievable.
2026-04-26 03:31:02,NBA Teams that recovered from a 1-3 deficit in NBA Playoffs Rank | Team            | Series Details  \-----|-----------------|--------------------------------------------------------------  13   | 2020 Nuggets    | Won 4–3 vs Clippers (from 1–3) – West Semifinals  12   | 2020 Nuggets    | Won 4–3 vs Jazz (from 1–3) – First Round  11   | 2016 Cavaliers  | Won 4–3 vs Warriors (from 1–3) – NBA Finals  10   | 2016 Warriors   | Won 4–3 vs Thunder (from 1–3) – West Finals  9    | 2015 Rockets    | Won 4–3 vs Clippers (from 1–3) – West Semifinals  8    | 2006 Suns       | Won 4–3 vs Lakers (from 1–3) – First Round  7    | 2003 Pistons    | Won 4–3 vs Magic (from 1–3) – East First Round  6    | 1997 Heat       | Won 4–3 vs Knicks (from 1–3) – East Semifinals  5    | 1995 Rockets    | Won 4–3 vs Suns (from 1–3) – West Semifinals  4    | 1981 Celtics    | Won 4–3 vs 76ers (from 1–3) – East Finals  3    | 1979 Bullets    | Won 4–3 vs Spurs (from 1–3) – East Finals  2    | 1970 Lakers     | Won 4–3 vs Suns (from 1–3) – West Semifinals  1    | 1968 Celtics    | Won 4–3 vs 76ers (from 1–3) – East Finals  https://www.landofbasketball.com/statistics/playoff\_series\_3\_1\_recovered.htm
2026-04-26 03:32:37,i am now rooting for this series to go to 7 with injured wolves winning so spurs can have an easy 2nd round and beat the thunder to save the nba
2026-04-26 04:55:08,Thunder really blew a 3-1 lead. That's crazy.
2026-04-26 05:17:03,"The last 10 NBA Champions are relatively healthy-especially their main players, some dealt with injuries but powered through and still played in the finals 2025 Thunder: healthy  2024 Celtics: Kristaps Porzingis didn't play in the 2 playoff series before the finals  2023 Nuggets: healthy  2022 Warriors: healthy  2021 Bucks: Giannis dealing with knee injury in the ECF  2020 Lakers: healthy  2019 Raptors: healthy  2017-2018 Warriors: healthy  2016 Cavs: healthy"
2026-04-26 05:19:36,"Yeah, healthy strong teams usually win.    Did we ever see unhealthy team with major injury win a ring??"
2026-04-26 05:23:37,Technically in 2019 the raptors didn’t have OG until the finals and he never played
2026-04-26 05:27:48,Raptors didn’t have og.  Okcs jdub had a fucked up wrist  This is just wrong lol
2026-04-26 05:28:25,"Porzingis played in 7 games in the run and got injured in 2 of them.  Considered by many to be the Celtics' 3rd option, I cannot find a more consequential injured piece of a championship team in league history."
2026-04-26 05:29:34,"Jdub played through an injury in the finals that cost him over half this season. Same injury that ended Jaylen Browns season a few years back and spawned the ""no left hand"" jokes.   https://sports.yahoo.com/article/jaylen-brown-clears-air-longtime-100049183.html   Not to mention Chet looked like a shell of himself after he broke his hip and had 20 games to figure it out before the playoffs."
2026-04-26 05:36:48,"I think an equally interesting statistics is actually how the winning team's most difficult matchups had the losers succumb to injuries  2025 Thunder: Hali injured in game 7 of the finals, Nuggets had MPJ and Gordon playing injured in the WCSF  2024 Celtics: Hali injured in the ECSF, Luka hobbled in the Finals  2023 Nuggets: healthy opponents  2022 Warriors: Nuggets injured in the first round  2021 Bucks: Harden injured for part of the ECSF  2020 Lakers: healthy opponents  2019 Raptors: Klay and KD injured in the Finals  ..."
2026-04-26 05:43:14,AD was dragging around a dead foot in the finals
2026-04-26 05:51:35,"Chet was coming off a broken leg and a shell of himself offensively, and Jdub literally had a broken wrist that he was getting shots to numb before every game lol."
2026-04-26 06:27:48,Calling Thunder healthy but Bucks playing through injury….  Our second best player missed 50 games this season due to playing through injury in that run
2026-04-26 06:33:21,"In this world of instanteneity, the burden on young players to turn around a team in a bad situation is reaching toxic levels I feel for the Pistons and the Rockets, two young teams who have found their footing in the regular season after being bottom-dwellers for so long, and are now being subjected to insults, mocked as being non-winning players, etc because of losses in the first round of the playoffs. Blow it all up, they say.  Transforming a team that has no winning pedigree takes time.   In his first five seasons, SGA missed the playoffs thrice and was knocked out of the 1st round of the playoffs twice. Mark Daiegnault coaching a Thunder team with SGA took four tries to get to the playoffs.  Luka and Ant were knocked out of the 1st round of the playoffs twice before breaking through. Giannis was knocked out of the 1st round thrice.  Kevin Garnett suffered seven 1st round exits, but that is an extreme case. Jason Kidd suffered three. Heck, in Michael Jordan's first three postseasons, his Bulls only won one game.  Breaking through in the playoffs especially for lottery picks who end up in a really bad situation is not supposed to be easy. This is the NBA, the most elite league in basketball."
2026-04-26 06:37:03,"So what you’re saying is Lakers have the best chance to win, AR comes back today and Luka comes back in little over a week. Everyone else team got players that will miss the rest of the playoffs"
2026-04-26 06:45:45,"A 60 win team should not be down 2-1 in the first round man, that’s why the Pistons are getting made fun of. And it’s not like the 8 seed they’re losing to is full of tried and true playoff performers either, losing this series would definitely be an embarrassment.   Personally I still think they have a decent chance to win this series, but it’s been real rough so far."
2026-04-26 06:50:20,"I think most folks understand that the Pistons are pretty inexperienced and overachieved in the regular season.  The Rockets adding KD was supposed to give them title aspirations.  And the Lakers have two injured superstars, one if them being a current top 5 player in scoring leader for the season.   That's failing quite dramatically."
2026-04-26 06:51:09,"&gt;Transforming a team that has no winning pedigree takes time.  Pistons and Rockets are 2 very presitigious franchises though?  &gt;In his first five seasons, SGA missed the playoffs thrice and was knocked out of the 1st round of the playoffs twice. Mark Daiegnault coaching a Thunder team with SGA took four tries to get to the playoffs.  &gt;Luka and Ant were knocked out of the 1st round of the playoffs twice before breaking through. Giannis was knocked out of the 1st round thrice.  &gt;Kevin Garnett suffered seven 1st round exits, but that is an extreme case. Jason Kidd suffered three. Heck, in Michael Jordan's first three postseasons, his Bulls only won one game.  None of these guys were on 60 win teams except Shai (2025 and 2026) and Garnett (2008) and they both won the title. Luka and Ant havent really come close to 60 wins yet that didn't stop them from winning a playoff series.  Also I dont know why you're using seasons; Cade, Sengun, Duren, these guys are like 22-24, alot of the games best players had already done something in the playoffs by then, notably their peers in Ant, Luka and Tatum had already made multiple CFs by 24."
2026-04-26 06:53:49,"The playoffs speaks more on a FO work than the players. For example, the rockets have needed a pg since the very beginning of the season. They’ve had many embarrasing loss for that reason but it’s been forgotten amidst the 81 other games played. Same with the pistons and the lack of shooting. Everyone expected their FO to get Cade a solid #2 at the deadline, but it never happened.   Truthfully, besides pistons fan, no one saw them as a true contending team for a reason. They lack playoffs experience and it’s currently showing. People on the internet will mock but it’s all temporary. This is experience that they can grow from"
2026-04-26 06:59:35,"The difference with all those guys you listed getting knocked out in round one early in their careers is none of them were the 1 seed, the pistons are held to a higher standard. Tbf they drew the magic after they got fully healthy but this is still the same team that’s locker room was a hot mess before the postseason.  Rockets should be too since they are playing the lakers without their two best players but they’ve also missed their best player for 2/3 games."
2026-04-26 07:22:53,No one remembers that Kevin Love missed a finals game. But generally speaking you are correct. Part of being a champion is passing the physical test of the playoffs.
2026-04-26 08:06:15,"[Highlights] Shai Gilgeous-Alexander full highlights vs. Phoenix Suns tonight (121-109 W) - Game 3 - First Round of the 2026 NBA Playoffs:  42 Points on 15/18 FG (83.3%), 1/3 from 3, 11/12 FT (91.7%), 4 Rebounds (1 Off. Reb), 8 Assists (3 TOV), 1 Steal, 4 PF, and a +/- of +10 in 37:56 minutes played [HD version via Reddit (Thunder sub)](https://np.reddit.com/r/Thunder/comments/1sw1iav/shai_gilgeousalexander_full_highlights_vs_phoenix/)  [HD version via YouTube](https://youtu.be/Jsur3ZGfqDQ)"
2026-04-26 08:09:02,BITW MVP
2026-04-26 08:20:24,Jdub didn’t have a hand
2026-04-26 09:11:21,Super efficient Super skilled  SGA will go down as one of greatest mid range shooters of all time. It’s too bad he’s horrible to watch consistently.
2026-04-26 12:52:38,Bucks were also missing our starting SG Donte the whole championship run aswell after getting first in the first game of the first series aswell as missing GA for almost all of the ECF but u listed that.
2026-04-26 22:40:00,"How to Watch Celtics vs. 76ers Game 4: Channel, Live Stream & Start Time for 2026 NBA Playoffs - NESN"
2026-04-27 21:45:46,Former NBA Champion Called Celtics ‘Guaranteed’ — Then Boston Delivered in Game 4 Rout - heavy.com
2026-04-28 16:10:33,"Boston Celtics vs. Philadelphia 76ers: Where to watch Game 5 tonight, time, channel and more - Yahoo Sports"
2026-04-28 14:00:00,"Road to the NBA Finals: NBA Playoff Predictions, Picks for Every Game on Tuesday - Sports Illustrated"
2026-04-27 14:09:27,Celtics Gain Ground In NBA Finals Odds Following Game 4 Win Against 76ers - NESN
2026-04-28 05:04:00,"2026 NBA playoffs: Schedule, scores, news and highlights - ESPN"
2026-04-13 07:00:00,"Who’ll win 2026 NBA Finals: Thunder, Spurs or Celtics? Anonymous player poll results - The New York Times"
2026-04-14 07:00:00,"2026 NBA playoffs: Predicting each series, including the Finals - ESPN"
2026-04-27 22:46:00,"2025-26 NBA Odds: Thunder, Celtics Favored to Meet in Finals - FOX Sports"
2026-04-28 21:03:00,What time do the Sixers play tonight? What channel is Sixers vs Celtics - Delawareonline.com
2026-04-28 05:19:00,"2026 NBA playoff bracket: Matchups, schedule as Thunder advance with sweep of Suns - CBS Sports"
2026-04-28 13:22:00,This Day In Sports: An unbreakable record of championships - KTVB
2026-04-28 13:24:28,"2026 NBA playoffs first-round series odds: Celtics, Spurs favored for close-out wins - The Athletic - The New York Times"
2026-04-28 16:41:14,The Celtics Must Continue to Trust Payton Pritchard - The Lead
2026-04-28 18:47:37,"76ers vs. Celtics Prediction, NBA Playoff Picks, Spread – 4/28/26 - PrizePicks"
2026-04-28 10:00:00,"Today in Boston Celtics history: Red Auerbach retires as coach, 1966 championship won - Celtics Wire"
2026-04-27 07:00:00,"2026 NBA Play-in Tournament, Playoffs & Finals Schedule - NBA"
2026-04-28 15:00:20,"Celtics vs 76ers NBA Playoff Game 5 Prediction: Odds, recent stats, trends and best bets for April 28 - NBC Sports"
2026-04-25 07:00:00,"Celtics 131-92 Lakers (Jun 17, 2008) Final Score - ESPN"
2026-04-28 08:00:01,"How to Watch Celtics vs. 76ers Game 5: Channel, Live Stream & Start Time for 2026 NBA Playoffs - NESN"
2026-04-27 15:16:47,"Spurs, Celtics Skyrocket in Latest NBA Finals Odds; Lakers Remain in Top 8 - Sports Illustrated"
2026-04-27 01:35:00,"Celtics vs. 76ers Series Schedule: Dates, Channels, Streams for 2026 NBA Playoffs - NESN"
2026-04-28 12:30:36,The Boston Celtics Have An Easy Path To The NBA Finals - TWSN
2026-04-27 04:35:57,4 takeaways: Joel Embiid returns as Celtics cruise to big win and 3-1 lead - NBA
2026-04-18 17:58:37,2026 NBA playoff simulation: Can the Celtics make another title run? - NBC Sports Boston
2026-04-28 20:09:35,NBA recognizes Celtics' Brad Stevens with major honor - MSN
2026-04-25 03:41:00,Did the Sixers win tonight? Sixers vs Celtics score from Game 3 - Delawareonline.com
2026-04-26 11:00:00,There and Back Again: Notes from a 520-mile trek to cover playoff basketball - CelticsBlog
2026-04-28 16:28:44,East rival being exposed should trigger painful but vital reminder for Celtics - Hardwood Houdini
2026-04-24 15:14:57,3 things to watch in Celtics-76ers Game 3 - NBA
2026-04-28 01:54:22,Dave Portnoy Says He'd Be 'Surprised' By This Celtics Playoff Outcome - NESN
2026-04-24 22:09:00,The Boston Celtics unexpected success could lead to an NBA Finals run - Celtics Wire
2026-04-16 07:00:00,Celtics vs. Sixers rivalry is one of the best in NBA playoff history - NBC Sports Boston
2026-04-26 22:25:00,What channel is the Sixers game on tonight? What time is Sixers-Celtics - Delawareonline.com
2026-04-26 16:15:47,"Celtics vs 76ers NBA Playoff Game 4 Prediction: Odds, recent stats, trends and best bets for April 26 - Yahoo Sports"
2026-04-24 21:45:00,What channel are the Sixers on tonight? 76ers vs Celtics on Amazon Prime - Delawareonline.com
2026-04-27 01:57:22,A handful of demoralizing stats off the 76ers' second 32-point loss in 8 days - NBC Sports Philadelphia
2026-04-14 07:00:00,"2026 NBA title odds for Thunder, Spurs, Celtics and every playoff team - The Athletic - The New York Times"
2026-04-25 04:55:29,4 takeaways: Celtics-76ers Game 3 ends with Jayson Tatum dagger as Boston reclaims homecourt - NBA
2026-04-28 17:00:17,Boston Celtics' Brad Stevens Rewarded For Bold Moves By NBA - roundtable.io
2026-04-26 18:02:17,"Celtics vs. 76ers Prediction, NBA Playoff Picks, Spread – April 26, 2026 - PrizePicks"
2026-04-25 23:06:25,Celtics Announce Significant Jayson Tatum News Ahead of Game 4 vs 76ers - heavy.com
2026-04-25 18:51:18,"How to watch Boston Celtics vs. Philadelphia 76ers, Game 4: TV, live stream for Sunday's NBA playoff game - NBC Sports"
2026-04-27 03:39:00,Celtics dominate as European stars push 76ers to the playoff brink - Eurohoops
2026-04-24 11:52:25,NBA Futures: Analyzing Celtics' Championship Path & Strategies - Yahoo Sports
2026-04-25 21:32:02,76ers giving Celtics hell for key reason no one's talking about - Hardwood Houdini
2026-04-25 17:00:01,Basic and familiar conundrum is keeping Celtics fans up at night - Hardwood Houdini
2026-04-24 19:02:09,"Celtics vs. 76ers Prediction, NBA Playoff Picks, Spread – 4/24/26 - PrizePicks"
2026-04-14 07:00:00,"Ranking Celtics' Playoff Opponents: Pistons, Knicks Among Threats Blocking Path to NBA Finals - NESN"
2026-04-24 17:31:00,"Betting tips, DFS picks for Friday's three NBA playoff games - ESPN"
2026-04-11 07:00:00,NBA playoff watch: What's at stake on the final day - ESPN
2026-02-16 08:00:00,The Complete History of Boston Celtics Championships: Every NBA Finals Win and Title Explained - NESN
2026-04-21 07:00:00,"Celtics 120-88 Cavaliers (May 11, 2010) Final Score - ESPN"
2026-04-26 18:02:00,"Byron Scott credited one Lakers teammate for '85 Finals win by hounding Bird: ""He made Larry work his a— off"" - Basketball Network"
2026-04-13 07:00:00,"Boston Celtics | History, Notable Players, Championships, & Facts - Britannica"
2026-04-22 15:54:54,NBA championship and Finals MVP odds: No. 1 seed Pistons now 45-1 to win title - ESPN
2026-04-18 07:00:00,"Celtics 111-107 Warriors (Feb 2, 2021) Final Score - ESPN"
2026-04-15 07:00:00,"Celtics-76ers: Schedule, how to watch, predictions & analysis - NBA"
2026-04-02 07:00:00,Celtics playoff picture: Boston makes notable move in No. 2 seed race - MassLive
2026-03-22 07:00:00,"Celtics Deemed Second-Biggest Threat To 'Dethrone' Thunder, Win NBA Finals - NESN"
2026-03-25 07:00:00,4 takeaways as Celtics beat Thunder in potential NBA Finals preview - MassLive
2026-04-15 07:00:00,Colin Cowherd Predicts Three Potential NBA Finals Scenarios For Celtics - NESN
2026-04-27 02:26:04,Celtics' Joe Mazzulla reacts to Red Sox firing Alex Cora - MSN
2026-03-01 08:00:00,"Jayson Tatum, Not the 40/20 Rule, Will Decide the Celtics’ Championship Fate - CelticsBlog"
2026-04-27 06:45:00,"Rivalry? What rivalry? Even with Joel Embiid back in 76ers’ lineup, Celtics simply have Philly’s number. - The Boston Globe"
2026-04-13 07:00:00,"Celtics playoff standings: Updated scenarios, schedule for Boston in 2026 NBA bracket - Yahoo Sports"
2026-04-26 15:31:27,"In Rotating World of NBA Rights, Here's How to Watch Celtics-76ers Game 4 - roundtable.io"
2026-04-13 07:00:00,"2026 NBA Playoffs: Standings, bracket and clinching updates - NBA"
2026-04-25 12:58:00,"NBA playoffs winners and losers: Bronny James makes impact, Spurs are more than Wemby, Celtics' math adds up - CBS Sports"
2026-04-28 08:02:15,NBA championship odds: Oklahoma City Thunder lead the way in latest NBA Finals predictions [4/28/2026] - dimers.com
2026-03-07 08:00:00,"Spurs, Pistons, Celtics and 5 other NBA teams with a real shot at a championship - The New York Times"
2025-12-29 08:00:00,NBA Writer Drops Hot Take On Celtics’ Finals Chances Without Jayson Tatum - Yahoo Sports
2025-10-08 07:00:00,List of NBA champions - NBA
2026-03-25 07:00:00,"Is Thunder vs Celtics an NBA Finals preview, now that Jayson Tatum is back for Boston? - The Oklahoman"
2025-09-19 10:00:04,"Celtics win NBA Finals opener over Mavs, 107-89 | Dallas Mavericks - NBA"
2025-09-19 07:44:52,"Celtics repel Mavericks, take 2-0 NBA Finals lead, 105-98 - NBA"
2025-07-21 07:00:00,2025 NBA Playoffs: Full schedule and results - NBA
2025-07-29 07:00:00,NBA Season Recaps: A look back at every season since 1946 - NBA
2026-03-01 08:00:00,2025-26 NBA Championship odds: Favorites and lines to win NBA Finals - FOX Sports
2025-06-22 07:00:00,NBA Finals history: Game 7 matchups and stats since 1951 - ESPN
2025-10-22 07:00:00,"Philadelphia 76ers vs Boston Celtics Oct 22, 2025 Game Summary - NBA"
2025-05-16 07:00:00,Knicks oust Celtics as playoff run marches into East finals - ESPN
2025-06-20 07:00:00,NBA Finals in NBA history that went the distance. - NBA
2025-06-22 07:00:00,Which NBA teams have won the most championships? - ESPN
2025-06-22 07:00:00,Who has won the NBA Finals? Championship winners by year - ESPN
2025-05-16 07:00:00,Celtics-Knicks: 5 takeaways as New York ousts Boston to advance to East Finals - NBA
2025-06-23 07:00:00,NBA Champions by Year: Complete list of NBA Finals winners - FOX Sports
2025-06-23 07:00:00,NBA Finals MVP Award Winners - NBA
2025-06-18 07:00:00,NBA Finals betting: Pacers underdogs one last time for Game 7 - ESPN
2025-06-05 07:00:00,Who won 2024 NBA title? Boston Celtics' successor will soon be crowned - USA Today
2024-03-14 10:14:43,2024 NBA Finals - NBA
2025-05-02 07:00:00,Boston Celtics' NBA championships - NBA
2025-05-13 07:00:00,Celtics-Knicks: 5 takeaways as Knicks push defending champions to the brink - NBA
2025-05-20 07:00:00,Top 10 players with multiple championships - NBA
2025-05-06 07:00:00,"Boston Celtics NBA Finals History: Championships, Record & More - Sports Illustrated"
2024-06-17 07:00:00,"Boston Celtics NBA Finals history: Matchups, MVPs, other stats - ESPN"
2025-05-03 07:00:00,NBA playoffs: What to expect in Celtics-Knicks series - NBA
2025-05-15 07:00:00,ESPN NBA Full Court Press: New York Knicks Look to Advance to the Eastern Conference Finals in a Potential Close-Out Game 6 Matchup Against the Defending NBA Champion Boston Celtics on Friday - ESPN Press Room
2024-06-18 07:00:00,Celtics win 18th championship with Game 5 victory over Mavericks - NBA
2025-05-10 07:00:00,"Boston Celtics vs New York Knicks May 10, 2025 Game Summary - NBA"
