timestamp,text
2026-04-06 02:32:21,"The 1-4 seeds in the Western Conference gets very interesting for the playoffs. A lot of shifting dynamics going on.  The thunder have the #1 seed and basically are going to secure it, but they have the Nuggets on their schedule and by losing that game they have a better shot of securing that they get the 3 seed, which means they don’t have to face the Nuggets or Spurs until the conference finals, which no offense to the other teams, is basically a free 5 games series max until then.  The Spurs face the Nuggets as well, and whoever loses that game has major impact on if the Nuggets get the 3 seed or not, and those two Juggernauts going against eachother in the second round.  The Lakers are such a wildcard are this point. Their season is dead, but they also have a major factor on who the Nuggets end up playing in the 1st and 2nd round. If the Lakers somehow win out, the Nuggets will avoid the Spurs-Thunder route themselves.  And then there’s the Nuggets. Not sure what their “strategy” is regarding what to do when playing the Thunder and Spurs, but they have been winning a lot recently and looking dominant as their usual selves. If they don’t slow down though, they are going to have a tough run to get out of the West.  Edit: Apologies. The Nuggets path is gonna involve the Spurs and Thunder regardless."
2026-04-06 02:34:01,"Dream scenario is OKC faces nuggets and spurs on the way to another championship.  An undeniable run, no asterisk victory."
2026-04-06 02:34:20,# WE WILL REPEAT
2026-04-06 02:34:38,"Nuggets don't do strategy.  They zugg-zugg, usually to their detriment at the end of every season.  They've done it every year except the year the won the title where they were far and away the #1 seed and rested their guys down the stretch."
2026-04-06 02:34:56,Thunder will prob have the first seed clinched by the Nuggets game so they can sit their starters regardless.  Nuggets potentially having to go through Wolves/Spurs/Thunder/East winner would be an absurdly difficult run.
2026-04-06 02:37:42,"&gt;If the Lakers somehow win out, the Nuggets will avoid the Spurs-Thunder route themselves.  I'm pretty sure either way, the Nuggets will have to play either the Spurs or Thunder in the 2nd round, won't they? Hard to say which is preferable tbh. I think just keep winning if ur them, getting into playoff mode (while being cautious with everybodys minutes)"
2026-04-06 02:47:21,"In the crucial moments of the playoffs, we shouldn't be playing with as much isolation as this, right? What scared me the most about this loss to the Nuggets was the 4th quarter and overtime — the Spurs' entire offense was just letting Fox and Wemby go one-on-one, completely abandoning the team basketball that has always been their bread and butter. Maybe Mitch was trying to show the players that iso ball doesn't work?"
2026-04-06 02:52:24,I doubt that was Mitch trying to show his players that iso doesn't work. That sounds like quite the stretch.
2026-04-06 02:54:35,Ugh. I’d much rather stay at the 4 and play OKC 2nd round when we’re fresher. More worried about them than the Spurs and I don’t want to lose to the Thunder again. Much rather knock them out in 7 then fall to the Spurs than other way around if we can.
2026-04-06 02:55:36,"Iso works, depends on the matchup."
2026-04-06 02:56:45,"Has it been our bread and butter at the end of close games? I’m not sure if I have a seen a close game this season where Mitch ran a play in crunch time…Normally in the closing seconds it’s an iso with wemby or fox, and it’s been like that all season long. It was particularly jarring this time as the nuggets seemed to run a set play out of a time out to tie the game at the end of regulation, and then the spurs just gave it to wemby and hoped he could pull something off…"
2026-04-06 02:59:15,Denver has a few more games to get the chemistry to level needed for playoff.  This roster was pretty high level favourite to win the ring this year (before season started and after all trades).    Considering everyone is fresh and played 2/3 of the season only i feel they will dispatch OKC in 6 (if they can pass spurs).
2026-04-06 03:06:11,"I remember in the peak pop years, he was reticent to show what we’d do against good teams during the regular season.  Not saying that’s the case, but perhaps this is just the open script until then?"
2026-04-06 03:15:18,"This is what everyone is talking about when they are dubious about an inexperienced team winning big in the playoffs. It ramps up the pressure. Defenses are fully committed on every possession. It gets hard. It’s a new level and the only true way to learn is to get the reps.   It was great we had this game. We are not ready yet. But we will be when we get enough of these. Hopefully we can learn n the fly and quickly, but even if not, the future is bright and we are ahead of schedule. Enjoy the ride."
2026-04-06 03:21:02,Hero ball shouldn’t be done that often. Wemby and fox need to trust their teammates more. Ball movement and defense is how we have won almost 60 games
2026-04-06 03:52:03,"In terms of OT, I can't say half court execution cost us the game. Victor scored and drew two fouls. Fox got to his spot and hit a jumper (1-2) and Dev &amp; Jules both had good looks from three (I believe they were 1-3 in OT). The only real poor possession was when Victor lost track of the shot clock and passed the grenade to De'Aaron for the airball three.  Ironically, it was their transition offense that were the heartbreakers.   1. Early in OT, up 1, Steph drove on a fast break with Victor trailing and turned it over. AG wound up scoring on the other end, and it would up being a 4 pt swing. 2. With about 30 seconds left, down 2, De'Aaron botched the alley-oop to Dev. De'Aaron gets the ball back for a 5 ft uncontested jumper and missed. On the other end Jokic scores. Another 4 pt swing.  There was also a Champagnie airball bunny after an offensive rebound that was another missed opportunity."
2026-04-06 03:55:54,"We are 100% playing isolation in crunch time  Expect one of two things:   Wemby-Fox dribble handoffs on the wing  Wemby elbow isolation  Personally I like the first more than the second. Whenever I see Wemby in the face up and his head is right under the defender's armpit, I automatically know we're at the mercy of the refs to call a foul or it's a low percentage tough shot"
2026-04-06 04:04:45,"It’s not an easy call for the Nuggets on what path is best. Neither is ideal. If I were them I’d probably go for 3, mostly because I’m not 100% sold that Phoenix with a healthy Brooks doesn’t have an outside shot of knocking a young inexperienced Spurs team out. They’re 2-2 vs SA this year, with both losses coming without Brooks (one of them by only 1 pt). Wemby didn’t play in one of the Spurs losses, but I wouldn’t say it will be a cakewalk. Especially with it being the first playoff series for a young team.   Even the Clippers have played them tough. 0-3 but lost two of them by only 4 pts. Oddly enough the only blowout came in the game Wemby sat. Kawhi sat in one of the close losses. If somehow the Spurs were to get bounced you’d be kicking yourself for angling to get into the OKC side of the bracket."
2026-04-06 04:48:46,I really want nuggets spurs second round
2026-04-06 04:53:09,"The Warriors are officially locked in to the 10th seed, they will be on the road to face either the Blazers or Clippers in the 9/10 seed matchup https://www.nba.com/standings  The Warriors are 4 games behind both teams with 4 to go for them, the Clippers have a better H2H record and the Blazers win the tiebreaker due to conference record.  The Warriors will have to win two games on the road in the playin tournament to make the playoffs where they will be the 8 seed against either the Thunder or Spurs."
2026-04-06 04:56:06,Warriors losing and Adam silver blessing us with a high pick🙏 I’m not tryna watch this team get embarrassed in the playoffs
2026-04-06 10:50:06,"In a playoff setting wherein teams have the luxury of actually gameplanning against you (somebody once said you are only as good as your weakest link), I worry that they will challenge wemby to beat them as a playmaker and just let Castle,Harper and in a lesser extent, Fox to shoot their hearts out."
2026-04-06 11:58:00,Spurs -350 is a bit overpriced imo. 76ers +260 could be interesting if they keep it close.
2026-04-06 13:20:15,Someone tell me why I shouldn’t throw house on Nuggets and Spurs
2026-04-06 14:28:23,Thoughts on Spurs ML? Thinking about adding it to Michigan ML for better odds.
2026-04-06 14:29:51,"Iso is ok but it was depending on the match up. The fox bailed out 3, i dont like it but he has no choice. Not sure why he didnt gave back the ball to wemby. The sec shot by wemby to win the game, he could have gone up for a jumper instead an almost back board running shot.   We have committed a lot of mistakes on the end game but it is what it is. This is a good test. Nuggets are already battle tested. It was like already a playoff atmosphere"
2026-04-06 16:35:56,"The Boston Celtics are on pace to be the 10th team this century that are top 5 in both REB% and TOV% 1999-00: Los Angeles Lakers (2nd REB%, 3rd TOV%)  2000-01: Toronto Raptors (5th REB%, 1st TOV%)  2008-09: Los Angeles Lakers (4th REB%, 5th TOV%)  2009-10: Los Angeles Lakers (5th-tied REB%, 4th-tied TOV%)  2010-11: Los Angeles Lakers (4th REB%, 5th TOV%)  2013-14: Portland Trail Blazers (5th-tied REB%, 5th TOV%)  2017-18: Charlotte Hornets (5th REB%, 2nd TOV%)  2022-23: New York Knicks (2nd-tied REB%, 5th TOV%)  2023-24: Boston Celtics (4th-tied REB%, 1st TOV%)  4 of these teams won a championship (2000 Lakers, 2009 Lakers, 2010 Lakers, 2024 Celtics), 2 lost to the eventual champion (2011 Lakers lost to Mavericks, 2014 Trail Blazers lost to Spurs), 2 lost to finalists (2001 Raptors lost to 76ers, 2023 Knicks lost to Heat) and the 2017-18 Hornets did not make the playoffs.  In 2025-26, the Boston Celtics currently have a 52.6 REB% (3rd) and a 12.8 TOV% (2nd-tied), which makes them the only team this season to be top 5 in both categories, and the first since the 1999-00 Lakers to be top 3 in both categories if they don’t move down in the last week of the season.  The next closest teams are the Spurs who rank 6th in REB% and 5th in TOV%, and the Nuggets who rank 8th in REB% and 2nd (tied) in TOV%"
2026-04-06 16:48:53,"Summarizing every NBA team's post-bubble era in 1 sentence Here's every team's '21-'26 stretch summarized:  **East**  **Boston:** The Jays and successful coaching and front office transitions have led to consistently deep playoff runs, including a championship in 2024.  **Brooklyn:** The chaotic and disappointing results of the Kyrie-KD-Harden teams begat another potentially long rebuild.  **New York:** The free agent signing and development of Jalen Brunson plus some blockbuster trades for KAT, Bridges and Anunoby has the Knicks enjoying sustained postseason success.  **Philadelphia:** Ben Simmons' demise, Harden's flaws and Embiid's inconsistent health contributed to several disappointing playoff exits, though young guards Maxey and Edgecombe offer hope post-process.  **Toronto**: After a disastrous season in Tampa landed them Scottie Barnes, ""Project 6'9"" resulted in mediocrity, leading to the exits of Ujiri, Nurse and an uncertain path forward.  \---  **Chicago:** The Bulls have been consistently ""meh"" during the Billy Donovan era, the lone exception being a Ball-Caruso-DeRozan-Lavine team cursed by injury.  **Cleveland:** Emerged from the ashes of the Lebron era by landing Mobley and Garland high in the draft and trading for Donovan Mitchell, posting 64 wins last year before a playoff upset.  **Detroit:** Endured 5 years of wretchedness, including a 30-game losing streak, which has produced a 1 seed loaded with talent and a megastar in Cade Cunningham.  **Indiana:** Broke up the awkward and mediocre Sabonis-Turner pair by trading for the emergent Haliburton, who led a surprising run to G7 of the NBA finals before a devastating achilles tear.  **Milwaukee:** Giannis' brilliance and a weak field won them a title in 2021, but that has been followed by years of injury, upset, an unsuccessful trade for Damian Lillard and an uncertain future with a disgruntled franchise legend.  \---  **Atlanta:** The precocious Trae Young led the team to a surprising ECF berth in '21, but 5 straight seasons of .500 ball featuring an unwise trade for Dejounte Murray led to Trae getting shipped out of town.  **Charlotte:** Michael Jordan's hesitancy to tank post-Kemba resulted in a couple of mediocre play-in seasons with young Lamelo, but MJ selling the team and some shrewd draft picks in Miller and Knueppel has the future looking bright.  **Orlando:** Drafting Suggs, Wagner and Banchero has lifted the team from the dregs, but this core (with Desmond Bane) might be headed toward a third-straight first-round exit.  **Miami:** The Jimmy Butler era ended tumultuously but produced surprising playoff results, reaching an ECF G7 and a Finals (from the 8 seed!), although the remaining Bam-Herro-Spoelstra core has questionable upside.  **Washington:** 3 consecutive years of 34-35 win seasons led to the replacement of GM Tommy Shepperd and the start of 3 seasons of shit-smelling foulness the likes of which I can't imagine, or maybe I just don't want to.  \---  **West**  **Dallas:** THEY HAD A STAR IN LUKA DONCIC AND WENT TO THE FINALS AND THEN TRADED HIM AND THEN GOT THE #1 PICK AND NOW HAVE A NEW STAR IN COOPER FLAGG.  **Houston:** A patient rebuild post-Harden has resulted in a wealth of pretty good young players and solid veterans in KD, FVV and Steven Adams, though a somewhat disappointing season has people questioning their postseason potential.  **Memphis:** The exciting young core of Ja, JJJ and Bane was a burgeoning threat in the west (highlighted by consecutive 50-win seasons), but Ja's downfall led to a total teardown and the team praying for lottery luck in May.  **New Orleans**: Zion showed flashes (including a successful stint playing PG under Van Gundy), but his poor conditioning and the waste of a treasure-trove of assets has the Pels in the wilderness.  **San Antonio:** The Spurs have had 6 straight losing seasons, but none of that matters now because Victor Wembanyama is laying waste to the NBA and this year's team has a real shot to win the title.  \---  **Denver:** We're on year 6 of Jokic being in the MVP discussion, and despite Jamal Murray's ACL tear wiping out a couple of potential contenders, the team won the title in 2023 behind one of the most cohesive starting 5s in recent vintage.  **Minnesota:** The Anthony Edwards era has been both successful and news-worthy, featuring consecutive WCF berths and two massive (and I'd argue successful) trades, one bringing in Gobert, one sending out KAT.  **Oklahoma City:** Presti traded everything that wasn't bolted down, accumulating assets that would make Warren Buffet blush, and now the defending-champion Thunder (and probable back-to-back MVP SGA) are set up to be title contenders for the foreseeable future.  **Portland:** Dame's time finally ran out in Portland and the team embarked on a rebuild, but Scoot Henderson's disappointing start and the lack of other potential stars has fans questioning the future.  **Utah:** The Mitchell-Gobert teams had a couple of disappointing postseason exits, Danny Ainge decided to blow it up, but the tanking may have been worth it as the team is stocked with assets and a couple stars in Lauri and JJJ.  \---  **Golden State:** The ""two-timeline"" Warriors did indeed have one last run in them, winning the title in 2022 and vaulting the NBA into the era of motion-heavy offenses, while producing a couple more playoff series wins during Steph's waning years.  **LA Clippers:** The fraudulent clippers were often no-shows come playoff time, and despite this being their 15th straight season with a winning record, some question if they've planted the seeds for future success.  **LA Lakers:** Ill-timed injuries and an utterly disastrous trade for Westbrook meant a disappointing end to the Lebron era, though on the bright side they now employ Luka Doncic.  **Phoenix:** Chris Paul's late-career resurgence almost brought this team a title in 2021, though the ensuing ""super"" teams with Booker, Beal and Durant both disappointed and rid the team of future draft picks.  **Sacramento:** The poor Kings had that one glorious year of beam-lighting, 48 wins and a first-round exit, but that season unfortunately might be the highlight of their decade."
2026-04-06 16:49:44,"To make sure we're all on the same page, this is for OREB% and Offensive TOV% correct?"
2026-04-06 17:05:46,Who would you take in a 7-game series: Nuggets or Spurs? These two teams are generally viewed as OKC's toughest challengers in the West this year and with recent events it's increasingly likely they might actually match up in the playoffs   Which team would you give an edge in a series?
2026-04-06 17:07:48,"Fully healthy meaning DEN also has Payton Watson, I’ve got DEN in 6."
2026-04-06 17:11:42,"If Nuggets get Watson and Jones back, who they need for defense, I’ll take Denver in 6.  If they’re not back, 7 game series true 50/50"
2026-04-06 17:12:57,Spurs fan but I want to avoid Denver at all costs. I’d rather play OKC.
2026-04-06 17:14:58,Spurs finally lose another and it's back to this again 😂
2026-04-06 17:16:28,This just feels like one of those years where nothing goes right for a team regarding Denver and their health. Gimme San Antonio.
2026-04-06 17:18:05,Spurs but it’d be a pretty close 6 or 7 game series
2026-04-06 17:19:15,"With some seedings confirmed, I don’t see the favorites winning as much, with the emphasis on getting rest for their players. Will check it out later again tho (Only reason the MIN - CHA game got nice yesterday was because Edwards was out)"
2026-04-06 17:20:45,"I’m a Spurs fan so disclaimer, but I’d take us in 5 or 6. Both games we lost the Nuggets had to make a 4th quarter comeback and one of those games we didn’t have Wemby. I think we are faster and deeper than the nuggets, we just need to take away the pass and let Jokic try to drop 40 on Wemby.   But if Fox has a stinker the whole series (like he did on Saturday) then it’s a different story. I believe in Fox to play well at least 3 of the 7 games which is all we need imo."
2026-04-06 17:20:47,"Denver has the experience, San Antonio has the drive.  I think San Antonio.  Denver has only beat 1 50-win team in the playoffs ever.   On the contrary, Jokic and Murray are playing their best basketball and their supporting cast is playing well despite lower availability.  Could end up just a learning experience for the Spurs."
2026-04-06 17:21:13,"It felt to me like Wemby wants to prove himself as The Man, the MVP in these situations by going one-on-one and making the big shot. But the reality is that he was too tired, and bully slowing it down it becomes one-on-two and he either takes a low percentage shot or passes out too late. Denver showed how you need to go for the best percentage play in every situation - especially at the end of the game - and that means ball movement."
2026-04-06 17:22:02,"Spurs game 7,it will be amazing series"
2026-04-06 17:22:54,"hey everyone picking denver, remember how certain you were back in august that the spurs were a fringe playoff team?"
2026-04-06 17:24:07,spurs in 7
2026-04-06 17:41:57,"Nuggets, everyone dismisses the Pistons because ""they don't have much playoff experience, it's different in the playoffs than the regular season"" meanwhile the current version of the Spurs haven't made the playoffs at all, the West is harder than the East and have yet to hear that argument about the Spurs, so I am making it now."
2026-04-06 18:29:09,I think not only do the young players have a lot to learn but also Mitch Johnson. I’m very impressed with how well he’s been able to hold up against formidable opponents but sometimes I worry about how well he can hold up when things start going south. Still love him though and very happy with how far he has taken us. GSG!!!
2026-04-06 19:21:37,"Someone's going to have a cakewalk to the Western Conference finals, and it'll likely be OKC. The 1 and 2 seeds are set.   The only real challenger for OKC are the Mcnuggets and the Spurs, but with Luka and Reaves out, the Lakers are going to lose out on the 3rd seed, and Denver will move up to 3.  The 3rd seed will face the Wolves, but it's been reported that Ant is seriously injured. So were probably seeing Denver-SA in the conference semis. It's gonna be a bloodbath.   And most likely Phoenix will wear out SA a bit.   While on the other side of the bracket the rockets are going to dispatch LA, but there's no chance the rockets as they are constructed can give a challenge for OKC.  So the path for SA is likely set to be over Jokic, on the plus side if they manage to beat them they can start beliving that anything is possible,  lol.  What I'm trying to say is, the Lakers screwed it up for everyone else."
2026-04-06 19:24:06,"That's just what #1 seeds rightfully get. If we didn't drop some of those winnable games, it'd be us instead."
2026-04-06 19:26:34,"How about we win our first playoff series in 9* years before we talk about a trip to the conference finals. Experience is a real factor, I believe we’re good enough to overcome that, but it’s still not even close to set in stone."
2026-04-06 19:26:38,Yes. The Lakers suck and they got beat up yesterday by kid
2026-04-06 19:27:47,"I agree. Not even from a Spurs fan perspective, but it's disappointing that the injuries have basically weakened one half of the western bracket. OKC will likely walk their way to the WCF.   But from the Spurs perspective, it does give them a lot of experience to play Denver first. The main benefit is the confidence they'll have if (when, hehe) they take down Denver, and taking that into the OKC series.    Honestly at this point, the main thing I'm rooting for is the Blazers to snatch the 7th spot. That'd be a solid series for the Spurs to get their feet wet. I am also interested to see how Minnesota fairs with Denver. Could Minnesota pull an upset?"
2026-04-06 19:28:00,"Only if we had not lost to grizzlies, pelicans and jazz at home, we would been the first seed. But i think Denver is a good test to prime us for the OKC beat down"
2026-04-06 19:31:05,Worse case Scenario for spurs but oh well Wemby and Fox gotta step up
2026-04-06 19:32:13,"Important NBA Games Today Knicks at Hawks  According to ESPN analytics, this is the 15th most important game of the season left. The Hawks want to get a top 6 seed in the Eastern Conference while the Knicks want the 2 seed in the Eastern Conference. Should be a good game.  I am not going to put Pistons Magic because the only thing that the Pistons are going to do is rest for the regular season since they clinched the one seed on Saturday.  76ers at Spurs (Game of the Day)  Embiid vs Wemby, an elite center matchup. Who is the better center? We will find out today. The 76ers are trying to keep a top 6 seed in the Eastern Conference while the Spurs want the one seed in the Western Conference.  Trail Blazers at Nuggets   The Nuggets want to take the 3 seed from the crippled Lakers to avoid the Thunder in the second round while the Trail Blazers want the 8th seed in the play-in tournament to have two chances to make the playoffs and avoid Steph Curry in a play-in game.     Laat post, I said that the Warriors were stuck as the 10 seed but that is not true so I am sorry. I forgot that the Warriors destroyed the Clippers earlier in the season."
2026-04-06 19:36:05,"""Embiid vs Wemby..........Who is the better center?""     We know that now don't we?"
2026-04-06 19:40:32,Sixers are in a fight for survival with the Hornets and Raptors chasing right after them. Even if it seems impossible against San Antonio they have to win to avoid that play-in and facing a top 2 seed in the east first round. I expect a great game where they pull out all the stops. Spurs ofc probably can't get the 1 seed anymore and know it but they need to get a good bounce back win after the Nuggets loss to keep their momentum going into the playoffs before they start resting. Anticipating a big Wemby performance.
2026-04-06 20:11:38,Sixers-Spurs is going to be a great game. I can feel it.
2026-04-06 20:25:58,"It is what it is. Everyone is worried about who were playing in what round. I say bring them all on. If we lose to Denver in the 2nd round then we aren't the best team and we dont deserve to win. To be the best we have to beat the best. The Mavericks last ring is considered one of the greatest playoff runs ever because of who they played and beat. If our Spurs are that good, then let them prove it."
2026-04-06 20:31:13,"If we want to be the champ, we need to beat who ever on our way. That is the mentality. That should be the mentality"
2026-04-06 20:40:18,"That last game against Denver.. it's either the Spurs piss away and run normal sets, or they treat it as a tune up game.   Either way - to be the best, you have to beat the best. You don't want injuries on either side."
2026-04-06 21:26:18,Spurs are deep and young enough to withstand multiple 6 or 7 games series.  Physically that is. It’s gonna take some top tier coaching to keep the young brains tuned in.
2026-04-06 21:28:42,If the lakers hold off warriors and suns they likely could maintain 3rd seed. Nuggets will need to beat thunder and us and no lose to get 3rd seed. (Assume lakers lose to thunder)
2026-04-06 21:43:40,I would love it if we get to Denver in the semis. How epic it would be if we beat the team that took us out the playoffs the last time we were in them to advamce to the WCF. If our guys can clean up the little things they got a great chance.  This is going to be a fun experience for our guys with hopefully not a lot of heartbreak but either way GoSpursGo!
2026-04-06 22:20:41,I wouldn’t have it any other way. Wemby wants the smoke. We shouldn’t be ducking the best teams. Take the hardest path and win. No one will be able take that away in the end.
2026-04-06 22:27:23,Victor wembanyama advances to 4th in rebounds per game this season
2026-04-06 22:36:21,"Wemby, you cannot let Karl Anthony-Towns do this to you.  Edit: Dang, meant this as a joke, lol. Feedback received. 🫡"
2026-04-06 23:06:51,This still reads like AI. Emotionless. On top of that? We know that Wemby is the better center. Why even mention that????
2026-04-06 23:17:50,Woulve watched Cleveland just to see harden play but not available in my area   Don't care about the Knicks or Atl and only watch the Spurs when they are going against other good teams
2026-04-06 23:53:18,"First play, I got the Hawks &amp; Magic ML parlay. Both teams are hungry and playing at home. Knicks and Pistons are locked in and could take a nap in the 4th. No thanks. Give me a hungry team every time.   Second play, I got Michigan, Spurs &amp; Nuggets ML parlay as well. You see it and you know what it is. It’s been a favorites run so far and I’m leaning in on that. I know the 76ers is what I should take ala my first bet but this is the SPURS, which are hungry and need the dub for a morale boost.   Little bit of gambling with a little bit of “safe” for today."
2026-04-07 02:31:31,"Post Game Thread - NBA: The Spurs defeat the 76ers on Apr 6, 2026, the final score is 115-102. This post contains content not supported on old Reddit. [Click here to view the full post](https://sh.reddit.com/r/NBASpurs/comments/1sejg3t)"
2026-04-07 02:31:54,STILL on track for 63-19  Take all my ribs 👽 if that's what it takes get better soon Wemby!  Good to see Dominick Barlow find a spot in the league.  Go Spurs Go!
2026-04-07 02:31:55,I’m hoping bc wemby came back in to get to 15 mins it’s nothing too bad. Just needs one more game and no way he lets Chet even sniff hope of his dpoy
2026-04-07 02:31:56,DICKS OUT FOR WEMBY
2026-04-07 02:31:59,"STEPH CASTLE. ALL DEFENCE, ALL NBA 3RD TEAM."
2026-04-07 02:32:01,60 wins. Feels fucking great.  I hope Wemby is ok and this doesn’t linger.
2026-04-07 02:32:11,First 60 win season since 2017. Also nice triple double from steph! Go Spurs Go!
2026-04-07 02:32:22,Fuck that druggie podcaster. He should be drug tested after every game for the rest of his career. Hope Wemby is alright
2026-04-07 02:32:38,"Kornet did a great job once Wemby went down.  Amazing performance from Castle, that assist to turnover ratio is excellent."
2026-04-07 02:32:59,Stephon Castle tonight:   19 Points   13 Assists    11 Rebounds    6/13 FGM   1/2 3PM   6/6 FTM  Stephon Castle is an All Star next season.
2026-04-07 02:32:59,Castle is just so incredible
2026-04-07 02:33:08,Tired of pretending fox is better thsn castle.Put the ball in castles hands if wemby isnt here...
2026-04-07 02:34:19,I really need Fox to act like the adult in the room.    I don't mind if he misses shots but in a game after a monster screw up not pulling the ball out he did it again tonight.    I don't need him to be Chris Paul but this is basic shit
2026-04-07 02:34:55,"For those following the Harrison Barnes points average saga, here is where it stands. By my calculation, he has 729 total points on the season. Assuming he plays the last three games of the season, he will play 76 games. If he plays in those games and scores 0 points in them, then his PPG average will be 9.59. To get to an even 10 PPG average, he needs to score a total of 31 points over the course of those three remaining games, so 10.33 PPG needed."
2026-04-07 02:35:15,Luke Kornet is a treasure lmao. His post game interview hahaha
2026-04-07 03:10:03,First playoff game will be on a Sunday or Monday according to post game show On the Spurs post-game show Nate Ryan said the Spurs start the playoffs on April 19 or 20. So no game on the opening day of the playoffs and we’re looking at 6 or 7 days rest.
2026-04-07 03:12:19,"Wemby Award Elgibility Tracker 🏆 Updated to be current as of 4/10/2026 21:00 CST   👽 **Wemby Magic Number:**  **0** Wemby is Award Eligible   **—————————————————————**  I’ve had other post that I updated  regularly, but I’ve seen some confusion after this game so posting this again. Below you’ll find a more detailed tracker that  I’ve been doing.  If you think I got anything wrong let me know (but I researched this, cross checked everything as best I could, and have been following it for the last month.)  **Award Eligibility Notes:**  \- In order to be eligible Victor must play in 1 of the next 2 games. His Basketball Ref page will show he has played in [64 games] Tomorrow (https://www.basketball-reference.com/players/w/wembavi01/gamelog/2026/). AND [He’ll receive a 1 game credit for the NBA Cup Final game which will not show on the regular season stat sheet](https://www.si.com/nba/spurs/onsi/news/how-nba-cup-rule-quirk-benefits-spurs-star-victor-wembanyama))  \- He **MUST** play in 20 min of a game for it to count as a game played\*  \- \*He **can not** receive credit for playing under 20 minutes as he has used both of his two 15 - 19.59 minutes played credit allotments this year (after the PHI game on 4/6)  **Symbol Key**:  |**Symbol**|**Meaning**| |:-|:-| |‼️|2nd Night of Back-to-back| |❌|Missed game| |✅|Played 20+ min in game| |⏰|Played between 15 - 20 min|  **Remaining SAS Games**:  |**Opponent**|**Date**|**Wemby Status**| |:-|:-|:-| |Charlotte Hornets|Mar 14|✅| |@ LA Clippers|Mar 16|✅| |@ Sacramento Kings|Mar 17 ‼️|✅| |Phoenix Suns|Mar 19|✅| |Indiana Pacers|Mar 21|✅| |@ Miami Heat|Mar 23|✅| |@ Memphis Griz|Mar 25|✅| |@ Milwaukee Bucks|Mar 28|✅| |Chicago Bulls|Mar 30|✅| |@ GS Warriors|Apr 1|✅| |@ LA Clippers|Apr 2 ‼️|❌| |@ Denver Nikolas|Apr 4|✅| |Philly 76ers|Apr 6|⏰| |PDX Trailblazers|Apr 8|❌| |Dallas Mavs|Apr 10|✅| |Denver Nuggets|Apr 12|—|  As always … Go Spurs, Go!"
2026-04-07 03:23:53,Idgaf what they have to do just let him jog back and forth 20 min he’s SO CLOSE
2026-04-07 03:32:13,Hoping the Spurs playoff games will avoid being exclusive to Peacock and Prime
2026-04-07 03:51:04,"That is a demoralizing loss, Spurs win by 20 if they play full roster."
2026-04-07 03:54:38,My best bet is him sitting the next 2 games and play against Denver. Wemby coming off the bench.
2026-04-07 04:16:03,"Under the current playoff bracket, the #1 seed OKC Thunder would get to play either the #4 Lakers or #5 Rockets in the second round Have to think this is pretty much the ideal scenario for them   Spurs would possibly have to go through Denver and OKC back to back"
2026-04-07 04:17:51,If the Thunder don't go 8-0 then they aren't serious team
2026-04-07 04:18:12,And the Nuggets would most likely have to play Minnesota in the first round the Spurs in the Second round and the Thunder in the WCF to get to the championship.
2026-04-07 04:18:36,"If they win both games against the LA teams over the next two nights they’ll clinch the one seed, hard to imagine them not resting/intentionally throwing the game against Denver if they can have the 1 seed locked up by that point"
2026-04-07 04:19:07,"Nuggets have Grizzles, OKC BLUE and Austin Spurs left to play …   welcome to the 3rd seed"
2026-04-07 04:21:58,Amen jumpshot will be fixed by round 2 and we will win the championship
2026-04-07 04:28:29,"I heard while watching the game, I think it was Jacob who said this game will count towards Wemby’s 65 game?  He said something like 16 mins count depending on the player? I thought it was 20mins minimum. Can someone clarify?"
2026-04-07 04:31:04,Unless something insane happens this should be close to final. Just a huge win tonight by the Nuggets for the Thunder.
2026-04-07 04:31:30,"Okc has the most ideal path. They sweep clippers or phoenix and destroy Houston (my team). But their last matchup out west would be spurs or nuggets. I guess they would rather have nuggets, and nuggets match up well with spurs. And finals a fully healthy Boston team could be a problem. It's gonna be a rough playoffs for everyone"
2026-04-07 06:30:09,"Wemby's durability concerns coming into the playoffs This year, the Spurs look amazing, maybe a little early but they definitely look like a team that could win it before most would expect them to do so. But how likely is it for a team to win the championship when their superstar is averaging about 29 minutes a game?  I thought about the Cavs last season, spent most of the season relatively healthy, their top 4 guys all within 28-31 minutes, a deep rotation. Then they go into the playoffs, suddenly all their players are getting injured, some missing games, some playing through it like Donovan Mitchell I am pretty sure and they lose in 5 in the 2nd round.  The most recent champions, they all have their stars play around a certain level, about 32-33 at least, even Giannis who won his 2nd MVP playing 30.4 mpg, played 33 mpg in their title year.   I couldn't find a proper stat for it that showed all the mpg and the correlation with champions without going 1 by 1, but I am pretty sure it would be close to 0 seasons where the eventual champion had their best player play below 30 minutes, maybe even 31 or 32 a game. Not to mention the minutes totals as usually these guys play more than 65 games and have a bigger total than 1800-1900 which is Wemby's number for the season.  Actually looking into Spurs in general, the other players are playing under 30 other than Vassell at 30.5 and Fox at 31.  Will the extra rest these players had mainly Wemby cause them to struggle more than expected in the playoffs? In a playoff environment, where some fouls are not called, where physicality is allowed as much as it can be allowed, multiple 7 game series, usually with the stars playing 36-40 minutes occasionally having higher loads, teams like OKC sending multiple guys at you all game to pressure the ball away, foul, try to make you turn the ball over all game, double teams, blitzes, will Wemby actually manage to stay healthy and fresh throughout the postseason?"
2026-04-07 13:07:11,that’s weird because the spurs find out their opponent after the 7/8 play in game on the 14th or 15th.  i mean for Wemby to rest that would’ve big for them to play a game with 4-5 days rest.
2026-04-07 15:30:31,"Thoughts on the potential playoff bracket? It’s looking like Suns or Clippers in round 1 then Nuggets or Wolves in round 2…how we feeling about that? Does that sound tough?  Ik everyone wanted Houston or LA (especially after their injuries) but oh well.  Suns/Clippers seem annoying but not much of a threat imo. They won’t just roll over and die but I’d be very, very, \*\*very\*\* surprised if they beat the Spurs lol.     Nuggets/Wolves in round 2 is a 7 game series tho. All the games have been pretty close this year despite multiple injuries."
2026-04-07 15:31:44,"Imo, I think it’s more likely than not that they’re in the WCFs 2 months from now 🤷‍♂️"
2026-04-07 15:36:42,Not stoked about kawhi and then jokic. Would really prefer suns even though they played us tough.   Don't see nuggets losing to twolves this year. Randle just isn't enough of a second option.
2026-04-07 15:39:00,"Nuggets would be a great test and a great series and we might actually win. But if not, it would still be best preparation for next year’s breakthrough."
2026-04-07 17:09:20,All you need to see is the Nuggets fighting for a comeback win last night to see they prefer the Spurs over the Thunder in the second round. They could have easily lost that one if they wanted.
2026-04-07 17:28:30,lets find out next time on dragonball z. but really its a concern but its the gamble worth taking. yesterday was a freak accident but yea its tough. i like how the spurs keep his minutes down tho
2026-04-07 17:31:13,"The Reliquary of Stat Purgatory : NBA Play-In Cumulative Statistics First off, shout out to [Basketball Reference](https://www.basketball-reference.com/) for allowing me to scrape and collect this data.  I've always been a stats-guy and lover of the obscure and the liminal, and the NBA Play-in is exactly that. However, I've had a beef with both the NBA and Sports-Reference for not collecting the results. Even if its Bulls vs Heat Round 8, it's still basketball that counts, its not a pre-season game so we need a place to capture the stats. It's also single-elim(ish) between flawed teams so its enjoyable for the sickos.     I decided to start tracking single game and cumulative statistics. I'll present the cumulative stuff today as I think that paints a picture (if bleak) of what modern NBA mediocrity looks like. This post will be table heavy, without much explanation as I think sometimes looking into the abyss answers more questions than having it told to you.   \*Note\* I am counting the Bubble Play-in of 8 Portland Vs  9 Memphis in these stats     **Table 1: Seed Record**  |Seed|Record|Escapes|Playoff Wins| |:-|:-|:-|:-| |7|10-2|10/10|34| |8|7-11|7/11|7| |9|9-8|3/11|4| |10|5-9|1/10|0|  Note here is that the 7th seed has produced the only series wins (6), and has never failed to escape play-in purgatory.  **Table 2: Individual Team Records**  |Team|Record|Escapes| |:-|:-|:-| |76ers|1-0|1| |Bulls|2-3|0| |Cavaliers|0-2|0| |Celtics|1-0|1| |Clippers|0-2|0| |Grizzlies|3-2|2| |Hawks|3-3|2| |Heat|4-2|3| |Hornets|0-2|0| |Kings|1-2|0| |Mavericks|1-1|0| |Nets|1-0|1| |Pacers|1-1|0| |Pelicans|3-2|2| |Raptors|0-1|0| |Spurs|0-2|0| |Thunder|1-1|0| |Timberwolves|2-1|2| |Trailblazers|1-0|1| |Warriors|1-3|1| |Wizards|1-1|1|  Current teams that have not seen the in-between: Knicks, Suns (who will this year), Jazz, Rockets, Bucks, Pistons and Nuggets  **Table 3: Player Time Leaders**  |Player|Time (Hours)|Record|Escapes| |:-|:-|:-|:-| |Jonas Valančiūnas |4:05:38|5-4|3| |Demar Derozan |4:05:18|2-4|0| |Trae Young |3:57:07|3-3|2| |CJ McCollum|3:51:48|4-2|3| |Tyler Herro|3:49:11|4-2|3|  Josh Okogie spent the shortest amount of time in the playin with a mere 9 seconds in the 21-22 Playin. Jonas leads with 9 total Play-in games, and Kyle Anderson and Caleb Martin are tied for second with 7.  **Table 4: Points Leaders**  |Player|Points|FG%|3PM|FTM| |:-|:-|:-|:-|:-| |Trae Young|166|0.410|14|52| |Tyler Herro|155|0.479|18|23| |Demar Derozan|146|0.451|6|30| |Anthony Davis|136|0.459|6|28| |Stephen Curry|135|0.471|21|30|     **Table 5: Rebound Leaders**  |Player|Total Rebs|Offensive Rebounds| |:-|:-|:-| |Jonas Valančiūnas |116|39| |Domantas Sabonis |71|14| |Bam Adebayo |65|16| |Clint Capela |63|20| |Anthony Davis|60|23|  **Table 6: Assist Leaders**  |Player|Assists|Turnovers| |:-|:-|:-| |Trae Young|54|24| |Kyle Anderson|41|17| |Domantas Sabonis|38|20| |Tyler Herro|36|27| |Draymond Green|34|16|  **Table 7: Steal Leaders**  |Player|Steals| |:-|:-| |Jimmy Butler|12| |Domantas Sabonis|10| |Draymond Green|9| |Ja Morant|9| |Kyle Anderson/Bam/Alex Caruso/ Bogdan Bogdanović /Haywood Highsmith|8|  **Table 8: Block Leaders**  |Player|Blocks| |:-|:-| |Kyle Anderson|15| |Bam Adebayo|12| |Anthony Davis|11| |Daniel Gafford|10| |Jonas Valančiūnas |9|  **Table 9: Top 5 Highest +/-**  |Player|Plus-Minus| |:-|:-| |Kyle Anderson|46 (7 Games)| |Trey Murphy III|42 (5 Games)| |Tyler Herro|41 (6 Games)| |Davion Mitchell|41 (4 Games)| |Bogdan Bogdanović /  Jose Alvarado |37 (4 games, 4 Games)|  **Table 10: Top 5 Lowest +/-**  |Player|Plus-Minus| |:-|:-| |Nikola Vučević |\-61 (5 Games)| |Terry Rozier |\-61 (2 Games)| |Miles Bridges |\-55 (2 Games)| |LaMelo Ball |\-48 (2 Games)| |Terance Mann |\-47 (4 Games)|  This was a fun exercise and pretty much showed who the faces of the play-in are for better or worse. I am glad that Jonas and SlowMo are escaping the pit this year with Denver and Minny respectively."
2026-04-07 17:50:14,"They keep his minutes down because they can afford to. They can win games with him averaging fewer minutes than other stars, so that's what they do.  When he plays 35+ minutes, like he did against Denver, he looked mostly totally fine until late in the 4th/OT. I think that's a pretty acceptable level of motor/conditioning and probably as good as you're gonna get with someone that size.   And for all the talk about his health, he's been pretty healthy all things considered. He takes immense care of his body and the Spurs are generally incredibly cautious with him. The fact that he's pretty much mostly avoided ankle and foot injuries at that size is a VERY good sign. Taking a bad shot to the ribs sucks, but you can live with those things happening and that could happen to anyone.  Genuinely he hasn't seemed injury prone, they just rest/sit him the moment he tweaks ANYTHING because they can afford to do so, so why not?"
2026-04-07 18:29:10,I'm excited about the idea of seeing my two favorite players (Wemby and Jokic) face off in the playoffs. It will be fucking epic. The best matchup since Duncan and Garnett.
2026-04-07 18:36:15,4/6 Previous Picks  Memphis Grizzlies O52.5 1H TT (-115)✅ +1U San Antonio Spurs -5 (-110)✅ +1U Orlando Magic O111 TT (-130)✅ +1U  4/7 Picks  Boston Celtics -4.5 (-110) 1.1U Houston Rockets O110.5 TT (-115) 1.1U  Parlay: Celtics ML &amp; Rockets 1H ML (+188) .5U
2026-04-07 19:53:54,"Cavs have been a pseudo-deep team. They have bunch of players that *could* light it up but they are mostly inconsistent night by night.  I think the Spurs have a well constructed, well balanced and well coached team that they can afford to play without Wemby and still play at a high level."
2026-04-07 20:00:12,"&gt; I thought about the Cavs last season, spent most of the season relatively healthy, their top 4 guys all within 28-31 minutes, a deep rotation. Then they go into the playoffs, suddenly all their players are getting injured, some missing games, some playing through it like Donovan Mitchell I am pretty sure and they lose in 5 in the 2nd round.  How would playing the guys more in the regular season have made them less likely to get hurt?  I suppose you could say that they had to play more minutes in the playoffs when rotations tightened and each individual game mattered more, and maybe that lead to the injuries? It's plausible, but I don't think I have any evidence that points that way."
2026-04-07 22:19:22,Spurs' and Blazers' Injury Reports for Tomorrow's Game
2026-04-07 22:39:57,More Harper and Bryant minutes let's gooo
2026-04-07 22:42:38,It’s crazy that the extra NBA Cup game might actually make the difference.
2026-04-07 22:49:37,I'm honestly scared of Denver but the fact that we got homecourt really makes me happy 😃 lol  I say spurs in 6 vs Wokves or Nuggets 🤙🏽🤙🏽
2026-04-07 23:26:41,Another Harper start? 👀
2026-04-07 23:32:00,"Dylan Harper, it’s your time to shine."
2026-04-08 00:27:00,"harper career night but man blazer wings are hardnose defenders thybulle, camara this will be a good test, we might see them in the first round too."
2026-04-08 00:41:43,Clingan might feast against Kornet without Wemby
2026-04-08 03:04:36,"Wemby Zone Defense LeBron and Steve Nash were on the Mind The Game podcast discussing how the Spurs playing a zone with Wemby guarding at the top could be the ultimate cheat code. I remember early in his rookie year, Pop would have Wemby do this at times but I don’t think we’ve seen it much at all the past 2 years. His instincts and IQ have only gotten better since then so part of me hopes they‘re waiting until the playoffs to do something like this. He could realistically cover everything from the top of the key to the rim or be one step away from helping everywhere on the court"
2026-04-08 03:07:54,Eh…Spurs zones have been pretty underwhelming whenever I’ve seen em. They literally just let their guy go middle every single time
2026-04-08 03:09:56,[Haynes] Sources: San Antonio Spurs star Victor Wembanyama (rib contusion) underwent a clean MRI and avoided a serious injury. He will be ruled day-to-day moving forward.
2026-04-08 04:36:27,You would think that Wemby would be well versed in zone defenses coming from Europe. They are much more common in the international game
2026-04-08 04:37:55,That's so misleading they just want wemby far away from  the paint as possible making it seem like it's helping no it's not &amp; it only worked his rookie season because none scouted him or took him seriously til his sophomore  year .
2026-04-08 05:23:13,"The Clippers clinch their 15th consecutive year of a .500 or better season, after only achieving this 3 times out of their first 27 seasons in LA The LA Clippers have confirmed their season record as .500 or above after their win against the Dallas Mavericks which was the 41st of the 2025/26 regular season. This continues the run that started in the 2011/12 season. This is the longest streak in the NBA, with Milwaukee losing second place this season allowing the Nuggets to overtake them into second place as this is their 9th season of this feat.   This is really impressive considering the historical context of the Clippers being the laughing stock of the NBA achieving winning seasons in LA previous to this only in 2005/06 and 1991/92, with the 1992/93 team finishing exactly 41-41. In the 6 seasons of the Clippers being based in San Diego, the Clippers managed a .500 season once in the first year of 1978/79. And in the 8 seasons of the Buffalo Braves, the Clippers recorded 3 .500 seasons in consecutive 1973/74, 1974/75, 1975/76 seasons.    The Clippers remain one win away from clinching a winning record of 42 wins in the season but have guaranteed at least a non-losing season.  The final interesting statistic about this record is that this run is the 4th longest of all time in the NBA however it remains the only franchise in the top four to have never won a conference championship during this period. The 3rd longest is the Lakers between 1976 and 1992 with 7 conference championships and 5 championships. The second longest is the Utah Jazz between 1985 and 2004 with 2 conference championships and zero championships. Finally, the longest is the San Antonio Spurs between 1997 and 2019 and with 6 conference championships and 5 championships.   My source for this information is https://www.basketball-reference.com/teams/LAC/."
2026-04-08 05:27:10,The very best part about this achievement is that Ty Lue set the goal to finish 35-20 after a 6-21 start and we are 35-17 since that quote.
2026-04-08 06:31:57,"I hate that getting 60 wins punishes the Spurs with the toughest road in the playoffs. Clippers &gt; Nuggets &gt; OKC &gt; Celtics  Who got it worse than us? Thunder have easy 2 rounds, Rockets sweep Southbay Lakers and Nuggets get Timberwolves with injured ANT and Jaden.   We got to beat a red hot nuggets team and maybe Kawhi goes crazy too. lol we got screwed."
2026-04-08 06:36:36,The only team with an easier road than the Spurs in the west is OKC though. And they should have an easier road as 1 seed.
2026-04-08 06:38:03,"OKC have the easier road because they won more games and got the 1 seed, that’s exactly how it should work."
2026-04-08 06:38:53,Rockets could become the third if they win out their games
2026-04-08 06:39:02,"Well Thunder get the 1st seed - so of course they deserve a better playoff bracket.  And who's got it worse? Baiscally everyone below us.  Nuggets (if 3rd) have to play the Wolves (6th place) and then us in the 2nd round. (Wolves vice versa)   The Lakers/Rockets have each other and then the Thunder.  Anyone in the Play-In has to win 1 or 2 games, and then gets rewarded with Us, or OKC, in the first round.  I know we haven't been in the playoffs in a while - but is this literally your first time looking at how it works?   The West playoffs have been a bloodbath for most of the last 35years I've been a fan."
2026-04-08 06:55:08,"No matter how tough the Spurs road in the playoffs is, the opponent that has to play the Spurs has it tougher"
2026-04-08 07:05:44,“Who got it worse than us?”  Which teams are you comparing the spurs to?
2026-04-08 07:08:42,If you think winning a championship is about getting the easy road it's not. So what if okc has a either path. or spurs is harder? Plus do we know that? Ive been a spurs fan since the 90s ive seen plenty of 50 or 60+ spurs teams lose in the 1st or 2nd round. Same can be said for okc. You never know what is going to happen. Just watch the games and enjoy the ride.
2026-04-08 07:11:10,imagine how everybody else feels playing the Spurs
2026-04-08 09:28:56,"Anyway, to win it all, you have to beat the best ! But we will need to have one of the most epic run for sure 😅 Never been so excited for the spurs since first Miami series finals in 2013 🤗"
2026-04-08 13:55:49,"I prefer the current set up with man to man on the perimeter and Wemby basically playing zone defense in the paint. With persistent, great perimeter defenders like Castle and Bryant (don't sleep on Vassell and Champ either) this system works to force opponents to either face Wemby in the paint or take a tough 3.   The downside is that you have to constantly play a high pace game as you're basically 4 v 5 on the perimeter, and it's clear that when the team gasses out or they drop theor intensity, the opponent is getting good looks from beyond."
2026-04-08 14:01:26,The madmen actually did it. 6-21 to start and they made it back to .500 with a couple games to spare
2026-04-08 14:46:12,Well. They said the Spurs didn't have any postseason  experience. So I guess they just have to cram it all in 1 playoffs.
2026-04-08 15:20:20,"The games/seeds each team will clinch if the favorites win each remaining game East  1. Pistons - have already clinched the 1 seed  2. Celtics - clinch 2 seed Friday with win over Pelicans  3. Knicks - clinch 3 seed Friday with win over Raptors  4. Cavaliers - clinch 4 seed as a result of the Knicks winning Friday over Raptors  5. Hawks - clinch 5 seed Sunday with win over Heat  6. Raptors - clinch 6 seed Sunday with win over Nets  7. Magic - clinch 7 seed Sunday with win over Celtics (Celtics will have nothing to play for)  8. 76ers - clinch 8 seed Sunday with win over Bucks  9. Hornets - clinch 9 seed Sunday as a result of other team’s results  10. Heat - clinch 10 seed Friday with 76ers win over Pacers and Hornets win over Pistons (Pistons will have nothing to play for)  West  1. Thunder - clinch 1 seed with win over Clippers tonight  2. Spurs - clinch 2 seed as a result of the Thunder win tonight  3. Rockets - clinch 3 seed Sunday with win over Grizzlies  4. Nuggets - clinch 4 seed with Sunday loss to Spurs (Last 2 games vs Thunder and Spurs will have nothing to play for which could impact this)  5. Lakers - clinch 5 seed Friday with loss to Suns (Suns will have nothing to play for which could impact this)  6. Timberwolves - clinch 6 seed with loss to Magic tonight  7. Suns - clinch 7 seed with win or Clippers loss tonight  8. Clippers - clinch 8 seed Friday with win over Trail Blazers  9. Trail Blazers - clinch 9 seed Friday with loss to Clippers  10. Warriors - have already clinched the 10 seed  The most important games remaining are the Friday H2H for Clippers vs Blazers, how the Nuggets perform down the stretch (if they can win vs Thunder and Spurs), and the East 5-9 will depend entirely on which teams drop games they shouldn’t and there’s still a lot of permutations of where they will end up. It will come down to the final day of the season for most/all those teams.  Results for games were determined using ESPN’s matchup predictor percentages. Obvious, but should be noted even changing the result of 1 game has an impact on other teams and when they would clinch their playoff position. This is just a hypothetical to demonstrate the favorites winning each remaining game and where teams may be likely to end up."
2026-04-08 15:27:00,"Chances that rockets jump to 3 seed, so we won’t have to play the nuggets?  If the nuggets lose to us and OKC and rockets win all their games, theirs a slim possibility this happens"
2026-04-08 15:43:31,"might be interesting to also discuss for each team the range of positions they can wind up based on the way the rest of the season plays out.  For example Spurs *can* still take the one seed, if they win their last 3 games (likely IMO) and Thunder lose all 3 (unlikely but entirely possible, we play LAC DEN PHX).  Not sure but probably more scenarios like that throughout the league.  A lot of it probably depends on a lot more moving pieces than the one I listed though now that I think about it"
2026-04-08 15:49:49,Im feeling the Hawks today. the cavs have played just horrible teams. This is possibly one of their bigger match ups and the Hawks need a win or else they risk dropping ranks in the playoff race. Gimme Hawks at +1.5
2026-04-08 16:22:38,"COTY debate — Why isn’t Mitch Johnson getting more love? I don’t get why Mitch Johnson isn’t the clear favorite for COTY right now.  Last season, the San Antonio Spurs won just 34 games. Coming into this year, even ESPN projections had them at around \~44 wins. Now? They’ve jumped to 60 wins, second-best record in the league.  And it’s not like this is a veteran, battle-tested roster: Core rotation is extremely young. Very limited playoff experience across the board and constant injury disruptions: Victor Wembanyama, Stephon Castle, Ron Harper Jr., De'Aaron Fox, Luke Kornet all missed time at different points  Mazzulla has a strong case, sure—but even without Jayson Tatum for stretches, he still has a Finals MVP-level star  Jaylen Brown. Derrick White is having a career year, and the East overall feels less competitive this season (teams like the Milwaukee Bucks and Indiana Pacers underperforming compared to last year)  JB has the same kind of narrative as Mitch, but, Detroit made to playoff last season, the turnaround is far less significant than Spurs.  From a coaching perspective, turning a 34-win team into a 60-win contender with a young, injury-hit roster should be the definition of Coach of the Year.  So why does it feel like the media is still leaning toward Mazzulla or JB"
2026-04-08 16:26:38,"It really makes no sense because if you say he doesn't deserve it because he has Wemby, then ok, make Wemby MVP. We are talking about a guy who took over for the greatest coach the NBA had at the start of a season and had to figure out a system to make things work with a bunch of young players."
2026-04-08 16:28:07,He has like the best roster in the west.  Still a travesty they got Dylan Harper too.
2026-04-08 16:29:02,"Most of the credit is going to Wemby and the natural progression of a young team. He’s got a solid case but it is what it is   Like I think the thing that really gives Mazzulla the edge here is that Mitch is getting elite performance out of highly touted prospects, whereas Mazzulla is getting elite performance out of former end-of-bench guys and late first/second-round picks. Not really a knock on Mitch’s case at all but it makes what Joe is doing seem more unexpected"
2026-04-08 16:29:17,All the credit is going to Wemby. Mazzulla and Bickerstaff have also been great. Also Ron Harper Jr. is on the Celtics. The Spurs have Dylan Harper.
2026-04-08 16:30:22,He's clearly in the top 3 but only one guy can win.
2026-04-08 16:31:53,"I mean you named the 3 coaches that all seem to be a clear cut favorite. After that it's all narrative based. You can't really pour over stats with coaches like the MVP race and it's hard to tell what is good coaching vs just having awesome players like Wemby.   If Spurs fans want him to win it, it'll take something like Wemby going on a long good speech stating his coach's case for the award. Because things like that matter when it's narrative based."
2026-04-08 16:32:23,"THUNDER v SPURS (2-Man Race Through 2031) I believe the western conference, and likely the NBA Finals will largely be split between these teams for the next 5 years:   The Thunder have won 17 of their last 18 and are tracking for a 66-16 finish, seeking a 2nd straight championship. Their average age is 25, and their big 3 (SGA, Chet, J-Dub) are under contract through 2031. They also have between 10-13 first round picks through 2031. Outside of their ridiculous big 3, the Thunder possess a second “Big 3” of rotational game changing guards in Ajay Mitchell, Cason Wallace, and Jared McCain. They don’t just win, they blow teams out, with an NBA high 12.0 scoring differential, the 2nd highest in the 21st century behind the 2024-2025… OKC Thunder. Coach Mark Daigneault is just 41 years old and is 188-55 (.774) since signing his extension in the 2033 offseason, they have been first in the western standings each of those 3 years. Of the 16 losses this season however, 25% of them have come from the San Antonio Spurs.   The Spurs have won 16 of their last 18, and  28 of their last 31. Their average age is 26, but star core average is lower: Wemby (22), Castle (21) and Harper (20). They own all of their first round picks through 2031, including tradeable options in 2026, 2027, 2028, 2030, 2031. And as mentioned, the Spurs are 4-1 this season against the Thunder, with an average winning margin of 11.75 in those games. Coach Mitch Johnson is just 39 years old and has seamlessly taken the reigns from Coach Popovich to bring the Spurs back to contention.   It doesn’t really seem fair to the rest of the league, but these 2 front offices have built dynasty level teams that I don’t see losing (besides to each other) for the foreseeable future."
2026-04-08 16:33:51,It's because the league is rigged against the Spurs
2026-04-08 16:41:06,"Depends on how well OKC hits on the multiple first round picks they have from other teams.  They have 250 million in committed salary next season, some players like Hartenstein or Dort are going to have to go.  Wemby, just enjoy him while you can, that body won't last forever the way he plays."
2026-04-08 16:45:15,"You do know the Celtics are supposed to be having a down year, and they have a real shot to just make the finals? You don’t think they will fix the problems they have at all???  Pacers will be better  Pistons will get better  Wolves will have a good year at some point  Nuggets are really good still   Lakers/luka will have a Mavs type of season"
2026-04-08 16:49:51,"If that's how you feel, imagine how the other fanbases feel having to go up against us or the Thunder."
2026-04-08 17:24:51,Spurs usher Alan gifted a young fan with a Victor Wembanyama rookie card Update on our main dude Alan
2026-04-08 17:28:25,"I can guarantee you these 2 teams will not win every title through 2031.    As we saw last year, the talent differential between a supposed juggernaut in the Thunder and a 4 seed Pacers team was not very big at all.  The league simply has far more talent than ever, and in a 7 game series, things can (and do) get weird all the time.  Thunder and Spurs are good, but they are not unbeatable by any stretch.  And specific to the Thunder - in 2031 this roster is unlikely to look anything like it does right now.  SGA will be 33 and past his peak, many of the team's key role players will be priced out, injuries happen...  It's just so far away.  Spurs are in better shape longer term because their core is younger, but even then, who knows?  Wemby is literally one more blood clot away from retirement."
2026-04-08 17:43:45,"On Offs agianst good and bad teams and why Neemias Queta should be the MIP. This argument is based upon net rating swings but specifically net rating swings vs the top 15 teams in the league. The reason for this is that net rating swings vs bottom 15 teams often are much smaller for good players on good teams. Against bad teams pretty much every single good team except the nuggets are killing them without their stars on the court or with them on the court. The real important data is against the upper half of the league, the good teams. This is in an attempt to closely simulate playoffs.    The first player I would like to look at is my pick for the MVP Wemby.   This is Wemby’s overall swing against any team in the league according to pivot fade. (Note pivot fade does not exclude low leverage so these numbers could be moderately skewed.)  https://preview.redd.it/kdl47hl070ug1.png?width=1652&amp;format=png&amp;auto=webp&amp;s=b461213f97867a201d901cbe257a2a87bd1e430b  This is already a pretty ridiculous swing. From league average to historic level defense and an increase in offense. This is a 16.7 point swing   However when we look at the breakdown of his on off against the top 15 teams vs the bottom 15 things get much more interesting.  https://preview.redd.it/ba9h0vl070ug1.png?width=1737&amp;format=png&amp;auto=webp&amp;s=ff13fed0b85fb04b147fd85c7e5a9dff2bb49a19  Against the bad teams in the league wemby’s on off swing is smaller.  Only a 15.1 increase. This is because against bad teams those non-wemby line ups are getting less exposed and doing better.  https://preview.redd.it/1rz7cgm070ug1.png?width=1677&amp;format=png&amp;auto=webp&amp;s=93db725c3fe31c3927b085220057d36bd09bfae0  However against the good teams the real story is painted. The spurs are losing the non wemby minutes against the good teams pretty significantly while still absolutely destroying in the wemby minutes. He has a +20 on off.   For reference here is shai against the top 15.   https://preview.redd.it/39r2xvl070ug1.png?width=1654&amp;format=png&amp;auto=webp&amp;s=4423c7a829e4e0f13525a09e91d213be1fd2013c  Now on to the main topic Neemias Queta and the MIP award.   By the end of this I hope to show why Queta is not only the MIP but a top 10 center in the league.   https://preview.redd.it/zpy36wl070ug1.png?width=1159&amp;format=png&amp;auto=webp&amp;s=d7416ad2a7dc005c4a77d603005322ee4c1683ba  To start NAW.  https://preview.redd.it/8jbk2xl070ug1.png?width=1648&amp;format=png&amp;auto=webp&amp;s=b1d0d2b9db29a9cc971f2ea00bb3ad7f8ece8060  He has a on off of +4.2 which is excellent for a role player. He has a large offensive swing. This all seems good until we look at the breakdown  https://preview.redd.it/hy8avkl070ug1.png?width=1663&amp;format=png&amp;auto=webp&amp;s=25fda5bec77a06a4b697e8a2fb7cc89ce3535410  That's right against good teams he has a very tiny net rating increase. That boost he provided to offense is cut in half.   Next up Jalen Duren  https://preview.redd.it/i4xeqjm070ug1.png?width=1672&amp;format=png&amp;auto=webp&amp;s=8c853e97257cbbacfedf2acab2d7a596432f33ce  Jalen Duren has +6.9 on off entirely coming from his offense. This makes sense as of the 3 centers on the pistons all are excellent defenders with duren having all star offense on top of it. Things get bad for Duren when we look at the breakdown.   https://preview.redd.it/ex83wml070ug1.png?width=1672&amp;format=png&amp;auto=webp&amp;s=ce97d1547860125ae828e2041f77c569bc4e54eb  Duren has a negative on off vs good teams. His offensive juice falls off and his defense is just not as good as the other detroit centers.  https://preview.redd.it/5n28u5m070ug1.png?width=1645&amp;format=png&amp;auto=webp&amp;s=9c050d69b9b885a436a9f704cf854580819d4349  The reason he has a positive overall on off is his offense against bad teams. He absolutely dominates bad teams who don’t have centers to oppose him. This is helpful but not as useful as being good against playoff level teams.  Third in Odds is Deni Avdija. Im going to keep this brief its bad all around. Here is the stats if you are curious. He has basically 0 impact either way.  https://preview.redd.it/6jnhhem070ug1.png?width=1661&amp;format=png&amp;auto=webp&amp;s=62c18455c51f0835ca2a29283c098c791d97733e  https://preview.redd.it/3hqgb7m070ug1.png?width=1658&amp;format=png&amp;auto=webp&amp;s=7fca5f85e17239a5ab1e01ef7637ea9fae701955  https://preview.redd.it/gv82ewl070ug1.png?width=1653&amp;format=png&amp;auto=webp&amp;s=dde2d2908f85bf01c5184babab1db86bf9ac8615  4th in odds is Jalen Johnson.   https://preview.redd.it/4amwu7m070ug1.png?width=1662&amp;format=png&amp;auto=webp&amp;s=d692b176e334ebc0b05b7954990f401821761281  Jalen has a small swing but the breakdowns show a different story.  https://preview.redd.it/ftlnf1m070ug1.png?width=1680&amp;format=png&amp;auto=webp&amp;s=b617bc81c557077c7bf2a4833a45cd0375a43ba5  Jalen’s offensive leading skills are excellent at floor raising. Without him the teams offense just dies in the face of good defense. He has an impact even greater than SGA against good teams  https://preview.redd.it/qa7l5gm070ug1.png?width=1678&amp;format=png&amp;auto=webp&amp;s=56e2369c442156cda0a9a6d1deb1103a32fa9e89  Against bad teams he has a negative swing but either way the hawks are killing teams. This is a great example of how overall on off can be misleading by understanding a floor raisers effects.  All of these guys came into this year as serviceable nba players and made jumps. On the other hand my MIP winner Queta didn't. He was an end of the bench big.  Lets look into his On offs.  https://preview.redd.it/5bbp4am070ug1.png?width=1671&amp;format=png&amp;auto=webp&amp;s=a61657a4157d6dbe8b117a77a45b6532967f46e2  Starting Strong his overall on off is 10.5 the largest of any of the MIP candidates. Hes a positive on both ends of the ball.  https://preview.redd.it/rjev82m070ug1.png?width=1669&amp;format=png&amp;auto=webp&amp;s=a3575df2ad0ebd8138c78a0fccae99eb16d86bc7  Against Bad teams his impact is much smaller but still positive. The celtics just eviscerate with hum on and off the floor.  https://preview.redd.it/176873m070ug1.png?width=1660&amp;format=png&amp;auto=webp&amp;s=561e344a41c9e5d8f8d7f81103eaab60d0b4777a  Against good teams we see the real effect of Neemias Queta. A plus 19.4 on off!! That is nearly wemby level. A net rating of +12.4 would be the 3rd highest net rating by a team of all time whereas -7 would be the 6th worst net rating this season. This is frankly a ridiculous impact. I haven’t checked every player in the league but the only person I have found with higher impact against good teams is wemby.  Queta goes under appreciated because he doesn’t have high PRA, only averaging 10/8/1.6/1.3/.8. However he is ridiculous in every other department.  https://preview.redd.it/i2mtx6m070ug1.png?width=672&amp;format=png&amp;auto=webp&amp;s=296d2976dce35fd46fc658cba1007a0686c2ed9d  He is second in screen assists.  https://preview.redd.it/xsqmzcm070ug1.png?width=682&amp;format=png&amp;auto=webp&amp;s=66d7a26ea6b3f94d447bb65c9c32f18900abe675  He's an amazing rim protector.  He has a high ts of 67%.  He has amazing advanced stats.  https://preview.redd.it/8iib25m070ug1.png?width=857&amp;format=png&amp;auto=webp&amp;s=bc860d7a1dd2a2d47416945397ab353dc0b0e02a  https://preview.redd.it/pmk29rm070ug1.png?width=650&amp;format=png&amp;auto=webp&amp;s=bfb8949a897b31fa2f544a0869c82bf7afb04931  In conclusion Neemias Queta has been one of the most effective centers in the entire NBA this season whereas last year he was pretty inconsequential to the Celtics. I simply don’t see how he is not the 2026 MIP"
2026-04-08 17:44:14,Thanks for shitting the bed Miami.  All you had to do was beat Toronto twice but we can't have nice things.
2026-04-08 17:58:01,Wemby
2026-04-08 18:05:37,"If you went back and did this exercise for every MIP who won and the candidate pool, I’d guess very few of them would fit this very specific criteria. You are essentially creating your own rubric for what an MIP is, and is drastically different from who historically has won the award. Why isn’t the MVP the player with the best net rating swings against top 15 teams every year? Bc it’s not relevant and not what the award is meant to award."
2026-04-08 18:25:18,"I actually had a thought like this. It seems like the regular season is ""light"" exercise but he will be jumping into the most intense version of that exercise in the playoffs. Doesn't seem intuitive. The Spurs have a lot of doctors and experts, so maybe they have a plan for this."
2026-04-08 19:37:09,"Important NBA Games Today Hawks at Cavaliers (Game of the Day)  This is a likely first round series preview since there is a 66 percent chance those two teams face off in the playoffs. The Hawks want to keep the 5th seed in the Eastern Conference. With a win, they clinch a playoff spot and the division title. The Cavaliers have a chance to jump the Knicks in the standings but according to their fans, they don’t want to do that.   Timberwolves at Magic  This is the twelfth most important game left in the season. The Magic want to escape the play-in tournament and get a top 6 seed in the Eastern Conference. The Timberwolves want to get healthy and face the Lakers in the first round. Should be a good game if Ant is playing.   Trail Blazers at Spurs  The Spurs will be without Victor Wembanyama against the Trail Blazers due to a rib injury. The Spurs need a win to stay alive in the race for the best record in the NBA with the Thunder. The Trail Blazers in the meanwhile want the 8 seed in the play-in tournament because they want to have two chances to make the playoffs and to avoid Steph Curry in an elimination game.  Thunder at Clippers   If the Thunder win tonight, they clinch the one seed in the Western Conference and the best record in the NBA, they can also clinch it if the Spurs lose today. The Clippers want the 8 seed in the play-in tournament so that they can have two chances to make the playoffs and avoid Steph Curry in an elimination game."
2026-04-08 19:47:30,Why don't Cleveland fans want the 3 seed? I'd love for them to get it.
2026-04-08 21:36:18,"The Bulls owner wants to keep Billy Donovan as head coach no matter who the next GM is. However, there is a historically poor track record for GM’s who inherit a coach rather than choosing their own. &gt; **Bulls want their next GM to keep Billy Donovan as coach, but history says that isn't a great idea**  &gt; The Chicago Bulls cleaned out their front office on Monday by firing top basketball executives Arturas Karnisovas and Marc Eversley. Now, they begin the process of replacing them. The job holds real appeal. The Bulls could have two first-round picks in this year's draft. They'll have max cap space this offseason, they play in the NBA's third-biggest market, and of course, they come with all of the history Michael Jordan made for them in the 1990s. On paper, it's the sort of gig that should be able to attract top front office talent. There's just one hangup: the Bulls seem to have their heart set on retaining head coach Billy Donovan.  &gt; ""If I interview someone and they're not sold on Billy, they're not sold on a Hall of Fame coach,"" Bulls CEO Michael Reinsdorf said during a video call Tuesday, ""they're not sold on a person who's won championships in college, who's gone deep in the playoffs with Oklahoma City. ... If Billy wants to be our coach and someone's not interested in that, then they're probably not the right candidate for us.""  &gt; Though it hasn't come with such public support from ownership, something similar appears to be happening in Dallas. The Mavericks are seeking a full-time replacement for Nico Harrison, and they're even seemingly planning to go big-game hunting for proven, winning general managers in that effort. But according to Marc Stein, they'd also like whoever they hire to keep Jason Kidd as their head coach.  &gt; This has left fans of both teams feeling somewhat uneasy with their searches. Wouldn't the best executives want to hire their own coach? Are the Bulls and Mavericks therefore limiting the pool of interested general managers by trying to handcuff them to an existing coach? Can an organization really be aligned when a head coach and general manager were hired by different people?  &gt; The theoretical answers to these questions are ""yes,"" ""probably"" and ""usually not,"" but why limit ourselves to conventional wisdom? Let's look at NBA history and try to figure out whether or not teams tend to be more successful when general managers hire their own coaches or when they inherit them.     &gt; The Bulls and Mavericks do not currently have general managers, so we'll put them aside for the time being. That leaves 28 teams in the NBA that currently have front office leadership in place. Let's talk about where the coaches they started this season came from.  &gt; Of those 28 teams, 20 followed the traditional path of hiring a general manager before their coach. Those teams are the Pistons, Celtics, Knicks, Cavaliers, 76ers, Hornets, Magic, Heat, Bucks, Nets, Pacers, Wizards, Thunder, Spurs, Lakers, Rockets, Clippers, Grizzlies and Jazz.   &gt; You will notice right away that most of the NBA's best teams occupy this list, including eight of the nine teams who have clinched playoff spots as of this writing. The timing of those partnerships varies wildly. Some general managers have been in their post for more than a decade and hired multiple coaches. On other occasions, the general manager and head coach were hired in the same offseason. Take Detroit as an example here. The Pistons hired Trajan Langdon one year in the historic six-year, $70 million deal they gave Monty Williams to be their head coach and they still allowed him to make a change. His subsequent hire of JB Bickerstaff has worked out quite well thus far.  &gt; So who are the other eight teams here? Let's go through them one by one:  &gt; The Timberwolves are the current league's major success story on this front. Tim Connelly inherited Chris Finch from Gersson Rosas. However, it should be noted that Finch had been an assistant coach in Denver when Connelly was running the Nuggets, so there was at least a preexisting relationship between the two of them. The Nuggets replaced both their head coach and general manager last offseason. As David Adelman was promoted from his interim post, he was technically hired first, though as their two major hires were an internal promotion (Ben Tenzer) and the rehiring of an executive who followed Connelly to Minnesota (Jon Wallace), they likely had some inkling that the partnership could work. The Warriors promoted Mike Dunleavy Jr. to general manager internally and kept four-time champion Steve Kerr in place. Considering Dunleavy had been in the organization since 2018, there was already a working relationship. The Raptors promoted Bobby Webster internally, and he retained Darko Rajakovic. Again, they were leaning on a preexisting relationship. The Hawks technically promoted Onsi Saleh internally, but he had only been with the organization for one year, and he inherited a coach in Quin Snyder who was much more accomplished in his field. This seems a bit closer to the sort of ""arranged marriage"" fans are worried about here, but the duo has thus far seemingly worked together effectively. The Blazers promoted Joe Cronin internally soon after hiring Chauncey Billups as head coach, though the circumstances were unusual as Neil Olshey was fired soon after Billups was hired after an investigation found that he had created a toxic work environment. In this circumstance, Billups was so early into his contract that firing him just to give an internally promoted general manager the ability to hire a new coach would have been impractical. Still, Billups never made the playoffs as head coach of the Blazers. He was arrested after one game this season, and interim coach Tiago Splitter has the Blazers ready to compete in the Play-In Tournament. Joe Dumars inherited Willie Green, but fired him after a 2-10 start. Scott Perry inherited Doug Christie. The Kings went 107-88 in the previous two-and-a-half seasons under Mike Brown before Christie was promoted to his interim role, then went 27-24 with Christie in his first half-season as Sacramento's interim. In his first season as the full-time head coach, however, the Kings are 21-58 despite seemingly planning to try to win this season. Of these eight partnerships, only the one between Finch and Connelly has proven sustainably successful. The jury is still out on Denver, Toronto and Atlanta, but there is some degree of promise for each. Golden State's circumstances aren't really fair to judge. Kerr's success with Bob Myers made him virtually untouchable and their aging roster has made it mostly impossible for Dunleavy to really put his stamp on the team. Billups and Cronin didn't exactly fail, but they didn't have any success, either. The Pelicans and Kings were outright disasters this season. Notably, the two were the runaway losers of my bi-annual front office rankings, coming in at No. 29 and No. 30, respectively. The Bulls were No. 28 and the Mavericks were No. 27.  &gt; We're dealing with small samples here, though. There are only 30 head-coaching jobs. Most of them are hired by an existing general manager. It does seem notable, though, that the teams we associate with sustained winning (like the Thunder, Celtics, Spurs and Heat) never handcuffed a head coach to a general manager while the teams that are widely regarded as poorly-run (like the Kings, Pelicans and Bulls) went with the arranged marriage approach. Let's not draw any conclusions yet, though. We need to broaden our horizons a bit.   &gt; What about non-current pairings? Let's wind the clocks back a decade. Since 2016, there have been a total of 43 instances in which a team has changed top basketball decision-makers, though this includes Brian Wright becoming San Antonio's general manager while Gregg Popovich remained atop the organizational hierarchy as coach and team president. We will therefore ignore Wright inheriting Popovich. Otherwise, the split over this time period is much more balanced. There were 21 instances of a general manager inheriting a coach and keeping him going into his first full season on a job. So let's look at how those partnerships played out:  &gt; One-third of those 21 partnerships dissolved after the first year. Quin Snyder resigned from Danny Ainge's Jazz and Mike Budenholzer left Travis Schlenk's Hawks after their first years together. Landry Fields took over the Hawks in the middle of a season, kept Nate McMillan for the rest of that season and into the next but fired him before the end of that first full season. Michael Winger fired Wes Unseld Jr. after less than a year. After one full season, Steve Mills fired Jeff Hornacek, Jeff Weltman fired Frank Vogel and David Griffin fired Alvin Gentry. Jon Horst (Jason Kidd), Gersson Rosas (Ryan Saunders), Monte McNair (Luke Walton) and Koby Altman (Ty Lue) all fired coaches who predated them in their jobs during their second seasons together. Saunders was a complicated case. He was technically made the full-time head coach after Rosas was hired, and reporting stated that there was not a mandate from Minnesota owner Glen Taylor to hire him full time, but he was the interim coach before Rosas got the job and he was known to have support as the son of beloved former Wolves coach Flip Saunders, so we're counting him. Bryan Colangelo was fired after two years as general manager of the 76ers due to a social media scandal, which abruptly ended his partnership with Brett Brown. Elton Brand took Colangelo's job and fired Brown after two seasons. He was technically still the general manager when Doc Rivers was hired as Brown's replacement, but soon after, Daryl Morey was hired on top of Brand. Scott Brooks parted ways with the Wizards two years after getting partnered with Tommy Sheppard. Magic Johnson was hired midway through Luke Walton's first season with the Lakers, so technically he left the Lakers after two-and-a-half seasons together, though Johnson notably resigned from his post before axing Walton (though not for lack of trying). We're 15 duos through our list of 21 and thus far, nobody has lasted even three full years. That would broadly qualify the next six situations as the ""successes"" of this organization-building style, though I would argue that even if some came with meaningful winning, none of the six worked out in the end.  &gt; Dwane Casey went 60-186 in three years with Troy Weaver. Doc Rivers had two separate three-year arranged marriages in this window. The first was with Lawrence Frank on the Clippers, with Frank actually replacing Rivers as head of basketball operations, and the second was with Daryl Morey and the 76ers, with Rivers getting hired around a month before Morey. Both of these teams had championship expectations under Rivers. Both fell short due to playoff collapses. Rivers infamously blew a 3-1 lead for the Clippers in the 2020 Orlando bubble against the Denver Nuggets, and then a 3-2 lead for the 76ers against the Celtics in the second round of the 2023 playoffs. Nate McMillan went 141-96 in three years working with Kevin Pritchard. The Pacers lost in the first round of all three postseasons, but expectations were never higher than that given the rosters McMillan had to work with. Jason Kidd and Nico Harrison were technically hired on the same day, with owner Mark Cuban spearheading both searches. Their partnership was successful for a time, with Dallas even reaching the 2024 NBA Finals. And then, well, we know what happened. Harrison traded Luka Dončić midway through his fourth season on the job and was fired early in his fifth. The extent of Kidd's involvement in the trade is still disputed to this day, but neither looks great for the duo. Either the head coach and general manager were so unaligned that the general manager could make one of the worst trades in NBA history without feeling the need to consult his head coach or the two of them together conspired to make that historically awful deal. Either way, with hindsight, this partnership doesn't look great. The theoretical gold standard here would be Calvin Booth and Michael Malone. The two won a championship together in their very first season together. Their working relationship grew so toxic that within two years, both were fired. Even after winning a title, this dynamic very nearly broke the Nuggets organization. So with a decade of history now examined, the picture looks a lot clearer.  &gt; What can we take away from all of this? Is it possible to win when your general manager didn't get to hire his own coach? Yes. There are examples of winning teams getting built that way. Malone's Nuggets, Kidd's Mavericks and those Rivers teams are the best examples of that. But when a team is hiring a front office, they may envision the success that those teams had, but not the dysfunction and disappointment that came with it. When an owner hires a lead basketball executive, he usually does so hoping for organizational harmony, that he can have trustworthy leadership in place for the long haul.  Source:  https://www.cbssports.com/nba/news/bulls-next-gm-billy-donovan-coach/"
2026-04-08 21:46:06,Props to him for getting paid.  The Bulls have to start over. No other option for them makes sense.
2026-04-08 22:35:26,[$1300 card on eBay](https://www.ebay.com/itm/397470636898?_skw=wemby+prizm+10+red&amp;epid=24065154830&amp;itmmeta=01KNQKQQNQWEATC6EENZXYN5JN&amp;hash=item5c8b189b62%3Ag%3ASZQAAeSwzLJpXbzx&amp;itmprp=enc%3AAQALAAAA8GfYFPkwiKCW4ZNSs2u11xDsqa4G2atgIz48MtTutfMSpkQw6C%2FC6gsroZpf9Brub7exOaiEsCqCbgLDkRwwVkk%2FCKyb3vT0Rz4e2hXX1iBz1IiFvNF6gNuqvQw6rsyWmc64In7HShx6MrCWgOPeAdJmdkft9E%2FaduzMrxFeFJO%2FKy1cB3XEZic%2BWOAu65B9l9NdpmAo4uYMvxkwSO%2BdgkGJmN9My7%2Bs0wqy%2BVc4wmOir3r69kqpovWdmCUowLiylA1nh3sX0sJx0uLNKTOyYOMt5fC1f%2B4fVtnj2GIoX6IVQwCZgBu%2FbNyd4lqpef2MHw%3D%3D%7Ctkp%3ABk9SR4j73vOtZw&amp;keyword=wemby+prizm+10+red&amp;sacat=0&amp;relatedSearch=true)
2026-04-08 22:41:09,I think he’s a good coach and he enjoys his life here in Chicago. They need a hard reset though and that requires moving on. I’m terrified this ownership group will just give the keys to him.
2026-04-09 01:36:12,[Weiss] Mitch Johnson on Victor Wembanyama’s rib contusion: “[Wembanyama] is improving… we’ll just kind of take it day by day and see how it goes”
2026-04-09 01:36:24,What are the fraud ass Nuggest still a 21.5 point favorite after the 1st only up 4? Has this team not repeatedly proven all year long to suck massive donkey dick when they are a heavy favorite?
2026-04-09 02:35:36,"NBA Announces Sunday Prime Time Games on ESPN At 6:00 will be Magic at Celtics in Boston, a potential playoff preview.  At 8:30 will be Nuggets at Spurs. Another potential playoff series"
2026-04-09 02:38:34,Nuggets spurs must see tv
2026-04-09 02:43:00,I genuinely don't understand how the Thunder aren't - money to win the title. Jalen Williams has barely played and they still are far and away the best team.
2026-04-09 02:43:43,~~Wasn't the purpose of the Sunday games to have them all at the same time so that the results in the earlier games don't influence the lineups and play in the later games?~~  EDIT: Nevermind I thought they were doing the same thing as previous years with all the games on at roughly 3 PM ET.
2026-04-09 02:44:18,Pritchard going for a 4th straight 30 point final game
2026-04-09 02:50:07,Idk if nuggets spurs will be super interesting. Spurs are locked into their spot and nuggets may already have their seed locked up at that point. Plus both teams may be hiding strategies since it might be a second round matchup
2026-04-09 03:49:22,I deadass hate the spurs this wack ass team should be losing
2026-04-09 03:58:01,"Post Game Thread - NBA: The Spurs defeat the Trail Blazers on Apr 8, 2026, the final score is 112-101. This post contains content not supported on old Reddit. [Click here to view the full post](https://sh.reddit.com/r/NBASpurs/comments/1sgez3j)"
2026-04-09 03:58:34,"STILL on track for 63-19   1️⃣1️⃣ goes 5-6 for 3️⃣ pt buckets, you love to see it    🦙💪goes 20 and 9, give that man 6MOTY   Great win from the team while Area 51 gets locked and loaded to the playoffs    2 more games to go!   Go Spurs Go!"
2026-04-09 03:58:51,Outstanding effort without two key guys.  Bryant and Johnson stepping up off the bench.  Fox leading the way.
2026-04-09 03:58:55,61 GAMES WON! SPURS ARE BACK BABY!
2026-04-09 03:59:01,And this is why everyone worrying about Fox's contract is wrong.
2026-04-09 03:59:21,"Good win for the guys, while missing Area 51. A ton of turnovers for our guards, but Portland has some great perimeter defenders, so I guess that's to be expected. Harper didn't look as sharp as usual on offense, overall. But, again, Scoot was playing him very tough. Great effort defensively, though. Carter Bryant was red hot from 3. Keldon was Keldon - great, as usual. Win #61!  \*Bonus: It was great to see Scoot Henderson healthy and settling in. I'd forgotten how active and athletic he is at every moment of a game. I hope he continues to grow."
2026-04-09 03:59:28,just another double-digit win by the best team in the NBA
2026-04-09 03:59:45,"We got a fucking squad. Doesn't matter who the matchup is, that first round team is about to experience some pain."
2026-04-09 03:59:52,"The 10 PPG effort for Harrison Barnes is slipping away. Someone pointed out that I miscalculated last time by shorting him a game. He is now up to 738 points on the season, with 75 games played. That means that he needs to average 16 PPG in the last two games to end up with an even 10 PPG on the season. 😢"
2026-04-09 04:00:31,Fox haters in shambles
2026-04-09 04:00:41,"Carter Bryant was cash money tonight  Also, I remember when a lot of this sub was hoping that we could somehow get Wemby AND Scoot Henderson in the draft.  Hahahahahahahha."
2026-04-09 04:01:01,🦊solid game 🦋couldn’t miss from three 💪dominating the paint
2026-04-09 04:01:58,Fox silencing the haters. Keldon solidifying his Sixth Man nomination. CB in flamethrower mode. Good win for a team missing their top 2 and was in second gear for most of the game.
2026-04-09 04:03:08,"If Carter Bryant can be our Aaron Gordon, we will win multiple championships"
2026-04-09 04:07:39,Spurs Bench Points: 48  Blazers bench points: 10  Blazers have our boys Sidy Cissoko and Blake Wesley on their bench.
2026-04-09 04:10:03,This Spurs team is one of four in NBA history to go from out of the playoffs to 60+ wins
2026-04-09 04:12:51,"What exactly makes Gregg Popovich (and honestly for that matter, any great coach) a great coach? To be clear: I'm not doubting that he \_is\_ a great coach. But what I'm trying to figure out is: can we name what \_makes\_ him a great coach in a way that lets us start to identify that in other coaches (like, say, Mitch Johnson)?  Tonight's game—a win without (in my opinion) our two best players against a team that legitimately has something to play for—seems like a great example of a coach's win. But that got me thinking about how we identify a great coach before they've become a great coach.  Most of the all-time great coaches are basically just defined by how many wins or championships they have, but how do you separate being a great coach from being the coach that happened to be coach when your team had Michael Jordan/Tim Duncan/Steph Curry?  I dunno. I feel like Mitch is doing a phenomenal job, but I have trouble articulating \_why\_ in a way that can't be explained as ""well duh, he had Wembanyama, Castle, and Harper fall into his lap, my couch could break .500 as the Spurs coach with that line-up""."
2026-04-09 04:22:32,"This game made it more evident that despite all the fox hate, he is so far more polished than Harper. Really excited to see the passing of the torch there in due time hopefully after a ring or two"
2026-04-09 04:25:18,From the outside looking in he seemed to 1. Genuinely care about his players far beyond the court. That speaks volumes In any career. 2. He helped build the foundation of the spurs culture of humility and work ethic. And 3. Obviously lots of great players have came through to help but he has all the numbers to back everything up
2026-04-09 04:25:30,"KJ was massive. We know the importance of Vic etc. but these guys like KJ and Bryant will be big if we want to go for a deep run.  Barnes too, he’s completely fallen off but we need bits of him as well to contribute"
2026-04-09 04:27:07,"Spurs locked in as West’s #2 Seed for the Playoffs 🏀✌🏻 Our 1st Round matchup will be the winner of the #7 vs #8 Play-In game next week, which by the looks of it will be either the Suns or the Clippers (with the Trailblazers as a possibility) 👀🙏🏻"
2026-04-09 04:27:31,"Xs and Os are one thing, being a true leader is quite another. Pop was great at drawing up a play, but to me it's his 'all-in' style and genuine care for everyone on the team, teaching things both on and - arguably more importantly - off the court.   In another life, he'd be one helluva teacher."
2026-04-09 04:27:39,Winning chips &amp; impacting a culture all there is to it !! U don't win or establish something as a coach you become forgotten
2026-04-09 04:27:49,"For me, it was two things. Pop always seemed to play interesting lineups and got bench guys significant minutes all throughout the season. And it always felt strategical come playoff time. He had a bench that still had chemistry with the starters. The second thing is playoff adjustments. When two good teams with two good coaches play a seven game series, it’s a chess match of game-to-game adjustments. Pop went up against some all-time great coaches and all-time teams."
2026-04-09 04:29:01,Knicks -3.5  The Knicks are at home and are still trying to lock in the 3 seed. The Celtics are locked in to the 2 seed. 4 of the Celtics starters are currently questionable and I wouldn’t be surprised if they are all ruled out. When looking at the games for the rest of the regular season whether it be for main lines or props remember what each team still has to play for
2026-04-09 04:46:47,"This playoff map is hilarious Looking at the current playoff picture, OKC is going to breeze through to the WCF while the Spurs have to go through the gauntlet. Luck cannot be on the Thunder's side even more than it already is."
2026-04-09 04:50:23,Spurs heard they didn't have any playoff experience. So they're about to get a crash course in that shit.
2026-04-09 04:51:08,"The purpose of getting the 1 seed is to play the 8 and avoid the 3 seed in the second round. They had the better record, they have an easier run, that's the whole point of the regular season."
2026-04-09 04:55:34,"&gt; I dunno. I feel like Mitch is doing a phenomenal job, but I have trouble articulating \_why\_ in a way that can't be explained as ""well duh, he had Wembanyama, Castle, and Harper fall into his lap  Because he remembers his pop-a-bitch training and aims for his ""coach popomitch"" final form."
2026-04-09 05:04:00,"As others have already mentioned, they earned the #1 seed and that's what gives them a chance at an easier playoff path, that being said playoff seeds are not even close to set yet. Denver's last 3 games are all tough, and LA and Houston have easier matchups for each of their last 3 games"
2026-04-09 05:04:13,It’ll just make us winning all the more sweeter.
2026-04-09 05:06:57,Pop said it’s not about X’s and O’s because lot of people can do that. It’s all about human connections
2026-04-09 05:10:59,"Title Chances It has been an AMAZING ride this year following the 25/26 Spurs. I’ve been a dedicated fan since ‘09 and this year (like it has for many of us here) has just breathed a new happiness into my life in so many ways. Not just getting to root for the next Big Thing / Face of the League / Bron or MJ Level figure just levitating over the sport in Wemby, but the whole team.   Watching Castle’s Development, Harper showing signs of ALL NBA ceiling, Carter looking like a real player, the grace of role acceptance from Keldon, Devin, and HB, the heart to go out there and show they belong in this league of Luke and Julian. The Hustle of this whole team, how they took the league by STORM in Dec starting 23-7  and then realllly struggled in Jan loosing tough games against MEM, UTA, NOP, and others…. To then figure it out THIS WELL… THIS FAST.   Wemby’s leap we saw a glimpse of in Game 1 @ DAL finally just \*CLICKED\* and he launched into the stratosphere of a Top 3 player in the World. The Shooting went up team wide, especially Dev/Champs/Castle/Harper. The defensive rotations and schemes were so much better executed.   Going 28 for 30 after Feb 1st, 8-1 RRT, 11-0 in Feb, 14-2 March, reaching 60 wins and feeling like the complete and total version of THIS team that they could be??? It’s been amazing. I was HIGH on this team heading into this year, but that meant hovering around 50 wins and the 5th seed to me. I never thought “2nd best record in the league, 4-1 vs OKC.”   I say all this above to say - watching this team has been a TREAT, and I’ll always look back at this 25/26 team and smile. However, drawing DEN in Round 2 could be a death sentence…. If there is one team that can flash that “We’ve been here before, you aren’t ready for this.” muscle, it’s Jokic/Gordon/Murray. Their team is WAYY deeper than last year, which took OKC to 7. I don’t know if THIS Spurs team can bury Jokic in a first to 4 fight right now. With a few days left in the reg season, we are NOT guaranteed to play DEN just yet.  DEN 52-28 (vs OKC, @ SAS next)   LAL 50-29 (Won TieBreak vs DEN)   HOU 50-29 (Lost TieBreak vs DEN)   Denver would need to loose both games and Rockets would need to win out to jump them.   Lakers need to end with al least the same record as Denver to jump them since they have tiebreaker. So the Lakers need to Win out and Denver Looses 1 game OR Lakers close 2-1 and Denver Looses both games.   Is DEN really the Boogieman to this SAS team? Or I’m I just scared to feel those Playoff Emotional swings again if we end up in a hard series BEFORE we even see OKC. What do y’all think? Am I making too much of DEN? Can y’all talk me off the ledge or are we bound to get our “Playoff Bruises” this year before making a 1000% effort for the title next year???"
2026-04-09 05:11:24,"This is perfect. This team is going to speedrun playoff experience lol.  First playoffs, Its whatever. Gotta just play the hand you're dealt. As Wemby said, screw it. Time to go out and ball."
2026-04-09 05:19:46,"We'll almost certainly beat the Mavs and tie the Suns at 62 wins but I think there's a real shot at the Nuggets locking up the #3 seed before the last game of the season and if that happens, I think both teams sit their players and if that happens, I'll take our deep bench over the Nuggets deep bench so all of that really to say that I think we have a real shot at #2 on that list.    An interesting fact if we get to 63 wins would be that we'd be one of 9 teams to have a single season turnaround of 29 wins or better, 7 of which are pretty noteworthy in my opinion:    1970 Bucks - Kareem ROY +29   1980 Celtics - Bird ROY +32   2005 Suns - Nash MVP +33   1990 Spurs - Robinson ROY +35   2000 Lakers - Shaq MVP +36   1998 Spurs - Duncan ROY +36   2008 Celtics - Big 3 championship +42   The other team being the 2025 Pistons but their season didn't have anything really noteworthy and all of those other teams (including us if we were to join that group) won 12+ more games than that Pistons team. We would also be 3rd in total wins among that group behind the 2000 Lakers and the 2008 Celtics and while I know I'm getting way ahead of myself we would coincidentally join those 2 teams as the only teams among that group to win a championship if we are able to pull it off, which I don't think is out of the question at all."
2026-04-09 05:22:23,We've been locked in as the #2 seed for like the last 4 or 5 games
2026-04-09 05:26:31,"Denver has always been a legitimate title contender, they just needed to get healthy. I saw so many people penciling us in for the WCF before that matchup the other day I couldn’t believe the arrogance   Not to say we can’t beat them. We can, but it’ll take an incredible effort. I don’t think there’s too much sense in getting worked up over any matchup cause no matter what it’s gonna be difficult to advance through the west."
2026-04-09 05:31:46,"I think what gets overlooked is just the day to day keeping your team bought in and playing hard  There’s been a few meltdowns about Mitch this year and for any individual game Xs and Os blunder that may or may not have occurred, that pales in comparison to how valuable it is that Mitch has everybody on the squad bought in and playing hard as hell every night   Pops superpower wasn’t Xs and Os (although he was excellent in so many tactical aspects both big and small picture) it was that he played a huge part in creating a culture that emphasized all the right things"
2026-04-09 05:33:54,"Amazing improvement  Fox wasn’t an offseason acquisition though, bad AI"
2026-04-09 05:34:01,"As you said it has been enjoyable watching our team grow before our eyes. No need to get worked up over any matchup, it is going to be difficult regardless, whatever team we face. Just take it one series at a time, first playoff in 6 years, lets enjoy the ride."
2026-04-09 05:44:58,"The standings are probably going to go: OKC Spurs Nuggets Rockets Lakers Timberwolves Clippers Suns   I expect OKC and the Nuggets to handle their matchups. The Clippers might be a tough series for us but I doubt it goes to 7 games. If the Lakers are healthy, I expect them to win, if not then probably lose to the Rockets but OKC beats either team if the Nuggets end up beating the Wolves. If the Wolves beat the Nuggets, I expect OKC to beat the Wolves and for the Spurs to beat either Lakers/Rockets, I don't think it would matter and after that anything can happen in the conference finals against OKC. However if the Nuggets do beat the Wolves, I would not be surprised at all if we lost to them in 6 games, which if it was a hard fought 6 games, shouldn't be a disappointment at all. I also wouldn't be surprised if we beat them in a series but we just haven't been able to close the Nuggets out so far this season and I think that's only going to get harder in the playoffs"
2026-04-09 07:58:09,"Great coaching, like great players, can come in different packages:  \- X's and O's   \- Ability to connect with the team and the players, and to be listened to by the players  Pop's military background helped the Spurs to become formidable. He had principles and he liked to see those in the hard court.   He adapted well to most situations. Against Shaq was a different approach. When the run-and-gun Suns came, he kept the Spurs steady and the Spurs had a game plan and we're able to beat the Suns. We tried to match up well with every team out there - the Detroit Pistons, Kidd's Nets, James' Cavs - they all needed different strategies and Pop I think gave our guys the right tools.   When Tim, Tony, and Manu were aging, he gave room for other stars, such as Kawhi and later LMA. He made role players like Splitter, Mills, Green, and Diaw really shine.       So yes, if you were going to distill it in a few things, it would be X's and O's, the ability to connect to and be listened by the team and players, and adaptability in the game. Getting role players to shine by putting them in the best spots. Champagnie was a virtual unknown, and he has been a great contributor for us this season, and that is an example. You can look at the Celtics' Mazzulla and Thunder's Daigneault. The C's turned Kornet into one of the best bigs, and now D-White is shining. The Thunder - they run a roster 11 or 12-men deep - that is not simple FO building - that is coaching and putting your players on the best spots for them and the team as well."
2026-04-09 07:58:46,"There's no team in the league that I think is more likely to win 4 times against us, than we are to win 4 times against them. I honestly think that we're right up there with OKC as the most likely to win it all this season.  That said, we need to win 4 series to win a chip. Unless the odds are overwhelming in all four, the chances of winning 4 series in a row are exponentially lower than just winning one. If we have a 70% chance of winning each series, which is pretty damn good odds, that only leaves us with a 25% chance of coming out on top in the end. That's what makes playoffs so exciting, after all. Even the title favorites have reason to sweat."
2026-04-09 07:58:57,"You’re right 💩4 brains, the 6 seed should get the easiest run like the Wolves got last year!  Or the 2 seed should get it like the spurs were set up for last week before they blew that by losing to Denver… that makes so much sense!"
2026-04-09 08:05:18,"It takes a lot to win a championship. A player can't do it by himself; he needs a team. A coach can't do it without a great team. A team can't do it without a star player and a good coach. Steph didn't win until Kerr showed up, Jordan didn't win until Jackson showed up. David Robinson didn't win until Pop showed up. They all needed each other.      A great coach has the whole team competing every year, no matter the lineup or player losses or injuries. A great coach adapts to the changing game and finds ways to stay ahead of the game. A great coach has the teams' respect. A great coach gets his team prepared both mentally and physically so that they can compete at the highest level.  I agree with the thought that a couch could coach the current Spurs line-up to a winning regular season percentage, but could a couch call out a player having a lazy night? Could a couch know when to bench a guy and when to bring him into the game? Could a couch master clock management. Could a couch draw up a critical play with the game on the line?  It's like that old joke about an engineer who drew an X on a broken machine, said that marked the problem, and charged $50k for his services. When asked for an itemized bill he put: One chalk mark = $1; Knowing where to put it = $49,999. A great coach knows what to do when the lights are at their brightest."
2026-04-09 10:14:26,"I’m guessing you’re pretty young and didn’t really get to experience his body of work. Pops  is considered one of the best ever because he just kept winning. Five championships, more wins than any coach in NBA history, and over 20 straight playoff trips. I would go as far as to say that he is the reason why there is so much international influence in the game today and so much basketball influence across the globe. He made it a viable option for international players to get to the NBA.  What really makes Popovich stand out is the ability to change with the times. One era was all defense and fundamentals, another was nonstop ball movement that made defenders dizzy. Add in turning overlooked players into stars and suddenly it feels like a cheat code. It makes me sad that he’s not getting to coach the real cheat code, but he had his time with Timmy.  But the real secret sauce was the culture. No egos, no shortcuts, and everyone was held accountable, even the stars. The influence spread across the league, and now half the NBA is basically using Spurs homework. That’s how you end up as the gold standard."
2026-04-09 11:00:14,The Spurs can beat anyone in 7
2026-04-09 11:45:52,"All this 'because of Wemby' talk is historical revisionism. Coming to the season no analysts thought Spurs would be this good even with Wemby. Nobody thinks Castle - a ROTY winner, is better than Derrick White. And Harper, even as a generational rookie, is still a rookie and really isn't in the starting lineup. People thought Fox doesn't fit with the Spurs because he's not a shooter. In fact, neither Castle nor Harper is a good shooter even to this point. That's why mostly analysts put Spurs as a 6th seed team.   The Spurs is really good because the coaching staff manage to put Wemby in the best situation. Wemby is a defensive monster last season too - but look at their previous record.  In addition, the coaching staff manage to get the best out of players like Vassell, Keldon Johnson, Julian Champaigne, Luke Kornet, among others who barely play together into a formidable cohesive unit. The Spurs, against the odds, make it work. The Spurs improve dramatically on both ends of the floor. How many NBA fans, before this season, know who's Champaigne? Or even Keldon Johnson? None of these players, except Fox, Kornet and Barnes, can be regarded as veterans. Experience matters, not just talent. The idea that Mazzulla has worked with way less, when his squad got a lot of seasoned veterans with deep playoff experience, just isn't fair.    Joe also has way more time with the team. Bickerstaff is in his 2nd year. Mitch Johnson is the first (full-time), and has to fill in the shoes of fucking Greg Poppovich.   Spurs also is 3 and 7 games ahead of Pistons and Boston respectively (in the western conference no less). They manage to beat the defending champions OKC 4 to 1. Their record without Wemby is 11-5.   I am not sure what more Mitch Johnson need to do to make people think he should get COTY."
2026-04-09 11:54:39,There is a good book by Daniel Coyle called “Culture Code” has a section on the Spurs and Pop and his coaching style/personality that made them so successful
2026-04-09 12:16:00,"Steve Nash explains why Victor Wembanyama isn’t MVP-ready just yet While Wembanyama can close a game defensively, he still lacks that level of consistency on the other side of the floor, according to Nash.  [FULL ARTICLE](https://www.basketballnetwork.net/latest-news/steve-nash-explains-why-victor-wembanyama-isnt-mvp-ready-just-yet)"
2026-04-09 12:24:34,"The Spurs can beat them, but I’d much rather not have to play both OKC and Denver to get to the finals.   The Spurs shouldn’t be favored over either of those teams because of experience. And I hope fans remember that and don’t go negative when Castle and Harper’s shooting percentage comes back to earth, turnovers go up, and Wemby has stretches of being invisible.   This team is extremely talented and had the ability to win a championship. But the reality is our core hasn’t played on the playoffs before. They haven’t experienced a team planning just for them, or playoff defense. And that’s going to cost them a game or two. And “a game or two” might be the difference between winning a series or losing it."
2026-04-09 12:31:01,"Personally, I do agree with the idea that Vic is probably one year away from the MVP dominance we know he’s capable of. Although I did find it rich to hear Nash on the Prime broadcast talk about Wemby needing to score more points when he averaged 17ppg his mvp seasons lol"
2026-04-09 12:31:14,"Nash is being a caricature of himself dismissing defense.  A 25/11 DPOY on the #2 record in the league is MVP-tier output. It's just contextually an uphill battle between the Spurs' .70% record for the time he was out (OKC .66% without Shai, but there's a smaller sample size), plus the fact he's still load managed to under 30 minutes a game and only made the 65 game threshold counting the in-season tournament.  Shai is still the exciting new star. Voter fatigue will hit as early as next year."
2026-04-09 12:35:51,Offensive genius and defensive liability values offense more for MVP. Who would’ve thought?
2026-04-09 12:41:24,"Why does Wemby have to be 'consistent' (scoring more points) to be considered MVP, but SGA Luka and Jokic don't have to be consistent on defense?"
2026-04-09 12:43:49,Since the asg we haven't had many tight games but I think Nash has a point. Victor needs a go to move at the end of games.
2026-04-09 12:48:59,SGA should and will win it this year  but Wemby is has a very good argument for 2nd place this year
2026-04-09 12:51:15,"His argument is that wemby isn't in his peak form yet which is true. But the question is, who's impacting the game the most. This imperfect wemby is already statistically the most impactful player already."
2026-04-09 12:51:38,"I'm always of two minds about that particular point.  On one hand... Yeah, it's fairly obvious even to the eye test that Wemby hasn't reached that individual offensive apex yet. Even less so when you compared to the near perfection of Jokic's offense running, the magic bullshit Luka can get up to at any moment, or the sheer consistency of firepower that SGA provides. He's one or two step behind them all.  *But.*  Firstly, if he's five steps ahead of them on defense (and he is for Luka and Jokic, perhaps not for SGA)... Why should we deprive a player of a reward they already deserve, just because they're able to do better in the future?  And second, it's also a criteria that punishes selfless teams that aren't built around a heliocentric offense. Are you telling me that if the best player in the world happened to play on the 2014 Spurs, he wouldn't be an MVP because the team plays in a way that never expects anyone to simply ""take charge"" individually? I know it makes for great highlights, but defining hero ball as the default of ""clutch"" is also a bit of a toxic culture that punishes good collectives.  So...  Yeah, I don't know. I think SGA, Wemby, Jokic and Luka all arguably deserve an MVP this year and I've completely given up on deciding who deserves it ""the most""."
2026-04-09 13:01:57,It isn’t the most valuable person that can make a clutch basket at the end of a game award.
2026-04-09 13:20:38,"It's just BS punditry at this stage. Does Wemby need to be the stats leader in all of the categories including scoring, assist and rebound, win 82-0 and sweep every team to be MVP? All of these are artificial standards.   But all good. I believe in the team to go win a chip and then make a play at 74-8 next year so we can actually shut down the talking points."
2026-04-09 13:22:52,Wemby is a new kind of player. Nash at the time was a new kind of player to win that award. It didn’t often go to the pass first guard that couldn’t guard a wet blanket but they gave him the mvp anyway. Twice. Now throwing up requirements he didn’t even meet himself pretty lacking in self awareness imo
2026-04-09 13:30:16,"If we consider a healthy Victor may be the DPOY for the next 10 years (provided he stays healthy), realize there's only three players who have ever won DPOY and MVP in the same season: Giannis, Hakeem, and MJ.  Two of them are in the hall of fame, one of them will be, and they have 10 titles between them.  Victor's close and may become the fourth, but he's not quite there."
2026-04-09 13:30:46,Wemby did say he prefers for everyone to score instead of it just being him because that’s “ethical basketball” so who gives a shit about “MVP” if it’s mostly about scoring
2026-04-09 13:36:09,"Wemby’s offense doesn’t really show up if you’re only looking at points and assists, because so much of what he does is creating advantages before the pass that gets counted. His gravity forces weak-side defenders to tag him on rolls, stay attached when he pops, or send help when he catches near the elbow, and that opens up driving lanes and corner 3s for everyone else. The Spurs have actually seen a major jump in shot quality and corner 3 volume when he’s on the floor because defenses are constantly bending toward him.   Wemby's offensive value is hidden in the possessions where he never gets the assist. A guard gets an easy layup because Wemby pulled the rim protector out, or someone hits the extra pass three because two defenders reacted to his roll. None of that shows in the box score, but he’s still the reason the defense broke down in the first place."
2026-04-09 16:09:41,"[Emerman] Steve Kerr has one rule for his son (Nicholas): “You’ve got to call me ‘Dad.’” Not ‘Steve,’ not ‘coach.’ ‘Dad.’ On the bench, in huddles, during meetings — Dad... “I think acknowledging it is important,” Steve said. “Yeah, he’s my son, he’s on our staff."" Several times throughout this grueling, dramatic, injury-ravaged season, Steve Kerr has asserted that he’s still enjoying life as head coach of the Golden State Warriors.  Kerr’s happiness index is of particular interest because of his choice to play out this season without a contract beyond this year. The greatest coach in franchise history has decided to wait until the offseason to figure out what’s best for him and the organization.  So it’s extra notable that Kerr is still finding beauty in the struggle, as he likes to put it. He’s experiencing beauty in the small, sentimental moments too: moments with his oldest son, Nicholas, a first-year assistant coach.  “My favorite games are the 5 p.m. games that we have,” Steve told The Standard. “Because generally Nick brings \[his two daughters\], they’re in the family room all game, then after the game we all convene in my office. The girls are crawling around the floor, the family’s in there, we’re enjoying each other’s company, having a beer, having some food.”  Kerr has won four titles as the Warriors’ head coach. He has managed more adversity in the past 12 seasons with Golden State than conceivable, including Draymond Green’s turbulent moments, the egos of a superteam, serious health challenges, and departures of key figures like Bob Myers and Klay Thompson.  But not until this season has he worked directly with Nicholas, sharing a bench, breaking bread at regular family gatherings, Steve’s two granddaughters growing up in front of him.    “And these are memories that will last forever,” Steve said. “And they’re not going to happen for too much longer. That bums me out, so I’ve got to really enjoy it while I can.”  No one — not even Steve or Nicholas — can see into the future. They don’t know how their careers will unfold.  How does Nicholas hope his father’s time holding a clipboard ends?  “He coaches somewhere where he’s happy,” Nicholas said. “I know he’s happy here. I have no idea what he’s going to do next year.”  As Nicholas, 33, establishes himself as an emerging talent on his 60-year-old father’s bench, their similarities have manifested. Nicholas wanted to follow in his dad’s footsteps ever since he was in high school. Steve didn’t know coaching was his “dream job” until he stumbled into the world of Steph Curry 12 years ago.  They both want to enjoy coaching for as long as they can — it’s like an addiction for them. It’s rewarding, draining, mentally stimulating, difficult, and competitive.  But they’re at opposite stages of their careers. The future Hall of Famer is mulling over the prospect of putting a bow on an illustrious career, and the young assistant can’t imagine life without coaching.  “I just love doing it,” Nicholas said. “It’s fun. Coach basketball? It’s not a real job. I’ll do it as long as I’m allowed to, as long as someone will have me do it. And then when I can’t do it, I’ll go coach high school or middle school.”  Steve Kerr has one rule for his son: “You’ve got to call me ‘Dad.’”  Not ‘Steve,’ not ‘coach.’ ‘Dad.’ On the bench, in huddles, during meetings — Dad.  The noun is more purposeful than a sign of respect. It’s part of their shared worldview of the nepotistic dynamic at play. They don’t shy away from it. They embrace it.  “I think acknowledging it is important,” Steve said. “Yeah, he’s my son, he’s on our staff. There’s no denying that he’s had some doors open for him just based on that relationship. But he has to earn everything. I think what I’m most proud of is that he recognizes that. He works his butt off every day.”  Nicholas reflects “all the time” about how he was able to benefit from a “much easier route” to entering the NBA than other aspiring coaches. He served as an intern for the San Antonio Spurs — one of Steve’s former teams, coached by one of his closest friends, Gregg Popovich — in 2017 after just one graduate assistant season at Cal. Then he joined the Warriors’ video room.  Nicholas doesn’t feel external pressure to live up to his family name but holds himself to a high standard to live up to it. As a self-described “nepo baby,” the only thing he can do is take advantage of his fortune.  “If I were born into any other family, I’d be working in business or something,” Nicholas said. “Yeah, you have to reflect on it a lot. It’s fortunate.”  Source: [https://sfstandard.com/2026/04/07/steve-kerr-warriors-nicholas-kerr-son/](https://sfstandard.com/2026/04/07/steve-kerr-warriors-nicholas-kerr-son/)"
2026-04-09 16:12:12,Oh are we calling him “Nicholas” now? lmao
2026-04-09 21:58:03,With the win against the Blazers yesterday the Spurs are now 12-5 without Wemby There is a reputation that the NBA is solely a league of stars and while it's definitely a star driven league it feels like people underestimate how important a supporting cast is.   Spurs aren't winning a championship but still comfortably a top 4-5 team in the West without Wemby. Wolves have looked dangerous without Ant and Celtics have looked great without Tatum.  Conversely the Bucks suck even with Giannis. No player wins on their own in this league.
2026-04-09 22:02:43,"Spurs are better without Wemby, scrub barely improved from last year and is getting carried hard by castle and Harper. He’s lucky he’s on a good team otherwise he’s just Mobley with good PR"
2026-04-09 22:09:32,I never want to hear a fanbase shitting on their favorite player’s teammates to say they’re the MVP ever again
2026-04-09 22:11:34,Lakers record without Luka 7-8 = 46% win percentage  Nuggets without Jokic 10-6 = 62% win percentage  Thunder without Shai 8-4 = 66% win percentage  Spurs without Wemby 11-5 = 68% win percentage  Pistons without Cade 13-5 = 72% win percentage
2026-04-09 22:13:00,"That's why I didn't want to give the MVP; his defensive stats are a bit overrated because even without him, the Spurs are still a good team. What made the difference for the Spurs was Fox, Castle, Harper, and other guys in the rotation like Barnes, Champagnie, Bryant, Vassell, Keldon, etc."
2026-04-09 22:14:18,"""No player wins on their own in this league.""  Truth. If Luka didn't have BY FAR the worst 4-10 out of any playoff team, maybe the conversations around him wouldn't be as toxic as they are. Giannis is already out of people's top 4 (fair enough tbh, injury matters) despite having some of the most insane statlines and on/off numbers at the start of the season."
2026-04-09 23:49:40,Spurs were missing not only Wemby but also their 2nd best player but Wemby stans swear he’s carrying a lottery team
2026-04-10 00:41:22,"I'm calling it right now, we are the 1992 Dallas Cowboys, and we are going to upset the Thunder in the WCF, win the Finals, and maybe, who knows, win three Finals in the span of four years. The Cowboys had 20 consecutive winning seasons at one point, all led by their head coach Tom Landry (who coached 29 years straight.) The Spurs had 22 consecutive playoff appearances, all led by Popovich, who coached 29 years straight.  Then, the Cowboys suffered through several abysmal seasons, at one point finishing 1-15, before they rebounded rapidly. The Spurs suffered through six abysmal seasons in a row but now here we are, legit championship contenders.  The Niners were the dynasty of the time in 1992; the Cowboys had to go on the road to beat them in the conference championship game. The Thunder are the defending champs and No. 1 seed, but the Spurs will go on the road in the WCF and knock them out, maybe in six games. Then, I think we will make easy short work of the Pistons or Knicks in the Finals.  The 1992 Cowboys were the youngest team in the entire NFL by age; the Spurs are also an exceptionally young team this year.  I'm hoping we will win three Finals in the span of four years."
2026-04-10 00:47:16,Im kinda worried about how durable Wemby's body is. For how many seasons can he go with consecutive deep playoff runs without getting a major injury or a lingering minor injury.
2026-04-10 01:01:44,"Idk dude. It's easy to roll teams in the regular season with this depth, but wemby is gonna be gassed as hell at some point and it's gonna be a problem when people aren't making shots they usually do.  Our only threats are okc and denver, and we don't know how that's gonna look until we get there."
2026-04-10 01:09:22,Spurs over Thunder would not be an upset.  We have a better record over the last 2/3rgds of the season and have a handled them pretty easily.
2026-04-10 01:13:40,Downvote for comparing the spurs and their goat front office to the cowboys poverty front office
2026-04-10 01:16:59,Please don't compare us to the Cowboys. I don't want to think about that shitty team and shitty owner/GM while the Spurs are the #2 overall seed and the Stars are currently #3 overall seed in the NHL. And I definitely don't want to go through a 30+ year drought after winning some championships.
2026-04-10 01:42:46,"I can't believe how ridiculously delusional some of you guys are. 3 finals in 4 years? Winning THIS year? We are NOT going to lose a Finals for the next 20 years. Victor will be the goat, and Harper is going to be the 2A to MJs and Brons 2B/2C.  Good riddance, get it right."
2026-04-10 02:05:22,Don’t you ever compare my Spurs to the trash ass Cowboys!  ![gif](giphy|xOq3gEYIUaY91aaCde|downsized)
2026-04-10 02:41:57,"Fuck that team bro. So glad I at least have the Spurs. If they ran the Spurs how they run the cowboys, I wouldn't be nearly as much of a fan"
2026-04-10 03:01:57,The cowboys are clown franchise that should never be spoken of in the same breath as the Spurs.
2026-04-10 03:47:27,"Leonard Miller career averages with the Minnesota Timberwolves vs his last 16 games with the Chicago Bulls 1.9/1.1/0.3/0.2/0.0 with 183 minutes played on 54/13/76 splits with the Timberwolves     14.6/7.3/1.4/0.5/0.5 with 436 minutes played on 54/35/74 splits in his last 16 with the Bulls     (also since trade deadline he is the only consistent starter/bench player on the Bulls with a positive net rating on the court)     He had a great game today against the Wizards which I guess doesn't mean that much but this is less of a break out situation and rather him finally finding playing time on a team not contending for anything, and he's stood out with his constant motor on the court whether it'd be on the glass, cuts, as well as an improving 3-ball. Also had a few impressive games against contending/playoff teams like his games against the Spurs, Rockets, and Suns. As a Bulls fan I hope he can continue to provide more for us as time goes on as he is only 22 🙏"
2026-04-10 03:48:22,Real ones know when he went off in that rising stars game
2026-04-10 03:51:01,This is the kinda thing that makes me OK with expanding the league.  There's so much talent at the end of benches that rarely get a chance to show what they can do.
2026-04-10 03:56:37,"Almost all of those Minnesota minutes were in garbage time.  To be fair, most of us liked Miller over here in Minnesota. He was just stuck behind perennial 6th man contender Naz Reid."
2026-04-10 04:02:09,"Denver Injury Report Tomorrow Hoping Denver has realized that being in the 3rd spot will make it way harder for them to reach the NBA Finals. They will be in a bloodbath from 1st round until the NBA Finals. By dropping to 4th or 5th, they get to at least avoid the Wolves.  We all know that the only reason Wolves is in the 6th spot is because Edwards haven’t been playing. But in the west, the strongest teams are OKC, Spurs, Nuggets and Wolves."
2026-04-10 04:05:52,OKC also sitting everyone. This may come down to Sunday. It looks like LA wants to win. Phoenix and Utah have nothing to play for.
2026-04-10 04:12:08,"People were already scratching in Denver at 3rd like it was set. LA about to win against GS. Their last remaining games are against a booker less suns team, and a tanking jazz team. That means a Denver loss against us or OKC sends Nuggs to 4th."
2026-04-10 04:18:35,"Lol Denver vs OKC is gonna look like tankathon 😂.. Okc was like “take this easy win fellas” and denver replied “nope we don’t want the 3rd”. People talking like denver is craving to have that wolves-spurs-okc path 😂.  Anyway, thank you lakers for winning tonight. Go grab that 3rd seed!"
2026-04-10 04:24:45,"First time being a Lakers fan — let's go, Lakers! Right now, OKC is doing heavy load management and is dead set on losing to the Nuggets, just so the Nuggets can end up in third place. But the good news is, if the Lakers can beat the Suns, plus get that free win against the tanking Jazz in the last game — as long as the Spurs beat the Nuggets in their final game, the Lakers will lock up the 3rd seed in the West."
2026-04-10 04:37:38,"Suns are locked into play in, so it doesnt make sense for them to go hard. Therefore, I dont think Lakers will have trouble winning their last two... but who knows, theyre a much worse team than their record suggests. Spurs winning against Nuggets is going to be the deciding factor. Nuggets knows what youre thinking too and they want to be on the Spurs side of the bracket, so expect a blood battle in our final game."
2026-04-10 04:39:36,Going to come down to the wire. Lebron needs to do this for Pop.
2026-04-10 04:43:38,Bro that jazz game will be a W. Jazz will be playing so free and the Lakers are hobbled and broken. That's a massive trap game for them
2026-04-10 04:43:42,"How about both teams just all come out, have the jump ball, then just stand there for 48 minutes doing nothing. They can rock paper scissors to see which team gets to score a layup in the last 5 seconds, don't really care which team it is as long as Wemby plays 20 minutes and nobody gets hurt"
2026-04-10 04:50:57,"Lots of “what-ifs,” including the Spurs beating the Nuggs"
2026-04-10 05:30:29,Almost seems like Denver should have sat jokic and let the spurs win on Saturday. Maybe they regret that in some way
2026-04-10 05:39:12,I want the Nuggets round 1. Give me 7 games of Wemby vs. Jokic battling it out for best player in the league (its Wemby)
2026-04-10 06:29:14,"If Denver are smarter than they looks, they will avoid the path of the 3rd seed. The reason they cant defeat OKC is because they are already banged up by the time they play OKC.  Why not play them in the 2nd round. Its easier. They have an easier time beating wolves and spurs than OKC."
2026-04-10 08:50:34,"Why Morez Johnson Jr. might be the PERFECT fit for the Spurs (especially next to Wemby) I’ve been digging into Morez Johnson Jr. as a draft prospect, and honestly… he feels very Spurs-coded.  Not a flashy “future superstar” pick—but the kind of player who quietly becomes essential on a winning team.  🔎 Quick Scouting Breakdown  Johnson is about 6’9”, \~250 lbs, and plays like it. Super physical, high motor, doesn’t take possessions off.  Defense is where he really stands out:  	•	Can switch across multiple positions  	•	Strong enough to handle physical bigs  	•	Moves well enough to survive on the perimeter  	•	Not just a shot blocker—he alters shots and controls space  He’s the type of defender that makes everything harder without needing stats to show it.  Offensively:  	•	Very efficient (low usage, high impact)  	•	Lives off cuts, lobs, putbacks  	•	Sets solid screens  	•	Doesn’t need touches to be effective  Basically, he does all the “dirty work” that winning teams need.  Fit Next to Victor Wembanyama  This is where it gets really interesting.  Wemby is already a generational defender—but he’s at his best as a help-side/free safety, not banging with big bodies all game.  That’s exactly where Johnson comes in.  1. Takes the physical matchups  Johnson can guard the stronger forwards/centers, letting Wemby roam and do what he does best.  2. Fixes the physicality problem  The San Antonio Spurs still lack toughness inside. Johnson brings rebounding, contact, and energy.  3. Perfect offensive complement  He doesn’t need the ball. He fits around stars instead of competing with them.  4. Spurs culture guy  High effort, team-first, coachable. Feels like someone the Spurs would maximize."
2026-04-10 08:56:28,"Have been a fan of him for a couple months now for us, especially since atl started winning and it was apparent the pick would be outside the lottery. He would fix our biggest problem and fit in almost seamlessly, I’m all for it if he’s there"
2026-04-10 11:22:51,He's like a bigger Castle minus the offense
2026-04-10 11:46:58,Him coming off the bench with Keldon.. New nickname alert:  Johnson &amp; Johnson
2026-04-10 11:48:31,"The AI slop doesn't cover his potential as a shooter because there is little to go off of, he shot less than 1 per game. As long as this doesn't become another Sochan as a negative on offense, then it seems favorable. His shooting splits this season seem to point towards better outcomes."
2026-04-10 12:13:45,Is this the best Spurs team of all time? If they win it all this year then I would say yes. This team is incredibly deep and exciting. I haven’t been this excited for a playoff run since 2014. If we stay healthy there is no stopping us. We have a great mix of young superstars and gritty vets. Fox and Barnes will be huge in the playoffs. Their experience and leadership will be very important. I am soooooo excited!!!!!
2026-04-10 12:18:28,"Nope, our big 3 is not yet on their prime lol"
2026-04-10 12:18:56,"Bro, let’s win a playoff series, let alone a game, before we even start asking stuff like this. If they win the title this year they are still gonna be behind the 14 team by quite a bit. That team was locked in from the start bc of how they lost in 13."
2026-04-10 12:22:22,New Spurs fan found.
2026-04-10 12:44:57,What? The 2014 team that won the finals was the best Spurs team and best NBA team of all time.
2026-04-10 12:54:10,Give me Morez Johnson Jr. or any PF with size and rebounding and 5 on 5's in the facility are going to be extremely fun.  On one side: The Wemby death line-up that creates a lot of rim pressure and floor spacing while funneling you inside the paint for Wemby to devour.  On the other side: The Bully Ball line-up complete with size and strength and the ability to shutdown the offense from 1 through 5 all at the same time.  https://preview.redd.it/mc9nktqd1dug1.png?width=1195&amp;format=png&amp;auto=webp&amp;s=8642cb57d2b20f54bd656c324f0a3a37f1eb8f2f
2026-04-10 14:00:59,I suggest you Google the Spurs' last championship run and watch it. Pls.
2026-04-10 14:15:08,Maybe next year if they sustain this level of greatness but I still put the back to back finals run with the 2013/2014 Spurs above.
2026-04-10 14:31:46,My expectation for this Spurs team is to make it to the Western Conference Finals. Anything more than that is asking too much IMHO.
2026-04-10 14:42:18,On defense yes. The perfect fit would probably be Chris Cenac Jr. if he can pass the spurs culture test
2026-04-10 14:47:49,"I am 47 years old and have been a a Spurs fan since the early 90’s so I’ve seen all of our Championship teams and have watched every playoff game (some in person). Timmy and David are my favorite athletes of all time. Wemby has joined that list. The Spurs are a truly blessed organization. Three #1 picks landed us three all time great players and even better human beings.  I admit, this team will need to have a great run to join the conversation of greatest Spurs teams of all time.  I just wanted to put it out in the universe and hope it comes to fruition.  GO SPURS GO!  ![gif](giphy|KebNkLQS13Nv4fI2ti)"
2026-04-10 14:50:15,He’s still pissed we broke his nose and prevented him from making any NBA finals.  Boo you Steve Nash
2026-04-10 16:17:10,Man you need to rewatch 2014 spurs brother.
2026-04-10 16:29:08,"2014 Spurs is one of the best NBA teams ever, so no"
2026-04-10 18:33:13,Easy cowboy. The best Spurs teams of all time would be looking down at OKC in the standings.
2026-04-10 19:10:57,"It’s crazy how much narratives have shifted after we lost to the nuggets Pretty much title, I’ve never seen one game in the regular season change so many narratives around the league. Suddenly it’s Jokic for MVP, Jokic &gt; Wemby, Nuggets &gt; Spurs, OKC first seed lock, Spurs inexperience in playoffs, Spurs not clutch. The game happened a week ago and it’s still the centerpiece of so much buzz over a 2 pt win in OT in which the Spurs led for 90% of the game. We deserve it because we should have closed that game out but in a 7-game series I’m still taking the Spurs and I don’t think it’s close, crazy that one game has changed so many peoples opinions"
2026-04-10 19:14:30,In a 7 game series I'm taking the Spurs but it IS close haha
2026-04-10 19:16:45,Let them doubt
2026-04-10 19:17:46,It was expected tbh. The MVP race was so toxic and its such a narrative award that Spurs Nuggers and Laker Thunder were the game deciding who is the MVP in people mind.   The worst part is that Victor was amazing this game and if he made that shot he would have been in good position to win it. Few inches away haha.
2026-04-10 19:20:40,The nuggets were surgical in the half court and we were not. This will be magnified in the playoffs.
2026-04-10 19:20:58,"It's actually pretty normal, overreaction after one game. Media, fans, they shifted 180 from one game, football, basketball, all the major sport are like this."
2026-04-10 19:21:04,"i think the loss and shift in narrative is the best thing that couldve happened for us. let us be the underdogs, it will only help us."
2026-04-10 19:22:13,"No worries. They better get their butts out there and play Sunday night. On paper is nothing. We have to prove it on the court. Yes, we have the MVP and defensive player of the year, yes we have the runner up for rookie of the year, yes, we have the better team. Their advantage over there in Denver is poise and experience. We have to be better disciplined out there against this team. They feed off inexperience. They’ve been there and they’re not rattled against us. They now have confidence against us like we have against OKC. We just have to punch back. We’ll be good. Now we know we have to play against them until the final second."
2026-04-10 19:23:58,"I mean it might also have a bit to do with the Nuggets having won 10 straight. Also, part of the reason that it seemed the narrative flipped so easily back is because the game confirmed a number of priors that people have about the Spurs &amp; Nuggets: 1. The Spurs are inexperienced and coughed up the lead; 2. Jokic looked amazing and hit the most clutch shot of the game; and 3. Some of the guys that the Spurs are counting on to hit 3s - Fox, Castle, Keldon - didn't come through.   Not saying these are good takes, but I think it's always easier for people to default back to what they had been saying all year, which is that a healthy Nuggets team was the biggest threat to OKC."
2026-04-10 19:27:14,"Fuck it, they can say whatever they want, I just want to be drunk downtown, in a Spurs jersey, with a stack cups of shitty budlight full of puffy tacos in the WCF"
2026-04-10 19:30:37,This is why I was so frustrated about losing this game that we could have won. Not just the narratives but also huge playoffs implications as well.
2026-04-10 19:37:42,Should Spurs make an effort to knock down Denver to 4th seed? Or should we rest the players to prepare for playoffs? Thoughts?
2026-04-10 19:40:41,"Who cares? We'll need to win against good teams anyway.   Losing that Denver game in OT was a good learning experience. Have to remember it was the 3rd game in 4 nights, and on Denver's home floor. Besides, Jokic is legitimately the best offensive player on the planet."
2026-04-10 19:40:43,Depends on the result of the Lakers-Suns game
2026-04-10 19:41:13,"I love playing to win every game.  I love the Spurs keeping the guys fresh for the playoffs.  I love the idea of Thunder and Nuggets having to play each other in the second round.  Truly, I don’t think there’s a bad scenario here, and I’ll support whatever the coaching staff and front office elect to do because I trust they’ll have put more thought into it than I have"
2026-04-10 19:42:12,"Alright, I've noticed this too. Hard to avoid it since all the nba subreddits seem to parrot the same sentiment as well. But here, let's break it down.    \- we were playing 3rd game in 4 nights.   \- Wemby was coming off a (minor) injury   \- afternoon start which shortened rest period   \- denver home court. that altitude is no joke   \- we were blowing them out. they got back into it when we ran out of legs   \- wemby had no lift in the end of 4th and throughout OT   \- narrative will have a complete 180 if wemby's shot had gone in  These are all issues that will be nonexistent come playoff time. I'm not scared of anybody. OKC, DEN, bring them. That doesn't mean I expect them to win out. We're yet to see our guys' first playoff trip after all. But I'm excited. GSG!"
2026-04-10 19:45:23,Fuck that. Give me the hardest road so these hoes KNOW we aren’t playing.
2026-04-10 19:46:16,Heck Yea!  Make Denver play OKC in 2nd Round.  We can take the Lakers in our 2nd Round.
2026-04-10 19:47:01,"You may be right about the narrative shift, but regardless of that game Denver has always been a sleeping giant. If they’re healthy and playing well, they can beat us or OKC or anybody in the playoffs. They were so injured for so much of the year I saw so many ppl here just pencil us into the WCF like they forgot about them   Re MVP: I’ve been surprised at how much it’s changed. It’s always been Shai #1, but in the last 4-5 weeks there was a moment where it was all about Cade, then Wemby, then Luka, now Jokic #2. It shouldn’t move that much based on a handful of games, especially at the end of the season. A week or two ago I was pretty confident Wemby would be 2, but now I think it’s a toss up between him and Jokic"
2026-04-10 19:48:33,Would much rather play them one more time then play them in a best of 7 followed by the Thunder.
2026-04-10 19:49:50,"Ok. I'm gonna hold on to perspective here.  1. Wemby making a legit case for MVP was not on the cards at the beginning of the year. It was very recent and he would have been pushed off the throne even with one bad performance as it was already shaky 2. The narrative around Spurs being contenders starts around February but no one once ignored our inexperience when talking about it. Even the most hyped up amongst our own group here.  3. The narrative feels more like it shifted because people were focusing on the hype and then adding qualifiers. Losing one huge game to the next contenders will always (and rightfully so) call in to question the capability of a young team. They bested us using their years of playoff experience. We barely lost, but also exactly how many of us think we could lose 4 games in a 7 game series against the best experienced teams in the west playoffs.  We're extremely close, but we're not there yet. Hold on to the amazing season we've had and enjoy everything in the playoffs as a bonus.   Most fans weren't reacting so much as being proven right about many things we already believed. I've been pragmatic all season ngl. Just enjoying everything this team gave us without expectations."
2026-04-10 19:52:12,Should they? No clue. Will they? Assuredly.
2026-04-10 19:55:26,"My brain says yes, but my heart would love to see Wemby son Jokic in a series"
2026-04-10 19:57:54,We’ve blown the last 2 vs Denver.  They close. We don’t.  Narrative should change until results are different.   Leading the game means nothing till 0:00 left
2026-04-10 19:58:30,"I'm baffled this has turned into a debate.   Of course we should try make OKC have to play Denver and in a perfect world us as opposed to us having to play Denver then OKC.   Of course we should try to give the defending champs the hardest road possible especially considering they have HCA.   The only caveat should be if our guys/Wemby have an injury that can be made worse by playing, those players should sit.   But they should absolutely work hard enough within reason to attempt to only play Denver one more time this season unless they knock off the champs."
2026-04-10 20:00:35,"I was thinking about this, and definitely prefer facing the Lakers or Wolves instead of the Nuggets. Either way, I hope we win these last two games if we rest our players or not."
2026-04-10 20:01:12,"Nuggets is very inconsistent after their title run because of what happened to them, they lose their backup guards, veterans, team injuries, and they fired their HC.   They're better now, their whole team can lock in against us and OKC, they look like a darkhorse, good thing is Valanciunas is unplayable against our Bigs and we can make Jokic work harder, get tired in 7 game series, our backcourt is way better too with Fox/Castle/Harper combo, I'm confident that Spurs would win against Nuggets in the playoffs."
2026-04-10 20:05:08,"Yes, if we somehow get the Lakers or Houston in the 2nd round, I guarantee we make the WCF."
2026-04-10 20:05:32,"Wemby's health is non negotiable. Other than that, what's 1 more game? Of course we should."
2026-04-10 20:16:20,"Something I wonder is how much Denver wants the 3 seed. Naturally you’d probably assume they’d want the highest seed possible, but getting the 3 seed would mean their most likely road to the finals is Timberwolves-Spurs-Thunder, which is quite literally the hardest possible path. Whereas if they get 4th, they get an easier first round matchup against LA or Houston. The downside is that they’d have to play OKC second round, but one could argue that it’s better for them to play OKC earlier coming off an easier series rather than later after playing the wolves and spurs"
2026-04-10 20:19:38,"I feel like we (and OKC) are more afraid of the Nuggets than the Nuggets are of us. Probably because from a seeding standpoint, we're supposed to win, but they're an incredibly dangerous team. With that said, I'm not sure Denver rolls out their starters on Sunday, even if the outcome determines 3 seed vs 4 seed. They won't have home court against either of us in the 2nd round, and they haven't exactly been the healthiest team in the league this year. I think they're sitting their key players, too. And I'll take our bench against theirs any day."
2026-04-10 20:20:33,No. BUT… This could be the beginning of what becomes the best Spurs team ever. Wemby is looking generational. Castle in 2nd year is looking superstar potential. Harper is smoothest rookie I’ve ever seen coming in at 19. Carter just went 5-6 on threes and has been growing exponentially better since all star weekend where he was runner up for dunk contest. Mitch first full year coaching is a 60+ win season. Writings on the wall that we are cooking something special down in Texas.
2026-04-10 20:20:52,We should play to win all games yes
2026-04-10 20:26:50,"No, they won’t because Wemby is at 64 games played. So, he should rest a little longer and sit tonight, in order to heal more and less likely to reinjure.   So, if Wemby is playing, then so should everybody else that is healthy (maybe not Castle of a legit injury). While you are out there anyway, what the hell and go for the W.   There is a ton of time off before we play our first game anyway, w/the play in. It’s not like these guys have played heavy minutes each night and all 82, like decades before."
2026-04-10 20:28:23,"I know some fans might say it doesn’t matter who we face, and that the Spurs players aren’t afraid of anyone. But as a fan who hasn’t seen this team make the playoffs in years, my biggest hope is for the Spurs to go deep in the postseason. Especially considering a potential Western Conference Finals matchup with the Thunder — I really don’t want them to have to go to a Game 7 against the Nuggets in the second round."
2026-04-10 20:29:29,Isn’t there a chance too that the rockets could win the next too and push nuggets to 4 as well? It isn’t just reliant on Lakers right?
2026-04-10 20:33:12,"It's crazy how people were saying ""thats why defense is only 20% of the game"" or ""jokic destroyed wemby"" acting like Wemby dropped a Gobert stat line when in reality he literally went band for band against Jokic and they only won by 2 points"
2026-04-10 20:34:58,Spurs should play to win  63W
2026-04-10 20:38:56,"True, it's always about what have you done for me lately. Everyone watched that game and watched how Jokic hit that unbelievable shot over Wemby. Had Wemby just made that last shot in regulation the narrative would be different. Conversely, had Wemby made the shot, then everyone would say how terrible the Nuggets are especially in close games. It's wild how narratives flip so dramatically over one single shot in one game.   Perhaps 9/10 times the Spurs win that game but it doesn't matter whatsoever right now. We'll have to prove it in the playoffs which is personally why I think it worked out much better for us than the flipside for the Nuggets (aside from seeding implications given how the Lakers of course had to get hurt by OKC....)  Even though we'll have homecourt, the expectation will be for the Nuggets to win rather than had they lost, then they'd have something to prove about close games/ facing good teams. It's likely better to have something to work on and to focus on fixing/addressing come playoffs than not, especially for young teams, because it's far easier to teach someone when there is a clear example. We blew that 10+ pt lead again so I think the coaching staff and players will be much more cognizant rather than the young players saying, ""well we just beat the nuggets and should've won by even more, so this series should be easy!"" or something dumb like that."
2026-04-10 20:39:06,They should fear no team but respect all of them. They should invite any challenge ahead of them. I so excited for the playoffs to start. Really think we got it this year. 9 players averaging at least 10? Tough to game plan for that let alone wemby
2026-04-10 20:41:05,"coming from a 30yr old, I just take shit day by day. still taking the spurs but after the ray allen shot on my birthday, that changed my whole mindset. don’t get me wrong we’re looking good this year, it’s just day by day."
2026-04-10 20:42:48,"It just hit me, but what color way should the Spurs implement for fans during home playoff games (if any)? The only ones I remember the Spurs ever doing were ""White outs"" (gm5 vs OKC 2012) and black (I think game 3 2013 finals).  But ever since the Spurs fiesta has been introduced, we never got to see the Spurs in the playoffs. Do u guys think the Spurs would ever implement a fiesta color coded arena (similar to the Jazz a few years back)? Would be pretty awesome ngl. Can't wait tho, we should find out in about a week! #GSG"
2026-04-10 20:50:58,"As a traditionalist I hate when teams wear color at home now, it's especially going to bother me when we wear it in the playoffs."
2026-04-10 21:13:59,"If Denver sits their main guys, I'd expect a win regardless of if the Spurs sit their starting 5."
2026-04-10 21:18:15,Bro they’re going to play who is in front of them. You don’t become top level athletes by trying to avoid competition
2026-04-10 21:22:01,Yes means they likely lock up semi finals in San Antonio. Can’t see 6 or 7 advancing out of first round.
2026-04-10 21:22:58,I would try if the opportunity is there.   Thunder already sitting their entire roster against the nuggets trying to keep them in the 3 seed
2026-04-10 21:59:35,Absolutely love that narrative because my Spurs always prove those haters wrong. All those people can stay on  that side when we win the Championship this year!
2026-04-10 22:07:28,"the nba has lost all identity since teams started running a different jersey every few games. if it was up to me the whole league would go back to home = white, away = colour. one alternate for clash games and one hardwood classics night (one per season replica of an actual jersey, not just some made up thing pretending to be a throwback). black fiesta as the alternate, ABA chaps as the throwback (or the old gervin era black) they should also go back to round necks instead of v.  fans white out at home games of course."
2026-04-10 22:20:39,"You are 100% right, l also noticed this stupid trend. It’s from jealously or lack of knowledge. Made me laugh when l read Jokic had score 40 points on Wemby, etc the usual narrative. The team has to learn from this defeat and it was more Spurs that lost the game that Denver won it. Fox for example screwed up big time when it matters and Wemby was close to score the winning shot and things would have been totally different. Anyway, haters are going hate no matter what."
2026-04-10 22:23:12,2014 San Antonio Spurs Best Plays From The NBA Finals
2026-04-10 22:33:36,"People have been talking about the Spurs inexperience being a weakness all season. Especially after they wiped the floor with OKC, which is when the ""can this team win the West"" talk really started happening.  Personally, I don't think it's crazy that a single game that went that way shifted the way people talked about the Spurs somewhat. Is it the end all be all? No. The postseason hopes aren't a wrap just because the Spurs lost to the Nuggets in overtime by two points. At the same time, though, you can't say stuff like ""we should have won that game"" and not expect some warranted criticism to come this team's way.  What I do think is silly, though, is people acting like the Nuggets present some kind of unsolvable puzzle for the Spurs. All three games, win or lose, have been close. Jokic poses a unique problem to every team he plays. The Spurs aren't uniquely challenged by him or the Nuggets. The Spurs win that game pretty handily if Fox, Keldon and Steph hadn't gone literally 0/16 from three. Terrible shooting on their parts made the game closer than it probably should have been. Considering the Spurs are elite at generating open threes, I also don't think Denver's defense really played a role in that. Plain and simple, it was just bad shooting by those two. That and the strategy of sagging off of Christian Braun ended up burning them in the end.  Ultimately, if Wemby had hit that game-winning shot at the end of regulation or if Wemby hadn't rotated over to Jokic along with Champagnie which left Gordon wide open for the dunk, the game wouldn't have gone to OT. People would be saying the Spurs own Denver. Fans are mercurial like that.  But, yes, I'm still taking San Antonio is a seven-game series. While Aaron Gordon did a great job guarding Wemby in those final minutes of regulation and in overtime, the Nuggets couldn't stop him from getting whatever he wanted all game. Maybe he won't put up 34/18/7/1/5 every game in a series, but I don't really see how Denver will be able to stop Wemby from getting what he wants. It'll really come down to the other guys rising to the occasion on both offense and defense. The score was 134-136. I have more faith in the Spurs defense to contain Denver's elite offensive output than I do in Denver doing that to the Spurs. Will Jokic really have multiple games where he doesn't turn the ball over even once? I highly doubt it. The only wrinkle to that is Peyton Watson. He can definitely cause some issues on the defensive end. Not saying a Spurs-Nuggets series will be easy, but I don't think the Spurs, as a team, are at a disadvantage."
2026-04-11 02:02:56,Pistons and Spurs were told to go all out in meaningless games.
2026-04-11 02:13:54,As a Spurs and Niners fan that lives in SA………ewwww to that comparison
2026-04-11 02:16:01,"Post Game Thread - NBA: The Spurs defeat the Mavericks on Apr 10, 2026, the final score is 139-120. This post contains content not supported on old Reddit. [Click here to view the full post](https://sh.reddit.com/r/NBASpurs/comments/1si6gex)"
2026-04-11 02:16:18,"STILL on track for 63-19   Someone tell Jacob Tobey adult 🦙 are 290-440 lbs according to google.    👽 got his 20 minutes and give him DPOY and MVP, mr 💯 starting to find his groove and 1️⃣1️⃣still hot from three.    Playoffs are coming soonnnnn!   Go Spurs Go!"
2026-04-11 02:16:21,"That was the funniest final 4 minutes of a blowout in recent memory. Sean and Jacob went full ""remind the teacher about homework"". Keldon just wanted to statpad his 6MOY stats"
2026-04-11 02:16:24,WEMBY IS DPOY  FUCKING *FINALLY!!!!*
2026-04-11 02:16:25,Shoutout to the Mavs for letting us get so many highlights this season lol. Coop's gonna be an absolute force in this league tho
2026-04-11 02:16:38,"Glad Wemby's going to get that DPOY, he deserves it."
2026-04-11 02:16:45,Unc 17 points in the final game to average 10
2026-04-11 02:16:45,Barnes needs 17 points in the last game to average 10ppg
2026-04-11 02:16:47,"Hell yeah for the win, DPOY on lock, hope Kornet isnt banged up too bad"
2026-04-11 02:17:19,Haha Wemby literally said in the post game interview that if he would have had 65 games he wouldn't have played today.  GIVE HIM HIS DPOY NOW!
2026-04-11 02:17:29,"VICTOR WEMBANYAMA: DPOY, MVP, FMVP. ITS ONLY HIS THIRD YEAR! 🐐 TRAJECTORY."
2026-04-11 02:17:31,VICTOR WEMBANYAMA TONIGHT:  40 POINTS   13 REBOUNDS   5 ASSISTS   2 BLOCKS   1 STEAL   14/23 FGM   26 MINUTES  Wemby is officially first team ALL NBA  Wemby is officially first team ALL DEFENSE  Wemby is officially the DPOY  Wemby is officially the MVP.
2026-04-11 02:17:32,Hand up. I was completely wrong about vic looking tired out there. Laid belt to ass to mavs all game. He's ready for the playoffs.
2026-04-11 02:17:42,Tied 2013-14 win total!!
2026-04-11 02:18:02,Wemby literally just cruised in first gear all night knowing he just had to get though the game. Rest up for playoffs big boy.   Thank you for an amazing regular season.   We are so lucky. Don’t take it for granted
2026-04-11 02:18:03,Vic wasn't content with just getting to the 20 minute mark - he went and decided he wanted the win.
2026-04-11 02:18:30,first option unc barnes on our last game
2026-04-11 02:25:05,Give Keldon the damn 6th Man of the Year while you're at it!
2026-04-11 02:27:27,Nuggets announcer is not informed that NBA cup game is counted towards the eligibility and is saying he needs to play Nuggets game to qualify 😂🥀
2026-04-11 02:28:28,"OKC is 6.8x more likely to lose in a B2B or 3rd game in 5 night scenario Was interested to see what conditions OKC lost most of their games in and found with the exception of one game, the Spurs on Dec 13 the following was true.  Scenario 1: second night of a back-to-back  Scenario 2: the third game in a span where the first and third games are within 5 calendar days inclusive  In those bucket games: about 15 losses in 55 games = 27.3% loss rate  Outside those buckets: about 1 loss in 25 games = 4.0% loss rate  **Takeaway:** OKC was 6.8x more likely to lose when the game occurred on a back to back or third game in five night scenario.   With home court for the playoffs and staggered schedule the Spurs and OKC clearly stood out as heavily advantaged with favorable schedules and rest versus other top contenders.   Approximate values for the same ruleset:  Thunder  \~27%  \~4%  \~6.8×  Spurs  \~28%  \~6%  \~4–5×  Pistons  \~30%  \~18%  \~1.7×  Nuggets  \~34%  \~27%  \~1.3×  Celtics  \~31%  \~27%  \~1.2×  first real post and on a phone sorry for bad formatting."
2026-04-11 02:28:36,Fox was massive for us in the third quarter
2026-04-11 02:34:23,We're living in a technofascist surveillance state and the CoL is so fucking unbearably high... BUT THE SPURS ARE FUCKING OWNING  ![gif](giphy|KebNkLQS13Nv4fI2ti)
2026-04-11 02:55:13,"Expectations for Wemby this playoffs? While I do believe they’re championship contenders (I personally actually have them winning it all) the glaring factor or biggest weakness is lack of playoff experience.   Because of that, the Spurs feel like the ultimate wild card. Besides losing in the first round, I don’t think anyone would be shocked if they either lost in the second round, or won it all, based off the roster and personnel. If you’re best equipped to beat the Thunder, you can beat anyone in today’s league.  The more interesting question is what do you expect Wemby to be like in the playoffs? Plays below his regular season stats, around the same, or a playoff riser? Since this is his debut, even in the first round, I’m expecting a lot of “rookie” mistakes, which is why the first round may go a little longer than people anticipated, or a blown lead in the 4th once or twice."
2026-04-11 02:57:06,Wining regular season games means dick in the playoffs. They’ve never meant anything
2026-04-11 02:57:38,"Spurs will not have a lottery pick in the draft for the first time since 2019 🏀🏀🏀 With how well the Spurs have done this year, their own pick will absolutely not be anywhere near the lottery. The one real chance we had this year at getting yet another lottery pick was if the Atlanta Hawks made it in.  Due to past trades/deals made, the Spurs own pick-swapping rights with them for this year’s draft. However, the Hawks have officially secured a playoff spot in the East and will not have their own pick be in the lottery this year either. The Spurs can still swap with them if it’s for a better position in the draft, but it won’t be a 1-14 selection 🙏🏻🏀"
2026-04-11 02:57:40,"84 points per game, 16-0"
2026-04-11 02:59:43,Something like 50pts + 33 rebounds + 2 assists (his teammates gonna sell) + 12 blocks + maybe a few steals since he'll just snatch some shots instead of block em
2026-04-11 03:00:29,"I believe that Wemby is absolutely a playoff riser. His performance in the '24 Olympics convinced me of that. The NBA Cup games solidified my belief. We'll see how increased minutes affect his performance, but I can absolutely see him averaging more than his regular season averages."
2026-04-11 03:01:12,He’ll win basketball games or he won’t
2026-04-11 03:01:12,"Can’t lose R1 or he will get deservedly shit on (but that won’t happen). Can lose R2 to Denver as long as he performs well individually.   But quite possible they go all the way, honestly. They’re #2 in championship odds. This isn’t some dark horse.   His offense will be the interesting thing to see. Teams are going to hound him physically. Refs have allowed more physicality in playoffs the last few years so it could get annoying for him. I wouldn’t hold it against him if his efficiency declines for that reason. And if it doesn’t? Great sign"
2026-04-11 03:02:18,It's a further sign that we're on the right path
2026-04-11 03:03:25,"I expect his efficiency to get a serious hit due to both the fact he is often unstable against good defense and he starts to chucking questionable shots and making stupid unnecessary dribbles; and increased minutes cause you just can't play 29 minutes in play-off. And finally, lack of experience. So I think he will have his moments, maybe even dominate one or two games, but overall Thunder or Nuggets will highlight his weaknesses."
2026-04-11 03:04:21,We've picked up some amazing players over the years even outside of the lottery. It's all good.
2026-04-11 03:05:07,"Everyone offensively gets tagged down a peg in the playoffs even Jokic and SGA so he’s not gonna outperform his regular season. (I guess he could technically he could by averaging more minutes) But he has a high floor to play well in the playoffs there’s the obvious defense he provides and also his offense in transition and lobs alone is a very solid floor. Then if he is scoring in any way decently that’s probably gonna be an easy 20+ point game.   I also can’t wait for Wemby to learn an opponent throughout a series. Wemby has had awesome leaps within his seasons on how he’s learning the NBA game, I can’t wait to see his great potential in learning work."
2026-04-11 03:06:16,How much would a move into the 10-14 range realistically cost us in terms of picks?
2026-04-11 03:06:48,"Dont need one. Wemby/Castle/Harper are already going to be our core moving into the future, and paying them even at 80% value is going to take up a big chunk of the cap. At this point adding another top talent would just complicate things down the road.    We are already top 5 in offense and defense both. If we lose in the playoffs its going to be about experience and not talent."
2026-04-11 03:06:50,"I feel like we’d all be losing our minds over Flagg if Wemby didn’t exist, because holy shit"
2026-04-11 03:07:08,"I think he will be great in the playoffs and am really looking forward to seeing him play. If they lose early, I think it will be because his young supporting cast under performs against a veteran team."
2026-04-11 03:08:13,Genuinely think the Spurs win the chip this year and his GOAT case begins
2026-04-11 03:09:38,"2nd round bound at the very least, the 8-10 man rotations on spurs is crazy good and he doesn’t need 36mins every game. Therefore 25-12-3.5 stocks"
2026-04-11 03:09:39,Teams usually underperform relative to the regular season their first time in the playoffs. I also think Wemby isn’t strong enough to take the physicality and get pushed around. I think next year he’ll be insane but this year he will mildly disappoint
2026-04-11 03:10:44,I have them being bounced in the 2nd round. The playoffs are a different breed of physicality and teams will play the Spurs to make other guys beat them.
2026-04-11 03:16:36,"The way this sub has been going on about him and the Spurs as champions already, I expect he'll defeat the Thunder as the MVP and dominate whoever makes it out of the East."
2026-04-11 03:23:41,Do 3rd game in 5 nights happen in the playoffs ever? Or no?
2026-04-11 03:25:42,"Victor Wembanyama ties David Robinson for the most 40 PT, 10 REB games in a season in Spurs history (5)"
2026-04-11 03:26:17,"Victor ""The Calculator"" Wembanyama on the 65 Game Rule"
2026-04-11 03:26:48,If Wemby can sustain his effectiveness for 38-40 minutes a night is over for the league
2026-04-11 03:30:07,"i am not crying about this at all. contract wise we don't need another star. we need role players!!    AND- as of right now, their pick is 20 and ours is 29. moving up 9 spots is not bad. this past year, there were a number of solid role players still on the board at 20. given that this draft is supposed to be even deeper than last year... i'll take it!"
2026-04-11 03:37:04,I think he plays good but his other teammates with no playoff experience have 1 or 2 bad games that cause them to lose a series against Denver or okc
2026-04-11 04:03:39,"We drafted extremely well 3 years in a row. Wemby &gt; Castle &gt; Harper / Bryant. Couldn't ask for more tbh.  The real challenge from now on is to think of a way to keep them together post 2028. It's not impossible to keep Wemby / Castle / Harper together, but it'll require some sacrifices. The most likely scenario is that we'll be forced to choose between castle and harper, which would break my heart if it happens."
2026-04-11 04:11:18,We didn't have a lottery pick for years when Timmy was around. We did fine.
2026-04-11 04:12:28,We have one more game left. Wemby please.
2026-04-11 04:24:17,Injuries and playing hard on defense every game gets you in those scenarios. Lucky for okc there are no b2b in the postseason.
2026-04-11 04:40:14,"The mental math was strong here.  That said, I think the threshold needs to drop to 60 games. I'm glad Wemby got to 65 but his impact on the season would have been just as big had he not played this last game. Same Luka and Cade, playing the 2-3 extra games they need wouldn't have changed much.  I know that argument can be made at any cutoff. But 65 is pretty strict over a course of a long season. 60 loosens it a little bit but not too much. About 73% of the games."
2026-04-11 04:42:12,"I’ve been saying since December that the Nuggets and T-wolves are tougher playoff matchups for SAS than the Thunder. Wouldn’t surprise me at all for Nuggets to take out the Spurs in the second round. It would suck, sure, but not a surprise in any way."
2026-04-11 05:13:33,Wemby will see this and will ask to play!
2026-04-11 05:37:41,Spurs wanna win the championship right?    Always take the shot to eliminate a surefire threat to your playoff run.  They should play to win finale imo.  1.  It’s basically 1 game to eliminate either one (OKC or Denver).  2.  You are at home.  3.  A week rest after the finale.
2026-04-11 07:31:42,Victor Wembanyama is set to become the 4th DPOY with the highest scoring average and second DPOY in history after Hakeem Olajuwon in 1993 to average 25ppg and not win MVP
2026-04-11 08:07:35,"i've watched wemby more than you have (yes, i promise.) what no one is clocking yet is that he has another gear, one that occasionally comes out in short spurts against jokic or giannis, but we haven't seen for a full game. the dumb rookie stuff stops and it's like he's playing the whole floor.   y'all are in for a playoffs, lemme tell ya."
2026-04-11 11:58:22,"El sentido común dice que será Fox,el que tenga que marcharse,son 8 años de diferencia,sería de locos dejar irse a castle-harper."
2026-04-11 14:17:36,The irony is what the Spurs have done is what everyone intended the draft to do. To make a non-competitive team competitive by giving high draft picks.   And people are mad about it. lol
2026-04-11 14:54:17,Wemby should wear those goggles in one of his photo shoots
2026-04-11 15:34:24,"Spurs, treat the Denver game like a Playoff Game, let me Explain The Lakers are going to win their game. That means if we lose, we have to beat Nuggets in second round and OKC in third and possibly Celtics. That is crazy. Win this and play possibly a battered OKC and one more hard series in the Finals. Also, Wemby can pop out and show up for the MVP discussions. Also would be a good tune up right before Playoffs instead of going in rested and rusty. Let's go Wemby. Let's go Spurs. 🥳🥳🥳🥳🥳🥳🥳🥳🥳🥳🥳🥳🥳🥳"
2026-04-11 15:37:22,"I know we're ""not scared of anyone"", but I hope they're smart enough to know the opportunity that's at hand. Denver would take OKC at least 6 games, likely 7. They're the team you don't want to face before your biggest test. I'm hopeful everyone but Castle is a go, because I imagine the Nuggets' plan last night of trying to get out of the 3/6 hasn't changed. They'll make sure Jokic gets his ~~20~~ 15 minutes, but in the second half, at least, I expect them to mail it in. Give them what they ask for  The Rockets' choke job worries me a little bit because the Lakers could decide they like where they're at and they would no longer risk losing home court, but the Jazz are tied with the Kings so should still be seeking out a loss for lottery purposes. Plus, I think LeBron is past the age of caring about seeding"
2026-04-11 15:44:08,"I'll be very fascinated to see how Denver plays it tbh. I assume Jokic plays for awards, but from their perspective if they lose they get Houston, who I'd prefer round 1 over Minnesota. Then they'd have to go through (presumably) us and OKC regardless. Wouldn't be shocked if they sit Gordon and some others and only play Jokic the minimum minutes, but we'll see"
2026-04-11 15:49:22,"Agree. I don’t see why Denver look for a win from their angle. No matter what they are going to play us and OKC, it is just the order.  Then for the 1st round, rockets comparing to Minnesota is an easier opponent for sure."
2026-04-11 15:56:07,"I'm a Timberwolves fan and came to see what the consensus was on if the Spurs should try this game, awesome to hear and completely agree (would way rather face Lakers -&gt; Spurs than Nuggets -&gt; Spurs!)"
2026-04-11 16:13:56,We really screwed up not beating Denver a week ago or whatever it was. We really needed that one. It felt like a playoff game. Jokic and Wemby were both insanely good.
2026-04-11 16:21:35,"Denver is not incentivized to win tomorrow. If they stay the 3rd seed their possible path to the Finals is Wolves &gt; Spurs &gt; OKC. If they go to 4th, their path would be Rockets &gt; OKC &gt; Spurs.  Having to play OKC in the second round sounds bad, but given possible injuries, they may be the healthiest early in the playoffs. Plus everyone wants to play either LAL or HOU right now."
2026-04-11 16:28:04,We are so blessed. I don't take it for granted.
2026-04-11 16:32:08,I for one welcome the competition. Of course I’d like an easy path for the team and giving Wemby more time to rest between rounds. But play who’s in front of you and don’t worry about the rest. Since we are “inexperienced” a tough battle against the nuggets could be incredibly beneficial for the conference finals and beyond. If we’re really a championship team then it won’t matter who we play.
2026-04-11 16:39:34,"If lakers win and denver loses, are the lakers necessarily 3rd seed ?"
2026-04-11 16:41:12,"Would love to know what we will be doing with that 1st round pick, been super disconnected with the draft this year"
2026-04-11 18:14:22,"Man this is so fun. The last week has felt like an ultimate chess match. Who's gonna play who? Who's trying to position themselves into a solid 2nd round matchup? Etc.   But yes, after thinking about it ... I think the Spurs should play to win tomorrow. It's too good of an opportunity"
2026-04-11 18:23:03,"Having the least amount of losses is going to make the multiple higher. Also, you have to consider that these scenarios are when they're most likely to be resting players."
2026-04-11 18:34:35,"It doesn’t matter, spurs playing Minny in round two (assuming SA get past Phx in rd one - which admittedly isn’t a given)."
2026-04-11 18:54:43,"If youre a neutral fan or a fan of one of the bottom 10 teams - who you gonna root for in this year's playoffs? Since the bucks season went the way it did (and all im gonna say is: at least its gonna make for interesting episodes of Collapse and Beef History on Secret Base), personally i will be rooting for either Spurs or Nuggets in the west cuz im a big jokic and wemby fan, but also i really want to see Pistons make a deep post season run cuz it would make for a great storyline, of their 3 year turnaroud. As for the Finals, im just hoping its gonna make for a competetive series with close games, and im hoping at least one of those 3 teams makes it there   How about yall?"
2026-04-11 19:00:14,"In daily life a Pacers fan, but rooting for the Spurs these play offs. I have always had a soft spot for that franchise building it all the up from my earliest moments of NBA fandom, me liking/respecting well ran franchises (even if I am not a fan of them). Pop is one of my favourite HC's in league history (and to unbiased me the GOAT) and Duncan has always been high on my favourite player lists.  Now they have my namesake Wemby, who I enjoy as player and person (for how he seems to be at least)."
2026-04-11 19:00:32,"I mean, my team isn’t a bottom 10 team and can still squeeze into the playoffs like last year but fuckin’ hell…a repeat of that Cavs series feels very much so on the table lol   Anyways aside from that, I’d like Denver to do it. Jokic is generational and I think that 2nd ring would go a long way in cementing his status as an all time legend for real."
2026-04-11 19:06:28,Spurs or Nuggets
2026-04-11 19:08:11,Im rooting for the Nuggets I want Jokic to win another ring
2026-04-11 19:16:35,"I think Wemby will be good. He has proven he can rise to the occasion. The Olympics is actually a much bigger deal than playoffs for Euro players.   It's the rest of the Spurs that I am worried about. As a Spurs fan, I honestly don't know what to expect. I'd feel okay if it is a tough loss in 2nd round, unless it's losing to the Lakers. Anything more I'd be thrilled."
2026-04-11 19:19:01,"To keep the decade's trend, i'm rooting for any team that hasn't won this decade. Spurs and pistons final isn't impossible."
2026-04-11 19:27:13,I would love to see the Hornets bring utter chaos to the top seeds over in the East   I need to see a playoff series between the Pistons and Hornets haha
2026-04-11 19:46:25,I only pay attention to the Spurs everything else is noise. Most likely they wanna chase who won th last game to get people to engage in their clout.  Nah I’m good!
2026-04-11 19:52:27,"For me, yeah for sure, lets try to win tomorrow. But i will rest out wemby. If we win, good for us. But if we lost, well we have to battle it our with Denver and OKC going to the finals. It is what it is. f you think about it, it will be a big boost for us, experience and confidence wise if we beat Denver. If we lost to denver, its ok. We are still a head of schedule. We dont deserve championship if we dont beat Denver or OKC."
2026-04-11 19:53:34,"Of the teams with realistic contention chances, I am rooting for the Nuggets because I want Jokic to get as many accolades as possible. I believe he is a top 5 talent of all time and I want him to have the championships that ensure he gets the respect he deserves in the future.  I always root for the Warriors to an extent because Steph Curry is the most fun player to watch of all time. I would love to see them get into the playoffs at least and make a fun series (to keep expectations realistic).  The Spurs have been a great story and I would not mind seeing them make it far. Wemby has quickly become one of my favorite players in the league and him making a deep playoff run or even winning a championship so early in his career would be just incredible to watch.  In the east, I am probably rooting for either the Cavs because I would love to see Harden win a championship at last or the Celtics because there is really nothing I love more than elite coaching and GMing, plus the way they have handled this season has been just so ridiculously good."
2026-04-11 20:05:51,"Rooting for the Spurs, actively rooting against OKC"
2026-04-11 20:09:25,Denver should want to see OKC a soon as possible. They have a much better chance to beat them early. If Spurs were in their place they would probably want this as well. I guess we will see how they okay it on Sunday.
2026-04-11 20:20:13,"I want Charlotte to get out of the playins and have a great tense series against Detroit. I think I want New York to get out of the East, but I'd be happy with Cleveland or Detroit. I don't want San Antonio to win it all because I think they'll have a ton of chances in the future. Denver have basically become my secondary team, so I'd like for them to get one more title, but if Minnesota beats them in the first round I'd love to see a Cinderella run from them."
2026-04-11 20:23:28,Mind: Hornets. Them winning would be pure chaos.   Heart: Spurs. They are just so fun to watch.   Soul: Anyone and Everyone that isn't Lakers /OKC.
2026-04-11 21:15:35,"Victor Wembanyama admits he is expecting to make history in the 2026 NBA awards race Wemby has a chance to do something historic — become the first unanimous DPOY in league history, and when asked whether he would be surprised if that didn’t happen, he gave a direct answer: “Yes. Yes, I would.""  [FULL STORY](https://www.basketballnetwork.net/latest-news/victor-wembanyama-admits-he-is-expecting-to-make-history-in-the-2026-nba-awards-race)"
2026-04-11 21:17:36,"I'm rooting for the nuggets or wolves in the west, celtics in the east. Spurs are fun too."
2026-04-11 21:27:59,Naaah you can't risk Wemby in a tough battle for nothing. One week of rest is perfect for him before 1st round.   If you want to be the champion you have to beat any team in 7.    No need to think much about this. And we need to focus on 1st round before thinking about the rest.   We are favorites but it can be tough anyway.
2026-04-11 21:29:27,"Hornets and Timberwolves.   I mean, I always root for them anyway (unless they're playing the Jazz), but definitely continuing in the playoffs."
2026-04-11 22:30:03,Spurs injury report for tomorrow
2026-04-11 22:35:40,I don’t think Wemby should play. He got his 65 games. It’s better to conserve energy
2026-04-11 22:39:24,It sucks that Kornet picked up another knock. Thankfully we have a week of rest coming up
2026-04-11 22:41:50,I say spank them like we did that laker team when they sat everyone. Send Denver into the playoffs with an ass kicking last game.
2026-04-11 22:50:08,So the Hospital Spurs against the Hospital Nuggets ?
2026-04-11 22:50:28,"Lukes injury is surprising, i thought it was his wrist that looked like it hurt.  I feel like our second unit can take out denver in any case, even if vic, dev and steph don't play"
2026-04-11 22:51:32,icl I want a pissed off Wemby so he goes extra HAM in the playoffs  someone please cast a vote for Chet
2026-04-11 22:55:56,Blazers -16.5  Lakers -16.5  Both teams can still improve their seeding with a win while their opponents have the same record and are battling it out for the 4th spot in the lottery. I can’t think of a better scenario with 2 teams needing a win and the other 2 needing to lose.
2026-04-11 22:56:15,I am hoping the spurs at least win the game. Chance to drop nuggets to 4th and swing the playoff bracket in their favor. That has to be a tempting situation
2026-04-11 23:09:47,Wemby will play at least a quarter
2026-04-11 23:16:59,That's like the first game ever that I don't care if he plays. I just need the team to feed HB. Brother needs a ~~15~~ 17point game at least for the record.
2026-04-11 23:33:11,"I don’t understand why they wouldn’t treat this as an absolute must win, winning this game will likely knock nuggets into the 4 seed.  Nuggets are arguably the worst match up for the spurs in the league, worse than the OKC. Matching them and OKC together could literally win us the chip."
2026-04-11 23:34:17,"Man sucks Kornet got hurt. I can't imagine Wemby playing and if he does it won't be long like Jokic. Even with most of Denver's starters out, if we don't have Kornet and Wemby, we're toast."
2026-04-11 23:35:35,"I don’t understand why the Nuggets game is not treated as an absolute must win Nuggets are arguably the single worst match up for the Spurs, we don’t have a proper answer for Jokic. If we can knock them down to the 4th seed and put them up against the OKC, that can literally win us the chip.  I think they should treat it as a literal playoff game, what do you even mean everyone is questionable ?  Edited: playing this one game doesn’t automatically get everyone injured for the playoffs. We are young and still get like 5 days of rest before the playoffs start. It’s just a game, and an easy one too, almost all the Nugget starters are sitting."
2026-04-11 23:36:26,"Questionable means they still may play, only Kornet is out"
2026-04-11 23:38:39,This individual game is absolutely 100% not more important than having everyone healthy for the actual playoffs.
2026-04-11 23:39:54,I wouldn’t be surprised if nuggets sit their starters again. I don’t think they care too much about playing the spurs. I believe they would rather face OKC early than in the wcf.
2026-04-11 23:40:37,"Im rooting for Rockets, Twolves, OKC, Pistons, or Spurs.  Actually, I’m ngl, I’m just rooting for great basketball lol, I don’t even care who wins, I just like watching and playing ball."
2026-04-11 23:43:41,"The wolves are arguably a worse match up as are the Suns, who SA hasn’t beaten at full strength.   The amount of hand wringing about a second round match up is so goofy when they’ve not yet won a playoff series."
2026-04-11 23:46:32,"&gt;we don’t have a proper answer for Jokic.   To be fair no one does lmao. That’s why he’s one of the greatest offensive big men ever. Nuggets seem to be resting more people than we are so it should be a winnable game, I doubt jokic plays heavy minutes"
2026-04-11 23:46:41,lol  You know there’s a first round…right? The priority is get everyone healthy for the first round. Looking past the opponent in front of you is how teams get upset.
2026-04-12 00:25:42,Some random narcissist will probably not have Wemby top 1 just so that they talk about him.
2026-04-12 00:26:58,"The Spurs are far deeper than the Nuggets. With the starters out on both teams, they have a big advantage."
2026-04-12 00:27:59,"TBH if you go into the playoffs not believing you can beat a specific team and trying to negotiate matchups, you’re already cooked.   The Spurs can beat the Nuggets."
2026-04-12 00:34:12,"Wemby’s minutes: The real story Let's be real about Wemby's minutes situation  Every time someone brings up Wembanyama in the MVP conversation someone replies with ""yeah but he only plays 29 minutes a night"" like that's some kind of knock on him or proof he can't handle a starter's workload. It's not. And if you actually look at the data it tells a pretty clear story.  The season breaks into basically three phases:  Pre-injury (games 1-12)  This is the only stretch of the season where Wemby was fully healthy, no restrictions, no minutes management, just playing basketball. He averaged 34.4 minutes per game over those 12 games. That's a normal starter's workload. That's what he looks like when the Spurs just let him play.  Post-calf return through mid-January  After he came back from the calf strain he picked up against the Spurs were obviously careful. He came off the bench for six games and was on a hard minutes restriction. His numbers in this window are basically meaningless and drag down the season average substantially.  Post All-Star break  Right when Wemby got back towards a normal amount of minutes the spurs go 27-3 and have a ton of blowouts. a huge chunk of his sub-28-minute games this season ended with a 20+ point margin. That's not a minutes restriction, that's just winning.  So when people cite his 29 MPG season average as evidence of some kind of limitation, they're averaging together three completely different situations a healthy stretch where he was logging 34+, a deliberate post-injury ramp-up, and a bunch of garbage time he just didn't need to play in.  The pre-injury number is the real number. 34.4 minutes per game, 26.2 points, 12.9 rebounds, 3.6 blocks, on a 9-4 team. That's what Wemby looks like at full throttle. Everything after that has an asterisk attached to it that has nothing to do with his ability to hold a workload.  Just something to keep in mind the next time someone uses ""only plays 29 minutes"" as a talking point."
2026-04-12 00:36:03,The reason is that this sub has gotten cocky as fuck. They would rather the Spurs face Jokic and then OKC instead of the Wolves and it makes zero sense to anyone with basketball knowledge.
2026-04-12 01:02:18,"Shit, I would argue him only playing 29 minutes and still being as impactful as he is would be a positive for his MVP campaign.  But, yes, this is r/NBASpurs and not r/NBA"
2026-04-12 01:16:25,Let's Go | Victor Wembanyama anyone know the value? can't find online
2026-04-12 01:53:03,For whatever it's worth the betting line has been increasing in our favor all day long. I think it's at Spurs -11.5 right now and still moving... #GoSPURSGo  🏆🏆🏆🐐👽🏰🦊🪉🍾🍍🏆🏆🏆
2026-04-12 01:53:28,"An argument you could add : No one on the Spurs roster is playing big minutes. Wemby is 4th en the 1st one is Fox with 31min, then Castle and Vassel around 30. They just don't need to"
2026-04-12 01:54:10,"My thoughts exactly. This is the most important game of all 82 and it’s not close. This game has MASSIVE Spurs Championship implications on it, more than any other game in the last 9 years. I would really really appreciate MATFO and the Spurs higher ups to treat this like a championship-swinging opportunity. Everyone needs to play, Steph, Wemby, Vassell. Play. This is the whole point of the season. We can lock in ONE extremely challenging series out of three before the NBA FINALS?????! This is malpractice if we are not going BALLS TO THE WALL to win this game, it should feel liek Super Bowl Sunday down there at FBC.   With Denver resting everyone except possibly 15-30 Jokic Minutes, if we play all our guys we can blow them the F####CCCKK out of the water in like 16 minutes of game time and cruise to a 30 point win with Carter going for 20+ and HB getting clinching his 10.0 PPG average in the second half, meanwhile Keldon can put finishing touches on 6th-Man. This is it, right here, this is our season. However if we rest most of our staters and they have Jokic, we risk having to deal with a three time MVP in his prime for an ENTIRE 7GAME SERIES. Win NOW WITH ALL THEIR STARTERS/BENCH GUYS OUT, GET YOUR WORK DONE EARLY, RIGHT TF NOW!!!!   In the words of the Alien himself, SCREW IT, LETS GO DO THIS !!"
2026-04-12 02:03:38,"The definitive MVP argument for Victor Wembanyama Fantastic read and work by nekias of the dunker spot podcast, backed up by a SMART and CONTEXTUALIZED usage of diverse stats (something all too rare nowadays). Enjoy!   What point stuck out to you the most?   Edit: I see that people are commenting that they were already convinced. Nekias' point was not to convince anyone that wemby is the MVP but to make as good and fair of a case as he can for him,  which is why he also wrote an article for Shai and Jokic.   I shared this article mostly because of the quality of his article and his argumentation."
2026-04-12 02:49:40,Watching the Playoffs in ATX/Round Rock Austin/Round Rock crew! Any good watch parties/bar spots where I can watch Round 1 of the playoffs with fellow Spurs fans?
2026-04-12 03:17:40,Castle and Wemby should make All-NBA 1st
2026-04-12 04:18:04,Match-ups Which team would you like the Spurs to face in the first round of the playoffs?
2026-04-12 05:06:23,Easily the Blazers. That's an easy sweep. Suns I feel could sneak a game or two from us with some hot shooting and maybe some stupid Dillon brooks antics. Keep Dillon brooks far away from Wemby as possible
2026-04-12 05:12:19,"Maybe more than any other team, the Spurs consider the full career of a player when they determine minutes of a young player.     True, Wemby hasn’t proven himself to be durable yet, but he also hasn’t shown he can’t handle the rigours of a season plus playoffs yet. He may prove to be very capable."
2026-04-12 05:47:59,I am already convinced. The media has to be though and i doubt a majority are voting for Wemby.
2026-04-12 05:55:19,"Bucks +15.5 - 76ers laying this many points without Embiid unless it's to an absolute bottom feeder team (like Wizards, Nets, etc, not the Bucks) is way too much - they're legit a below average team without him  Suns +5.5 - OKC might legit have the worst ""backup roster"" in the league. When they say they're ""resting starters"" they mean literally playing their 3rd and 4th string guys and that's it. They'll have an 8 man rotation in this game that will become a 7 man rotation once Dort hits 20 minutes of gameplay (to become eligible for defensive honors). And Dort is the only guy in that rotation that's a decent player. As fraudulent as the Suns are and even with the missing players they have they can straight up win in this spot.  Nuggets +11.5 - I think there's close to zero chance Wemby, Castle, or Vassell play in this game - and once they're ruled out this spread will look way too big. They only played last game to make sure Wemby reached awards eligibility. Yeah if they win they can put the Nuggets on the other side of the bracket and maybe make their playoff run a little easier down the road. Other than that it's a meaningless game - all those key players are dealing with legit injuries and playing them jeopardizes winning the first playoff series which is all they're guaranteed. Nuggets bench is also significantly better than OKC bench see previous pick."
2026-04-12 07:16:37,"missing mvp this year is gonna bring back 2014 spurs, watch out nba"
2026-04-12 09:25:51,"He has a really strong MVP case in every which way. But according to recent polls, these goddamn media and players think he’s not even top 5. I understand the media part, the media has always been batshit crazy, ….  …but the players?? Y’all avoiding wemby like the plague while he’s dropping 40 bombs on yall heads. And you really think he’s not top 5? Really?? These are jealous mfers because a mere 22 year old is leapfrogging all of them to the top.  I hope wemby is aware of this shit and I would want him to have a historical playoff run to shut down these insecure POS."
2026-04-12 09:33:10,"we were one trae young trade away from potentially drafting our final piece at the 4 to literally be the most stacked starting 5 to have all been on rookie contracts at the same time, imagine the prime  PG - Dylan Harper   SG - Stephon Castle   SF - Carter Bryant   PF - 2026 Top 4 Pick   C - Victor Wembanyama  And I mean even if it doens't jump and the hawks are like the 10th pick, still heaps better than the 20th"
2026-04-12 13:24:55,The Spurs have missed the playoffs 9 times since the lottery was introduced in 1985. They have gotten the #1 overall pick 33% of the time they enter the lottery. 66% of the time they jump up in draft position. 1987 1st pick David Robinson jumped up 3 positions  1989 3rd pick Sean Elliott jumped up 1 position  1997 1st pick Tim Duncan jumped up 2 positions  2020 11th pick Devin Vassell no change  2021 12th pick Joshua Primo no change  2022 9th pick Jeremy Sochan no change  2023 1st pick Wemby jumped up 2 positions  2024 4th pick Stephon Castle jumped up 1 position  2025 2nd pick Dylan Harper jumped 6 positions  Edit: capn_trips has a great post about nba teams and their lottery luck I would like to share https://www.reddit.com/r/NBA_Draft/s/XqgEeKQKBU
2026-04-12 13:26:04,"Scenarios for today:  * **Eastern Conference:** **Atlanta** (46-35) can secure the **No.  5 seed** with a win over Miami, or drop to No. 6 if they lose and both **Orlando** and **Toronto** win.  **Toronto** (45-36) can clinch a **top-6 seed** with a win over Brooklyn, while **Orlando** (45-36) can rise to No. 6 if they beat Boston and Toronto loses.  **Philadelphia** (44-37) can reach No. 6 only if they win and both Toronto and Orlando lose, otherwise they are locked into the play-in.  **Charlotte** (43-38) and **Miami** (42-39) are battling for home-court advantage in the **9 vs. 10 play-in game**.  * **Western Conference:** **Denver** (53-28) can lock in the **No.  3 seed** with a win over San Antonio, but a loss combined with a **Los Angeles** win would drop them to No. 4.  **Los Angeles** (52-29) can claim the **No.  3 seed** if they beat Utah and Denver loses.  **Portland** (41-40) and **LA Clippers** (41-40) are fighting for the **No.  8 seed**, with **Portland** holding the tiebreaker; a **Blazers win** clinches No. 8, while a **Clippers win** combined with a **Blazers loss** gives the Clippers the spot.      \- Denver should want to face the Rockets over Wolves. Jokic might start but will be limited to 20 minutes just to get him the 65th game."
2026-04-12 13:27:26,"Utah has missed the playoffs 11 times since 1985. Not only has Utah never gotten the #1 pick, they have never even jumped up in draft position. Pacers have missed the playoffs 10 times. Neither team has gotten a top 4 pick from their own draft pick. Spurs have never jumped down in draft position, although I'm not certain how common dropping down is. Edit: Pacers drafted Rick Smits in 1988. I previously thought this was a traded pick. Both of Utah's top 4 picks were trades. Edit2: Saying the jazz haven't picked top 4 or moved up is basically saying the same thing twice. Only teams picked 1-4 move up"
2026-04-12 13:30:59,The even bigger statistical anomaly is each time they got the #1 pick a generational big man fell into their laps
2026-04-12 13:32:53,league had to do it for wemby’s sake. imagine him on the kings or something
2026-04-12 13:42:35,Thank goodness they ended up with 2nd and didn’t get first to pair Flagg with Wemby.
2026-04-12 14:42:45,Those big women in San Antonio tilting the odds
2026-04-12 14:57:50,Name a Better Duo: Spurs and Late Season Consequential Game Against the Nuggets Title.
2026-04-12 14:59:29,"NFL 5-3 | MLB 13-9 | NHL 2-1 | ***NBA 0-1*** | Tennis 1-1 | Soccer 4-5 | Golf 3-1  Overall Record: 28-21  Overall Streak: W5  Last pick: [HERE](https://www.reddit.com/r/sportsbook/comments/1sj3dic/comment/ofqlkl9/?context=3&amp;utm_source=share&amp;utm_medium=web3x&amp;utm_name=web3xcss&amp;utm_term=1&amp;utm_content=share_button)  -----  Last 3 NBA picks  - N/A  - N/A  - Nuggets vs Spurs | Spurs ML ❌  Link to last NBA pick: [HERE](https://www.reddit.com/r/sportsbook/comments/1sbykzd/comment/oe7uv9v/?context=3&amp;utm_source=share&amp;utm_medium=web3x&amp;utm_name=web3xcss&amp;utm_term=1&amp;utm_content=share_button)   -----  NBA Last 1: ❌  -----  Today’s Pick: Hornets vs Knicks | Hornets -11.5 @ 1.71 ✅  - Not much of an analysis here. Bunch of Knicks are out for management. Hornets have reason to win this game and will look to put it to bed early so they can rest key pieces into the 4th.  - All Hornets are healthy, and we know how they are… looking scary. They will want to close out the season strong here.   Risk  -----  Outcome: Hornets win 110-96  -----  Other picks today: [MLB](https://www.reddit.com/r/sportsbook/comments/1sj3dic/comment/ofqlkl9/?context=3&amp;utm_source=share&amp;utm_medium=web3x&amp;utm_name=web3xcss&amp;utm_term=1&amp;utm_content=share_button) | [Golf](https://www.reddit.com/r/sportsbook/comments/1sdgyjh/comment/ofr1vpn/?context=3&amp;utm_source=share&amp;utm_medium=web3x&amp;utm_name=web3xcss&amp;utm_term=1&amp;utm_content=share_button)  -----  Never required. Much appreciated | [buymeacoffee.com](https://www.buymeacoffee.com/ambitious_pitch)"
2026-04-12 15:04:58,Gregg Popovich and based takes
2026-04-12 15:22:46,"Tbh, Nuggets might not care. Assuming everyone wins their series, they’ll have to play both teams anyway. And in fact, given Spurs are more likely to be upset than OKC, they’ll have a better shot at not playing both teams by being on OKC’s side."
2026-04-12 15:51:11,"Free to Read: What every NBA team is playing for on the last day of the regular season No playoff or Play-In matchup is set heading into the final day of the NBA regular season, and a bona fide MVP candidate will have to play at least 20 minutes in Game No. 82 to meet eligibility requirements for the award.  And after running headfirst into Rory McIlroy’s historic Masters victory on this day last year, with the last games of the season playing out at the same time as the golf tournament, the NBA’s season-capping Sunday won’t get started until 6 p.m. ET, which means you should be able to [watch the awarding of the green jacket](https://www.nytimes.com/athletic/golf/) and most of the games that matter.  In the East, the top four seeds are set and belong to the Detroit Pistons, Boston Celtics, New York Knicks and Cleveland Cavaliers, respectively. The remaining six postseason slots are not yet settled. In the West, the Oklahoma City Thunder and San Antonio Spurs are locked into the first and second seeds, while the Houston Rockets are guaranteed to be fifth, the Minnesota Timberwolves are sixth, the Phoenix Suns are seventh and the Golden State Warriors are 10th.  Additionally, three-time NBA MVP Nikola Jokić, who leads the league in rebounds and assists and is having arguably his best statistical season, has appeared in 64 games to date. League rules — which the players’ union wants to change — require most players [to appear in at least 65 games](https://www.nytimes.com/athletic/7175723/2026/04/07/nba-awards-eligibility-65-games-tracker/) to be eligible for awards like MVP. The Nuggets can finish third with a win over the Spurs or a Lakers loss to Utah on Sunday, and Jokić, their anchor, was held out of Friday’s game with “right wrist injury management.” Denver coach David Adelman said, “We’re gonna have that conversation” Saturday.  [Read more for free here. ](https://www.nytimes.com/athletic/7188461/2026/04/12/nba-last-day-regular-season-playoff-seeding/?unlocked_article_code=1.aVA.vPTm.3vHNL1INe422&amp;source=athletic_user_shared_gift_article_copylink&amp;smid=url-share-ta)"
2026-04-12 16:18:30,"Here are the realistic paths to the NBA Finals for the Nuggets if they get the 3 seed or the 4 seed 3 seed:     Round 1: Timberwolves     Round 2: Spurs     Round 3: Thunder     This path is pretty clear cut and stay, since it’s unlikely that the Thunder lose in either round 1 vs the Warriors/Blazers/Suns/Clippers or round 2 vs the Rockets/Lakers, especially since a fully healthy Lakers team already struggled heavily vs the Thunder, it would go worse for a hospital Lakers team. The Nuggets basically know each team they will play from the get go, but its going to be the hardest path.     4 seed:     Round 1: Rockets     Round 2: Thunder     Round 3: Spurs/Wolves     In this scenario, the Nuggets might actually get an easier time in round 1 vs the Rockets, then they would face the Thunder in round 2 with potentially more rest, so even if it’s a slightly tougher series than the Spurs in round 2 would be, why not get them out of the way early? No defending champ has made it out of round 2 since 2019 as well. Then in round 3, while it’s quite possible you’ll play the Spurs, it’s not a guarantee. The Wolves likely will sweep a Lakers team with no Luka or Reaves, they beat them in 5 last year when the Lakers had those guys, so they would be well rested for the Spurs in round 2, imo thats a 6-7 game series that could go either way, so if you’re the Nuggets, you either get a potentially tired Spurs team that’s inexperienced, or a tired Wolves team that you’d have HCA over.     Imo one reason I don’t think the Nuggets care about their seeding that much is because the Lakers are banged up and will likely lose in round 1, if the Lakers were fully healthy, I think the Nuggets might go for the 3 seed in case they potentially saw the Lakers down the line of the playoffs, although the Lakers likely have the 3 seed clinched by now if they were fully healthy.     Thoughts?"
2026-04-12 16:20:41,If the Nuggets don’t fix their defence it’s going to be a Thunder vs Spurs conf finals regardless of their path
2026-04-12 16:23:43,I think the most realistic path to the Finals for the Nuggets is beating three straight teams in a best-of-seven series
2026-04-12 16:30:32,I think route 2 is the way to go and it seems the FO prefers it too because we’re basically punting the 3 seed today and giving the Spurs a chance to send us to the other side of the bracket. If we can’t make it past OKC we aren’t champ caliber anyway. Gotta beat the beat to be the best.
2026-04-12 16:33:10,"The Nuggets are more likely to make the NBA Finals as the 3-seed, but they are also more likely to lose in the first round as the 3-seed."
2026-04-12 16:36:15,season is too long. cut the season by 30 games so they will mean more.
2026-04-12 16:49:36,"Spurs playoffs display set, We ready Area 51 to the Left &amp; Right. Wemby and Castle ready to lock down the fort and lead the team in an out-of-this-world playoffs debut.   In the center, Spurs fiesta logo and champion chip legacy, Providing good luck and prosperity. Talented rookies ready to carry the torch.    Middle row, role players ready to bring the regular season outstanding accomplishments into the playoffs.   Top row, black and silver showing the team colors. As Spurs seek to represent themselves proudly in the post season.   Let's go!"
2026-04-12 16:50:45,This game is not consequential for us. I can think of no team in the league less likely to jeopardize health going into the playoffs in an attempt to influence who their 2nd round opponent might be. We are not in the 2nd round. We are preparing for the first. Looking past the first round is how good teams get embarrassed.
2026-04-12 18:11:52,"A look at the NBA playoff seeding scenarios entering the regular-season finale. With all 30 teams in action today, there are 10 postseason spots still to be decided.  ***Eastern Conference Scenarios:***  **Locked-in Seeds:** No. 1 Detroit, No. 2 Boston, No. 3 New York, No. 4 Cleveland.    **Atlanta Hawks**: Currently the No. 5 Seed. (vs. Miami Heat at 6 PM ET)  * No. 5 Seed:    * A **win** will lock in the No. 5 Seed for Atlanta.    * A **loss** *AND* Orlando **win** *OR* Toronto **loss**. * No. 6 Seed: A **loss** *AND* Orlando **loss** *AND* Toronto **win**.  **Toronto Raptors:** Currently the No. 6 Seed. (vs. Brooklyn Nets at 6 PM ET)  * **No. 5 Seed:** A **win** *AND* **losses** by Atlanta and Orlando. * **No. 6 Seed:** A **loss** *AND* **losses** by Orlando and Philadelphia. * **No. 7 Seed:** A **loss** *AND* **wins** by *either* Orlando or Philadelphia (but not both). * **No. 8 Seed:** A **loss** *AND* **wins** by *both* Orlando and Philadelphia.  **Orlando Magic:** Currently the No. 7 seed (vs. Boston Celtics at 6 PM ET)  * **No. 6 Seed:** A **win** *AND* Toronto **loss.** * **No. 7 Seed:** A **win** *AND* Toronto **win** *OR* a **loss** and Philadelphia **loss.** * **No. 8 Seed:** A **loss** *AND* Philadelphia **win.**  **Philadelphia 76ers:** Currently the No. 8 Seed. (vs. Milwaukee Bucks at 6 PM ET)  * **No. 6 Seed:** A **win** *AND* **losses** by Toronto and Orlando. * **No. 7 Seed:** A **win** *AND* a **loss** by *either* Toronto or Orlando (but not both). * **No. 8 Seed:** A **loss** *OR* with **wins** by Toronto and Orlando.  **Charlotte Hornets:** Currently the No. 9 Seed (vs. New York Knicks at 6 PM ET)  * **No. 9 Seed:** A **win** *OR* Miami **loss.** * **No. 10 Seed:** A **loss** *AND* Miami **win.**  **Miami Heat:** Currently the No. 10 Seed. (vs. Atlanta Hawks at 6 PM ET)  * **No. 9 Seed:** A **win** *AND* Charlotte **loss.** * **No. 10 Seed:** A **loss** *OR* Charlotte **win.**  **Western Conference Scenarios:**  **Locked-in Seeds**: No. 1 Oklahoma City, No. 2 San Antonio, No. 5 Houston, No. 6 Minnesota, No. 7 Phoenix, No. 10 Golden State.  **Denver Nuggets:** Currently the No. 3 Seed. (vs. San Antonio Spurs at 8:30 PM ET)  * **No. 3 Seed:** A **win** *OR* Lakers **loss.** * **No. 4 Seed:** A **loss** *AND* Lakers **win.**  **Los Angeles Lakers:** Currently the No. 4 Seed. (vs. Utah Jazz at 8:30 PM ET)  * **No. 3 Seed:** A **win** *AND* Nuggets **loss.**  * **No. 4 Seed:** A **loss** *OR* Nuggets **win.**  **Portland Trail Blazers:** Currently the No. 8 Seed. (vs. Sacramento Kings at 8:30 PM ET)  * **No. 8 Seed:** A **win** *OR* Clippers **loss.** * **No. 9 Seed:** A **loss** *AND* Clippers **win.**  **Los Angeles Clippers:** Currently the No. 9 Seed. (vs. Golden State at 8:30 PM ET)  * **No. 8 Seed:** A **win** *AND* Blazers **loss.**  * **No. 9 Seed:** A **loss** *OR* Blazers **win.**"
2026-04-12 19:21:08,"All NBA Games Ranked on Importance You can celebrate, u/AlmostHereButNot, as this is the final part of this series. I will have 3 tiers. One is game doesn’t matter for either team. Another is the game matters for one team and the last group are games that matter to both teams.       Games that Don’t matter for either team   Wizards at Cavaliers  Suns at Thunder  Pelicans at Timberwolves   Games that matter for one team   Magic at Celtics  Potential playoff series preview and Celtics fans don’t want that. The Celtics have clinched the 2 seed so this game doesn’t matter for them but the Magic need to win this game to have a chance at getting a top 6 seed. They need to win and the Raptors to lose to get it.  Pistons at Pacers  The Pacers want to lose this game so that they have the second best odds to get the number one overall pick while the Pistons have already clinched the one seed in the Eastern Conference so this game doesn’t matter to them.  Hornets at Knicks  This game is meaningless for the Knicks as they are stick as the 3 seed in the Eastern Conference but this game matters for the Hornets. If they win this game or the Heat lose, they clinch the 9 seed in the play-in tournament.  Grizzlies at Rockets   This game is meaningless to the Rockets but the Grizzlies want to lose this game at stay at the 6th best chance to get the number one overall pick.  Nuggets at Spurs  This game is meaningless for the Spurs but the Nuggets if they don’t want to face OKC in round 2 needs to win this game or hope that the Lakers lose. The Nuggets are resting most of their starters so maybe they don’t really care.  Warriors at Clippers   The Clippers need to win this game and the Trail Blazers to lose to get the 8th seed in the Western Conference play-in tournament but this game is meaningless to the Warriors because they are stuck at the 10 seed in the play-in tournament.  Games that matter for both teams   Hawks at Heat (Game of the Day)  If the Hawks want the 5 seed they either need to win this game or hope that the Raptors and Magic win. The Heat, in order to get the 9 seed, need to win and for the Hornets to lose. The Heat are way better at home than on the road.  Bucks at 76ers  The 76ers need to win and for the Magic and Raptors to lose to get the 6 seed in the Eastern Conference while the Bucks want to lose so that they have the highest chance possible to get the number one overall pick.  Nets at Raptors   The Raptors need to win to get a top 6 seed and a Magic and Hawks lose to get the 5th seed while the Nets want to lose and the Pacers to win so that they get a chance for a higher draft pick.   Bulls at Mavericks   The Mavericks look to keep the 6 best lottery odds while the Bulls want to keep the 9 best lottery odds to get the number one overall pick.   Jazz at Lakers  The Lakers want the 3 seed in the Western Conference while the Jazz want to have the 4th best lottery odds so they are hoping that they lose and the Kings win.  Kings at Trail Blazers   The Trail Blazers want the 8 seed in the Western Conference play-in if they win or the Clippers lose. The Kings want to lose and the Jazz to win so that they have the 4th best odds to get the number one overall pick."
2026-04-12 19:22:33,"Lakers vs Jazz should be interesting.  I think they'd much prefer playing Houston in the first round, but the Jazz are professionals at tanking."
2026-04-12 19:22:33,This is nitpicky but could you add parentheses to the ones with more than 2 conditions to make things more clear?  ⁠”A loss AND Orlando win OR Toronto loss” could be interpreted as ⁠either “A loss AND (Orlando win OR Toronto loss)” or “⁠(A loss AND Orlando win) OR Toronto loss” which are significantly different.
2026-04-12 19:27:07,Isn’t the Nuggets and Spurs game important for the Spurs as well because they may or may not want to face the Nuggets in the second round as well?
2026-04-12 19:37:18,"Probabilities to be crowned 👑 Interesting stats to share about our probabilities to win it all being the second seed in the west 🏆   Stats are from year 2000 (so 26 seasons included), when you are second seed in the West :  1) last champion with 2nd west seed : 2018 warriors  2) nba champ : 11.5% (3 / 26)  yeah only 3 teams 😖 but it does include the 2005 Spurs 🤗 (and 2001 lakers, 2018 warriors)  3) finals appearance including winners : 27% (7 / 26)  add to the previous list : 2021 suns, 2013 spurs 😭, 2012 okc, 2004 lakers  So yeah, if we are crowned, it will be a hell of a feat 💪👽"
2026-04-12 19:42:14,It's not a healthy system when losing is good.
2026-04-12 19:45:17,"I think an interesting thing would be instead of looking at two seeds, look at how many teams that have won 60 games have won the championship over the last 30 years. There's a difference between being a two-seed like the rocket's last year, were the difference between them and the seven or eight seed was pretty minimal   And being a two-seed like the Spurs this year, Where they have the winds come of point differential, and overall body of work of a traditional one seed"
2026-04-12 19:52:08,"I think we are winning it, I give us like a 60% chance to win it all."
2026-04-12 19:53:32,"While the Pistons don't need the win for this season, it would be only the third time in franchise history that they got to 60 wins."
2026-04-12 19:54:44,Spurs do care about sending the nuggets to OKC’s side of bracket. What are we doing?
2026-04-12 19:57:48,"If we are crowned, I'm going to party like it's 2014!"
2026-04-12 20:19:55,"The Spurs Currently Have 7 Players Averaging 10+ Points A Game. 8 Players, if Harrison Barnes has a High Scoring game tonight. (An NBA Record) 1) Victor Wembanyama: 25.0 Points   2) De'Aaron Fox: 18.5 Points   3) Stephon Castle: 16.8 Points   4) Devin Vassell: 13.8 Points   5) Keldon Johnson: 13.1 Points   6) Dylan Harper: 11.8 Points   7) Julian Champagnie: 11.2 Points   8) Harrison Barnes: 9.9 Points. (NBA Record)  The most of any team currently in the 2025-26 NBA Season. Numerous teams have had 7 players average that amount. With the most recent team with 7 players averaging 10.0 Points + being the 2024-25 Indiana Pacers. But the Spurs could break that record with 8 players if Harrison Barnes scores high tonight.  Source for Point Averages: [https://www.espn.com/nba/team/stats/\_/name/sa/table/game/sort/avgPoints/dir/desc](https://www.espn.com/nba/team/stats/_/name/sa/table/game/sort/avgPoints/dir/desc)"
2026-04-12 21:22:10,"Game 82: here's a list of everything left to play for 1. Harrison Barnes needs to score 17+ points to give the Spurs an NBA record 8 eligible players averaging double figures for the season.  2. A win would take the Spurs to 63 - 19, tying the 2005-06 Spurs for the second best record in franchise history.  3. A win would mean the Spurs join OKC as the only teams with under 20 losses this season.  4. If the Spurs beat the Nuggets and the Lakers beat the tanking Jazz, the Spurs knock the Nuggets down to the 4th seed and both OKC and the Nuggets are on the opposite side of the playoff bracket.  5. Wemby playing would take him to 65 games played on the season, although technically he's already reached the 65 game threshold based on the NBA Cup final. Wemby also has 199 assists and 197 blocks this season, and could reach 200+ in both categories."
2026-04-12 21:25:20,Iso Harrison Barnes vs backups. We will be there
2026-04-12 21:30:07,The only thing left to play for is seeding if Mitch cares to temp the basketball gods
2026-04-12 21:32:54,"""If the Hawks want the 5 seed they either need to win this game or hope that the Raptors and Magic win.""  Why does both of the teams behind the Hawks winning help their seed?"
2026-04-12 21:34:22,Is Wemby playing?
2026-04-12 21:45:31,Need Mitch to go full 4th quarter Spo to get Barnes 17
2026-04-12 23:11:14,New spurs shirt Just In time for the playoffs :-)
2026-04-12 23:31:14,"13 dynasties in the MLB, NFL, and NBA have won 3+ titles in 5 years or less \\\*EDIT: SINCE 1970\\\*  Forgot to include that in the title lol 🤦‍♂️  \*\*THE TEAMS ARE:\*\*  Oakland Athletics (1972-74) MLB  Pittsburgh Steelers (1975-76, 1979 OR 1976, 1979-80) NFL  Los Angeles Lakers (1985, 1987-88) NBA  Chicago Bulls (1991-93, 1996-98) NBA  Dallas Cowboys (1992-93, 1995) NFL  New York Yankees (1996, 1998-2000) MLB  Los Angeles Lakers (2000-02) NBA  New England Patriots (2001, 2003-04) NFL  San Antonio Spurs (2003, 2005, 2007) NBA  San Francisco Giants (2010, 2012, 2014) MLB  New England Patriots (2014, 2016, 2018) NFL  Golden State Warriors (2015, 2017-18) NBA  Kansas City Chiefs (2019, 2022-23) NFL  Of the 12 games, 5 were in the NFL, \*\*5 were in the NBA\*\*, and 3 were in the MLB.  Is baseball the hardest sport to become a dynasty in (in the modern era at least). The Boston Red Sox won 4 rings in 15 years from 2004-2018, winning each championship at least 3 years apart, but all within 6 years or less of another.  \*\*I put the Bulls as one dynasty even though 2 separate Chicago teams did win 3 titles in two different 5 year spans (unlike the Steelers who’s overlapped).\*\*  The Patriots could also be considered one dynasty since it was led by Brady and Belichick the whole way through. But there was a substantial near decade long title drought from 2005-2013.  The only team to win an additional chip outside of the 5 year span but still within the same general era (we’ll say within 10 years or at least one chip) were the Warriors in 2022, the Spurs in 1999 and again in 2014 (Duncan was the only player on both the 99 and 14 teams), and  the Yankees in 2009, who had experienced a lot of change since 2000, but was still anchored by the Core Four.  The Yankees are the only team to win 4 titles in 5 years, and the Bulls are the only team to win 6 or more within 10 years or less (they did it in 7, as well as 6/8). The Lakers are the only other team to win 5 within 9 years (1980-88). And to get 5 in 13 years or less (they did it in 11 from 2000-2010). The Yankees and Patriots have both done it in 14."
2026-04-13 01:53:15,"Apparently the Spurs coaching staff had other ideas...such as ""Let's make it easier for OKC to repeat."""
2026-04-13 02:53:26,"The Western Conference playoffs are set: (7) Suns vs. (8) Trail Blazers, (9) Clippers vs. (10) Warriors. (1) Thunder vs. (8) TBD, (2) Spurs vs. (7) TBD, (3) Nuggets vs. (6) Timberwolves, (4) Lakers vs. (5) Rockets. Source: \[https://www.espn.com/nba/standings\](https://www.espn.com/nba/standings)  The Western Conference playoffs are set: (7) Suns vs. (8) Trail Blazers, (9) Clippers vs. (10) Warriors. (1) Thunder vs. (8) TBD, (2) Spurs vs. (7) TBD, (3) Nuggets vs. (6) Timberwolves, (4) Lakers vs. (5) Rockets."
2026-04-13 02:54:01,"Post Game Thread - NBA: The Nuggets defeat the Spurs on Apr 12, 2026, the final score is 118-128. This post contains content not supported on old Reddit. [Click here to view the full post](https://sh.reddit.com/r/NBASpurs/comments/1sjymdn)"
2026-04-13 02:54:08,"MISSION COMPLETE: 62-20 and #2 in the West   ✅ Regular season dominance   ✅ Best record in 2026   ✅ 👽 and 💪 in great position for end of season awards   ✅ A+ Team Chemistry   🏰🍦🇫🇷🦙🍍🦊👽🍍1️⃣1️⃣🍾Mr 💯   PLAYOFF MODE ACTIVATED , time for the race to 16-0   Go Spurs Go!"
2026-04-13 02:54:14,What a pathetic game
2026-04-13 02:54:18,Number 1 priority has to be a find a 3rd big man with an actual pulse or a real power forward. Genuinely embarrassing rebounding effort tonight. HATE the way we chose to end this season
2026-04-13 02:54:19,Lakers Rockets will be a playoff series
2026-04-13 02:54:22,THANK YOU FOX
2026-04-13 02:54:26,Even if we beat the rockets (we won’t) we’d have to face OKC second round lmao fml
2026-04-13 02:54:26,gave me hope only to witness 3 fox misses in a row 😭
2026-04-13 02:54:27,No more fucking headbands.  Can we please get a cheap/young center that has a pulse next year? No Wemby or Luke is dreadful.  I find it very hard to like Fox.
2026-04-13 02:54:29,"This is karma for what we did to Denver 2 years ago in game 82, isn't it..."
2026-04-13 02:54:29,"Our biggest weakness as a team was on full display today, which is our lack of size outside of Wemby and kornet. We couldn’t defend the rim or rebound at all. A tall power forward will work wonders for this team. Anyway time for playoffs!"
2026-04-13 02:54:33,"Minnesota and Denver are linked at the hip, they can't get away from each other"
2026-04-13 02:54:36,What a night for Wembys mvp case
2026-04-13 02:54:38,Wow those missed three barrages at the end of the game ... Great hustle but have to hit those.
2026-04-13 02:54:40,Welp hope we enjoyed playing Denver cause we're probably gonna see them a lot more now
2026-04-13 02:54:44,This is fucking hilarious. Spurs were trying sooo hard to not face Denver.
2026-04-13 02:54:58,what in the fuck was today man we could have avoided the Nuggets and Barnes was 5 points short 😭 oh well one week til playoffs can’t wait
2026-04-13 02:54:59,If we cant beat their bench with most of our starters then im a bit worried for that 2nd round matchup against the Nuggets man
2026-04-13 02:55:11,"Spurs finish the season 30-4 in final 34 games, for 62-20 record. Last time spurs won 62 games they also won the title in the 2013-14 season Amazing season, made a gigantic leap from 34 wins to 62. Super proud of the team for making leaps in so many areas and for our rookies Harper and Bryant.   Now time to get ready for Spurs playoff basketball again!   GO SPURS GO!!!!!"
2026-04-13 02:55:17,if we lose 2nd round to the nuggets this game will be looked back on for years
2026-04-13 02:55:42,Us Thunder fans were genuinely more committed to the nuggets spurs game than our own today lmao
2026-04-13 02:56:04,It’s actually crazy that San Antonio was actively trying to win this game by playing Fox and castle as much as they did and they still lost. This team is terrified of Denver. Denver played there bench besides 20 minutes of Jokic and still won like props to Denver but San Antonio must be terrified.
2026-04-13 02:56:49,"In a game where we could’ve avoided Denver which has been our toughest matchup, we decided to sit Wemby when he played a game before and dropped 40 in 26 min.   I still think we win vs Denver but if we do lose against a possible matchup against them. I’ll look back at this loss as the dumbest decision by the staff."
2026-04-13 02:56:59,"According to some cliff divers I saw, the Spurs are doomed."
2026-04-13 02:57:43,"Disappointed with the way the Spurs shot tonight. They didn’t play and pass the ball around like they normally do. I get Wemby is out, but still there were too many ball hogs tonight."
2026-04-13 02:58:28,"Will lose in the 2nd round because we could not Gameplan around David Roddy and Julian Strawther. Ego and negligence, that’s how the spurs chose to the end the season."
2026-04-13 02:58:43,They’re going to regret not playing Wemby.
2026-04-13 02:59:08,If only we could’ve avoided playing the team that gave us 3 of those 4 losses in the second round
2026-04-13 03:02:27,We lost to Denver 3 of those times lma we are cooked
2026-04-13 03:02:58,"Pretty much the outcome I expected when I heard Wemby and Kornett weren’t playing. This Nuggets team is gonna be a thorn in our sides in the playoffs, but the saying goes is ‘steel sharpens steel’."
2026-04-13 03:03:18,Why are some yall acting like adding the Nuggets to our playoff road is not a ginormous deal?
2026-04-13 03:17:45,the entire spurs team and nuggets teams are criminals bruh   these bums really want to go through two brutal series just to face no sweat okc
2026-04-13 03:19:23,"Game 1 is Sunday night 🗓️ Spurs post game show just said Spurs first playoff game is next Sunday night, 8pm. Let go!!!!"
2026-04-13 03:28:08,"With the playoffs coming soon, what is everyone’s most anticipated team matchup to watch? I cannot wait to watch the thunder-nuggets/spurs conference finals, i just hope it’s a close competitive series     I really hope we get to see detroit vs boston this year as well, i think that’s a matchup that will be just as good as anything the West has to offer"
2026-04-13 03:29:06,rn im getting my popcorn ready for the bloodbath that will be nuggets/wolves. Spurs really fucked that up lol
2026-04-13 03:30:28,Clippers vs OKC/Spurs -- im ready for it all
2026-04-13 03:30:45,The Thunder/Spurs/Nuggets death row in the west and Celtics Knicks in the east
2026-04-13 03:30:59,Spurs vs Nuggets/Wolves will be cinema no matter who makes it to round 2.
2026-04-13 03:31:19,Im excited for the potential Thunder vs Spurs. Victor is very competitive and always seems to take the Chet matchup personally. Should be fun
2026-04-13 03:31:30,"Nuggets will be the entertaining team in the west, every series they are in should be good.  I'm excited to watch Charlotte mess up some teams in the east."
2026-04-13 03:33:02,"In game 81 of the 2023/24 season, the out-of-playoffs Spurs beat the Nuggets dropping them from the 1st seed and giving them the less favorable playoff bracket. Everything really does come full circle especially considering that at the time the Wolves were considered the Nuggets worst matchup"
2026-04-13 03:33:30,Pretty much whatever series Denver is in for the duration.
2026-04-13 03:34:53,Now they lost and gave us the less favorable playoff bracket anyways lol
2026-04-13 03:35:07,I hope SA loses to either PHX or Portland after the shit they just pulled.
2026-04-13 03:37:26,"Genuinely, why did the Spurs play Wemby against the tanking Mavs instead of the tanking Nuggets? Wemby needed to play 1 game between the Mavs or Nuggets either way to qualify for awards. The 2 seed is locked up so they didn't need to win either game, Wemby just needed to participate.  If they care about the win total, Spurs could have beat the tanking Mavs without Wemby. And worst case of playing him against the Nuggets is Wemby gets more reps against Jokic ahead of the playoffs.  If Wemby played the tanking Nuggets today it would have been an easy win and made the Spurs' path to the WCF so much easier.  Do spurs fans have any insight on this decision?"
2026-04-13 03:39:01,Maybe Wemby is more injured than we thought? Only reason I can think of
2026-04-13 03:39:19,"End of the day you are either good or not.  Seeding doesn’t actually matter.  It’s all cope and loser talk. Good teams win, bad teams lose."
2026-04-13 03:39:23,"West: Nuggets vs Wolves, Spurs vs Nuggets/Wolves, Spurs/Nuggets/Wolves vs OKC.   East: Cavs vs Raptors, Celtics vs Knicks, Pistons vs Cavs, Pistons/Cavs vs Celtics/Knicks"
2026-04-13 03:39:33,We dont want to give the nuggets any additional chances to practice against us. We may play them in the playoffs and the more you play a team the more you get used to them ( division rivals in the nfl)
2026-04-13 03:41:19,Short-sightedness. “The next game gets Wemby to 65 games so let him play that one.”
2026-04-13 03:41:20,Because Wemby would try hard against Jokic as they are both competitive which may cause unnecessary injury or fatigue.
2026-04-13 03:42:13,"They thought they could win without him playing and didn't want him to play against Val who is a physical player, especially since his ribs aren't fully healed probably."
2026-04-13 03:42:45,"Personally I think the top 3 most interesting potential matchups for the first round are:  Nuggets vs Wolves  Knicks vs Hawks  Pistons vs Hornets  Maybe Lakers vs Rockets will get views for the first couple games, but it just doesn't have the same juice without Luka and Reaves  Spurs vs Suns or Celtics vs 76ers could also be interesting  Everything else is a bloodbath or Cavaliers vs Raptors just doesn't have a huge draw to it."
2026-04-13 03:42:56,Probably because Wemby has a bad bruise and they didn't want it to get worse by having him play against Jokic and Valanciunas
2026-04-13 03:43:37,The ripple effect that game had was crazy. Nuggets end up getting the Wolves who were built by their ex GM and blew a 20 point Game 7 lead. Thunder get beat by a Mavs team that was a terrible matchup for them but that also led to trading for Caruso and signing Hartenstein.
2026-04-13 03:45:53,Very simple.   Jokic puts the belt to that behind every time they play.
2026-04-13 03:50:56,They won nearly as many games in Feb/Mar/Apr as they did in Oct/Nov/Dec/Jan
2026-04-13 03:52:37,"they've been playing pretty well without him and with nuggets resting everyone besides jokic getting 15 mins, so they underestimated and paid the price"
2026-04-13 03:54:11,The delusional spurs fan in me think that maybe the spurs are just sickos and want the hardest path to the finals
2026-04-13 03:58:27,I think a lot of y’all forgot that we played better most of the year when wemby wasn’t even available. Half the year we went unbeaten without wemby.
2026-04-13 04:07:28,"They just underestimated the Nuggets bench. Nuggets had no bench last year but this year they have a pretty decent bench. Also, Nuggets weren't trying to lose, they just prioritized rest because there's not much difference between 3 and 4 seed for them."
2026-04-13 04:09:40,Wolves vs Nuggets in round 1 and then in round 2 Knicks vs Celtics and Nuggets vs Spurs
2026-04-13 04:13:08,"Apparently a bruised rib usually leads to 1-2 weeks off. Im a world without a 65 game rule, Wemby takes off all 3 games and just has 2 weeks to recover before playoffs. Even with the 40pts against Dallas it was clear he was in a bit of pain.  Although it would've been nice for some gamesmanship to play him, and although I would've hope that a Wemby-less Spurs would still be able to beat Jokic and rotation players (missing Kornet and having no interior presence just proved too big of a barrier) - you have to prioritise health above everything else on the eve of playoffs."
2026-04-13 04:14:59,The funny part about it was that it was entirely avoidable. Aaron Gordon and Jamal Murray decided to punk Wemby for no reason so he dropped 17 points in 3 mins on their heads and cost them the game.
2026-04-13 04:17:06,How were the Nuggets tanking? They came into this game on an 11 game winning streak. Them not playing all their stars tells us they didn’t care for matchups and weren’t ducking any team. They rather be healthy than try hard and get someone else injured. And in the end it worked for them.
2026-04-13 04:21:47,Wemby has been available for 77% of his games. He has played in 74% of total games thus far. Aside from a blood clot which caused him to miss 36 games last year he has had no durability issues.
2026-04-13 04:22:31,nuggets are on the largest win streak of the jokic era.  wym tanking lmfao
2026-04-13 04:30:11,Knicks vs Boston   Hornets if they get 8 vs pistons   OKC vs spurs   Denver vs spurs   Pistons vs Knicks   But tbh im hyped for every series besides Toronto vs Cleveland
2026-04-13 05:28:53,It’s hard to consider spurs when they couldn’t even repeat
2026-04-13 06:59:11,"Historical Correlation Between Net Rating and Winning NBA Championship With the regular season finishing a couple hours ago, and all the data from this year finally being available, I wanted to make a post highlighting the correlation between net rating and being an NBA champion.  Net rating is one of the best predictors of both regular season and postseason success. Here is every team since 2000 that won the championship and what their net rating was.  |Year|Net rating|Net rating rank|Team| |:-|:-|:-|:-| |2000|9|1|Lakers| |2001|3.5|8|Lakers| |2002|7.6|2|Lakers| |2003|5.8|3|Spurs| |2004|6.5|2|Pistons| |2005|8.3|1|Spurs| |2006|4.1|6|Heat| |2007|9.2|1|Spurs| |2008|10.8|1|Celtics| |2009|7.9|3|Lakers| |2010|4.9|6|Lakers| |2011|4.4|8|Mavericks| |2012|6.4|3|Heat| |2013|8.2|2|Heat| |2014|8.1|1|Spurs| |2015|9.9|1|Warriors| |2016|6.3|4|Cavaliers| |2017|11.4|1|Warriors| |2018|5.9|3|Warriors| |2019|5.8|3|Raptors| |2020|5.6|5|Lakers| |2021|5.8|4|Bucks| |2022|5.5|4|Warriors| |2023|3.3|6|Nuggets| |2024|11.7|1|Celtics| |2025|12.7|1|Thunder|  **Average net rating rank to win a championship:** 3.12  **Average net rating to win a championship:** \+7.25  **Median net rating rank to win a championship:** 3  **Median net rating to win a championship:** \+6.45  **Worst net rating to win a championship:** \+3.3  **Worst net rating rank to win a championship:** 8  .  Based on this data, if a team is top 8 in net rating they have a decent shot of winning the playoffs.  If a team is outside of top 3 in net rating, there is a significant drop off in the odds of winning. Based on this, you can probably tier teams by how competitive of contenders they are.  **Top 3 in net rating (Tier 1 teams)** \- One of these 3 teams are most likely going to win the championship, but it's not guaranteed. Teams in this category have won 65.4% of the time. (17/26).  **Between 4-6 in net rating (Tier 2 teams)** \- Teams in this range have a outside shot of winning, but still an okay chance. Teams in this category have won 26.9% of the time (7/26).  **Between 7-8 in net rating (Tier 3 teams)** \- The odds of a team in this range winning is unlikely, but still a realistic outcome. Teams in this range have won 7.7% of the time (2/26).  **Outside top 8 (Tier 4 teams)** \- The odds that a team in this range wins is slim. However, some teams in this range have gotten close. Teams in this range have won 0% of the time since 2000 (0/26).  .  To put everything into perspective for this season, here are the net ratings of every team in the postseason in order.  *(No team outside the top 20 in net rating made the postseason)*  1. Thunder: +11.1 2. Pistons: +8.4 3. Spurs: +8.4 4. Celtics: +8.3 5. Knicks: +6.4 6. Rockets: +5.4 7. Nuggets: +5.2 8. Hornets: +4.9 9. Cavaliers: +4.1 10. Timberwolves: +3.1 11. Raptors: +2.9 12. Hawks: +2.2 13. Heat: +2.1 14. Lakers: +1.5 15. Suns: +1.4 16. Clippers: +1.1 17. Magic: +0.6 18. 76ers: -0.1 19. Trail Blazers: -0.4 20. Warriors: -0.5  .  **Tier 1 teams this season** \- *(Reason for Boston not being here is addressed in closing notes)*  OKC, DET, SAS  **Tier 2 teams this season**  BOS, NYK, HOU  **Tier 3 teams this season**  DEN, CHA  **Tier 4 teams this season**  The rest  .  However, this shouldn't be taken as the end all be all, because some teams teams outside of the top 8 have been close before, with some teams outside the top 8 even making the finals.  **Teams outside the top 8 to make the finals in previous years:**  2025 Pacers - #13, +2.1  2024 Dallas Mavericks - #15, +2.1  2023 Miami Heat - #21, -0.5  2020 Miami Heat - #17, -0.1  2018 Cleveland Cavaliers - #14, +1.0  2010 Boston Celtics - #9, +3.7  These are the only teams from the year 2000 and on that have made the finals while being outside the top 8 in net rating.  A team outside the top 8 in net rating has made the finals 23.1% of the time (6/26).  .  **Closing notes -** *(Potential improvements to the analysis)*  It's important to note that the Celtics have almost the same net rating as the Pistons and Spurs, so this year specifically, it's probably dubious to list them as a tier II team, but just for the sake of keeping everything consistent across years, that's what I did.  The tier system can possibly be more precise if a tier system that uses net rating instead of net rating rank is utilized along with some sort of standard deviation calculations.  Flat net rating cutoffs could also potentially be better for tiering level of contention. For example, 'any team within 3 net rating of the top net rating team is a tier 1 team', 'any team between 3-6 net rating away from the top net rating team is a tier 2 team', etc, with possible adjustments to how much net rating each cutoff is.  There are also possibly ways to make the net rating data a bit more precise, such as using net rating metrics that factor out garbage time, factor strength of schedule, and factor rubberband effect.  **Source**  [Net rating data was gathered from here.](https://www.nba.com/stats/teams/advanced?Season=1999-00&amp;dir=A&amp;sort=NET_RATING)  .  **Edit:** I typod the year Miami made the finals the first time."
2026-04-13 07:46:00,The thing I learned the most from this post is that the Spurs finals teams truly were monstrous.
2026-04-13 08:03:53,"Don’t be down, guys~ this season was a huge success We finished **62W20L**. Yeah, it sucks we couldn’t close out the last game, but looking back, this season completely exceeded expectations.  **1. Back to 60 wins**   After 2016–17 with Tony, Kawhi, Manu, and LaMarcus, and then back-to-back 60-loss seasons in 2022 and 2023, we’re finally back to 60 wins, **skipping the play-in and heading straight to the playoffs.**  **2. 11 straight wins \*2**   **Two 11 game streaks**, and we **never lost 3 in a row** all season.   Since drafting **Tim Duncan**, only the **2011–12 lockout season** (with GDP + Kawhi) had a similar run with multiple 10+ game streaks and no 3-game losing streak.  **3. New “GDP”**   A near-DPOY **Wemby**, a two-way force in Castle, and a poised rookie in Harper — it really feels like a new version of GDP. **(VCD? VHS? lol)**  **4. Unselfish team basketball**   Seven players averaging 10+ pts (HB just barely missed at 9.9).   **Fox** giving up touches, **KJ** and **DV** adjusting their roles — you can clearly see the ball movement improving throughout the season.  **5. Coaching growth**   **Mitch** has taken a noticeable step forward — good balance between player minutes and winning, improved timeout usage, and much more consistent ATO execution.  **6. FO masterclass**   Making the playoffs **and** improving our draft capital:   **#29 + #59 → #19/20 (ATL) + #34/35 (UTA) + #42/43 (POR) + #44 (MIA)**  Now it’s time to get healthy and get ready for the playoffs:   **PHX / POR → DEN → OKC → BOS / DET**  **GO SPURS GO!!**"
2026-04-13 08:18:09,"Highest opposition win totals en route to winning a championship? To win a championship, all the WCF teams not named OKC or the Spurs might have to beat 3 60+ win teams this year if Detroit make the Finals. Combined total of 186 opposing team wins… what’s the highest number of win totals that a team has beaten on way to a championship?"
2026-04-13 08:19:57,Two 11-game win streaks is absolutely mental 🔥 That stat about no 3-game losing streaks since the Duncan era really puts this season in perspective.      Pop would be proud seeing Mitch develop like this - the timeout management alone was night and day compared to early season. Now we just need Wemby healthy for playoffs because that road through Denver and OKC is gonna be brutal 💀
2026-04-13 08:25:39,"95 rockets were the 6th seed and beat teams with 60, 59, 62, and 57 wins - in that order. It would be tough to top that win total."
2026-04-13 08:49:57,"What really stood out to me was how much energy Wemby and Harper were playing with. Meanwhile, Castle was the complete opposite — super composed.  Especially when dealing with trash talk or some questionable calls, that stone-faced calmness… it really reminded me of Tim."
2026-04-13 10:29:44,"“Nobody expected them to do what they’re doing” – Shaq picks Victor Wembanyama and Jaylen Brown as his MVPs this season He argued that while other candidates like the reigning MVP, Shai Gilgeous-Alexander and three-time winner Nikola Jokic, have put forth worthy campaigns, Wemby and JB have just been, in his opinion, the baddest guys in the league.  [FULL STORY](https://www.basketballnetwork.net/latest-news/shaq-picks-victor-wembanyama-and-jaylen-brown-as-his-mvps-this-season)"
2026-04-13 12:27:41,"I'm over the loss, bring on the fucking playoffs man. so excited to be back, can't win them all. We can beat anybody we match up with, Nuggets or not. Let's get this chip, GO SPURS GO!!!"
2026-04-13 13:09:23,"It would have been crazy to expect anything more than this season  Actual best case scenario season   And idk how we do that if our starting PG is a bum, yall chill on the fox hate fr"
2026-04-13 14:27:22,"2016 Thunder might have been the answer for this if they somehow managed to win.  They actually faced a combined opposition total of **182** (42-win Mavs, 67-win Spurs, 73-win Warriors), add in LeBron’s 57-win Cavs team and that gets you up to a whopping **239** or an average of 59.75 wins per opponent."
2026-04-13 14:37:58,Indeed. My only goal this entire time is to get out of the first round. Anything after that is gravy.  For a team that lacks playoff experience there will be bundles of it up for grabs this to set themselves up well for the future.   This a groundwork year. Next year though? We coming for everyone and everything as long as we're healthy.
2026-04-13 14:47:53,"""Ohh look at me my lobster is too buttery""  - some of our spurs fans....probably.."
2026-04-13 14:53:40,Playoff Wemby is going to be crazy.
2026-04-13 15:58:14,Snaq's comments only matter when they are positive for the Spurs.
2026-04-13 16:10:10,"The Athletic's Anonymous Player Picks - Who'll win 2026 NBA Finals; Top 3 - Thunder (50%), Spurs (25.3%), Celtics (8.2%) [The Athletic released the second part of their anonymous player poll, this one asking players who will win the NBA championship (besides your own team).](https://www.nytimes.com/athletic/7184200/2026/04/13/anonymous-nba-player-poll-2026-finals-thunder-spurs-celtics/)  Out of the 161 players polled, 146 responded over the course of late February through the start of April. The results:  * Oklahoma City Thunder - 50.0% (73 votes)  * San Antonio Spurs - 25.3% (37 votes)  * Boston Celtics - 8.2% (12 votes)  * Denver Nuggets - 7.5% (11 votes)  * Detroit Pistons - 4.1% (6 votes)  * Cleveland Cavaliers - 1.4% (2 votes)  * Los Angeles Lakers - 1.4% (2 votes)  * Minnesota Timberwolves - 1.4% (2 votes)  * Atlanta Hawks - 0.6% (1 vote)  Previous season poll results:  * 2025 - Boston Celtics (57.7% of 137 votes)  * 2024 - Denver Nuggets (55.9% of 127 votes)  * 2023 - Milwaukee Bucks (62.2% of 90 votes)  * 2019 - Golden State Warriors (79.5% of 110 votes)"
2026-04-13 16:11:14,So what you’re saying is spurs/OKC WCF to increase Celtics odds 😎
2026-04-13 16:14:29,It’s really hard to tell how the spurs will do this post season. Both Timberwolves and Nuggets are a matchup nightmare. Either way this post season should be pretty fun
2026-04-13 16:30:57,"Vegas odds rn  - OKC +115 - SAS +550 - BOS +550 - DEN +1100 - CLE +1100 - NYK +1800 - DET +2000  So pretty respectable order for the players, though there the difference between Spurs and Celtics on the survey is too high"
2026-04-13 16:41:22,"These people are sleeping on the Wolves man. Like ok they're probably gonna fall to OKC like everybody else, but 1.4%?"
2026-04-13 16:47:35,NBA Championship Winner Bets and Picks Discussion 2026 NBA Championship Winner Odds  | Team | Odds | |------|------| | Oklahoma City Thunder | [+110](https://sportsbook.link) | | San Antonio Spurs | [+500](https://sportsbook.link) | | Boston Celtics | [+550](https://sportsbook.link) | | Denver Nuggets | [+950](https://sportsbook.link) | | Cleveland Cavaliers | [+1600](https://sportsbook.link) | | New York Knicks | [+1800](https://sportsbook.link) | | Detroit Pistons | [+2200](https://sportsbook.link) | | Houston Rockets | [+6000](https://sportsbook.link) | | Minnesota Timberwolves | [+9000](https://sportsbook.link) | | Atlanta Hawks | [+13000](https://sportsbook.link) | | Philadelphia 76ers | [+17000](https://sportsbook.link) | | Charlotte Hornets | [+17000](https://sportsbook.link) | | Los Angeles Lakers | [+25000](https://sportsbook.link) | | Toronto Raptors | [+25000](https://sportsbook.link) | | Orlando Magic | [+35000](https://sportsbook.link) | | Phoenix Suns | [+60000](https://sportsbook.link) | | LA Clippers | [+70000](https://sportsbook.link) | | Miami Heat | [+70000](https://sportsbook.link) | | Golden State Warriors | [+80000](https://sportsbook.link) | | Portland Trail Blazers | [+200000](https://sportsbook.link) |
2026-04-13 16:55:56,Anonymous PlayerPoll for who will win the championship this year There were 146 votes total. [https://www.nytimes.com/athletic/7184200/2026/04/13/anonymous-nba-player-poll-2026-finals-thunder-spurs-celtics/](https://www.nytimes.com/athletic/7184200/2026/04/13/anonymous-nba-player-poll-2026-finals-thunder-spurs-celtics/)  1. Thunder 50%   2. Spurs 25.3%    3. Celtics 8.2%   4. Nuggets 7.5%   5. Pistons 4.1%   6. Cavs 1.4%  7. Lakers 1.4%  8. Timberwolves 1.4%  9. Hawks 0.6%
2026-04-13 16:56:46,OKC at +110 feels way too short for me. yeah they're good but championship is different beast than regular season.      I'm actually looking at denver at +950 - jokic still in his prime and they know how to win when it matters. spurs at +500 might be decent value too if wemby takes another leap forward this year.      detroit at +2200 is interesting longshot but probably throwing money away lol
2026-04-13 16:59:55,How to do the Celtics have 8.2%?? Spurs haven't even proven themselves in the playoffs yet.
2026-04-13 17:02:39,denver at +950 only makes sense if you believe murray stays healthy through four rounds. that's the real bet.
2026-04-13 17:08:46,"Riding Spurs +4000 ticket from preseason  Also a whacky +43000 parlay I had with future champions: Seahawks (won), Michigan (CBB, won), Avalanche (pending), OKC (pending)  BOL to all!"
2026-04-13 17:08:55,Spurs way too high
2026-04-13 18:00:48,It's weird that they used percentages for a poll with 146 votes. They also rounded down on the Hawks vote for some reason which leaves the total at 99.9%. I'm pretty sure these are the actual vote totals  Thunder - 73    Spurs - 37    Celtics - 12    Nuggets - 11    Pistons - 6    Cavs - 2    Lakers - 2    Twolves - 2    Hawks - 1
2026-04-13 19:11:32,"Maybe I'm crazy, but I'm low-key happy that we may end up facing Denver in the 2nd round Like, I know it's likely a tougher route, but there are some big benefits to this way too:  1) **Absolute Cinema.** Come on, guys, we can't lie, Wemby vs Jokic is THE BEST basketball there is to watch in 2026, bar none. And every game so far throughout their career has been among my favourites, win or loss. Having the best offensive and defensive players going at each other for 6 or 7 games, even if we lose (although I'd obviously rather not), I would still be satisfied to have watched such a masterpiece.   2) **You gotta beat the best to be the best.** At the end of the day, the Spurs gotta show that they can be the best team in the world. And there's no one we should be afraid of. Our guys have consistently shown throughout the season that they can beat anybody on any given night, they've more than earned our trust. Similarly, if Wemby wants to be recognized at the uncontested best player in the world, there's no beating around the bush. The only way will be by beating Jokic AND SGA in playoffs series. Trial by fire it is!  3) **There's no easy way to a championship.** Even seemingly weaker opponents can give you trouble under the right circumstances and matchups. The Wolves would have been—and still could be—an extremely difficult matchup for us. They've given us trouble even in stretches when they were struggling. They always play well against us and their size advantage has always given us trouble. Randle has been just as good as Aaron Gordon guarding Wemby, and we can never be safe from Ant going on an absolute heater from 3 and torching us (it just happened this season...)  4) **Humbling &amp; revenge on the Nuggets.** Some of their fans are getting too cocky for my taste. I see a lot of people acting like they got our number, and are somehow our counter in a similar way to what we are toward OKC. I think that's BS. They're a really fucking good team, I'll grant them that. But saying they're better than us? After beating us once in OT with Wemby, and against the Wemby-less Spurs, they barely won with Jokic and Murray going haywire and lost the other? Nah,  I don't think so. I believe we match up a lot better than most people give us credit. Jokic is a better defender than he gets credit for, but he still creates inherent weaknesses in rim protection, which are primed to be exploited. I also trust that Wemby will be able to slow him down 1-on-1 at least some of the time. It's gonna be tough, but very winnable overall.   5) **The importance of crescendo throughout the playoffs.** This is not something that often gets mentioned as people tend to focus on the strain of longer playoff series. And while that's a very justifiable concern, there's a flipside to that coin. Momentum is perhaps one of the most important facets of sport imo. While a team playing weaker competition in the 1st two rounds will be more well rested, they'll also lose on building momentum through adversity. Let's take the last playoffs for example. On paper, the OKC Thunder was vastly outclassing all other teams they faced after a dominant season, yet they were pushed to 7 games by two teams: the Denver Nuggets who had built momentum in the previous series against the Clippers (also going to 7 games while OKC swept the Grizzlies); and the Indiana Pacers, who had just won gritty game after gritty game at the buzzer. There's a real, tangible strategic benefit to going through adversity and building momentum as a group in the playoffs. Maybe it will be enough to offset the added fatigue, maybe it won't. Let's enjoy the ride regardless.  That was all to say that there's a half-full glass to find amidst this disappointing final game, and that we have much to be hopeful about. Please don't hesitate to share your thoughts and disagreements about one point or another. I look forward to being proved wrong at every corner 😝"
2026-04-13 19:12:46,"Official /r/nba Power Rankings #12 (04.13.2026) [24/30 rankers reporting this week.](https://docs.google.com/spreadsheets/d/1PBF52w8vs3VjgU1tDYClTzxOYbCY1-hisA6ZS0HopHo/edit?usp=sharing) /R/NBA's Power Rankings are published every two weeks which is a bit different from most rankings.  Other than that we rank the teams the same way as our competition. If write ups are left blank the team rep decided not to submit. We encourage any user to fill in the blanks in the comment section. Please follow /u/powerrankingsnba to see this more on your feed!									 									 \#	|	Team	|	Δ	|	Record	|	Comment	| --: 	|	:--	|	:--	|	:-:	|	:--	| 1	|	[](/OKC) Thunder	|	--	|	64-18	|	We are cooking. We finally have a healthy squad. Shai is going to the be MVP. JDub looks the best that he has all season. Chet and iHart continue to be a stalwart force on the inside. And our rotating cast of guards and wings have continued to show out in good form. AND, we are hitting 3s! Thanks to a Thunder loss, I expect the Thunder to take care of business @LAL (with no Luka and Reaves) and @LAC which should put an end to our season in practice. I imagine we'll have our 10-15 guys and two-ways play out last 2 games vs @DEN and vs PHX which should give us ~10 days before we play our first game of the playoffs, which is fairly similar to what we went through last season. I anxiously await to see my favorite team in the best part part of the season.	| 2	|	[](/SAS) Spurs	|	--	|	62-20	|	My oh my, what a season it's been. Obviously, the loss to Denver last night was a bit of a disappointment, but the team overall closed the season on a 30-4 run and now has a week to rest before setting off on its inaugural playoff run with this core. We'll see where the chips fall in the end, but this has truly been one of the most fun Spurs seasons I can ever remember watching; in many ways, it's reignited the childlike-joy I used to get from watching basketball growing up, where you were just never certain if you were about to see something you'd never seen before (and not just from Wemby, but from the entire cast). My hat's off to Mitch, the coaching staff, and the players on an incredible season, and I'm excited to see where the road leads moving forward.	| 3	|	[](/DET) Pistons	|	--	|	60-22	|	First of all, make Cade All-NBA eligible, the 65 game rule is dumb. 8-2 in our last 10 of the year, much of that without Cade. Cade's pneumothorax is healed up. We are ready to go after recording the 3rd 60 win season in franchise history. The injury may actually have worked in our benefit as it got other guys more playing time while he was out. Also let's talk about Bball Paul. 11/11 shooting in the finale for 26 points and 6 stocks. Is he the best 3rd string center of all-time? Signs point to yes.	| 4	|	[](/BOS) Celtics	|	--	|	56-26	|	At the beginning of the season most people thought the Celtics would be tanking for a top 3 pick and reset for next season once Tatum was healthy. Instead, the Celtics just clenched the 2 seed in the East *and* Tatum has been back for over a month. The story of the season though is the role players. Neemias Queta, Jordan Walsh, Luka Garza, Baylor Scheierman, and Ron Harper Jr. all entered the season looking to make a name for themselves. To show that they could be quality bench players for the Celtics in the coming years, and not just trade fodder or benchwarmers. Some of them got to shine against the Magic in the final game of the season, with Luka Garza going for 27 points and 12 rebounds, Ron Harper Jr. going for 27 points, 7 rebounds, 4 assists, and 4 steals, and Baylor Scheierman going for 30 points, 7 rebounds, and 7 assists. The shocking part? It was against a Magic team that actually played their starters and were playing for something. It was a must-win game for them and yet the Maine Red Claws beat them. Speaking of which, I just remembered they rebranded to the Maine Celtics and now I'm sad. 	| 5	|	[](/DEN) Nuggets	|	+3	|	54-28	|	Denver rolled into the playoffs with a 12-game win streak to end the season, securing the 3rd seed and landing on the more favorable OKC-less side of the bracket. The Nuggets enter the playoffs at full strength and poised for a deep run this year, and while this iteration of the Timberwolves may not be quite as fearsome as their last two teams which made the WCF, Ant and Co. will certainly put on a show and make for a challenging first round matchup.	| 6	|	[](/NYK) Knicks	|	-1	|	53-29	|	*""Impossible is a word to be found only in the dictionary of fools."" -Napoleon Bonaparte.*  Indeed, as the third-seed Knickerbockers seek to overcome the demons of last year's Conference Finals loss. The positive: every position has firepower, the bench is deep, and- when locked in- the ceiling is the sky. The negative: other teams are entering the playoffs scorching hot, and the Knicks have shown multiple times this year that pernicious habit of playing down to the competition. No lead is safe, no cigar yet worth smoking. It's been a great plasure doing these rankings for you all this year, and I hope that everyone enjoys the playoffs. Remember: Ball don't lie. Never has, and never will. 	| 7	|	[](/CLE) Cavaliers	|	--	|	52-30	|	The Cavs went 8-3 in the final stretch to lock up the 4 seed and a matchup with the Toronto Raptors. Last year, a healthy Cavs team completely dismantled the Heat in the first round, sweeping them with an average margin of victory of 31 points. That was the last time we saw the group of Darius Garland and the core 4 healthy together. 41 different starting lineups later, we’ve replaced Garland with Harden and have still hardly seen the grouping of Mitchell/Harden/Mobley/Allen together, but they’re all off the injury report now and had been amazing in the few minutes they’ve played together. This year’s playoffs need results, there’s no more excuses for this core in Donovan’s 4th attempt with the Cavs. A competitive ECF appearance is the bare minimum needed, but even then, it may not be enough. Anything less than that and we’ll undoubtedly retool outside the second apron. Thanks for reading these and good luck to your favorite team in the playoffs	| 8	|	[](/HOU) Rockets	|	+1	|	52-30	|		| 9	|	[](/LAL) Lakers	|	-3	|	53-29	|	What can even be said? The disastrous OKC game might have been the worst regular season game in Lakers history outside of the game where Kobe tore his Achilles tendon. But the Lakers are on a 3 game winning streak and have home court advantage going into the playoffs. And LeBron is doing vintage LeBron things.	| 10	|	[](/MIN) TWolves	|	--	|	49-33	|	Injury bug struck the Wolves at the worst possible time. Without Anthony Edwards and Jaden McDaniels the roster just isn't good enough to compete for a full 48. With the potential to fall into the play ins this is just a disaster of a season for the Wolves. 	| 11	|	[](/ATL) Hawks	|	--	|	46-36	|	Atlanta went 5-1 since the last rankings, with wins over Detroit, Boston, and Orlando. Atlanta is now 2 games clear of the play-ins with the tiebreaker over Philly, and ESPN now gives Atlanta a 93.4% chance to finish in the top 6. With 4 games left, Atlanta has New York, Cleveland x2, and Miami left on their schedule. Winning just one of those games *should* be enough to finish with a top 6 seed, but two would guarantee it. Also, huge shoutout to Jalen for winning player of the month, the first Hawks player to do so since the starting lineup won the award in January 2015.	| 12	|	[](/CHA) Hornets	|	--	|	44-38	|		| 13	|	[](/TOR) Raptors	|	--	|	46-36	|	LETS GO PLAYOFF TIME BABY! Honestly, both matchups are scary as heck and us being good against the Cavaliers in the regular season really doesn't matter. I look forward to doing these next year, thank you to everyone who interacts and reads these. 	| 14	|	[](/PHX) Suns	|	--	|	45-37	|	Week 0's write up: *After last season’s abomination, I just want to not hate my team. While Ishbia gets no love for putting us in this situation, the rebound this offseason has restored some optimism. The new FO non-stop from day 1 preached ⋆｡°✩ Alignment✩°｡⋆ in building this team. What they delivered through the pre-season is a young, tough, athletic, and defensively minded roster/scheme around Booker. One that will hopefully be super annoying for teams that expect them to roll over and die. Any return to relevance this decade will entirely depend on how well the young players develop and how quickly everything comes together. Expectations are very low, but maybe they can surprise us.* -- Yes. Yes they did.	| 15	|	[](/PHI) 76ers	|	+1	|	45-37	|		| 16	|	[](/ORL) Magic	|	-1	|	45-37	|	The whole season, encapsulated in these last few weeks. Blowout wins, blowout losses, close games that should not have been close. And to end it all, a loss to the Maine Celtics after being up by double digits at one point. Paolo has his strong games but also has plenty of moments where he is absolutely checked out. Franz and AB are back healthy but struggling to really get back into game shape. Desmond Bane was one of only 4 players across the whole NBA to start all 82 games this season, and the first Magic player to do so since Dwight Howard in 2009. Probably one of the only true bright spots this season. On the other hand, and as has been said time and time again this season, Coach Mose is almost guaranteed to be gone during the offseason but probably should have gotten the boot much earlier. At this point, I don't even think a Cinderella run similar to what the Pacers or Heat have done in recent years would be enough to save his job. But first it's about actually making the playoffs, with the Magic getting their first crack at it on Wednesday against the 76ers.	| 17	|	[](/LAC) Clippers	|	+1	|	42-40	|	Despite a 6-21 start to the season, trading away 2 all-star-caliber players at the deadline, and our front office embarrassing the shit out of a franchise legend for being mean, the Clippers have finished the season with a positive record and still have a chance to make it into the postseason. As someone who has supported this team since 2006 (s/o Cuttino Mobley real quick), I can safely say this has been the weirdest Clipper season that I have ever sat through. Kawhi Leonard, facing washed allegations and under league investigation for shady business practices, proceeds to average a career-high 27.9 PPG on 50/39/89 splits. You could not have asked more from him this season, and if he is to be punished for his Aspiration shenanigans and in turn ruining the team for seasons to come, what a way to go out at least. While both Harden and Zubac's presence have definitely been missed at times during this second half of the season, it was genuinely exciting to see this new core develop in the short time they've had together. While it hasn't all been figured out yet (Mathurin in particular has hit a bit of a cold streak and our rookie big Niederhauser broke his foot), it has been a while since we had a genuinely promising young core in a minute, so let us Clippers fans have this at least. In our immediate future, our losses against the Blazers have placed us against noted Clipper hater Steph Curry in the 9/10th seed play-in game. A hubris-filled matchup against OKC awaits us in the 1st round even if we break out of the play-in, so don't expect us to make too much noise in the postseason. But no matter what, this season has given us a lot to be hopeful for in the future, and hopefully we don't go out sad this April.	| 18	|	[](/POR) Trail Blazers	|	+1	|	42-40	|		| 19	|	[](/MIA) Heat	|	-2	|	43-39	|		| 20	|	[](/GSW) Warriors	|	--	|	37-45	|	Losing 7 of the last 8 including the most recent game to the Kings and Kawhi-less Clippers is a helluva way to limp into the play in as a 10th seed. With their current form and Kerr saying Curry, Porzingus and Dray will be on minutes restrictions for the play in, 1…2..3…Cancun feels inevitable.	| 21	|	[](/MIL) Bucks	|	--	|	32-50	|	Doc's gone and the season is over, Hallelujah! I never thought I'd experience a more miserable season than 2013-14 when we went 15-67, but this one somehow managed to be way worse! I am also surprised to find that I couldn't really care less if Giannis is traded or not at this point -- I just want the circus to be over. Either way, hopefully this summer, we will hire a great young coach and nail our first lottery pick since the Obama administration. 	| 22	|	[](/DAL) Mavericks	|	+3	|	26-56	|	The tank is finally over. Cooper Flagg made a strong case for Rookie of the Year, but regardless of what happens in that regard, his rookie year has given so much optimism to a semi-broken Mavs fanbase. Another notable rookie was Ryan Nembhard, who had 23 assists in the season finale. Overall, the Mavs have some rookies to look forward to having around for the long-term in Nembhard &amp; Flagg, but also as the team gets healthy and competitive, along with a top 10 pick, the rebuild looks to be quick and promising.	| 23	|	[](/CHI) Bulls	|	--	|	31-51	|	What a rollercoaster of a season. It's kinda funny to think we were the 1 seed at one point. Now that AKME is gone and all the remnants of the DeBallZach era are too, the future is finally looking bright for the Bulls. After a very odd trade deadline, we have found a hidden gem in Leonard Miller, and a promising prospect in Rob Dillingham. Matas Buzelis has been amazing for us this half of the season, and is proving that he has what it takes to be the face of this franchise one day. With Josh Giddey proving to be a borderline all-star, a top 10 draft pick in this years draft, and Noa Essengue coming back next season, this is probably the first time in however long I can say I'm hopeful for our future. 	| 24	|	[](/NOP) Pelicans	|	-2	|	26-56	|	The Pelicans had a nice little run, tricked everyone for a second, then lost eight straight and went 2–8 in their last 10 because of course they did. Now we’re back to the only thing this season has really been about: who is actually going to be here next year. Zion Williamson? Dejounte Murray? Jordan Poole? It doesn’t feel like a core so much as a collection of names waiting for someone to pick a direction.	| 25	|	[](/MEM) Grizzlies	|	-1	|	25-57	|		| 26	|	[](/UTA) Jazz	|	--	|	22-60	|	Congrats to John Konchar and Bez Mbeng for being the first teammates off the bench to have a triple double in the same game. That was rad. This season, however, was not rad. Alas, it's over. Jazz fans rejoice! Regardless of what happens in this draft (aside from Silver flipping us sideways and fucking us by giving our pick to OKC), we are out of the darkness. Tanking is no more! Now, I don't think that means we are automatically going to be a top 6 team in the West next season, but our future is bright. Ace Bailey is a baller. Keyonte George is the People's MIP, Lauri Markkanen is still Finnish, and JJJ + Kessler is going to be an insane defensive duo. I think we are in for some exciting times. This tank did not go how I imagined it would when we traded Donovan &amp; Rudy nearly 4 years ago, but hopefully it'll be worth it. God I hope it's worth it. 	| 27	|	[](/SAC) Kings	|	--	|	22-60	|	The season is mercifully coming to a close.  I have endured many seasons of bad Kings basketball, but this one might have been the most downright uninteresting.  A few more wins this week have dropped the Kings to 5th in lottery odds, and they're more likely to pick closer to 8th than in the top 4.  Demar Derozan sat the 2nd half of a blowout loss to the Clippers, and speaking as a Kings fan and a Derozan fan I truly hope we've seen his last game as a King.  In absolutley the least shocking news in the history of mankind, Zach Lavine picked up his $49.3 million player option for next season, which is even more bleak than it sounds.  Raynaud, Clifford, Carter, and Cardwell are playing big minutes and all look like they could be solid, unspectacular rotational players for years.  The Kings NEED a legitimate building block.	| 28	|	[](/BKN) Nets	|	--	|	20-62	|	The Nets have done their job, they finish with the best odds at snagging a top 4 pick in a loaded draft. It got dicey at the end there where the Nets were out-tanked by the Wizards and Bucks but they turned that around by losing 3 straight to the Pacers, Bucks, and Raptors. We now look forward to the NBA draft lottery where our fanbase's colletictive happiness will be determined by ping pong balls. This may very well be the last year that teams can aggressively tank so it's actually quite a monumental draft lottery that marks the end of some shameless tanking. 	| 29	|	[](/IND) Pacers	|	+1	|	19-63	|	It's over- it's done. The Pacers' disastrous season comes to a close with the team setting a new franchise worst for season record. With the best possible odds for a top pick secured, Indiana now just has to wait and see if the tank will be rewarded or punished come lottery night.	| 30	|	[](/WAS) Wizards	|	-1	|	17-65	|	If the Washington Wizards don't get a top three selection, it is going to be a lot more difficult to explain to people that I am a mentally sane human, just terrible luck with my family's sports-allegiance decisions	|"
2026-04-13 19:13:17,BIAS RANKINGS  Team	|	Rank	|	Ranks Above Avg	|	Lover	|	Ranks Below Avg	|	Hater	| :--	|	:-:	|	:-:	|	:--	|	:-:	|	:--	| [](/ATL) Hawks	|	11	|	4	|	2 Tied	|	-3	|	[](/TOR) /u/Jaseen	| [](/BOS) Celtics	|	4	|	2	|	[](/WAS) /u/TopOfTheKey	|	-2	|	[](/NYK) /u/Bird_and_Dog	| [](/BKN) Nets	|	28	|	4	|	[](/BOS) /u/walterdog12	|	-1	|	4 Tied	| [](/CHA) Hornets	|	12	|	6	|	[](/ATL) /u/not-a-potato-head	|	-4	|	2 Tied	| [](/CHI) Bulls	|	23	|	3	|	[](/GSW) /u/swollencornholio	|	-5	|	[](/BOS) /u/walterdog12	| [](/CLE) Cavaliers	|	7	|	1	|	3 Tied	|	-3	|	[](/ATL) /u/not-a-potato-head	| [](/DAL) Mavericks	|	22	|	1	|	3 Tied	|	-4	|	[](/OKC) /u/AnkitPancakes	| [](/DEN) Nuggets	|	5	|	2	|	3 Tied	|	-2	|	2 Tied	| [](/DET) Pistons	|	3	|	0	|	16 Tied	|	-3	|	[](/WAS) /u/TopOfTheKey	| [](/GSW) Warriors	|	20	|	2	|	[](/ORL) /u/albinorhino21	|	-5	|	[](/HOU) /u/LockAndDen	| [](/HOU) Rockets	|	8	|	3	|	[](/WAS) /u/TopOfTheKey	|	-3	|	5 Tied	| [](/IND) Pacers	|	29	|	7	|	[](/GSW) /u/swollencornholio	|	-1	|	[](/SAC) /u/SomeSand1418	| [](/LAC) Clippers	|	17	|	7	|	2 Tied	|	-2	|	2 Tied	| [](/LAL) Lakers	|	9	|	3	|	2 Tied	|	-6	|	[](/ATL) /u/not-a-potato-head	| [](/MEM) Grizzlies	|	25	|	3	|	[](/SAC) /u/SomeSand1418	|	-3	|	2 Tied	| [](/MIA) Heat	|	19	|	3	|	2 Tied	|	-1	|	[](/ORL) /u/albinorhino21	| [](/MIL) Bucks	|	21	|	1	|	[](/UTA) /u/JoeIngles	|	-4	|	[](/ATL) /u/not-a-potato-head	| [](/MIN) TWolves	|	10	|	3	|	2 Tied	|	-8	|	[](/MIN) /u/flyingscissor	| [](/NOP) Pelicans	|	24	|	4	|	[](/HOU) /u/LockAndDen	|	-5	|	[](/CHI) /u/crugreddit	| [](/NYK) Knicks	|	6	|	3	|	[](/CHI) /u/crugreddit	|	-3	|	[](/UTA) /u/JoeIngles	| [](/OKC) Thunder	|	1	|	0	|	24 Tied	|	-1	|	[](/GSW) /u/swollencornholio	| [](/ORL) Magic	|	16	|	5	|	[](/UTA) /u/JoeIngles	|	-4	|	[](/DAL) /u/rps215	| [](/PHI) 76ers	|	15	|	4	|	[](/BOS) /u/walterdog12	|	-8	|	[](/UTA) /u/JoeIngles	| [](/PHX) Suns	|	14	|	2	|	3 Tied	|	-4	|	2 Tied	| [](/POR) Trail Blazers	|	18	|	4	|	2 Tied	|	-2	|	[](/WAS) /u/TopOfTheKey	| [](/SAC) Kings	|	27	|	4	|	[](/CLE) /u/PootieTooGood	|	-3	|	[](/OKC) /u/AnkitPancakes	| [](/SAS) Spurs	|	2	|	1	|	[](/GSW) /u/swollencornholio	|	-1	|	[](/WAS) /u/TopOfTheKey	| [](/TOR) Raptors	|	13	|	2	|	4 Tied	|	-7	|	[](/LAL) /u/CutLonzosHair2017	| [](/UTA) Jazz	|	26	|	3	|	[](/HOU) /u/LockAndDen	|	-4	|	[](/BOS) /u/walterdog12	| [](/WAS) Wizards	|	30	|	2	|	[](/OKC) /u/AnkitPancakes	|	0	|	22 Tied	| 											 * Boring ranker of the week is [](/DET) /u/Chandler_Bings with a 0.65 standard deviation											 * Crazy ranker of the week is [](/MIN) /u/flyingscissor with a 2.64 standard deviation
2026-04-13 19:18:10,"I don’t mind competing to win a championship, it’s not supposed to be easy."
2026-04-13 19:19:13,"Spurs ranker checking in, happy to answer any questions!  Hell of a ride this season overall. /u/MikeyBastard1, [this comment](https://www.reddit.com/r/nba/comments/1obxn3h/202526_season_predictions_from_the_rnba_power/nkjf7ny/) hurt my feelings to start the year and I’m here for a very polite “I told you so” lol.  6MOTY is always a crapshoot to predict anyway, but it’s cool that this one played out in our favor."
2026-04-13 19:19:30,Hell yeah! Thats the kind of attitude we need. Lets get this ring or go down fighting!
2026-04-13 19:21:36,Keeping Wemby healthy going into the playoffs was the #1 priority. People who think he should have played last night are delusional.
2026-04-13 19:22:12,Well this is a bit old isn’t it. The wolves haven’t risked falling into the play in since phoenix lost to the rockets a week ago
2026-04-13 19:22:13,The Spurs and 2014 I believe famously had no player who played more than 29 minutes.  What team was insanely deep. They had so many different ways they could beat you. So many different ways they could structure their lineup permutations.     I agree with you that Gumby is probably not going to be healthy in the playoffs
2026-04-13 19:23:50,"Personally, im taking Denver over the Pistons or Celtics in a series 10 times out of 10 this year"
2026-04-13 19:24:40,I was actually happy we lost because I really wanted us to match up with Denver in the 2nd round. The basketball fan in me just wants to see that matchup and I personally think the Denver series will give our boys the most useful experience and feedback out of any matchup win or lose.
2026-04-13 19:25:06,"If it happens, it should be an awesome series. I'm interested to see what sort of game plan/adjustments we make because idk how tenable it is to leave Braun as wide-ass open as we did time after time in the game a week ago.   One friendly usage tip....you build to, or you reach a crescendo. It's like an apex moment or level. You don't ""go crescendo"""
2026-04-13 19:25:21,"Completely agreed. Getting the win over Denver is symbolically such a great passing of the torch from Jokic to Wemby for best generational big. Right now the narrative is Jokic still the big man in town, and I cannot disagree."
2026-04-13 19:25:57,"The coaching staff was hiding their cards during the regular season. They never put a double-team on Jokic with Victor plus someone else all season. They defended him either Victor one-on-one, or double with two others. Victor plus Dylan will smother Jokic like he’s never seen."
2026-04-13 19:26:44,"I agree! Well said. I'd only argue that although there's no easy way to win a championship, theres certainly an EASIER way. The Spurs will not be a recipient of that."
2026-04-13 19:30:24,"#1 is all I need. As a basketball fan, that series would be amazing."
2026-04-13 19:30:50,"""I didn't want the grapes anyway; they're probably sour"" levels of copium"
2026-04-13 19:34:31,100% agree. I don't mind the loss but I was very surprised the Nuggets were playing to win. I thought they would have wanted the easier path by playing the Rockets in the 1st round vs the TWolves. I really think we matchup a lot better than people think just because we lost 3 games to them (2 without Wemby). That game Wemby played we were up the entire game and it took some amazing crunch time shots for them to even get it to overtime plus it was in Denver. We will have home court and Wemby with a better game plan on defense. It also helps that Nuggs and Wolves will beat up on each other for 6 or 7 games before we play them. Gonna be a great series but I'm confident we can pull it out.
2026-04-13 19:38:56,"All that ain’t gonna matter if they go toe to toe with a physical team like the nuggets, get exhausted or injured, and then make it to the conference finals to face a well rested Thunder team. They had one job yesterday and they blew it tremendously. Hope for the best but like come on guys."
2026-04-13 19:42:52,Seeing spurs at 2 and nuggets at 5 is interesting considering that they just beat us 3 times in a row.
2026-04-13 19:49:37,Rudy Gay and Derozan took Jokic to 7. We good
2026-04-13 19:51:06,"Win or loss, playing against Denver in the 2nd round would be incredibly valuable experience for our boys.   The chances of the spurs winning this year are low anyway. This will certainly toughen them up"
2026-04-13 20:16:38,Its between okc and spurs. Celtics is a dark horse but I dont think theyre very good right now. They need a full off season with tatum healthy.
2026-04-13 20:42:34,"There are different ideal paths to winning a championship this year. My preferred path was the ""path where the Spurs get revenge on all who have humiliated them over the past ten years"".  That path went **Warriors** then **Nuggets** then **Thunder** then **Celtics**. Warriors because of 2017. Nuggets because of 2019. Thunder because they are the winningest team in the league these past few seasons. Celtics don't really have anything to do with the Spurs. They're just the most recent East champion. Although, they're also the only current East contender the Spurs haven't beaten in the Finals (Knicks '99, Pistons '05, Cavaliers '07).   **Clippers** would have been an acceptable alternative to the Warriors, though. Wemby beating Kawhi in round 1 would be sick."
2026-04-13 20:51:07,They just have to win 16 games before they lose 16 games. That’s doable.
2026-04-13 21:01:57,"Wemby has more ""playoff"" experience than most people give him credit for. Most people, justifiably, are knocking the Spurs as a team that lacks playoff experience. The thinking is that you can't simulate competing when the lights are brightest and the competition is the highest and this Spurs team is just too green in that regard to make a deep playoff run this year.   I would argue that the team and especially Wemby has more ""playoff"" experience than the zero experience that everyone gives him credit for. Everyone seems to forget that Wemby has a bunch of experience outside of the NBA. He won a Pro A Title with Asvel in his only season with the team. He had a deep playoff run, making the finals of the French league with Metro 92. He has two junior national team silver medals for France and a National Team Olympic silver medal in which he competed against the USA national teams best in the finals.  Add to that a NBA Cup Finals run this season, and Wemby actually has a lot of experience playing when the lights are brightest. Obviously he does not have experience with the grind of a 7 game NBA playoff series, but he's not as green as everyone is making him out to be."
2026-04-13 21:04:36,"Yes we know Wemby has met the moment time after time, just because he hasn't had ""playoff experience"". What he did against the USA dream team is nothing short of incredible. I'm fully confident Wemby will show everyone just how clutch he is."
2026-04-13 21:06:06,"For better or worse people are gonna question it until he does it in the NBA; “NBA playoffs are different” yada yada and all that. We can post any evidence we want, but they’ll need to see it to believe it; that’s just fine."
2026-04-13 21:14:08,"Wemby might have that experience but what about our younger guys, kj was on that usa team but dev, Carter, Harper, castle, j champ? Luke and Barnes have rings tho"
2026-04-13 21:20:49,It’s not really Wemby I’m worried about it’s the others.
2026-04-13 21:23:50,"Playoff experience isn’t just about turning up the focus, it is also about changing your style of play.  It is also about pacing yourself(you want to give all that you can, but you also don’t want to bonk to early in the game or too early in the series or playoffs.). You have to win 16 games, but fighting hard every possession.  It is like trying to get a guy who runs cross country and a guy who runs the 100m to run the 400m,  learning how much to burn at each point while still sprinting is a lesson that can only be learned by doing.  All of Wemby’s other experience is just not the same"
2026-04-13 21:25:45,"Year 1/6:  Thanks to the disastrous KD era, the Suns locked themselves into purgatory for 6 years. No control over their 1st round picks until the 31/32 season, plus the Beal deadcap anchor until the 2030/2031 season. The only option to retool and retool the retool.  Year 1 was always going to be the hardest of the six as it came to team building. The fireworks of the offseason left a roster not really built but welded together from scraps. The main goals were to get under the tax apron, not to give away a high-lottery pick, and find some young players that can help bridge this gap instead of cycling though vet mins like in the past.  Safe to say with 45 wins, 15 more than the projected 30, they aced year 1. Looking forward to what they do next year."
2026-04-13 21:31:05,"Playoff “experience” isn’t real for players, Jordan didn’t suddenly get experience and dominate, dominated day one but his team had too many holes. The real playoff experience is in team construction, going against the best teams that gameplan against you expose the flaws in your roster which the team addresses in the offseason."
2026-04-13 21:31:45,Its the others not Wemby. Remember that 22-0 run last night?
2026-04-13 21:33:43,"I'm not bringing this up because I necessarily agree with its implications.   But, worth remembering that he has finished second far more than first in most of his competitions. This is also the second part of the stigma that he carries and until he wins a big chip, it's going to stay with him whether we like it or not.   FWiW, I think this narrative is a bad one. He's only 22 and already leading a 62 win team. This by itself should shut a lot of people up but it didn't.  For some reason Wemby is specifically being compared to 27-30 year old players and being talked about like he's been failing in the league for 5-7 odd years and is in his prime already... It's pretty nuts all the narratives surrounding him."
2026-04-13 21:35:26,"You touched on it at the very end, but a big difference is the length of the 7 game series in the NBA playoffs. Teams are going to make adjustments, rotations are going to shrink, and it gets harder and harder to execute as series go longer. I can't remember for certain, but I don't believe his French League playoff series were best of 7"
2026-04-13 21:50:35,"I'm not concerned about Wemby or Fox. They have definitely played well in these kind of high leverage situations.   The real deal breaker will be the rest of the team and whether they can rise to the occasion. As much as I believe them all to be good players, most of them have either played on a losing team, besides Kornet and Barnes, or they are rookies."
2026-04-13 21:50:51,Yall are weirdos. He has zero nba playoff experience.  So trying to split hairs is funny af.   You can argue all day whether or not that level of experience matters but to compare European leagues to the nba in that regard is a bit laughable. And desperate.
2026-04-13 21:52:05,"If the Spurs win it all, then all of this will be cited. “He DID have experience!”  If they get bounced then all of this “just isn’t the same as the NBA playoffs”"
2026-04-13 22:02:37,"I get it, to an extent. It isnt so much about the pressure as it is about the grind. To win a title your team has to play more than 100 games in a season. Most guys bodies aren't prepared for that until they experience it. We see it with almost every young stars ascendance, most recently with Ant. He was wiped by the time he ran into Dallas.  I dont think its about pressure. Like you mentioned, wemby has olympic experience. Our young PG played in a do-or-die natty in front of 75,000 people at 19. They won't buckle. But adding 20 more games to their legs is no doubt gonna be a grind. We'll see how ready they are for it. I can't wait."
2026-04-13 22:03:17,My man! We're in for a treat if every game against the Nuggs goes like the OT from 2 weeks ago. Besides we have to eventually learn how to beat them to leave no doubt for Wembys MVP case  https://i.redd.it/vkzbwmg361vg1.gif
2026-04-13 22:06:38,"I'd count the Olympic experience for sure but Idk about Pro A or the NBA Cup(though I felt the Knicks experience and physicality  did show up in the second half of that Cup final).   Regardless, he's going to play a playoff game this Sunday. He's about to get experience now."
2026-04-13 22:36:01,Kevin O'Connor explains his Wembanyama MVP vote:The Assassin vs. The Alien
2026-04-13 23:02:12,"From a comment I made a couple weeks ago..   The people who keep saying they don't have enough experience forget that Wemby took his team to the finals in France and took team France to the finals in the olympics  Fox took the Kings to 7 games in the first round and Kentucky to the elite 8 in 2017 as a freshman. Plus he's the first winner of clutch player of the year in 2023  Harrison barnes won a championship in 2015  Luke Kornet won a championship in 2024   Keldon Johnson won gold in the olympics (didn't play much, but he still experienced it)  Stephon Castle won a ncaa championship in 2024 with u conn  No, the Olympics, ncaa, and French league are not the same as the NBA playoffs.. But it's not like these guys have no experience in high-stress play.. Plus we have to nba champions who can help guide the players who haven't had the experience.  I've got no idea how they Spurs are going to do this year.. Knocked out in first round or win it all.. But I think it's a disservice to count them out, as many people are already doing, just because it's this team's first post season.."
2026-04-13 23:06:21,It's quite shocking that he voted for Wemby. Dude has been a Spurs hater since preseason.
2026-04-14 00:03:37,"if he voted Wemby, that’s confirmation that Vic ain’t winning 😔"
2026-04-14 01:11:57,"All I know is that the Pistons played Wemby, and the rest of the team, as physically as they possibly could and he still gave them the smack down while playing heavy minutes.   Edit: Wemby has played 35+ minutes numerous times this season and rarely looks out of it or like he's too exhausted to keep playing."
2026-04-14 01:14:41,"At the end of the day you have to go through the best to be the best, and Denver is one of them.  I guess the handicap is that this team has little to no experience in the playoffs, so let’s see how far this team goes. Proud of them regardless of the outcome and excited for the future."
2026-04-14 01:24:24,I think wemby and joker are the two best players in the league that can carry a team on any given night. Both guys have good teams behind them making a playoff series a must watch. So yes cinema indeed.
2026-04-14 02:08:32,"What's wrong with lacking playoffs experience? Every single player no matter how great they became has always had get over this hump. It just something this Spurs team will have to get through on Sunday.  If we get bounced in one of the rounds, do we want to blame experience or skill issue? I'd rather Wemby lose a match because of nerves rather than him playing like ass."
2026-04-14 02:51:38,"Draft picks and targets **Our picks：#19/20 (ATL) + #34/35 (UTA) + #42/43 (POR) + #44 (MIA)**  **Needs：3D PF + 3rd Big**  Here's the list of PF/C prospects we could realistically target in 2026 class. My personal targets are:  * **#19/20 － Ament, Steinbach, Lopez, Cenac, Lendeborg, Haugh, Johnson, Graves, Swain** * **#34/35 － Anyone who falls from the #19/20 group, or Veesaar, Karaban, Ejiofor, Jefferson, Sandfort or Any 7'0+ C with good Def and Health** * **#42/43 &amp; #44 － trade for future picks**  Notes:  * Age = age on draft day * Ordered by projected draft range (based on ESPN, Bleacher Report, CBS Sports, Tankathon, [NBADraft.net](http://NBADraft.net), NBA Draft Room) * 3PT numbers are from the 2025-26 season * O/D/R/H    * O/D － Offense/Defense fitness with Spurs/Wemby    * R － NBA Ready    * H － Health * △&amp;X    * △ = concerns on offense/defense (inconsistency or still developing)    * △ (health) = past major injury/surgery, currently recovered but still worth monitoring    * Ｘ (health) = currently out or on strict minutes restriction    |Name|Age|Height|Order|3PT|O/D/R/H| |:-|:-|:-|:-|:-|:-| |N.Ament|19 SF/PF |6'10|7\~14|.341|ＯＯＸ△| |H.Steinbach|20 PF/C|6'11|9\~19|.340|△ＯＯＯ| |Y.Lendeborg|23 PF/SF|6'9|10\~16|.374|ＯＯＯＯ| |K.Lopez|19 SF/PF|6'8|10\~20|.326|△Ｏ△△| |T.Haugh|22 PF/SF|6'9|11\~22|.326|△ＯＯＯ| |J.Quaintance|18 PF/C|6'10|11\~33|.188|ＸＯＸＸ| |K.Peat|19 PF/SF|6'8|12\~26|.316|ＸＯＯ△| |C.Cenac Jr.|19 PF/C|6'11|13\~24|.345|△ＯＸＯ| |A.Allen|20 SF/PF|6'8|13\~34|.351|ＯＸＸＯ| |A.Mara|21 C|7'3|14\~|.250|ＸＸＯ△| |P.Ngongba II|20 C|6'11|16\~34|.276|ＸＸ△Ｘ| |M.Johnson Jr.|20 PF/C|6'9|19\~41|.375|△ＯＯ△| |A.Graves|20 PF|6'9|21\~|.413|ＯＯ△Ｏ| |M.Krivas|21 C|7'2|23\~38|.308|ＸＸＯ△| |D.Swain|20 SF/PF|6'8|26\~33|.352|ＯＯＯＯ| |H.Veesaar|22 C/PF|7'0|26\~44|.426|ＯＸＯ△| |J.Jefferson|22 PF/SF|6'9|28\~39|.345|△ＯＯＸ| |A.Condon|21 PF/C|6'11|29\~47|.170|ＸＯＯ△| |F.Bidunga|21 C|6'10|29\~57|.000|Ｘ△ＯＯ| |A.Karaban|23 SF/PF|6'8|30\~42|.394|ＯＸＯＯ| |M.Diop|21 C|7'1|35\~|.308|△Ｘ△Ｏ| |Z.Ejiofor|22 PF/C|6'9|36\~45|.305|△ＯＯＯ| |B.Miller|22 SF/PF|6'11|37\~64|.192|ＸＯＸＯ| |T.Reed Jr.|22 C|6'11|38\~63|.000|Ｘ△ＯＯ| |JT Toppin|21 PF/C|6'9|41\~76|.281|ＸＯＯＸ| |M.Momcilovic|21 SF/PF|6'8|43\~|.493|ＯＸＯＯ| |N.Avdalas|20 SG/SF|6'9|43\~|.314|Ｘ△Ｘ△| |P.Sandfort|22 SG/SF|6'7|46\~|.416|ＯＯＯＯ| |J.Tugler|21 PF/C|6'8|51\~|.000|ＸＯＯ△| |T.Ivisic|22 C|7'1|52\~|.314|△Ｘ△△| |M.Moreno|19 C|7'0|60\~|.000|Ｘ△ＯＯ|  # Detailed report on my target list  * I used Gemini to help compile and organize the initial info, but I went through everything myself afterward to verify accuracy and make sure the evaluations reflect my own scouting.    **N.Ament：**  * **Pros:**    * 6'10"" wing with real shot creation + playmaking    * Smooth jumper, solid FT% → shooting upside is real    * High IQ, can be a legit secondary creator * **Cons:**    * Not explosive, struggles finishing through contact    * Very thin (major issue right now)    * Weak rebounding / rim protection for his size * **Injury:**    * Late-season ankle + knee issues, played through it in March * **NBA Readiness**    * Not quite a plug-and-play player yet — more of an **offensive-ready prospect with long-term upside**. * **Fit w/ Spurs, Wemby**    * **Offense:** Perfect fit — spacing + secondary playmaking next to Wemby    * **Defense:** Wemby covers his rim protection weakness → lets Ament stay on the perimeter    * Basically a **plug-and-play combo long-term**, even if he needs time physically * **Final Take**    * Not an immediate impact guy, but high upside.    * If we’re in the lottery, **he’s 100% worth targeting** — this is the kind of player who could grow into a **long-term starter next to Wemby**.  **H.Steinbach：**  * **Pros:**     * Elite rebounder, especially on the offensive glass     * Strong, physical, plays through contact     * Efficient finisher (57.7% FG), soft touch + decent FT%     * High IQ, team-first, low mistake player * **Cons:**     * Limited athlete, not explosive, slow laterally     * Can get targeted in switches vs guards     * Not a true rim protector at C, not quick enough for PF     * Low offensive creation, mostly a play finisher * **Injury:**     * No major injuries, high durability, played heavy minutes * **NBA Readiness**    * Yes — plug-and-play rotation big with a high floor * **Fit w/ Spurs, Wemby**    * **Offense:** Some spacing concerns early, but works as P&amp;R big / short-roll / rebounder     * **Defense:** Very clean fit — handles physical matchups + rebounding, Wemby covers rim protection * **Final Take**     * High-floor big who fills a real need — not a star, but a reliable long-term piece next to Wemby.  **Y.Lendeborg：**  * **Pros:**     * 7'4"" wingspan with great defensive range and instincts     * Can protect the rim from the weak side and switch out on the perimeter     * High IQ connector, moves the ball well (3.3 APG), doesn’t over-dribble     * Strong rebounder with improved shooting (37% 3PT, 82.8% FT) → real 3&amp;D potential * **Cons:**     * Older prospect (\~24 as a rookie) → limited upside     * Not a shot creator, relies on spot-ups, cuts, and hustle plays     * Average lateral quickness → can struggle vs quicker guards or tweener defensive role * **Injury:**     * No major injuries, very durable    * Minor ankle sprain in March but played through it in the tournament * **NBA Readiness**    * Yes — plug-and-play role player with a high floor * **Fit w/ Spurs, Wemby**    * **Offense:** Great fit — spacing + passing keeps the offense flowing, can play connector next to Wemby     * **Defense:** Strong complement — physical enough to battle inside, lets Wemby roam as a help defender * **Final Take**     * High-floor, low-maintenance piece who fits perfectly as a modern role player next to Wemby — not a star, but exactly the type of guy winning teams need.  **K.Lopez：**  * **Pros:**     * 6'8"" with 7'1"" wingspan → great defensive tools and versatility     * Solid stocks (1.2 STL / 1.0 BLK), good instincts on and off-ball     * Can handle, push in transition, and make reads (\~2 APG)     * Already proven in a pro league (NBL), plays physical and competes hard * **Cons:**     * Inconsistent 3PT shot (32.6%), mechanics can look stiff     * Handle can get shaky under pressure, not a true creator yet     * More smooth than explosive, limited burst in half-court     * Defensive awareness still raw at times (missed rotations, off-ball issues) * **Injury:**     * Back injury in 2025 offseason, calf issue late 2026 season     * No major structural injuries, but lower body/back worth monitoring * **NBA Readiness**     * 50/50 — defensive floor is there, but offensive game needs time * **Fit w/ Spurs, Wemby**     * **Offense:** Good cutter + passer, but shaky shooting could hurt spacing early    * **Defense:** Great fit — length + physicality lets him guard wings/forwards and funnel drives to Wemby  * **Final Take**     * Long-term upside play. Best used as a bench piece early while developing his shot — if the shooting comes around, he’s a perfect two-way wing next to Wemby.  **T.Haugh：**  * **Pros:**     * Great off-ball mover, elite cutter, doesn’t need the ball     * High IQ connector (\~2.1 APG), keeps the offense flowing     * High-energy defender, does all the dirty work (stocks \~1 STL / 1 BLK)     * Winning player with NCAA title experience, showed more on-ball flashes this year * **Cons:**     * 3PT still inconsistent (32.6%), release not super quick     * Older prospect (\~23) → limited upside     * Not very explosive, unlikely to become a primary scorer     * Tweener defensively — may struggle vs quick guards or bigger bigs * **Injury:**     * No major injuries, very durable     * Minor missed game in March (precaution), came back strong for tournament * **NBA Readiness**     * Yes — plug-and-play role player if the shot is serviceable * **Fit w/ Spurs, Wemby**     * **Offense:** Great chemistry potential — cutting + ball movement fits perfectly, but shooting needs to improve for spacing    * **Defense:** Strong fit — disciplined, can guard wings and help cover for Wemby on the glass  * **Final Take**     * High-floor team player who fits Spurs basketball — if the shot comes around, he’s an ideal long-term glue guy next to Wemby.  **C.Cenac Jr.：**  * **Pros:**     * Strong physical tools with real upside — explosive leaper and straight-line athlete     * Great rebounder, especially on the offensive glass (creates extra possessions)     * Defensive versatility — can switch in P&amp;R and protect the rim, flashes real two-way potential * **Cons:**     * Shot selection is messy — too many low-value jumpers and post-up attempts     * Poor shooting splits (sub-35% 3PT, \~62% FT) → jumper needs major work     * Decision-making issues when pressured or doubled (turnovers)     * Foul-prone at times despite strong physical tools, defensive stats not always matching impact * **Injury:**     * No major injury history * **NBA Readiness**     * No — pure project. Can provide energy and rebounding early, but needs 1–2 years of development before real impact * **Fit w/ Spurs, Wemby**     * **Offense:** Early spacing concern — non-shooter big next to Wemby can clog the paint    * **Defense:** Very strong fit — can bang with physical bigs, handle dirty work, and let Wemby roam as a help defender  * **Final Take**     * Developmental upside swing. Best used off the bench early to maximize energy + rebounding. Long-term, if the shooting and decision-making improve, he could grow into a physically dominant frontcourt partner next to Wemby — but he’s not there yet.  **M.Johnson Jr.：**  * **Pros:**     * Elite rebounder with nonstop motor — one of the best offensive rebounders in his class     * 240 lbs of physicality with modern defensive versatility (can guard bigs and switch out)     * Great rim finisher (&gt;70% at the rim) with improving touch     * FT% jump to \~79% + emerging 3PT (37.5%) → real shooting development signals * **Cons:**     * No real self-creation — relies heavily on cuts, putbacks, and transition     * Below-average playmaking (more turnovers than assists at times)     * Low 3PT volume + positional “tweener” concerns (not a true 5, not quite a 4 yet) * **Injury:**     * Left wrist fracture in 2025 (freshman year), missed remainder of regular season     * Returned quickly for Big Ten tournament and fully healthy since * **NBA Readiness**     * Yes — energy big / defensive rotation piece right away     * Limited offensive role early, but very playable due to motor + defense * **Fit w/ Spurs, Wemby**     * **Offense:** Early spacing concern, but great fit as a dunker spot finisher + offensive rebounder next to Wemby    * **Defense:** Perfect fit — physical enforcer who can bang with Jokic/Embiid types while Wemby roams as a help defender  * **Final Take**     * High-value role big with starter upside. Early bench energy big, long-term could develop into an Aaron Gordon-type connector next to Wemby — physical, defensive, and low-maintenance with growing offensive utility.  **A.Graves：**  * **Pros:**    * Elite defensive instincts + playmaking defense Great anticipation, reads passing lanes without gambling, and posts elite steal/deflection + block numbers for his position    * High-IQ connector / secondary playmaker Former guard background shows — super calm decision-making in high/low post, great A/TO (only \~0.7 TO/game), doesn’t hold the ball, quick swing passes to open guys    * Floor spacing + rebounding presence 41.3% from 3 → legit stretch 4 Active rebounder on both ends, creates extra possessions consistently * **Cons:**    * Average athletic tools Not explosive (no real first step or vertical pop). Can struggle to create his own shot vs length/speed in the paint    * Foul trouble / minutes risk Aggressive defense leads to high foul rate (\~9 per 100 possessions), has had multiple foul-out games → likely reason for limited minutes in college    * Level of competition + lateral quickness concerns Mid-major background + limited role history. Could be targeted in NBA switches vs quick guards * **Injury:**    * No major injuries    * Redshirted in 2024–25 (development + rotation reasons), then played full healthy season in 2025–26 + March run * **NBA Readiness:**    * System-ready, not usage-ready    * Can contribute immediately as a bench connector (shooting + passing + team defense) But needs 1–2 years to adjust to NBA pace/physicality and improve foul control before handling bigger minutes * **Fit w/ Spurs, Wemby:**    * Classic Spurs-style connector (think Diaw / Kyle Anderson type). Smart, unselfish, passes, shoots, defends within a system    * **Offense:** 41% shooting pulls bigs out of the paint → opens space for Wemby High IQ passing = easy high-low + hub actions with Wemby Not a shot creator, but doesn’t need to be in this role    * **Defense:** Strong complement. Can handle physical rebounding/box-out duties while Wemby roams as help defender. Creates active passing lane pressure alongside Wemby’s rim protection * **Final Take:**    * Immediate bench impact as a low-usage connector    * Long-term upside as a system starter or “Boris Diaw-type” next to Wemby if development hits  **D.Swain：**  * **Pros:**    * Elite defensive impact + rebounding for a wing. Great instincts, 1.7 STL/game shows real defensive disruption. Also grabs 7.5 RPG as a wing → strong on both defensive and offensive boards    * High-IQ connector / playmaker. 3.5 AST/game for a forward — legit secondary creator. Reads the game well, keeps the offense flowing, not just a finisher    * Efficient scorer + strong FT indicator. 54.5% FG, 82.1% FT → solid touch and good long-term shooting projection * **Cons:**    * Low 3PT volume / needs. Consistency 35.2% from 3 is solid, but only 2.6 attempts per game → needs higher volume to avoid being played off spacing    * Limited self-creation. Not a true shot creator in the half court, lacks elite first step to break down set defenses    * Rim protection is weak, Only 0.3 BPG → defensive impact is more perimeter disruption than interior protection * **Injury:**    * Appendectomy in 2024 (missed end of Xavier season)    * Otherwise clean injury history + strong durability since then * **NBA Readiness:**    * High-floor defender/connector. Already built for NBA physicality (225 lbs, 20 years old). Can contribute immediately in a rotation role Ceiling depends on 3PT volume + consistency → could develop into a strong starter-level 3&amp;D connector * **Fit w/ Spurs, Wemby:**    * Smart, unselfish, defensive, connective passer. Low-usage glue guy who keeps the offense moving    * **Offense:** Great cutter + short-roll passer next to Wemby’s playmaking Can turn Wemby passes into easy points Only concern: low 3PT volume → defenses may sag off a bit early on    * **Defense:** Perfect wing stopper next to Wemby. Can pressure perimeter stars, funnel drives into Wemby’s rim protection. Also helps clean up wing rebounding * **Final Take:**    * High-value glue wing, immediate defensive rotation contributor. Ideal late 1st / early 2nd type pick.    * Long-term upside as a Batum / Iggy-style connector next to Wemby  **H.Veesaar：**  * **Pros:**    * Elite stretch big / shooting gravity. 7-footer with 42.6% from 3 → real floor spacer. Pulls opposing bigs out of the paint and opens driving lanes    * High-IQ passer / connector. European background shows in his decision-making. Solid high-post facilitator (2.1 AST), good short-roll reads    * Smooth mobility + efficient finisher. Light on his feet for a 7-footer, runs the floor well, soft touch around the rim, over 60% FG  **Cons:**     * Thin frame / lack of physical strength, 225 lbs → can get pushed around by NBA-level bigs in the post and on the glass    * Weird FT% gap, only 61.5% FT despite strong 3PT shooting → questions about consistency under contact/fatigue    * Limited rim protection. Decent timing (1.2 BLK), but not an anchor due to average length/explosiveness  **Injury:**     * Redshirted in 2023–24 (elbow injury at Arizona)    * Minor illness + lower-body issue in 2026, but returned healthy for March run  **NBA Readiness:**     * Ready-made offensive stretch big, can step into an NBA rotation immediately as a spacing 5 Defense/physicality will take time to adjust, but offensive skill is NBA-ready  **Fit w/ Spurs, Wemby:**     * Prototype European stretch big — passing, shooting, high IQ. Fits Spurs’ motion offense perfectly    * **Offense:** Elite spacing impact (42.6% from 3) completely opens the paint for Wemby High-post passing + 5-out spacing = great big-to-big synergy    * **Defense:** Not strong enough to handle elite centers alone (Jokic/Embiid type). If paired with Wemby, some physical load shifts onto Wemby  **Final Take:**     * Best as a backup stretch 5 early on, immediate offensive spacing impact off the bench    * Can play spot minutes next to Wemby, but long-term best role is a rotation stretch big who keeps the 5-out system alive when Wemby sits  **A.Karaban：**  * **Pros:**    * Elite shooting / spacing big. Over 600 career 3PA, \~39.4% from deep. Quick release, doesn’t need space → real floor-spacing “stretch big”    * High-IQ connector. Great A/TO for a forward (2.3 AST / 1.1 TO). Makes fast, correct reads and keeps the offense flowing    * Winning pedigree / team defense awareness. Proven winner in high-pressure games. Smart rotations, helps defense with positioning and timing rather than athleticism * **Cons:**    * Average athleticism. Limited vertical pop + first step. Struggles finishing in traffic and creating his own shot    * Defensive target in switches. Can be hunted by quick wings/guards in NBA pick-and-rolls    * Older prospect (low upside). Already 23 at draft → basically a finished product, not a development swing * **Injury:**    * Minor ankle sprain (2024)    * Mild concussion later that year    * Otherwise durable, high availability player * **NBA Readiness:**    * Immediate rotation shooter NBA-ready floor spacer with championship experience and low mistake rate No real “adjustment period” needed * **Fit w/ Spurs, Wemby:**    * Elite catch-and-shoot + high IQ decision maker. Fits Spurs spacing + ball movement system    * **Offense:** Excellent spacing fit next to Wemby 40% shooting + smart cutting = perfect off-ball complement No usage conflict at all    * **Defense:** Concern. Too slow laterally → will get targeted in switches and PnR If paired long-term with Wemby, forces help rotations and puts pressure on Wemby defensively * **Final Take:**    * High-floor role player, low ceiling, great bench shooter immediately    * Not ideal long-term starter next to Wemby due to defensive limitations    * Best role: second-unit floor spacer who comes in to stretch the floor and punish help defense  **Z.Ejiofor：**  * **Pros:**    * Versatile defense + rim protection. 6'9"" with a 7'1"" wingspan, averages 2.1 BLK. Mobile enough to switch, can protect the rim and survive in modern defensive schemes    * Physical rebounder / energy big. Tough, physical, loves contact. Strong offensive rebounding + putbacks. Brings real hustle/energy every night    * High-IQ passer / connector. 3.5 AST as a big — great short-roll decision maker, finds shooters and cutters quickly * **Cons:**    * Limited shooting / self-creation. \~30.5% from 3. Not a real floor spacer yet and can’t create his own shot off the dribble    * Tweener concerns. Not quite tall enough for true NBA centers, not quick enough for full-time wings → can get caught in between roles    * Older prospect / capped upside. 22-year-old four-year player — mostly developed already, unlikely to become a primary option * **Injury:**    * Clean history, durable college career    * Played full seasons consistently with no major injuries * **NBA Readiness:**    * High-floor rotation big Ready to play right away due to physicality, defense, and IQ Shooting limits ceiling, but role is clear from day one * **Fit w/ Spurs, Wemby:**    * **Offense:** Some spacing overlap, but workable Offensive rebounding + passing creates extra possessions for Wemby Can run high-low actions and short-roll passing combos    * **Defense:** Strong complement. Can handle physical centers (Jokic/Sabonis types), letting Wemby roam as a help-side rim protector Mobile enough to fit Spurs switching concepts * **Final Take:**    * High-floor, immediate bench rotation contributor. Can also spot-start in physical matchups next to Wemby    * Basically a low-risk, high-rebound, defense-first “frontcourt glue guy” for a Spurs system  **J.Jefferson：**  * **Pros:**     * Elite playmaking for a big — 4.8 APG with great short-roll + DHO decision-making. Reads defenses quickly and consistently finds cutters for easy buckets.    * Strong physicality + defensive instincts — 240 lbs frame holds up well in the paint. Smart positioning, good hands, and solid timing as a disruptor (1.6 STL).    * High-level connector — unselfish, low-ego player who rebounds well and naturally keeps the offense flowing. Immediate “glue guy” impact. * **Cons:**     * Average burst + athletic pop — limited first step and vertical explosiveness. Can force turnovers when attacking the paint (2.5 TOV), and isn’t a real rim protector (0.8 BLK).    * Shooting is still inconsistent — 34.5% from three is solid but low volume + streaky. FT% around 70% suggests the jumper still isn’t fully reliable under pressure.    * Age / upside cap — already 22 on draft night, so he’s more of a finished product than a developmental swing. * **Injury:**     * Missed time in 2023-24 due to a season-ending leg injury.     * Suffered a serious left ankle sprain in the 2026 NCAA Tournament and had to sit out the final games in a walking boot.     * Medicals will be important pre-draft. * **NBA readiness:**     * High-floor role player. Older prospect with real size, IQ, and physicality — can step into a rotation role immediately as a backup big. Limited upside, but very low bust risk. * **Fit with Spurs / Wemby:**     * Offense: strong connective fit, but spacing is the question. His passing makes him great in DHOs and short-roll actions with Wemby, but lack of elite shooting means defenses may still clog the paint at times.    * Defense: very solid pairing. Jefferson can bang with true centers like Jokic and take physical reps so Wemby can roam as a help-side rim protector. Wemby covers his lack of vertical pop. * **Final take:**     * Great value big for the late 1st / early 2nd if healthy. Can play immediately as a backup center or low-usage starter, and gives you real lineup flexibility next to Wemby depending on matchup.  **P.Sandfort：**  * **Pros:**     * Elite shooter + off-ball movement — his calling card. Shot 41.6% from three on high volume in his junior year, plus an 85.5% FT shooter. Doesn’t need the ball; constantly moving, using screens, and punishing defenses as a pure floor-spacer.    * Good size + IQ for a wing — 6’7”, 210 with solid strength. Can rise into shots over smaller defenders and makes smart reads when defenses close out. Low-mistake playmaker (2.0 APG) who keeps the ball moving.    * Big-time shot maker — showed real clutch DNA in March, hitting tough threes and making correct reads in high-pressure moments. * **Cons:**     * Average athlete — limited first-step burst and vertical pop. Finishing at the rim and self-creation will be tough vs NBA length and athleticism.    * Slow lateral quickness — can get targeted on switches by faster guards. Not a stopper, more of a system defender.    * Limited self-creation — heavily dependent on screens and teammates. If the offense breaks down, he’s not the guy to create a shot. * **Injury:**     * Clean bill of health in college.     * Durable throughout his career with consistent availability and heavy minutes in the Big Ten and NCAA play. * **NBA readiness:**     * Immediate plug-and-play shooter. One of the easiest archetypes to translate — spacing + shooting + off-ball movement. Can contribute right away as a rotation floor-spacer. * **Fit with Spurs / Wemby:**    * **Offense:** excellent fit. His shooting forces tight closeouts, opening the paint for Wemby post-ups, cuts, and pick-and-roll actions. Also a deadly catch-and-shoot outlet when Wemby draws doubles.    * **Defense:** some vulnerability on the perimeter, but Wemby’s rim protection can clean up mistakes behind him.  * **Final take:**     * Great second-round value shooter. Low maintenance, high impact spacing piece who can immediately play rotation minutes. Best used as a bench microwave scorer or situational floor-spacer next to Wemby in 5-out lineups."
2026-04-14 02:56:41,"With where we'll be picking, it's unquestionably **Morez** for me.  Kid has Spur written all over him."
2026-04-14 02:59:54,Crazy read from O’Connor. In the best way possible. He actually highlighted what really makes Wemby great.
2026-04-14 03:10:24,You not counting 2015/16? 67 win season
2026-04-14 03:12:32,"I mean it's just not the same but yea. I don't even think it's bad if the Spurs get knocked out first/second round. These guys will eventually win a championship, impossible not to"
2026-04-14 03:38:39,"Dillon Brooks **I don’t hate him as much after reading this. But he’s right. He would be so much more annoying in a playoff ( for the ModBot: Possible Spurs Opponent)**  But this season ain’t over. We’re still lurking. The monster is still under the bed, bro.   It’s almost like the whole NBA wants us to go away. It’s like they respect us, but they want somebody else to play us. Anybody else, bro.   That’s a testament to what we’re building here in the desert.   When I got here, they were talking lottery.   Now what they talking about?   We got everybody in the league looking down, staring at their shoes.  Honestly, answer me…. Who in their right mind wants to see the Phoenix Suns right now?   – DB"
2026-04-14 03:44:31,NBA Conference Winner Bets and Picks Discussion NBA Conference Winner Betting Picks and Odds Discussion  Eastern Conference Winner Odds  | Team | Odds | |------|------| | Boston Celtics | +155 | | Cleveland Cavaliers | +330 | | New York Knicks | +450 | | Detroit Pistons | +500 | | Atlanta Hawks | +2500 | | Toronto Raptors | +4000 | | Philadelphia 76ers | +4500 | | Charlotte Hornets | +4500 | | Orlando Magic | +6000 | | Miami Heat | +15000 |  Western Conference Winner Odds  | Team | Odds | |------|------| | Oklahoma City Thunder | -160 | | San Antonio Spurs | +330 | | Denver Nuggets | +500 | | Houston Rockets | +2500 | | Minnesota Timberwolves | +4000 | | Los Angeles Lakers | +9000 | | Phoenix Suns | +25000 | | LA Clippers | +30000 | | Golden State Warriors | +40000 | | Portland Trail Blazers | +70000 |
2026-04-14 03:47:26,"I really love Morez Johnson Jr.'s upside. He can already defend well and he's not an undersized 4. Sometimes they even use him as a point of attack defender with Mara patrolling the paint. Having a defensive line up with him, Castle, CB, Harper, and Wemby is going to be a torture chamber. He can also sometimes anchor as a small ball 5 with his size which is what we need whenever both Wemby and Luke are out."
2026-04-14 03:57:44,"Meanwhile Houston got 37 year-old Kevin Durant playing 2,840 minutes in the regular season 💀 It's super impressive we managed minutes this well and still got 62 wins. Real traditional Spurs !!"
2026-04-14 04:01:28,Wemby's first playoffs. How do you expect him to perform? Pretty unanimous at this point that Wemby is the next big star/GOAT/face of the league/etc.   First time we get to see him in the playoffs... I have questions..  Do you think teams can game plan around him for a 7 game series?  Can teams even stop him in a 7 game series?  Do Spurs have enough firepower to compliment his impact?  More minutes? More impact? Less impact?   I cant wait to see how it all unfolds....
2026-04-14 04:04:17,"I’m much more worried about the rest of the team than him. The great thing about Wemby is that his defense will always impact the game. He will probably have varying degrees of offensive output, but the dude is gonna be affecting the paint."
2026-04-14 04:04:38,"I think he might need a bit of time in game 1 to adjust to the physicality, but I think he’ll be dominant as always.  Generational defense with elite offense. Should cement himself as a top 4 player in the league."
2026-04-14 04:07:51,Its because we are a very deep team unlike Houston that solely relies on an old aging veteran whose hobby is shit talking his own teammates on a burner account
2026-04-14 04:09:26,"I'm not worried.  He'll struggle in some match-ups, and thrive in others.  Well coached, insane work ethic and psychopathic mindset with one-of-one gifts means he should figure it out sooner than later.  If it's not this year, it'll probably be the next at the latest.  Great IQ, learns fast, and is competitive. Wants to be great.  Add one of the best organizations in sport history, about 19 Rings hanging around in the building, a good young high-energy squad with great vibes that can get buckets from anywhere anytime, and it'll become harder to stop them.  Bottom line: even when he struggles offensively some nights, he'll always be the best defender on the floor.  In terms of pressure, well:  For an international player, you can't really get more pressure than a One-Off, Olympic Final, against the Avengers, in front of your entire country, at 20 years old.  That's only 40 minutes to make an impact, not 7 games.  And it's one game every 4 years, if you even make it to the finals (which is far from a given if you're not from the US).  He scored the most from either team that game.   He should be fine with pressure."
2026-04-14 04:11:43,"Wemby is so competitive and smart that I think he might get too hyped up or overthink in his first couple Playoff games.  His tenacity reminds me a lot of Kevin Garnett, with lesser scowling and trash talking from Wemby."
2026-04-14 04:12:51,Spurs made a big mistake losing to the nuggets this week. If they see the nugs in the second round i think it could get ugly
2026-04-14 04:12:58,"Bold (but serious) prediction that I’m pulling out of my ass: Wemby is going to dominate these playoffs but the Spurs will lose in 6 to the Thunder in the WCF. Then the Spurs will make 4 of the next 5 Finals, winning all of them"
2026-04-14 04:33:17,Wemby is so ready for this moment. I expect brilliance because he has it in him and wants to win. This is gonna be must watch TV for me
2026-04-14 04:34:55,"I think Wemby will have some bumps on offense when teams scheme to take advantage of his flaws. The big difference in the playoffs isn't the whistle, it is a scouting department locking in on you across a 7 game series and teams practicing to punish your flaws.  His defense will be basically fine because his length and speed allows him to recover from almost every mistake he might make."
2026-04-14 04:39:36,He could win it all but OKC is deeep
2026-04-14 04:41:25,It may be his first NBA playoffs but it’s not his first time in a post season environment. Every European player is seasoned before they enter the league.
2026-04-14 04:54:39,Lol his last sentence makes it sound like Phoenix is on a 14 game winning streak instead of limping into the playoffs. Neither the Spurs or thunder are scared of them even if they are quality . But it's brooks so what do you expect
2026-04-14 06:46:21,"It's Reddit here. It's gonna be ""GOAT"" if he performs well and ""FRAUD"" if he performs badly.  I expect him to play with the same intensity as always. Wemby can turn up the heat when he's facing a good rival team.  It's gonna be hard for the first few games because playoff are incredibly physical. But I don't think there's gonna be an issue."
2026-04-14 07:15:47,Spurs are so ahead of schedule. This is exactly what a championship winning team looks like. Keeping the top guys fresh and not overworking them and still winning 62 is crazy
2026-04-14 09:07:41,"Playoffs recommendations for a new fan? Hello Spurs Family,   I've been actively following the NBA for 3 seasons now, and this will be my first year actually rooting for a team. I fell in love with the team's culture, and me being Spanish made me feel so represented by y'all's Beautiful Game and that ""European"" style of play that resonates so much with the basketball I grew up watching (Euroleague).   The last couple years I was rooting for Doncic himself (not his team necessarily), and, don't kill me pls, I still want him to do good (I'm a Real Madrid fan, I just gotta love him), but I really hate the Lakers' culture, so I guess that helps me fit in here lol.   Jokes aside, I'll be trying my best to follow the games and root for our team, so if y'all got any pieces of advice, they're more than welcome!!   Go Spurs Go!!"
2026-04-14 09:27:32,You picked a great team to follow. They are fun to watch and play with heart. They seem to like each other and they cheer for each other's success 💖  You must cheer GO SPURS GO at all times. 😁
2026-04-14 09:32:10,"As much as I want to hate on Shai, he's honestly been one of the player's I've supported even since the thunder got blown out by 50 years ago. He does benefit from foulbaiting but still, the majority of his points come from touhg shot creating and great defense. I will always respect him and chet off the thunder the most."
2026-04-14 11:00:52,"Spurs have been one of the best franchises OAT, with one of the best front offices. We’ve always built our team internationally &amp; it’s a big part of the spurs franchise. Getting Wemby was like destiny for the Spurs it made more sense than him being literally anywhere else. This is definitely the most exciting spurs team ever, having high flyers and a 7”4 Demi god"
2026-04-14 11:31:28,"You can follow the Celtics who have Hugo Gonzales and the best FO in the league ! Celtics are the Spurs or the east from our perspective, top tier organization from top to bottom.    No I'm not saying that because I'm traumatized by Spanish basketball as a French 😒🫩    joke aside bienvenido"
2026-04-14 13:24:12,"Game 1 activities Hey y’all! Can’t wait to go to my first playoff game in 10 years! Is there any game day activities going on at frost bank that day?   Looking forward to seeing y’all crazies this Sunday, go Spurs!"
2026-04-14 13:30:48,"Hola Héctor cómo estás?   Welcome to the spurs fam! I would recommend watching the two “beautiful games” YouTube videos, Regular and finals edition. Also make sure to watch the ring of rowel series on the spurs YouTube channel. Those will give you the beeest background culture and history of the spurs. Visit the pounding the rock website, its all spurs content. We have a little community of guys that talk spurs on WhatsApp, DM your number if you want to join. Other than that get ready for this weekend. The city’s vibe is turning back to what it was in the Tim manu and Tony’s era. Tons of billboards, signs and excitement. It’s going to be electric for these playoffs. Hopefully we can make it all the way!"
2026-04-14 13:34:16,"Nabbed Spurs for the West +600 earlier in the season, not sure who I like in the east yet do like the Knicks number"
2026-04-14 14:26:39,"Since the 2019 Toronto Raptors Championship, the NBA has seen a unique champion every year... will this random trend continue? It's the morning of the Play-In games, so the NBA playoffs are about to begin! I bring you this weird trend that is currently tickling my brain a lot recently.  Historically, the NBA sees eras with dominant teams either winning championships or participating in the Finals, resulting in many of such eras defined by teams that win a lot (MJ Bulls in the 90s, Warriors 2015, 2017-2018) or teams that stay competitive winning with championships sprinkled in between (Spurs during the 00s, Lakers/Celtics trading championships in the 80s). However this current era we've been watching has been defined by parity, many teams poised to form dynasties, but failing to repeat a second championship run.  |Year|Champion|Runner-Up| |-:|:-|:-| |2025|Oklahoma City Thunder|Indiana Pacers| |2024|Boston Celtics|Dallas Mavericks| |2023|Denver Nuggets|Miami Heat| |2022|Golden State Warriors|Boston Celtics| |2021|Milwaukee Bucks|Phoenix Suns| |2020|Los Angeles Lakers|Miami Heat| |2019|Toronto Raptors|Golden State Warriors|   Provided by [Basketball-Reference.com](https://www.sports-reference.com/sharing.html?utm_source=direct&amp;utm_medium=Share&amp;utm_campaign=ShareTool): [View Original Table](https://www.basketball-reference.com/playoffs/?sr&amp;utm_source=direct&amp;utm_medium=Share&amp;utm_campaign=ShareTool#champions_index) Generated 4/14/2026.  Such diversity in champions hasn't been seen since the 1970s, with 8 unique teams winning championships. But that era seems to be regarded as an era with talent being too rapidly spread out between a rapidly expanding NBA, resulting in the lack of truly dominant teams.  However I think the current landscape of the NBA has a plethora of talent, with almost every team having strong players to build around and be excited about. So with the playoffs dawning on us, let me ask you guys  1. Why has there been no repeat champion in the past 7 years?  2. Out of the previous champions, who might be most likely to buck the trend? (Out of all previous champions, only the Bucks are absent in this year's playoffs, although the Warriors are also unlikely...)  3. Hypothetically, how many more unique champions can we see this decade?  Mathematically, the likelihood of the trend holding up will decrease every year, but it would be very fun to have a different team win the championship every year and have the playoffs be a tightly contested affair every time."
2026-04-14 14:28:11,"Thunder are clearly the favorites, we'll see if Spurs or any other teams have anything to say"
2026-04-14 14:28:29,"Logic tells me no, but my heart is telling me okc doesn’t even make the finals   I truly believe San Antonio or Denver are coming out of the west, and in the east it’ll be Boston or NY   For basketball purists, any combination of Denver/SA/boston/NY finals actually would be sick"
2026-04-14 14:30:42,Pistons or spurs are the only teams that can realistically do this
2026-04-14 14:34:16,"If I am betting man, I will take the OKC Thunder over the field.  But as a basketball fan, I prefer a new champion each year. Preferably teams who have yet to win one or not won in a title in long time like the Suns, Wolves, Knicks, Hawks or Pistons."
2026-04-14 14:48:59,"2026 NBA playoffs: Predicting each series, including the Finals ESPN’s Zach Kram predicting every matchup of the playoffs. Has Spurs over Boston in the Finals."
2026-04-14 14:51:06,"Playoff Merch? where's my car flags at?!   where's my bootleg jersey vendors?!  where's my spurs logo piñatas?  seriously, I need some car flags so any help is appreciated lol"
2026-04-14 14:53:39,"3 of the top 6 or so contenders are the last 3 champs. I’d put Spurs, Pistons, Knicks up there, with Cavs &amp; Timberwolves as dark horses. So a high chance of a repeat but not guaranteed.  Also side note, Timberwolves would likely need to go through Nuggets, Spurs, Thunder, winner of the East.  That’s about as hard as a championship run as it could get"
2026-04-14 14:54:55,"Seems like I wrote the piece because I have it almost the same. If things break like this the toughest match up will be round 2 against the Nuggets, which most of us have predicted"
2026-04-14 14:55:02,There’s a pop up shopping opening today downtown. Will be open throughout the playoffs. On commerce street
2026-04-14 14:55:31,"As a fan of the reigning champions that have been spoken of as a potential dynasty, I think the NBA is better when the most teams think they have a shot to win every year.  It's one of many reasons why the NFL kicks the NBA's ass, every season I would say about 20 NFL fanbases can reasonably talk themselves into being contenders.  That said, this little parity-parade dies this year.  TTFU"
2026-04-14 14:59:47,How’s the vibes in San Antonio right now? Fiesta starts this Thursday and our Spurs are in the playoffs for the first time since 2019. This Texan living on the west coast is missing San Antonio right now. Im thinking about going to game 3 in either Portland or Phoenix should i?
2026-04-14 15:02:24,Fiesta starts Thursday in San Antonio. Fiesta is always a great time. Go Spurs Go 🏀
2026-04-14 15:03:45,I feel you man! I was in Market street on Saturday and hardly and Spurs stuff for the playoffs!
2026-04-14 15:07:36,"Great, and once it stops raining even better when the sun comes out!  Actually we need the rain so great either way"
2026-04-14 15:29:39,"If we win a title this early in our rebuild, the offseason chatter will call for Adam Silver to break up the Spurs."
2026-04-14 15:36:41,Yeah I'm not worried about Wemby or even Castle. Its going to come down to the others hitting shots and not getting rattled with their emotions. KJ dev Julian. Also Barnes tends to go missing in the playoffs but at least we stopped relying on him being Mr 100 half way through the season so any shade of that will be a luxury.
2026-04-14 15:39:18,Not sure my heart can handle a game 7 against Denver 😅. But it'd be basketball cinema if that were the case
2026-04-14 15:52:56,I’ve been waiting to see a bootleg shirt vendor pop up somewhere.
2026-04-14 16:20:01,"I want a bootleg tee that has Manu, Timmy, D Rob, Wemby and Kevin Willis on the front."
2026-04-14 16:25:43,Go to game 4 bro! (I live in SD and that’s the one I’m going to lol)
2026-04-14 16:29:46,Inject this into my veins. Though I do think the Suns will take a game or two. And I can see Raptors surprising people against Cavs. The unfortunate truth is OKC (JWill) and DEN (Gordon) will get healthier this playoff run which makes them even stronger and harder for the Spurs.
2026-04-14 17:02:31,Extending everyone's career instead of running them into the dirt. Go Spurs Go.
2026-04-14 17:43:42,"The other trend is that it alternates between historic powerhouses and historic underachievers.  2019: Raptors win their first ever championship.  2020: Lakers win their 17th championship  2021: Bucks win their first championship since 1971.  2022: Warriors win their fourth title in ten years.  2023: Nuggets win their first championship since joining the NBA.  2024: Celtics win their 18th championship.  2025: Thunder win their first championship since leaving Seattle.  That means that not only will this year’s champion not be one of the teams above, but it will be a team that is a frequent flyer in the finals.  By the first rule, we’re left Clippers, Trailblazers, Rockets, TWolves, Spurs, Suns, Pistons, Heat, Hornets, Cavs, Knicks, Hawks, Magic, and 76ers.  However by the second rule, that really only leaves the Spurs. Maybe the Heat since they’ve won three in the last twenty years.  So congratulations Spurs for winning the 2026 NBA Finals."
2026-04-14 17:48:21,Congrats! You’re sooo lucky! 🍀 so I’ve been meaning to ask people about the lower level area where it’s a big wall than are all windows. Here you can see when the spurs players come out the tunnel. I think that’s cool bc they tap or put their hand on the glass as they pass. Dk wha level though.
2026-04-14 17:54:19,Interesting to have so much faith in the Nuggets to have zero problems with the Wolves in round 1 but still have us beating them. I feel like I'm the only person in the world with any respect for Minnesota
2026-04-14 19:07:24,"🏆 Pre-Game Analytics | Spurs Play-In Conference: Blazers (#8) @ Suns (#7) # 🕕 Tue, April 14 9:00 PM CST | 📍 Phoenix  | 📺 Amazon Prime Video  Both squads look to be fairly healthy with nearly full rosters availabile. There's just two key game time decisions: J.Grant (POR), G.Allen (PHO).  Please enjoy the stats and analytics attached. Let me know in the comments who you expect to win and facing Spurs on Sunday. Please add your insights as well.  Let the playoffs begin! GSG (!!!)  BLAZERS 8th (.512)  \* Well rounded squad with some decent positional size in the starting unit   \* Former Spurs representing for the Blazers: Cissoko and Wesley. Blake getting fewer minutes between the two this season, but as per usual he is putting up solid Per36 numbers. Sure miss the ""The Flash"" (a positive former Spur nickname, in this case 💀).   \* No hateable faces like Booker and Brooks  SUNS 7th (.549)  \* Phoenix has some capable 3-point shooters: Gillespie, O'Neale, Allen, and Brea are league leaders in total threes made and percentage.   \* Includes hateable faces like Booker and Brooks  ======  # ANALYTICS ATTACHED  📊 Pre-Game Team Breakdown  \&gt; POR (42-40) v. PHO (45-37)   \&gt; Western 8th (.512) | Western 7th (.549)  📋 Rosters Available | PPG Leaders sorted  \* Starter Stats   \* League Leaders, PPG  ✅ Season Leaders Chart  \* Offense: PPG, APG, 3PM   \* Defense: RPG, BPG, SPG   \* Shooting: 3P%, FG%  📋 Rosters Available  \-- Will Not Play   \* POR: D.Lillard   \* PHO:  \-- Game Time Decision   \* POR: J.Grant   \* PHO: G.Allen  ✅ SEASON STATS NBA LEADERS: TOP 50  \* \[PPG NBA Leaders\]   \--POR: Avdija (24.2 #18), Sharpe (20.8 #34)   \--PHO: Booker (26.1 #13)  \* \[APG NBA Leaders\]   \--POR: Avdija (6.7 #17), Holiday (6.1 #27)   \--PHO: Booker (6.0 #28)  \* \[3PM NBA Leaders\]   \--POR: Camara (219 #14 37%)   \--PHO: Gillespie (232 #7 40%), O'Neale (212 #17 41%), Allen (159 #42 35%)  \* \[FG% NBA Leaders \*4FGM/G\]   \--POR: Clingan (52% #28)   \--PHO: M.Williams (64% #17)  \* \[3P% NBA Leaders\]   \--POR: Thybulle (40% #45 3.1 3PA/G)   \--PHO: Brea (43% #11 2.5 3PA/G), O'Neale (41% #31 6.7 3PA/G), Gillespie (40% #39 7.2 3PA/G)  \* \[RPG NBA Leaders\]   \--POR: Clingan (11.6 #3), Avdija (6.9 #49)   \--PHO: M.Williams (8.0 #30)  \* \[BPG NBA Leaders\]   \--POR: Clingan (2.6 #7)   \--PHO: M.Williams (0.9 #48)  \* \[SPG NBA Leaders\]   \--POR: Thybulle (2.0 #2), Sharpe (1.4 #46)   \--PHO: J.Goodwin (1.5 #13), G.Allen (1.4 #34), Gillespie (1.2 #47)  # PLAY INS SCHEDULE  📊 Pre-Game Team Breakdown  \&gt; POR (42-40) v. PHO (45-37)   \&gt; Western 8th (.512) | Western 7th (.549)  \&gt; SA (62-20), Western 2nd (.756)   \-- (2) San Antonio vs. (7) TBD   \-- Spurs play on Sunday RD1/GM1 verses the #7 seed (winner of todays game, POR vs PHO)   \-- Game 1 at San Antonio | Sunday April 19 (8 CST, NBC/Peacock)  📊 Schedule: Play-Ins Western Conference  TUE, April 14   \* West: Trail Blazers (8) vs. Suns (7), 10 p.m. ET (Winner earns 7 seed)  WED, April 15   \* West: Warriors (10) vs. Clippers (9), 10 p.m. ET (Loser eliminated)  FRI, April 17   \* West: 7/8 loser vs. 9/10 winner, 10 p.m. ET (Winner earns 8 seed)"
2026-04-14 19:07:35,"View in your timezone:   [Tue, April 14 9:00 PM CDT][1]    [1]: https://timee.io/20260415T0200?tl=%F0%9F%8F%86+Pre-Game+Analytics+%7C+Spurs+Play-In+Conference%3A+Blazers+%28%238%29+%40+Suns+%28%237%29   ^(_*Assumed CDT instead of CST because DST is observed_)"
2026-04-14 19:10:06,I think we can beat both fairly easily in a series. I would much rather not see dirty ass Dillon Brooks and Jalen “I only shoot well against the Spurs” Green though.
2026-04-14 21:28:33,"In the last 10 regular seasons, the Lakers have started 94 different players, the most in the league. The Nuggets have only started 54 players, the fewest in the league. The Lakers have started 94 unique players since the 2016-17 season (regular season only). The 76ers, Nets, and Grizzlies are the other teams to start 90+ players over these 10 seasons.   The Nuggets, Spurs, and Timberwolves are the only teams to start less than 60 players.  |Team|\# Players| |:-|:-| |Los Angeles Lakers|94| |Philadelphia 76ers|93| |Brooklyn Nets|92| |Memphis Grizzlies|92| |Washington Wizards|85| |Atlanta Hawks|84| |Detroit Pistons|84| |Portland Trail Blazers|81| |Cleveland Cavaliers|79| |Dallas Mavericks|79| |New Orleans Pelicans|79| |Phoenix Suns|79| |Utah Jazz|79| |Toronto Raptors|78| |Los Angeles Clippers|77| |Chicago Bulls|76| |Indiana Pacers|76| |Sacramento Kings|76| |Houston Rockets|75| |New York Knicks|73| |Oklahoma City Thunder|73| |Milwaukee Bucks|72| |Golden State Warriors|70| |Miami Heat|67| |Boston Celtics|66| |Charlotte Hornets|62| |Orlando Magic|62| |Minnesota Timberwolves|59| |San Antonio Spurs|57| |Denver Nuggets|54|  There is definitely a correlation to where teams who won more games over the past 10 years have started fewer players, but there are some odd outliers like Orlando and Charlotte who have been bad, but have started few players, or the Lakers who have been above average, but have started the most players.  Interestingly, the Raptors and Lakers are the only teams who have won a championship in this span that aren't in the bottom 10 of this metric.  Source: Stathead"
2026-04-14 21:29:18,Team chemistry has always been our secret sauce
2026-04-14 21:31:50,So we’re due for a championship?
2026-04-14 21:33:22,would’ve expected grizzlies at 1 but they’re not too far off
2026-04-14 21:35:23,"That's what happens when you win a championship and decide that instead of running it back and getting reinforcements, you get rid of players like Caruso and completely remake your team. Then when that doesn't work out you use free agency to try to fix that, because that's what the Lakers have always done. But every year Rob pelinka chooses players like THT and Ayton, and every off-season we are wondering what they will do the next season"
2026-04-14 22:26:08,"First jersey purchase Finally saved up enough money to buy my first jersey and I wanted to make sure it was a Spurs one, specifically Steph since he’s my favorite player :) Which one do y’all think I should buy?"
2026-04-14 22:33:44,Icon/black jersey is def a solid first choice. Since jerseys are usually worn at parties/social stuff/games I don’t like wearing white jerseys because I can be them dirty lol. I’m not the biggest fan of this year’s statement jersey. If you can find the black fiesta jersey that would be best imo
2026-04-14 22:33:52,"FIRST PLAYOFF GAME - WHO’S GOING? 👽🛸😤 First playoff game ever! HYPED doesn’t even begin to describe it! Anyone who’s been to a Spurs playoff game before, what should first timers know? How early to show up, what can you bring inside, any tailgates or bars near Frost Bank?   If you’re going on Sunday, drop your section, any inspo (face paint, accessories, etc), or share ideas (chants, gear). LFG!!!! 👽🛸😤"
2026-04-14 22:40:30,Wear your free shirt and get LOUD!!! The boys need us to help them however we can! Let’s show em the city is fully behind them! Let’s get this 6th title yall!
2026-04-14 22:44:25,That tracks. We changed out the team 4 times essentially since then. And then the normal ancillary players that every team goes through. The young core to the championship team to the Westbrook era bums to the Doncic team.
2026-04-15 00:16:46,The only way I could go to a Spurs playoff game is if they AND the Hawks make the finals.
2026-04-15 00:19:40,I just don't see how anyone is beating boston in a 7 game series
2026-04-15 00:22:19,That should have been a flagrant on Ball crazy how they didn't call that
2026-04-15 00:22:19,"I get its a high stakes game but in what world is grabbing someones ankle in mid air, taking away their landing not worth a tech?😂"
2026-04-15 01:00:27,Yes!  Spurs in person beats Spurs on TV hands down.
2026-04-15 01:15:21,"Congrats on saving the money but DO NOT buy from the fan shop they over charge by $30 for the self logo. Go to dicks, foot locker, Lids, NBA store or Fanatics to get the same thing without sponsor patch for $30 less AND they are likely to go in sale soon since season is over. Last April city jerseys went from $120 to $59.99 in April. Also, dicks sporting goods and Macys had spurs jerseys for $95 a few days ago. Just keep an eye out and good luck!"
2026-04-15 01:29:52,Section 6 behind Spurs bench for game 2!
2026-04-15 02:23:24,"Honest thoughts on Spurs playoff hopes Did giving the nuggets the 3 seed heavily affect our chances at seeing Wemby win his first ever playoffs? I honestly feel the Thunder matchup is far more favourable than nuggets, just have a terrible feeling about going against Jokic, Gordon and Murray through a 7 game series. I have much more confidence that the Spurs could beat Thunder than I do Nuggets, just with how the teams match up. Did Nuggets falling to the Spurs side of the bracket majorly affect how Spurs playoff odds should look? Or is this being blown out of proportion. I just feel like only having to play one of Nuggets or Thunder would have been massive in improving our odds at a championship, considering those are the only 2 teams I see beating the Spurs (we get past Celtics in 6 max). What are your guys thoughts on the whole situation?"
2026-04-15 02:24:27,Best play in game in nba history
2026-04-15 02:27:45,"I back us to beat the Nuggets the only downside to how the bracket turned out was I was hoping Denver would challenge OKC and potentially push them, as far as Spurs are concerned we knew we'd have a tough go anyway but thats what the 2-seed is about"
2026-04-15 02:30:29,Bro this game made the sub turn bipolar lol
2026-04-15 02:30:33,"We expect them to get past the first round. Beyond that, with no experience and the way we have been playing, expectations are low but as fans we couldn’t be more excited about the future."
2026-04-15 02:33:10,"I don't really think we *let* the nuggets win. They just got our number. Which... Reinforces your point.   It is what it is. We overperformed this season. Let the boys get some meaningful playoff experience. What happens, happens.  Our future is bright my guy."
2026-04-15 02:42:38,"The odds have always been against us winning it all.  Young teams never win in their first playoffs (at least not for 50 years), and it is almost inevitable that we will lose at some point to more experienced team. The playoffs are a different ball-game, where defences can hone down on your flaws, game after game, and you need to be able to execute plans B, C and D against whatever the defence throws at your. Experienced teams who have been there before as a group, are generally better at doing so, at both ends of the floor. (And the Spurs where on the other end of this year after year during the dynasty by beating younger teams with plenty of talent)  And if we have expectations of winning it all - you have to be able to beat everyone in front of you, and that includes the best teams.  Ideally we would've been good enough to win game 82 and push Denver to the other side of the bracket, whilst still looking after Wemby and Luke's health, but we weren't good enough to do that. And it was not worth risking injury on the eve of playoffs if those guys weren't 100% (which Wemby clearly wasn't).  End of the day, I don't care too much about who we face. Ideally we win it all, but in the likely event we lose at some point, as long we win the first round, and put up a good showing in any other series, I don't think it would be much difference to our long term trajectory whether that loss comes in the 2nd round to Denver/Minnesota (if healthy), the WCF to OKC, or even the Finals to Boston or NY. (I think we can win any of those individual series, and should be favourites over all but OKC/Denver, but I will be, very pleasantly, shocked if we can win 4 series in a row this year)."
2026-04-15 02:44:24,"Bro worry about the first round, then we'll see"
2026-04-15 02:46:04,"Only silver lining is that the nuggets now have to matchup with the timberwolves, who have THEIR number"
2026-04-15 02:47:32,it’s fair to say those things you mentioned since they played us pretty good in Denver but we do have home court and they played pretty terrible in SA without Vic we just choked that one away. The game slows down in the playoffs which I think benefits us greatly. Think we got that series in 7
2026-04-15 02:48:38,I think they would be better if they pushed Denver in to the 4 seed.
2026-04-15 02:49:51,Yea I say we focus on round 1 too. And you never know - wolves matchup very well against Denver
2026-04-15 02:50:33,The Nuggets match up badly with this team and the last game of the season will remain a baffling decision for a long time.
2026-04-15 02:52:22,Victor Wembanyama Was MVP Caliber On Both Ends Of The Court This Season! Wemby 2025/26 NBA Regular Season :  Victor Wembanyama Total Blocks : 197 (Most in the NBA)  Victor Wembanyama Offensive ON-OFF Plus/Minus (Min. 1000 total minutes played) : + 6.5 (19th in the NBA)  Victor Wembanyama Defensive ON-OFF Plus/Minus (Min. 1000 total minutes played) : + 9.2 (Best in the NBA)  Victor Wembanyama Net ON-OFF Plus/Minus (Min. 1000 total minutes played) : + 15.6 (Best in the NBA)
2026-04-15 02:54:02,"Mate, even if things fell the other way and it looked like we would play the wolves in the second, it would still be a tough matchup. Nothing is guaranteed. Just enjoy the ride"
2026-04-15 03:06:57,"Season Recap from Every Spurs Win a Sketch I just want to thank everyone on here for the support you've shown for the little sketches I've done over the season. When I started it was more of a challenge to myself to follow the games and put a little spin on things, and the reception from the fandom on a whole has been great. While I had great hopes for the Spurs, I never imagined that I would end up having to capture SIXTY-TWO amazing wins, which really taxed my imagination and process, especially since I'm a fan from Singapore and the time zone difference has made it tricky in catching up to games.   I thought I'd do a season recap for the top five liked posts for those who would be interested:  1.      [13-5, Kaido Jokic](https://www.reddit.com/r/NBASpurs/comments/1p9uadi/spurs_survive_the_group_of_death/?utm_source=share&amp;utm_medium=web3x&amp;utm_name=web3xcss&amp;utm_term=1&amp;utm_content=share_button)   2.      [24-9, Happy New Year](https://www.reddit.com/r/NBASpurs/comments/1q0vbxb/happy_new_year_spurs_fam/?utm_source=share&amp;utm_medium=web3x&amp;utm_name=web3xcss&amp;utm_term=1&amp;utm_content=share_button)   3.      [55-18, Bear Hunt](https://www.reddit.com/r/NBASpurs/comments/1s5b007/with_apologies_to_the_original_authors/?utm_source=share&amp;utm_medium=web3x&amp;utm_name=web3xcss&amp;utm_term=1&amp;utm_content=share_button)   4.      [54-18, Gengaryama](https://www.reddit.com/r/NBASpurs/comments/1s2jnjm/its_super_effective/?utm_source=share&amp;utm_medium=web3x&amp;utm_name=web3xcss&amp;utm_term=1&amp;utm_content=share_button)   5.      [8-2, Butchered Bulls](https://www.reddit.com/r/NBASpurs/comments/1oud5n2/let_him_cook/?utm_source=share&amp;utm_medium=web3x&amp;utm_name=web3xcss&amp;utm_term=1&amp;utm_content=share_button)   Special mention for [games 1 (Buddha Wemby) and 2 (Pair beats High Card)](https://www.reddit.com/r/NBASpurs/comments/1ofwif2/20/?utm_source=share&amp;utm_medium=web3x&amp;utm_name=web3xcss&amp;utm_term=1&amp;utm_content=share_button) which is what started it all.      I hope to continue this in the playoffs with sixteen more sketches:) let me know if you guys have any ideas and I'll be happy to work them in where possible. #ESWAS"
2026-04-15 03:13:28,"21st century PS impact With the playoffs approaching, it’s worth looking at the postseason impact of some of the best players of the 21st century. Using a 5-year on/off sample in the playoffs, and to reduce noise, we filter for at least 2000 minutes on the court and 500 minutes off the court.  Shaq had an all-time stretch from 2000–04, but [pbpstats.com](http://pbpstats.com) doesn’t go that far back, so I can’t give his exact numbers. From 2001–04, he’s at +7.1 on and +16.2 swing. D-Wade from 2005–10 also posted great numbers, but he doesn’t meet the minutes criteria.  Let’s start with the best:  **LeBron:** The greatest playoff performer of all time, with multiple all time stretches, the best combination of athleticism and IQ in league history gave him unmatched impact.  * Best on court: 2012–17 (+8.8 on, +15 net swing) * Biggest change: 2016–21 (+8.1 on, +18.5 swing) He also had another +16 swing from 2006–10, but it doesn’t meet the minutes requirement.  **Curry:** Game-changing gravity produced all-time offensive impact despite some drop-off in scoring. Curry missed some time, and his teams faced weaker opponents in earlier rounds, so all his stretches are filtered for the games he actually played.  * Best on court: 2015–19 (+9.8 on, +10.5 swing) * Biggest change: 2017–23 (+9.5 on, +13.6 swing)  **Tim Duncan:** Incredible interior defense and low post scoring kept the Spurs elite:  * Best on court and change: 2001–05 (+6.1 on, +13.5 swing)  **Kevin Garnett:** He missed the 2009 playoffs but still qualifies for the minutes threshold. Even excluding his missed time he still qualifies, and the numbers are insane. His peak in Minnesota was also incredibly strong but lacks sample size.   He probably has the weakest box score numbers here, but KG is a player best understood through the eye test.  * Best on court: 2008–12 (+7.4 on, +12.8 swing)  **Ginóbili:** 2004–08 (+6.9 on, +13.1 swing)   **Giannis:** 2019–23 (+7.0 on, +9.6 swing)   **Kobe:** 2007–11 (+4.7 on, +9.2 swing)   **KD:** 2014–19 (+8.3 on, +7.8 swing)   **Kawhi:** 2016–21 (+7.1 on, +7.0 swing)  **Harden:** 2016–20 (+1.5 on, +8.5 swing). His best stretch came during his OKC years: 2011–15 (+4.7 on, +14 swing).  **Lowry:** 2016–20 (+3.1 on, +14.2 swing) — Raptors GOAT  **Jokić:** On/off numbers in the playoffs can be noisy and context-dependent, and Jokić might be one of the most affected. The biggest factor is his team’s shooting, which somehow improved from three-point range with him off the court—something that doesn’t match any larger regular-season sample.   As he continues to play, he may produce another stretch that reflects his historic regular seasons. Over the last three years, he’s at +3.7 on and +11.8 swing, with a +13 offensive improvement, but it still doesn’t meet the criteria.  * 2021–25 (+0.4 on, +4.0 swing)  **Wemby** might be the next one to break all the +/- records. His season was incredible, although the limited minutes and this injury-shortened/tanking season probably oversell him. Still, he’s the one I’m most interested to see in the playoffs.  **SGA** is another one, because his impact numbers drop a lot in the playoffs. There’s clearly some noise, but his scoring has fallen off a cliff over the last two postseasons. Of course, he needs a larger sample, he’s still pretty young, and his improved playmaking could help stabilize his scoring going forward"
2026-04-15 03:47:17,"Love all the subtleties in your work, always look forward to them after every win. Hopefully we'll be seeing new ones in June! Fan suggestion: Wemby as Victor Von Doom, looking over the chessboard of the playoffs!"
2026-04-15 04:02:29,The Nuggets are not guaranteed to get past the Wolves. And the Celtics or even the Knicks will not be slouches even if the Spurs win the West.
2026-04-15 04:48:33,"The 7th seeded Portland Trail Blazers will face off against the 2nd seeded San Antonio Spurs in Round 1 of the 2026 NBA Playoffs. Game 1 will be on Sunday, April 19th at 9:00 PM ET. Source: https://www.espn.com/nba/standings  The 7th seeded Portland Trail Blazers will face off against the 2nd seeded San Antonio Spurs in Round 1 of the 2026 NBA Playoffs. Game 1 will be on Sunday, April 19th at 9:00 PM ET."
2026-04-15 04:49:12,"Good luck with the Spurs Blazers, I hope you guys can make it a tough series"
2026-04-15 04:49:40,"against portland that will be based on  what our guards can do, scoot and the who they put on wemby"
2026-04-15 04:49:50,Blazers' athleticism will be a great test for Wemby
2026-04-15 04:49:54,Suns blow two leads back to back and they said KD WAS THE PROBLEM
2026-04-15 04:50:20,"Spurs will play Blazers in the 1st Round | Game 1 Sunday the 19th @ 8 PM CT on NBC/Peacock 🏀🏀🏀 This will be only the 4th all-time playoff matchup between these two. Portland won the first series in 1990, but SA won the following two in 1999 and 2014.  How we feelin’ about this series Spurs fam? 👀🏀"
2026-04-15 04:51:42,"I am happy not seeing Suns in the 1st round, won't lie. Portland hasnt faced Wemby entire season, would be nice welcome for them"
2026-04-15 04:51:55,They’re getting their chain snatched I wanted the suns because atleast they would challenge our rotation
2026-04-15 04:52:09,"The Gregg Poppovich series.  The first time the Spurs make it without him as the coach, the first series is his hand picked successor and Tiago Splitter a player on his last title as head coaches"
2026-04-15 04:52:13,I’m happy we avoid Dillon Brooks nonsense.
2026-04-15 04:52:25,Great. I'll take it over the super hot shooters Phoenix can have with book and Gillepsy? And Dillon brooks being a hot head. Castle gets to face his teammate in the 1st round that's gotta be fun for those two.
2026-04-15 04:53:26,Wemby has not played against Portland at all this year. I don't see how they will be able prepare for him. Also they most score in the paint. This is the matchup we wanted.
2026-04-15 04:53:28,Did not have Portland landing the 7th seed on my bingo card at the start of the season. Props to them.
2026-04-15 04:57:07,Are we ready to see Sean Elliot's game winner throughout the series?
2026-04-15 05:00:43,"Take out that antenna or sign up for Peacock because Sunday is going to be peak. 1st playoff game in 7 years and 1st for most of the squad and with the jackals, it's going to be electric."
2026-04-15 05:03:11,Deni The Menace Avdija Had 41 points 12 assists and 7 rebounds with 2 blocked shots In tonight's win Portland will play the Spurs in the 1st round in the playoffs and I expect Portland will not go out easy. Spurs will have a tough time with Portland.
2026-04-15 05:04:25,Spurs will sweep winning every game by double digits
2026-04-15 05:06:26,I think people will be surprised by how competitive this series is.
2026-04-15 05:06:38,I think the Spurs will be just fine lmao.
2026-04-15 05:07:27,Spurs in 4/5 tbh
2026-04-15 05:08:28,Wemby hasn’t played yet against the Blazers this season
2026-04-15 05:11:52,"[Highlight] The Suns fail to score, Jerami Grant with the dagger dunk and the Blazers secure the 7th seed and will meet the Spurs in the playoffs (with a replay)"
2026-04-15 05:11:54,"Love these. Have you ever considered printing them in the future? It would make a great coffee table book.  Let’s see. Dune-themed? Wemby as Paul riding the Shai-Hulud?  Have you done the iconic Alien scene yet? I saw it somewhere, so I was wondering if it was Spurs PR or another fan.  The Dandadan poster is pretty cool.  Ninja Turtles for the headband night. Wemby as Master Splinter.  How about Dr. Manhattan? on Mars?  One Punch Man but with blocks?  Anything about Artemis II. Maybe Orion landing.  Hope you get to draw all 16 YKWIM 😎"
2026-04-15 05:13:21,"Wildly impressive game. Thought Phoenix looked like the materially better team, but Deni was the best player in either game tonight. Hell of a performance."
2026-04-15 05:14:56,"Playoff history: Spurs - Blazers Playoff games record: SAS leads 14-6  Series record: SAS leads 3-1  Last meeting: 2014 WCSF - Spurs won 4-1  Leading scorers: LaMarcus Aldridge (POR, 21.8), Damian Lillard (POR, 19.8), Tony Parker (SAS, 18.4), Kawhi Leonard (SAS, 17.0), Nicolas Batum (POR, 14.4).  The Spurs would go on to beat the Thunder in the WCF in 6 games, and then get revenge on the Heat by beating them in 5, en route to their 5th and final title so far.  Will Wemby and co. cruise through their 1st playoff series, or can Deni and the Blazers make it tough on them?"
2026-04-15 05:16:16,I will be stoked if we can win a single game vs the spurs
2026-04-15 05:21:01,"funnily enough both teams prefer this matchup. suns are a tougher matchup for the spurs and the blazers would for sure rather face the spurs than the thunder which would've happened if they were to end up as the 8th seed instead (assuming they beat the clippers/warriors). anyways, spurs in 5 lol"
2026-04-15 05:21:03,Oneale is a terrorist and just kept doing this. Why tf arent you going on the dunker spot and just stood there making spacing worse for booker? You have to give your star the spacing there. Funny enough this keeps happening the whole year. And they just never learned. Id be surprised if Oneale stays there next year. Him and Booker just dont have no chemistry at all
2026-04-15 05:26:18,I just want to the Blazers play hard and for these young guys to get some playoff experience... Spurs are young too and hopefully the Blazers can make them sweat just a little.
2026-04-15 05:29:50,Blazers haven’t played this spurs team with wemby on the floor.  Should be 4-0 or 4-1. Should be a fun match up.
2026-04-15 05:36:15,"Spurs in 5, hopefully Deni can keep up the pace and establish himself though."
2026-04-15 05:55:08,"Should be easy, while also being an amazing warmup.   Wemby and castle have the hardest matchups, which is perfect, get this done in 4 or 5, and rest while wolves nuggets duke it out"
2026-04-15 05:55:10,"Feels like Spurs in 5 or 6, but Blazers won’t go down easy. Avdija is in great form and can attack the rim, but Wemby’s rim protection could be a real problem for him."
2026-04-15 07:17:19,Spurs in 5 .only win for Blazers is Deni masterclass like 40\10\5
2026-04-15 07:19:07,"I hope its gonna be a sweep round 1, so that more resting for the team, it's gonna be a helluv series on round 2."
2026-04-15 08:38:12,"This is going to be an interesting series. It could be a full on belt session, and probably will.  But here's an alternate version for the Blazers Optimists such as myself. There are opportunities here for the Blazers. One of Deni's most powerful attacks isn't just his drive, it's his drive and kick. Assuming Wemby ends up with a lot of responsibility there means he's either picking up fouls, or tight defense is pushing him deep into the paint, creating imbalances in the defense and holes on the outside. I honestly don't think Deni cares if he gets his own points or if someone else is getting buckets. He wants the team to win. So if our 3 is falling, it's absolutely possible for us to take some games.  Also there's a non-zero chance that Toumani and Matisse Thybulle can cut off the head of the snake. Matisse is disruptive in a way that no other active player in the NBA is, and he's finally healthy and Toumani is absolutely outrageous."
2026-04-15 08:45:39,"Knock the door, wet floor, high score, SPURS in 4!"
2026-04-15 09:19:13,"[Highlights] Deni Avdija full highlights vs. Phoenix Suns tonight - play-in (114-110 W):  41 Points on 15/22 FG (68.2%), 3/8 from 3 (37.5%), 8/13 FT (61.5%), 7 Rebounds, 12 Assists (5 TOV), 2 Blocks, 4 PF, and a +/- of +13 (2nd best after Sharpe +19) in 38:10 minutes played. Deni had 14 Points on 4/5 FG, 1/1 from 3, 5/7 FT, 3 Rebounds, 3 Assists (1 TOV) in the 4th quarter.  3 clutch field goals made, including clutch free throws and assist to Jerami Grant (two clutch corner 3s)     The Blazers secured 7th seed in the west and will face the San Antonio Spurs (2nd seed) in the 1st round of the 2026 NBA Playoffs!  Deni will become the first Israeli to play in the NBA playoffs (Omri Casspi got to the playoffs with the Rockets, but did not play)     Including misses, turnovers, fouls (and times he got fouled), free throws - the thing I usually do with Deni Avdija highlights  [HD version via Reddit (Blazers' subreddit)](https://np.reddit.com/r/ripcity/comments/1sm0rb2/deni_avdija_full_highlights_vs_phoenix_suns/)  [HD version via YouTube](https://youtu.be/121uUo5MZYs)"
2026-04-15 11:32:02,"It's not gonna be a cakewalk, but the team disparity is too big. Spurs in 5."
2026-04-15 12:07:32,"Thing is, Wemby will be blocking shots as a help defender, but that won't prevent Deni's ability to draw the foul against his man, or disturb his ability to penetrate. All that really comes down to Spurs' perimeter defense.   Portland will need to scheme some things for when a helper hedges to force him left. And he'll need to figure out what to do when he actually makes it to the hoop unobstructed with Wemby looming."
2026-04-15 12:15:43,"This is why you can’t listen to this sub, I thought this man was a wrecking ball foul merchant. He was cooking everybody off the dribble, Suns looked like they were in quicksand guarding him. And he has a soft touch around the basket, good vision too. This is what Paolo should be doing."
2026-04-15 15:26:43,honestly I think Spurs should prioritize upside over safe picks this year. they’re not in a rush to contend and with Wemby you kinda want guys who can grow into high-impact roles rather than just solid rotation players. like take a swing on someone with star potential even if it’s a bit risky
2026-04-15 15:45:04,"While point swing has its flaws, I do find it more valuable than counting stats for impact and more understandable than most of the advanced stats.    On/off swings underrated Luka most of his career because he typically had backups like Brunson or Irving or LeBron/Reaves and it can overate guys like Steph/Jokic/SGA where the system and lineups are completely dependent on their unique skills.  If Luka had worse backups, he wouldn't be a better player.  If SGA had a Brunson coming off the bench bench, it wouldn't make him a worse player.    But even with those flaws, it still mostly catches who the best players are, and shines a light on players that need more scrutiny in spite of good-on-the-surface counting and efficiency stats.  The hosts of the Thinking Basketball Podcast had a good laugh about Luke Kornet's on/off swings and how (when you completely ignore context) he's one of the worst players and defensive players in the league.  But, this stat makes Duncan look awesome, and I love any stat that makes Duncan look awesome.  His on/off numbers are very different in the Manu years, as Manu ascends Duncan's on/off impact looks worse and Manu's lineups are what drives the Spurs margin of victory.  Robinson had similar trends before and after Duncan.  It makes me think that there was something in the Spurs system that had some ""we win with these lineups and tread water without them"" logic to their minutes distribution.  Like, to get more minutes with their best lineups, they accepted their bench lineups being worse."
2026-04-15 16:23:11,"7 playoff coaches worked for Popovich Gregg is truly the greatest coach in the NBA, a lot of the playoff teams are influenced by him.   Steve Kerr(Warriors) played for San Antonio and directly credits Pop for his coaching philosophy.   Ime Udoka(Rockets) was a player and assistant coach under Pops  Mike Brown(Knicks) was an assistant coach  Quin Snyder(Hawks) was an assistant coach  Tiago Splitter(Trail blazers) played for San Antonio   Charles Lee(Hornets) Summer league player  Mitch Johnson obviously is homegrown   **P.S. Of the non-play off teams, these coaches are part of the Spurs tree**  Will Hardy(Jazz) was a  film and assistant coach   Brian Keefe(Wizards) video coordinator and player development   Doc Rivers(Free agent) played for San Antonio"
2026-04-15 16:37:57,"[Highlights] All the possessions in the 4th quarter - Phoenix Suns vs. Portland Trail Blazers - 4/14/26 - Play-in Tournament.  Blazers won and secured the 7th seed in the west, and will face the San Anotnio Spurs in the first round of the 2026 NBA Playoffs. [HD version via Reddit (Blazers sub)](https://np.reddit.com/r/ripcity/comments/1smbbu1/all_the_possessions_in_the_4th_quarter_phoenix/)  [HD version via YouTube](https://youtu.be/3whZ3r1ADHM)"
2026-04-15 16:42:12,We ate good yesterday with both games
2026-04-15 17:25:31,Don't forget the former Spurs assistant who won a title and is currently unemployed.    Replace Doc with Coach Bud IMO.
2026-04-15 18:33:52,Don’t forget Sam Presti cut his teeth in the spurs front office as well.
2026-04-15 19:21:40,"Victor Wembanyama says he misses playing in high-stakes games. Asked about the last one he can think of, he recalled the Olympics."
2026-04-15 20:07:46,My favorite Wemby presser is when he asked all the journalists what should be cut off for minimum games played to qualify for MVP award and started mathing out loud
2026-04-15 20:10:12,Wemby is built for this shit. Dude turns it up a notch against key matchups so I can’t wait to see what playoff wemby would look like.
2026-04-15 20:17:52,At this point Wemby has a better chance of winning multiple NBA championships than an Olympic gold medal and that’s crazy.
2026-04-15 22:58:36,"the last time spurs faced the trailblazers in the postseason (2014), splitter was on the team. now, he's on the other sideline, coaching the trailblazers against the spurs in this year's playoffs."
2026-04-16 00:41:20,Spurs v Blazers series schedule I haven’t seen this posted in here apologies if it has been.
2026-04-16 00:43:12,Amazon had better fix their technical issues before game 3
2026-04-16 00:50:20,"Fucking a, I miss when you could just watch them all on 1 channel"
2026-04-16 02:01:43,A Spurs Fan’s Viewing Guide for Play-in Night 2 Clippers and 76ers each owe their 1st round picks to OKC. If these teams make the playoffs the picks won’t be in the lottery and will be less valuable. Go Clips and 76ers.
2026-04-16 03:05:48,"So as a local in San Antonio, NBC is antenna? I have peacock and prime, where can I watch ESPN?   I also have fan duel network, should I just cancel that shit now and save $20 a month?"
2026-04-16 03:13:01,Spurs in 4-5 games... 💪🏼💪🏼💪🏼
2026-04-16 06:34:33,"Did [a deep dive on this in the regular season, counted 20/30 active coaches as part of his influence](https://www.reddit.com/r/NBASpurs/comments/1oxwmtr/if_like_me_you_wish_to_discuss_something_other/). I think you missed out the Raptors (Darko - 2004-2011 Spurs summer league AC, see other connections). If you're willing to consider second tier connections to the coaching tree that also clocks the Nuggers, Celtics and Cavaliers too :P"
2026-04-16 12:05:17,"I admit I have been an absent fan, just checking box scores and catching the occasional game on tv. I clock into work at 530am, why did they give the spurs the 9pm game ha. Guess im watching the recording on youtube tv the next morning"
2026-04-16 13:55:17,Pop wasn’t coach yet when rivers played for the Spurs…..
2026-04-16 16:38:33,Hoping Tiago a great career… just not the series with the Spurs. But he has been a good coach.
2026-04-16 17:56:55,Which does one playoff shirt have a Nike logo ? Why does one playoff shirt have the Nike logo and the other doesn’t ?   One of from NBA store which seems like order is fulfilled with Fanatics   And the one without Nike logo is From the Spurs Fan shop (ledger) and seems to be a stadium essentials brand .   Which one seems legit or are they both legit .
2026-04-16 18:33:53,Regardless of what happens in the Playoffs - this Spurs team has renewed my love of basketball. I’m an old head. Grew up in the 90s. The vibe of this season reminded me of an old school college basketball team. Every player on this roster has either improved or sacrificed something for the team. It’s been an absolute pleasure watching these guys go from a losing team (yet doing the little things every game to improve) to a 62 win team.   The front office and coaching staff deserve high praise. And POP too!   Go Spurs Go.
2026-04-16 20:02:43,"[San Antonio Spurs] Congrats @wemby on winning the 2025-26 Magic Johnson Award! This award honors the NBA player who best combines excellence on the court with cooperation and grace in dealing with the media and fans, given by the @ProHoopsWriters 👏 Never heard of this award, but why not? 🤷"
2026-04-16 20:03:56,what a game that was
2026-04-16 20:09:43,"One of the best things about the Timmy/pop era was being in contention to win the title every single year. The rivalries, the playoffs, the wins, and even the losses. It’s good to be back"
2026-04-16 20:35:59,"[NBA on ESPN] @wemby sits down with @malika_andrews to discuss working with Hakeem Olajuwon and monks last summer, the @spurs' playoff ambitions, and what's in store for this offseason 👽"
2026-04-16 20:55:50,Wemby gonna be doing the dos xx most interesting man in the world commercials when he's old
2026-04-16 21:07:03,"I mean...KD won it last year and as great as he is...yeah, Wemby embodies all those qualities, but the award is a little...hmmm...."
2026-04-16 21:35:31,"On April 17, Steph Curry has, and will play against every Western Conference franchise at least once in his Postseason career [https://www.statmuse.com/nba/ask/steph-curry-record-vs-each-team-playoffs](https://www.statmuse.com/nba/ask/steph-curry-record-vs-each-team-playoffs)  On April 17th, Stephen Curry (and Draymond Green) has and will play against every Western Conference franchise at least once in his Postseason career (Except GSW &amp; Seattle), Playoffs and Play-in incl.  1. Denver Nuggets | 2013, 2022 | 8W-3L | 26.0 PPG  2. San Antonio Spurs | 2013, 2017 | 6W-4L | 26.1 PPG  3. Los Angeles Clippers | 2014, 2019, 2026 (Play-in) | 8W-6L  4. New Orleans Pelicans | 2015, 2018 | 7W-1L | 29.1 PPG  5. Memphis Grizzlies | 2015, 2021 (Play-in), 2022, 2025 (Play-in) | 9W-4L  6. Houston Rockets | 2015, 2016, 2018, 2019, 2025| 18W-9L | 24.9 PPG  7. Portland Trailblazers | 2016, 2017, 2019 | 10W-0L | 33.4 PPG  8. Oklahoma City Thunder | 2016 | 4W-3L | 27.9 PPG  9. Utah Jazz | 2017 | 4W-0L | 24.5 PPG  10. Dallas Mavericks | 2022 | 4W-1L | 23.8 PPG  11. Sacramento Kings | 2023, 2024 (Play-in) | 4W-4L  12. Los Angeles Lakers | 2021 (Play-in), 2023 | 2W-5L  13. Minnesota Timberwolves | 2025 | 1W-0L (inj. during Game 1)  14. Phoenix Suns | April 17 (Play-in)  Even played against Three different EC teams  (Play-in stats not incl. because statmuse doesn't account for play-in games as postseason games)"
2026-04-16 21:38:48,"Agree 100%, the team’s vibes remind me of my old Marine platoon. We went through tough times together and we were basically family, always goofing off but ready to have each others backs. Love this squad!"
2026-04-16 21:41:58,"Tim Duncan went to the postseason 19 times and somehow didn't play the Rockets a single time. The year after he retired, the Spurs played the Rockets for the first time since 1995. Pretty crazy to me."
2026-04-16 21:44:03,Pretty impressive. I didn't realize he had already played every West franchise in a series except the Suns
2026-04-16 23:14:27,"WYR: A time traveler gives you 5 options Hypothetically, a time traveler comes to you and tells you the Spurs won the Championship this year.  He has the ability to alter something now and it will change who is the finals MVP.  But he will give no other information about what happened. But he will let you choose who wins it.  Who do you choose on the team?  Easy answer is Wemby, but think about it.  You get some interesting questions about what it would mean for different players.  If it were Castle, that would mean he had a breakthrough or amazing series to get it over Wemby.  If it were Harper it would mean he is a generational Superstar.  What if it was even Carter Bryant?  That would mean something amazing happened."
2026-04-16 23:16:22,I can’t wait until we start playing actual games again so we get less of these types of posts…
2026-04-16 23:23:41,Congratulations wemby for being Mr. Polite Man 2026
2026-04-16 23:26:45,I just want the spurs to win the 2026 nba championship
2026-04-16 23:35:45,"Nope, still Wemby.  Hopefully this isn’t like a monkey’s paw situation"
2026-04-16 23:46:21,Spurs haven't even won a playoff game and you're choosing who gets Finals MVP?
2026-04-16 23:58:00,"Haha contrary to most I love to see shit like this, high chance when we win it all, it's because someone else other than Wemby stepped up. Steph could drop a triple double for 7 straight games, Julian could have 30 point games, Keldon a dark horse, or Fox goes playoff mode"
2026-04-17 00:10:41,Keldon Wilder Johnson
2026-04-17 00:10:53,playoffs im so excited for the playoffs!! i had been following the spurs for a few months as a new fan and im really excited to see them in the playoffs \^.\^
2026-04-17 00:18:33,"Welcome to the club! We're all excited, we haven't been in this position in a while, and I think the first round will be a good test but hopefully we can win in a shorter amount of games than Denver/Minnesota and be more rested, that second round matchup is honestly the one I'm most worried about. OKC being knocked off would be nice as I don't want to play 4 games there, but we won games there. Confident against most teams in the east, Knicks and Cavs we don't play well"
2026-04-17 00:19:59,Man idc I just wanna win.
2026-04-17 00:23:29,"I haven't been this excited for the Spurs since the ""Zaza season,"" if y'all know what I mean!  A 2nd round exit will be a MASSIVE overachievement. Anything past that was unthinkable back in Sep/Oct.  Winning though............."
2026-04-17 01:29:47,"I still can't get over that Wemby's spent time with Robinson, Duncan, Hakeem and KG before this season."
2026-04-17 02:33:43,"If there was a Bronze championship for Conference Finals losers in the past 10 seasons, which matchup would be the best one? They do this in the World Cup, so I thought about the NBA matchups and see how that would look.  2016 would be the choice for the actual Finals, but for the Bronze, I’d say 2018 Boston/Houston would be the best one from a fan standpoint.  In reality this would probably be a game rather than a series.  **2025**  * East: New York Knicks * West: Minnesota Timberwolves    **2024**  * East: Indiana Pacers * West: Minnesota Timberwolves    **2023**  * East: Boston Celtics * West: Los Angeles Lakers    **2022**  * East: Miami Heat * West: Dallas Mavericks    **2021**  * East: Atlanta Hawks * West: LA Clippers    **2020**  * East: Boston Celtics * West: Denver Nuggets    **2019**  * East: Milwaukee Bucks * West: Portland Trail Blazers    **2018**  * East: Boston Celtics * West: Houston Rockets    **2017**  * East: Boston Celtics * West: San Antonio Spurs    **2016**  * East: Toronto Raptors * West: Oklahoma City Thunder"
2026-04-17 02:38:25,Why are several teams missing? I think Knicks vs Wolves last year would have been cinema. Spurs vs Celtics in 2017 would probably be my 2nd pick
2026-04-17 02:49:52,Wait but they should actually do this
2026-04-17 03:31:07,"love that energy, go spurs!"
2026-04-17 05:26:13,Why is there a “Wemby is always injured” narrative ? Was listening to Bill Simmons podcast and multiple times they reference the Spurs playoff chances being contingent on “will Wemby be on the floor ?”. Other than a one off freak blood clot incident literally what has happened to make that the narrative.
2026-04-17 05:35:11,"I agree. I’ve felt the same for awhile now.  Wemby specifically played 70+ games his rookie year. Played 65 games his 3rd year. So literally he fell short of the minimum threshold just once, and that was a freak health scare, not even an injury per se.  I just think he has inherited the injury perception from previous players with either his height or his build or both. So I think if he can play another season or 2 meeting the threshold, he can shake that narrative."
2026-04-17 05:35:47,I think it’s just because of his build. Wemby is a freak of nature. He takes care of himself extra well   (I mean just look at that time he landed on the side of his foot a few years back and walked it off like it was nothing. That would’ve had a bunch of players out for at least a game with a sprain or something.)   which is why he isn’t injured 90% of the time but with his body type I can’t blame people for being concerned about his health nevertheless.
2026-04-17 05:42:41,"Nah I'm always praying he doesn't get hurt each game. With his build, any kind of injury will make the medical staff be understandably extra cautious and sit him out longer than the average player. That is why he's played fewer minutes than most stars, because we can't risk any little inconvenience. Now come playoff time I'm so excited/nervous to see how it plays out if they take the reigns off a little."
2026-04-17 05:43:15,"This will also by first time seeing the Spurs competing during the Playoffs!!! (became a fan of the Spurs when Wemby got drafted, as I was already a fan of him when he used to play for the Mets 92)"
2026-04-17 05:59:43,"I’ve listened to Bill talk about this  His concern isn’t necessarily injuries, it’s whether Wemby can play high minutes in playoff intensity consistently, because he has never done that before.  It’s a fair question"
2026-04-17 06:03:50,"FINALLY! Someone mentions in. I've been screaming this from the roof tops.    It's complete bogus and outrageous that people run with the false narrative that's he injury prone. I'm convinced people just copy a narrative that other people spew. The only argument I could see is if someone is worried about his blood clot. But generally speaking when ppl complain about his injuries, they're strictly referring to physical injuries due to his frame."
2026-04-17 06:04:27,"i wonder with these questions how much talkers like simmons get it that this isn't a normal player/franchise relationship. like up to now, the spurs medical staff and wemby have been on the same page. and they might still be throughout these playoffs and, indefinitely.   but at some point you gotta acknowledge that this whole operation kinda *belongs* to wemby. if an injury is borderline enough to keep him out, well, at the end of the day he's gonna think of it as his title to lose, or not. and the rest of the organization is gonna defer to his judgement on that.   so comparing it to any other star's injury potential.. really isn't apt."
2026-04-17 10:35:04,"I don't listen to Simmons often but I did listen to that episode. In that same episode he was discussing his picks for end of year awards. He seemed to put a premium on total minutes played when explaining some of his choices. Maybe that's something he is really aware of?  I think when any star gets their first crack at the playoffs there will always be questions about whether they can handle it in some way or another. Wemby is definitely the most talked about first time playoff guy this season so you are going to hear more of the narrative be it positive or negative. I'm sure if they were to discuss Deni as much you would be hearing a lot of questions about whether his style of play will work in the post season. Speaking of Deni, Bill left him off his All NBA third team because even though he played in enough games to be eligible, he didn't think it was enough and also that the Blazers weren't good enough. I wouldn't take it too personal.  I'm not a Spurs fan but Wemby definitely rekindled my interest in the league when he came in 3 years ago. I'm excited to see what he can do in the post season this year. Nothing is a given and I think ""unproven"" playoff players will always be a question mark until they win some series. The Spurs and Wemby have a tough road. I know you all have Championship hopes and expectations but if they can even make the WCF, it would be an amazing accomplishment and a successful season."
2026-04-17 10:56:21,"If the 2025/26 Warriors beat the Phoenix Suns tonight, they will be the 11th worst team to make the playoffs based off of win percentage. One quick caveat:  This is only accounting for team's seasons since 1984.  There's technically worse teams that have made the postseason in the NBA, NBL, ABA and BAA but to keep this as simple as possible, post-ABA/NBA-merger, 1983/84 was the year when the 8 seed format was introduced, hence it being the cutoff.   Amusingly, this cutoff year sees one of the worst teams to ever make the playoffs in the 1983/84 Washington Bullets (Now the Wizards with a significantly less cool logo) who cracked the 8 seed with a record of 35-47. That's good enough (Bad?) to tie for 3rd worst win percentage for a playoff team with two other teams (It's the 85/86 Spurs and 94/95 Celtics).  In case you're wondering, the worst team to ever make the playoffs was the 1985/86 Chicago Bulls aka Jordan's sophomore season when he played only 18 games.  They had a record of 30-52.  There's around 50 teams to make the postseason with a losing record, with the most recent team to do so being the 10 seed Miami Heat in 2025 - albeit they did so via the Play-In Tournament and wouldn't have made it through previous means.  That Heat team has the magic number:  37-45.  The same record as the 2025/26 Golden State Warriors and ties them with four other teams who made the postseason for the eleventh worst regular season record to ever make the playoffs.  Oh and in case you're thinking about a 1st round upset of truly hilarious proportions against the Thunder:  Of the 50-ish teams who've made the playoffs with a losing record from 1984 onward, only one of them has ever won a playoff series.  That would be the 7th seed 1986/87 Seattle Supersonics; they went 39-43 and beat not only the 1 seeded Dallas Mavericks but the Houston Rockets in 4 and 6 games respectively.  Keep in mind the 1st round during this time was a ""best of 5"" format so it wasn't a sweep like what happened to the Sonics when they faced the eventual champion Lakers in the Western Conference Finals, thus preventing us from getting the first ever 7 seed in the NBA Finals."
2026-04-17 12:08:19,"1.) People thought Wemby would always be injured, so every time he stubs his toe, it supports people's preconceived notions.   2.) He is an anomaly, his frame and body type are not by conventional wisdom, supposed to work like that.   3.) He has missed a few games here and there and not matter how a doctor or expert explains the blood clot situation, its a freak thing and people will make assumptions. Further, the Spurs have been *ultra* careful with their prized guy  4.) this season the Spurs have finished the year on a heater and been pummeling the crap out of everyone. No need to run up stats and risk guys out there not totally fresh when you're up 17 with 6 minutes to go  5.) Fans love their guy and advocating for them. Its true Wemby played fewer minutes than many stars, some he will be above for awards and honors. The rest of that is predictable reaction."
2026-04-17 12:14:07,"so pumped. it feels like yesterday that i was watching Game 7 vs the Nuggets back in 2019 and never thought it’d take 7 years for us to make to make it back to the playoffs… and in such spectacular fashion too.  and nice Title Fight username, was literally listening to them when i tapped on this post lol"
2026-04-17 13:14:52,"Thoughts on potential nuggets matchup For many of us, getting a potential nuggets matchup round 2 was less than ideal and I've seen so many folks upset about it. I know we want to see how far the spurs can go this year, certainly understand it  Honestly though, win or lose, how much do y'all think this will help wemby and team long term facing the 'kryptonite' in the playoffs this year?  With wembys age, I think the growth and learning potential could be massive compared to plowing through easier matchups and could set them up better for future success.     edit: yes, we have Portland first. that's not a given and neither is nuggets beating Minnesota. this is just thoughts on the narrative that's been so prevalent about how it's a disaster and the spurs screwed themselves"
2026-04-17 13:19:07,"I think ESPN nailed it:   &gt;Wembanyama appeared in only one of the teams' meetings this season: the Nuggets' 136-134 win in early April, arguably the best game of the season. And Jokic has dominated Wembanyama in seven career meetings, going for 37.3 points per game.  &gt;But in what promises to be a scintillating back-and-forth series, I give the Spurs the slightest edge for two reasons. The first is home-court advantage, as San Antonio went 32-8 at home this season; only the Thunder (34-7) were better.  &gt;The second is that, even acknowledging Jokic's historical mastery of Wembanyama, with Gordon's constant injury risk and [Peyton Watson](https://www.espn.com/nba/player/_/id/4576087/peyton-watson)'s availability in doubt, I have more faith that San Antonio will figure out ways to keep Denver out of the 130s than vice versa. The Spurs ranked third in defensive rating this season, while the Nuggets ranked 21st.  &gt;San Antonio advances in a thriller, while Denver loses in seven games in the conference semifinals for the third straight year.  &gt;**The pick:** Spurs in 7"
2026-04-17 13:22:02,"We're playing Portland, not Denver. I'm not thinking about any other match up.  Bad juju to get ahead of ourselves."
2026-04-17 13:26:48,"Let's just beat Portland first and then see what happens next, and who we face."
2026-04-17 13:29:38,We are on to Portland
2026-04-17 13:30:33,Castle is going to make the difference he’s going to be our winning factor in those tight games
2026-04-17 13:32:59,"i think 1 key detail that some fans miss is this: Giving OKC a cakewalk run. If the Nuggets face OKC in the 2nd round, OKC could have atleast face a good opponent. Unfortunately, if you look at the bracket right now, OKC is the favored winner in those matchups.  I see it as not (Spurs) ducking the Nuggets, I see as ""I want OKC to atleast encounter a strong opponent""."
2026-04-17 13:35:47,Study how Warriors defeated the Nuggets during the 2022 run.  Let Jokic beat you and prevent others from going off.  Attack him on offense. Curry tired him out and did the night night.
2026-04-17 13:44:35,Can we focus on Portland first. We think about the 2nd round once we get there. 👌
2026-04-17 13:52:03,"I think they’re not wrong, but they’re also not right. This is Wemby’s first playoff rodeo everyone needs to just enjoy the ride."
2026-04-17 14:03:00,"Well because they have the skyfucker back from injury and if Draymond keeps up with his DPIY performances, then yea it can happen"
2026-04-17 14:07:58,"He entered the league with that narrative and the regular season won't be what bucks it.  ""Can a guy built like that handle the daily grind of four playoff series?"" is always going to be a question until he does.  He did play many less minutes than his MVP-caliber peers to preserve his body mid-season. That's real and did happen.  I don't think Wemby will have injury issues at all in his career - with his flexibility he is literally built different. But I don't blame Bill Simmons for questioning it, that's his job until we've seen it come to fruition."
2026-04-17 14:18:08,"My thoughts are that if they make it out of the second round, the chance that they actually can win it all increase exponentially. The Nuggets and the Wolves are the two teams they match up the worst with. And honestly, I don’t fully agree that the Wolves are the more favorable matchup. Spurs just played the Nuggets 3 times, they know what to expect from them. They haven’t seen the Wolves since mid-January, before the Dosunmu trade, and with Ant’s injury issues, their rotations have changed and continue to change which makes them unpredictable and hard to game plan for. And they were a tough matchup to begin with. I also think there is a decent chance they win their series with the Nuggets, they would have split their regular season series if half the Wolves roster didn’t foul out in OT on Christmas."
2026-04-17 15:10:52,"I don’t see what all the fuss is about tbh, this sub had a meltdown when a Nuggets/Spurs 2nd round matchup was locked in.  Like 90% of their roster is lemons…Jokic, Murray, Gordon, and Johnson are the only ones I’m wary about lol everyone else is just ass. Like, they’re starting an alleged 3nD dude who's a cone on D and can’t make an open 3 to save his life lmao.  Their defense is food, they’re always mid on the road, and they have some injury concerns (Gordon, Watson).  Spurs in 6 tbh. Tough series but yea, 6 games"
2026-04-17 15:13:08,I think the one with the swoosh is the on court version that they will wear on the bench. The other is just a version the Spurs sell.
2026-04-17 15:29:06,Victor Wembanyama '25-26 Scoring VIA: Brett Usher @UsherNBA
2026-04-17 15:39:43,"To be fair, while old, if that team is healthy, they're scary as heck."
2026-04-17 15:41:05,[CBS Sports] The reinvention of Devin Vassell: Why less is more for the Spurs' overlooked key to title contention
2026-04-17 15:45:14,I would have been fine playing either the nuggets or the thunder… playing both back to back is where I get worried.  Nuggets will be a 6-7 game series if we win and we will probably be playing a Thunder team coming off a longer rest.
2026-04-17 15:56:53,"Not worried one bit about matchups, we will face whoever is in front of us, bring it, that's the Spurs's way."
2026-04-17 16:11:05,"People want to sound smart, like they know basketball. But also hedge their bets and not look like an idiot.  So its easy to just throw in ~~this is not financial advice~~ ""if wemby isnt injured"""
2026-04-17 19:34:50,Why Spurs coach Mitch Johnson was made for his playoff moment
2026-04-18 00:38:41,"Spurs fan new to NYC, where yall watching the game? I’m a 26 year old guy who just moved to New York, super excited for the Spurs to be back in the playoffs but looking for a spot to watch the games. Doesn’t need to be a “Spurs bar” but maybe a place where a few fans get together. GO SPURS GO!"
2026-04-18 00:43:41,"[Highlight] A look at the Spurs’ home-court, now ready to go after a seven-year hiatus from the NBA playoffs"
2026-04-18 00:44:41,An OKC San Antonio series would go hard jut for the home courts
2026-04-18 00:45:05,"Those stands are gorgeous on their own, I've always loved these colour for the Spurs"
2026-04-18 00:46:18,"Went to a Spurs game this year and their stadium is awesome. Great food, fans and unique culture."
2026-04-18 00:51:59,They are making this garbage drag on way longer than it needs to. Wrap it up run the clock no one wants to see this.
2026-04-18 01:07:09,"Man, fiesta and the Spurs playoffs are something special here &lt;3"
2026-04-18 01:07:17,I'm thinking we can go to Hill Country BBQ over on 26th? I was there last month and tried to get the game on but it was on NBA League Pass but manager was pretty cool about putting it on. I'm a little busy Sunday but I may try to go for games.
2026-04-18 02:09:35,As someone who grew up in the Spurs extended playoff run era...it's nice to see them back
2026-04-18 02:16:55,They should play the game with no fans. This looks great.
2026-04-18 04:15:28,Space Jam colors? Are they telling us Wemby is playing in the next Space Jam movie?
2026-04-18 04:50:20,"Steve Kerr may have just coached his last ever NBA game. First off, congratulations to the Phoenix Suns for winning the 8 seed.  Hell of a game by Jalen Green and a sad way for the other Green to go out this season via ejection from the sidelines.  One of the more underdiscussed storylines from this season, Kerr's current coaching contract has concluded; he signed a two-year extension back in 2024 but any potential extension to match up with the final years of Steph, Green and Jimmy (or whoever they trade him for), have been put on the backburner per a recent article on Sports Illustrated that for some reason causes the post to be auto-nuked but here's the relevant quote:  &gt;“We just decided at the beginning of the year that we would just wait, and so that’s what we’re doing,” Kerr said, via NBC Sports Bay Area. “I’m perfectly comfortable with that. When you’re in the midst of the season and the playoff race and it just consumes all your time and efforts, there’s time for that after the season.”  &gt;...  &gt;""When you’re 60 and you’ve been doing something for 12 years and you love the people you work with, you literally just take it one year at a time,"" Kerr said. ""I have no idea what’s going to happen when I’m done with the Warriors and I don’t even have any idea really what’s going to happen next year.""  For the record, Steve's prior extension was penned February 23rd, 2024 which astute observers may note is ""in the midst of the season and the playoff race"".  Not that Kerr's mindset couldn't have changed between the time of his last extension and now (His prior extension happened in July 2018) but it is still worth mentioning.  Kerr is the 3rd oldest coach in the NBA, and one of the most accomplished amongst his active peers.  I recall there was some speculation he might return to broadcasting (For the whippersnappers, he was active in that area after picking up one more ring with the Spurs in 2003 but before he joined the Suns for a brief time as an executive) but whatever he plans on doing, if it's not with Golden State then it's an open question who'll be his replacement for the Warriors in the twilight of Curry's career.  This, on top of what they do with their lottery pick (Projected to be 11th, 9.4% odds of a Top 4 pick) and what the future holds for the recovering Jimmy ""Jimmy Buckets"" Butler, will make for quite an interesting offseason in the Bay."
2026-04-18 04:51:08,Spoiler alert: It wasn't his last game coaching. Hope this helps
2026-04-18 04:52:52,His last game is Steph's last game
2026-04-18 04:57:36,"Last Playoff Appearances for Each Team as of Today East  2026: Pistons, Magic, Cavaliers, Raptors, Celtics, 76ers, Knicks, Hawks   2025: Pacers (East Champion), Heat (First Round), Bucks (First Round)  2023: Nets (First Round)  2022: Bulls (First Round)  2021: Wizards (First Round)  2016: Hornets (First Round)  West  2026: Thunder, Suns, Lakers, Rockets, Spurs, Trailblazers, Nuggets, Timberwolves  2025: Warriors (Semifinals), Grizzlies (First Round), Clippers (First Round)  2024: Mavericks (West Champion), Pelicans (First Round)  2023: Kings (First Round)  2022: Jazz (First Round)"
2026-04-18 04:58:27,"The Hornets' last playoff series was against a Heat team led by Dwyane Wade, Chris Bosh, and Hassan Whiteside."
2026-04-18 04:59:59,Jazz being last in the west here is crazy because it feels like not too long ago spider and Rudy took them every year
2026-04-18 05:01:00,This is our year.
2026-04-18 05:09:21,"Golden State continues on this path, including keeping Kerr and Draymond, as long as Steph wants to stay on the the team and wants them with him.  And I don't think we should have any problem with them doing that.  Even if they wanted to go ""all in"" I don't know if the any return really puts them to the top of the west, and alternatively if they wanted to move on from Steph, it's not massively helping your rebuild except just starting a tank a couple of years earlier.  All they can really do is make short-term top up moves that don't cost you future draft picks, and dont ruin your cpa space post-Steph.  This only changes if Steph comes to you and asks out (which I doubt happens), but then the right PR move for the fanbase is to help get him to his destination, and then just go full tank mode now.  (And as for Kerr - even if he leaves, he will 100% have other clubs offering a head coaching spot. So will just depend if/when he wants to keep coaching)."
2026-04-18 05:56:52,"That would be great, would love to come and meet up with other Spurs fans in the area!"
2026-04-18 06:03:17,Fiesta Spurs forever! Glad they fully leaned into the fiesta colors. Arena looks amazing
2026-04-18 07:11:46,I love their brought colours back. Pop Spurs were of the best teams ever but black/grey/white identity was so forgettable
2026-04-18 07:55:25,"Who’s a Contender vs Pretender? I Ran Every Championship Test **Using Historical Precedents to Predict the 2026 NBA Champion**  Everyone knows the 40 wins before 20 losses rule for separating contenders from pretenders. So I went further.  I compiled the strongest historical indicators shared by championship teams, then applied them to this season to eliminate teams and identify the most likely winner.     **1. Top 3-Seed:** \~97.5% of NBA Champions  **2. 40 Wins Before 20 Losses:** 41 of the last 45 NBA Champions  **3. 52+ Wins Benchmark:** \~95% of NBA Champions  **4. Top 10 Defense:** 22 of the last 25 champions  **5. Top 5 Offense OR Defense:** 23 of the Last NBA Champions  **6. Top 8 Net Rating:** EVERY NBA Champion since 1997  **7. Record vs &gt;0.500 teams (50%):** \&gt;90% of NBA Champions  **8. Top 5 NBA MVP finisher:** \~93% of NBA Champions    **Historically Perfect Contenders (8/8 Criteria met):**  **Oklahoma City Thunder** &amp; **San Antonio Spurs** \-   These teams align perfectly with every major championship indicator. Historically, this level of regular-season dominance strongly correlates with producing the eventual NBA champion, and these were clearly the two best teams throughout the year.     **True Contenders (7/8 Criteria Met):**  **Boston Celtics &amp; Detroit Pistons -**   Boston just missed the 40–20 rule by 1 game (largely pre-Tatum return). Detroit’s only miss is no projected top-5 MVP finisher, but if Cade jumps Brown, Detroit moves to 8/8 and Boston drops to 6/8.     **Real Contenders with questions (6/8 Criteria Met):**  **Denver Nuggets** &amp; **New York Knicks** \-   Both clear enough thresholds to be dangerous, but have clear flaws: Denver’s defense falls short, while New York lacks a top-5 MVP-level player.    **Very Unlikely (4/8 Criteria Met):**  **Houston Rockets** \-  Strong in a few areas, but missing too many key championship indicators overall. Historically, teams with this profile rarely win without multiple things breaking perfectly in their favor.     **Historical Longshot (2/8 Criteria Met):**  **Los Angeles Lakers &amp; Toronto Raptors** \-  Both have a couple of traits seen in past champions, but fall well short of the overall profile. Historically, teams like this are extreme longshots and would need a genuinely abnormal playoff run.     **Historically Dead (1/8 Criteria Met):**  **Atlanta Hawks, Phoenix Suns &amp; Minnesota Timberwolves** \-  These teams check almost none of the boxes shared by past champions. Historically, teams with this profile just do not win the title.     **Unprecedented Tier (No Criteria Met):**  **Cleveland Cavaliers, Philadelphia 76ers, Orlando Magic, Portland Trail-Blazers**  No historical indicators align with past champions. A title run from this group would be completely unprecedented.    **Important context:**   This framework is about identifying the **most likely champion**, not predicting who can make a deep run. Plenty of recent Finals teams would’ve failed this checklist: the Indiana Pacers (2025), Dallas Mavericks (2024), Miami Heat (2023 &amp; 2020), and Boston Celtics (2022) all reached the Finals without meeting most of these criteria. So while history is very strict on who actually *wins* the title, it’s far more forgiving when it comes to teams making a Finals run.     **Biggest Championship Pretender: Cleveland Cavaliers?**  It’s genuinely surprising to see a team this good on paper miss every major championship indicator. Historically, that’s a huge red flag, contenders of this calibre almost always tick at least a few of these boxes. Whether it’s just bad variance across the metrics or a sign they’re not as complete as their record suggests, it’s hard to ignore. Either way, it’s one of the strangest profiles in the league this year."
2026-04-18 08:23:06,"I feel like Cade was going to be firmly 5th in MVP voting if he wasn't hurt certainly over Brown. They won 60 games finishing 2 games behind San Antonio and 4 behind OKC. I know and get why people will choose Boston as favorites out of the East but the Pistons belong in the first tier no much how people ""feel"" they are pretenders. They meet all the criteria.   Their record vs greater than .500 teams was 34-16, OKC was 36-16, and San Antonio was 35-15, virtually the same. These are clearly the top three teams during the regular season."
2026-04-18 08:51:39,"I'm inclined to write off Detroit and San Antonio for being homegrown teams with no prior significant playoff experience among their core guys. First round last year for Detroit, none at all for the Spurs. History says that homegrown teams don't win it all in their first year of being elite.  Scroll down [this list of past champions](https://www.basketball-reference.com/leagues/) and let me know when you find a team that didn't already have 50+ wins and second round playoff experience under their belt in a prior season before winning it all.  The 14-15 Warriors are a sort-of exception in that they didn't get both (50+ wins, second round) in the same season, but they got them separately; second round 2013, 50 wins in 2014. The 08 Celtics *technically* don't fit the mold, but they remade their whole team the summer before with guys that did have that experience (KG, Ray Allen, Posey, House, Pollard, plus P.J. Brown and Cassell at the deadline). The exact opposite of homegrown. And Pierce comes up literally one win short of the 50 wins checkbox (49 and ECF in 2002).  The Spurs and Pistons have some scattered guys with the experience like Barnes, Kornet, Robinson, and Harris, but not on their core guys that they're absolutely counting on."
2026-04-18 08:56:13,So you’re saying we have a chance….
2026-04-18 09:41:51,"Vibes are immaculate, it's time to fiesta Spurs fam!"
2026-04-18 09:49:51,So many of these stats are directly correlated that this doesn't feel very substantive. You could have just said 1-3 seed with a solid defense and a top 5 player and called it a day.
2026-04-18 10:29:08,"Predicting the 2026 NBA Championship odds (statistical modelling) *TLDR;* I developed a statistical model (Logit + Monte Carlo) that predicts the 2026 championship odds for all teams in the 2026 NBA playoffs. The model predicts that OKC has the highest probability of winning the championship (\~40%) followed by the Nuggets / Pistons and Celtics. All results are documented and visualized in a dashboard.  **Content**  * Introduction * Model Explanation * Model Selection &amp; Specification * Model Performance * Results  **Introduction**  I've been following the NBA for about 6 years now and besides thoroughly enjoying the sensational basketball moments that NBA playoffs can produce, I am also really interested in the extensive statistics and numbers that accompany them. For a while now, I have been toying with the idea of building a model that predicts teams' NBA championship probabilities in a given year. This year, I finally got around to realizing my idea. In the end, I settled on using a logit model (binary dependent variable, fitted on historical playoff series) to predict single playoff series outcomes and simulating the knock-out structure of the playoffs using Monte Carlo simulation (50k simulations per playoffs). Finally, I built a website to document the modelling process and visualize all the results and let you play around with different years and training windows.  Dashboard link: [www.stikkelbroeck.dev/nba](http://www.stikkelbroeck.dev/nba) (works best in desktop mode)  Given that the NBA playoffs are right around the corner, I am excited to present to you the results of my model, according to which the 2026 NBA Champion will be…  **The Oklahoma City Thunder!**  Of course these results are to be taken with a grain of salt, given the high variance and unpredictability that are inherent to NBA playoffs. Below I explain everything in detail including a results section describing the model outcomes in more detail. So prepare for a long read!  **Model Explanation**  As mentioned before, I applied a logistic regression (logit) model on playoff series level. A logit model is a model that assigns coefficients (basically weights) to chosen features (explanatory variables such as team net rating) that best explain the corresponding prediction variable (probability of winning a playoff series). The weights are fitted based on historical data. The aim is to use these assigned weights to predict playoff series outcomes in the 2026 playoffs using the feature values corresponding to the 2026 season. In this case we aim to predict the probability that the high seed wins. To include both high and low seed data in a single equation, the feature values are actually deltas. Hence, the final feature values used in the model are the differences in feature values between the high and low seed in a specific series. Using the logit model to predict series-level outcomes, I then applied Monte Carlo simulation to simulate the knock-out structure of the playoffs. Starting with the first round brackets based on regular season seeds, the 2026 playoffs were simulated 50,000 times.  To be able to construct this model and perform the simulations, I gathered historical data (1980–2024) containing playoff series information and team/player regular season data from various sources. I then built the dataset containing all raw feature values for each team/player in each historical year and the outcomes of all playoff series in that year.   The raw input data set contains a long list of potential features that are meant to capture the main components that (I believe) contribute to playoff success. The aspects I considered were:  • Team strength/characteristics --&gt; reg. season wins, net rating, offensive/defensive rating, TS%, eFG% etc.  • Star player(s) strength --&gt; player BPM, EPM, RAPTOR, superstar flag (to capture transcendent superstar impact)  • Star player(s) availability --&gt; historical playoff availability  • Roster playoff experience --&gt; cumulative playoff series played, series won  • Coach success --&gt; cumulative playoff series won, playoff win percentage  • Referee bias --&gt; FTA/FGA, FTA/2PA  • Homecourt advantage --&gt; implicitly captured in the intercept (to prevent collinearity)  • Matchup dependent features --&gt; pace, (O)REB rate, 3PA  A final note on playoff availability of players. Due to the unpredictable nature of injuries and their enormous impact on playoff series outcomes, I have used actual playoff series availability as a feature in the model. Historically (in-sample) this works because the information is known, however, using this feature would be impossible when using the model for predictions given that actual future availability is logically not known yet before a series starts (at least injuries occurring during a series). To remediate this and be able to capture the impact of injuries on outcomes, I constructed an injury prediction module. For each simulation (50k total), a uniform random number (0–1) is drawn using the player's historical playoff availability as the baseline parameter (capped at 0.99); if the random number for a player in a series exceeds the historical playoff availability percentage, the player does not play that series, else the player is healthy and plays that series. While far from perfect, the aim is that this more accurately captures the effect of injuries in the simulations and thus in final championship probabilities. For 2026, I also incorporated injuries known at the start of the playoffs.  **Model Selection &amp; Specification**  I started by defining three different training windows:  • Full (1980–2024)  • Modern (2000–2024)  • Recent (2014–2024)  These windows were chosen based on a mix of eras in the NBA and quality/granularity of available data. From 1980 onwards, reliable NBA data exists online, hence this was the hard cutoff for my full training dataset. From 2000 onward, more granular player metrics are available, such as EPM. Hence, the shorter ""modern"" training window was meant to reflect these data changes. The ""recent"" window (2014–2024) was meant to capture the three point revolution and see the impact of this era shift on model coefficients compared to the other windows.   The model selection process consisted of running a full combinatorial search based on 2-6 feature models from a list of 23 features and selecting the top 5 models per training window based on 4 different statistical performance metrics:  • BIC --&gt; main metric given that it penalizes additional features (to prevent overfitting)  • AUC  • Brier Score  • Pseudo R2  Comparing the results over training windows and performance metrics, taking into account (statistical) significance of features, allowed me to distill which features consistently topped the leaderboards (and thus likely provide a significant predictive signal) and which features are less stable. The BIC metric generally favored a 3-feature model for all windows (sometimes also 2-feature models). The three features that were always amongst the highest ranking models, and therefore were selected in the final model, were the following:  • *Delta\_sum\_bpm\_avai*l --&gt; delta between high and low seed of availability weighted EPM (BPM used as fallback if missing or before year 2000) of top 3 players per team  • *Delta\_playoff\_series\_win* \--&gt; delta between high and low seed of total playoff series wins per roster  • *Delta\_ts\_percent* \--&gt; delta between high and low seed of team True Shooting percentage  **Model performance**  *In-Sample*  The chosen model correctly predicts the outcome of roughly 80% of all historical playoff series (in-sample fit) for all three training windows and additionally correctly predicts around 32–36% of championships (assigns the highest championship probabilities to the actual champion). This seems low, but is more or less aligned with an 80% accuracy on series level (because 0.8⁴ ≈ 0.4). Generally, the championship favorite according to the model has a championship win probability somewhere between 30% and 50%, meaning that although they have the highest overall chance of winning the title, more times than not they will not actually win the championship. This also makes it notoriously difficult to correctly predict the final champion.  Additionally, the model does not capture all signals that predict series outcomes. This is partly because only 3 features were used in the chosen model. This was, however, a conscious choice, both to prevent overfitting given the relatively small training dataset and due to the high correlation between several features. The choice of number of features is always difficult due to the inherent tradeoff between model flexibility and explanatory power. Given two teams that are exactly equal (all deltas equal to zero), the model will assign the higher seed a 74.1% chance of winning the series due to the intercept being positive and rather large (equal to 1.05 in the modern window). Part of this can be attributed to home court advantage which is captured in the intercept, but part is also missing features or simply unexplained variance or noise. A good example of this is the 1995 Houston Rockets, who were the #6 seed in the west and only had a 0.1% chance of winning the title according to the model, largely because they had no home-court advantage during any of their series and were always the lower seed, but did end up taking home the title of course.  I tried to at least reduce the large impact of seeding by exploring models with a larger number of features or even forcing the model to omit the intercept entirely but all these options performed significantly worse statistically speaking and did not visually improve predictions. Hence the chosen model prevailed.  Lastly, the logit model does also provide a direct win probability outcome of a head-to-head matchup between two teams in a series. Note that although team A might be stronger than team B in a direct matchup, its championship probability may still be lower if team B had an easier path to the finals, thereby facing lower odds of an upset along the way. This can for example be seen in 2023 (modern training window) when Denver has the higher championship probability due to their relatively easy path to the finals, but in a direct matchup the odds are 64/36 in favor of Milwaukee. The dashboard (attached in link) shows this in more detail and allows you to switch between matchup probabilities and championship probabilities.  *Out-of-Sample*  Lastly, the chosen model was used to predict the out-of-sample year 2025 (for validation). All three windows correctly predicted OKC to win the title in 2025 (granted not the most difficult year to predict). The full and modern window gave OKC \~40% chance of winning the title; in the recent window this dropped to 33% (the recent window has a slightly lower intercept than the other two, thus it weights the dominant regular season of OKC slightly less). Additionally, the full and modern windows assigned the second and third place to the Cavs and Celtics respectively. In the recent window the Celtics drop out of the top three and the Lakers take their place.   *Calibration*  Admittedly, the model is not very good at discrimination, i.e. accurately predicting upsets on a single series level. The below confusion matrix (based on modern training window) shows this clearly, where the number of predicted upsets is much smaller than the number of actually occurred upsets.  | |**Prediction: High Seed**|**Prediction: Upset**| |:-|:-|:-| |**Actual: High Seed**|292|6| |**Actual: Upset**|69|8|  The strength of this model actually lies in the accuracy of its predicted probabilities compared to actual win rates rather than predicting specific outcomes correctly. I've tested the calibration of the model and found that generally the predicted probabilities match closely to observed win rates (within a 5%-point range for most buckets). Only the buckets with fewer observations sometimes deviate significantly from actual win rates.  **Results**  As shown in the table below, the highest overall probability to win the 2026 NBA championship the model assigns to OKC in the full and modern windows, followed by Denver or Detroit in second place and the Celtics coming in third in all windows. Only in the recent window Denver is actually predicted to win it all. The championship probability is calculated by simply dividing the number of simulations in which a specific team wins the NBA title by the total number of simulations. So let's say the Thunder win in 17,500 of the simulations; then their championship probability is 17,500/50,000 = 0.35 (= 35%). The table below shows the exact odds for the top 5 per training window. The odds vary significantly across windows, specifically between the recent window and the other windows. In the recent window the Denver Nuggets are assigned a much higher championship probability, due to the intercept being significantly lower, implying that seeding is less important and team strength is valued more. Additionally, as already mentioned, the championship odds do not reflect the head-to-head matchup predictions which are generally less in favor of Detroit, but the fact that the other Western teams have to face each other (and especially OKC) before the finals drops their championship probabilities significantly.  |**Window**|**1st**|**2nd**|**3rd**|**4th**|**5th**| |:-|:-|:-|:-|:-|:-| |full|OKC 42.0%|DET 14.6%|BOS 13.8%|DEN 12.7%|SAS 9.9%| |modern|OKC 42.6%|DEN 18.3%|BOS 12.6%|DET 11.5%|SAS 8.0%| |recent|DEN 32.9%|OKC 32.5%|BOS 11.4%|LAL 6.9%|DET 6.8%|  The frequency of injuries altering the championship outcome is generally low, given the high overall availability of players in the playoffs. However, in several simulations injured stars significantly impact the outcome of the predicted championship probabilities. For example, in exactly 12 out of 50,000 simulations in the modern window, the Nuggets meet the Pistons in the finals and both Jokic and Cade get injured and cannot play. The table below shows the respective model predictions for star injury matchups between Denver and Detroit:  | |**Cade healthy**|**Cade injured**| |:-|:-|:-| |**Jokic healthy**|DEN 63.9% / DET 36.1%|DEN 77.7% / DET 22.3%| |**Jokic injured**|DEN 27.8% / DET 72.2%|DEN 43.1% / DET 56.9%|  Despite the slightly unfavorable odds in the injury scenario, Denver proceeds to defeat Detroit in 6 out of 12 mentioned scenarios. A more general overview of injury impact is shown below, where the win rate in the finals of the top three teams is compared when their superstar is fully healthy versus when they are injured. Especially the Nuggets see an enormous drop in win rate (-30.0pp) when Jokic is injured due to his absurd BPM of 14.2. This once again showcases the insane impact of an absolute superstar.  |**Team**|**Star BPM**|**Availability**|**Finals Appearances**|**Finals w/ Star Injured**|**Win Rate (Healthy)**|**Win Rate (Injured)**|**Change**| |:-|:-|:-|:-|:-|:-|:-|:-| |OKC|11.7|99%|25,010|240 (1.0%)|85.5%|62.1%|\-23.4%| |DEN|14.2|99%|14,090|150 (1.1%)|65.4%|35.3%|\-30.0%| |DET|6.3|85%|19,773|3,026 (15.3%)|30.4%|21.8%|\-8.6%|  Note also that Detroit's star availability is only 85%. This is because the star players that do not have historical playoff experience get assigned the league average fallback percentage of 85%. Meaning stars such as Cade Cunningham and Victor Wembanyama will have a relatively low playoff availability percentage. To account for this issue I ran a simulation using full health for all players to see the impact. The below table shows the results for the modern window. As expected the championship odds for the Spurs and Pistons increase, because of their initial low availability, whereas the odds for the other ""healthy"" teams drop accordingly.  |**Team**|**Baseline**|**Fully Healthy**|**Delta**| |:-|:-|:-|:-| |OKC|42.6%|41.0%|\-1.6%| |DEN|18.3%|16.2%|\-2.2%| |DET|11.5%|15.0%|**+3.5%**| |BOS|12.6%|11.0%|\-1.6%| |SAS|8.0%|9.9%|**+1.9%**|  Lastly, to all Phoenix fans out there, do not despair (yet)! In exactly 1 out of 50,000 simulations (0.002%) the Suns end up winning it all (both modern and full window). So with a little bit (read: an obscene amount) of luck, you walk away finally an NBA champion.   Please feel free to reach out in case you have questions or suggestions!  Thank you!"
2026-04-18 15:32:02,Full 2026 NBA playoff predictions East:  Pistons vs Magic: Pistons in 6  Cavs vs Raptors: Cavs in 7  Knicks vs Hawks: Knicks in 6  Celtics vs Sixers: Celtics in 5  Second round:  Pistons vs Cavs: Cavs in 7  Knicks vs Celtics: Knicks in 7  ECF:  Knicks vs Cavs: Knicks in 6  West:  Thunder vs Suns: Thunder in 4  Lakers vs Rockets: Rockets in 5  Nuggets vs Timberwolves: Nuggets in 6  Spurs vs Blazers: Spurs in 6  Second round:  Thunder vs Rockets: Thunder in 6  Spurs vs Nuggets: Nuggets in 6  WCF:  Thunder vs Nuggets: Nuggets in 7  FINALS: Nuggets vs Knicks: Nuggets in 6
2026-04-18 15:37:51,"As a Blazer fan, Spurs in 6 would be a dream. A huge stepping stone up for next year."
2026-04-18 15:50:08,Round one predictions   West   1. OKC in 4 2. Rockets in 5 3. Nuggets in 7 4. Spurs in 5   East   1. Pistons in 5 2. Cavs in 6 3. Knicks in 6 4. Celtics in 5   My NBA finals prediction is Thunder over Celtics in 6.
2026-04-18 16:24:26,"First Round Announcers Schedule through Tuesday Saturday, April 18  G1: Raptors-Cavaliers, Prime Video 1:00 p.m. Eric Collins, Dell Curry, Kristina Pink  G1: Timberwolves-Nuggets, Prime Video 3:30 p.m. - Kevin Harlan, Candace Parker, Dwyane Wade  G1: Hawks-Knicks, Prime Video 6:00 p.m. - Ian Eagle, Stan Van Gundy, Cassidy Hubbarth  G1: Rockets-Lakers, ABC 8:30 p.m. - Mike Breen, Richard Jefferson, Tim Legler, Lisa Salters  Sunday, April 19  G1: 76ers-Celtics, ABC 1:00 p.m. - Ryan Ruocco, Jay Bilas, Jorge Sedano  G1: Suns-Thunder, ABC 3:30 p.m. - Dave Pasch, Doris Burke, Malika Andrews  G1: Magic-Pistons, NBC 6:30 p.m. - Noah Eagle, Grant Hill, Ashley ShahAhmadi  G1: Trail Blazers-Spurs, NBC 9:00 p.m. - Mike Tirico, Jamal Crawford, Reggie Miller, Zora Stephenson  Monday, April 20  G2: Raptors-Cavaliers, NBCSN/Peacock 7:30 p.m. - Mark Followill, Robbie Hummel, Chris Mannix  G2: Hawks-Knicks, NBC 8:00 p.m. - Noah Eagle, Grant Hill, Jordan Cornette  G2: Timberwolves-Nuggets, NBC 10:30 p.m. - Michael Grady, Brian Scalabrine, Austin Rivers, Grant Liffman  Tuesday, April 21  G2: 76ers-Celtics, NBCSN/Peacock 7:30 p.m. - Jason Benetti, Robbie Hummel, Jordan Cornette  G2: Trail Blazers-Spurs, NBC 8:00 p.m. - Mike Tirico, Reggie Miller, Zora Stephenson  G2: Rockets-Lakers, NBC 10:30 p.m. - Terry Gannon, Jamal Crawford, Ashley ShahAhmadi  Source:  https://espnpressroom.com/us/press-releases/2026/04/espn-nba-full-court-press-espn-tips-off-its-coverage-of-the-2026-nba-playoffs-presented-by-google-this-saturday/  Source: https://www.nbcsports.com/pressbox/press-releases/nba-playoffs-are-here-nbc-sports-first-nba-postseason-coverage-since-2002-begins-this-sunday-april-19-on-nbc-and-peacock"
2026-04-18 17:36:13,"Damn, Sixers-Celtics getting pushed to Peacock for Wemby against the Blazers."
2026-04-18 19:51:32,"I pick OKC over Denver for WCF.  Actually, over the Spurs.  I think Denv has lost a step, and No. 50's always getting injured.     In the east, I don't think Pistons are ready for big time yet.  Until a team has extended playoff experience, I'm bearish.  Let's go Boston over Cleveland.  Boston has hit a sixth gear as Tatum gets back into shape.  For Finals, I'm still picking OKC.  While Boston's resurgence is enough to get them out of the East, don't think they've played enough Thunder at full strength to figure them out.  They put up a fight in Game 6, but SGA takes over, and leads OKC to a second consecutive ring.  OKC's dynasty ends next year, as Wemby and Celtics raise the profile of a league that was all OKC for three years."
2026-04-18 19:55:22,"Great post. The only thing I would add or check is, is there odds? How often do 8/8 teams win? 7/8 teamz win etc."
2026-04-18 21:18:41,"Throwback to Keldon and Devin's first - and to date, only - postseason appearance. April 13, 2022. To date, the lone postseason appearance for Keldon Johnson and Devin Vassell. The Spurs struggled all season but enjoyed an 8-2 stretch in March that - coupled with a Lakers late-season collapse - vaulted the Spurs into the 10th seed in the West and a matchup vs the Pelicans in the first round of the play-in tournament.    Johnson tallied 15 points, though struggled from the field on 6 of 20 shooting. Vassell finished with 23 points, hitting an impressive 7 threes. However, the Spurs had no answer for CJ McCollum, who scored 32 in the Pelicans’ win.   This would be the final game in a Spurs uniform for Dejounte Murray. It was widely believed Murray was a cornerstone in the Spurs’ retooling efforts moving forward, a point that was even alluded to by the broadcasters in the closing minutes of this game. In a shocking move, the Spurs would trade Murray to the Hawks that summer in exchange for Danilo Gallinari (eventually waived) and 3 future first round picks, the first of which (2025) became Carter Bryant.   Joshua Primo, who failed to score in his 11 minutes vs New Orleans, would be summarily waived in October following accusations of sexual misconduct by a member of the Spurs’ training staff.   Later that season, the Spurs would pick up an undrafted guard off of waivers from the 76ers: Julian Champagnie.   Jakob Poeltl (16 points, 9 rebounds) would be dealt back to the Raptors before the deadline the following season in exchange for a 2024 first round draft pick. The Spurs would deal that pick on draft night to the Timberwolves for a 2031 draft pick, which the Spurs would later package to the Kings in exchange for De’Aaron Fox. Poeltl was originally part of the trade package the Spurs received for the disgruntled Kawhi Leonard, along with the Raptors’ 2019 first round draft pick, which the Spurs used to select Keldon Johnson 29th overall out of Kentucky.        Which brings us back to Johnson and Vassell, the only two holdovers from this 2022 play-in loss. Everyone else is gone, with most being waived or traded. By trading all-star guard Dejounte Murray, the Spurs made it clear that there were no sacred cows, no one safe in the interest of rebuilding the squad. Keldon Johnson and Devin Vassell persevered. During the leanest years in the history of the Spurs, KJ and Dev hung on. Their roles and expectations on the team have changed since they were drafted. Johnson was forced to accept a bench role. Vassell has had to navigate injuries to maintain his starting role, a position that is frequently threatened by the Spurs adding guards to the roster every draft.   Still, they abide. After three losing seasons, KJ and Dev are on the eve of their 2nd ever post-season game as teammates. Vic and Steph and Fox are clearly the stars. They get top billing. But it’s KJ and Dev who held down the fort while Spurs endured the years as a lottery team. For that alone, they deserve to experience success as Spurs. They are the culture, the cornerstones that so many other young players in the last half decade failed to be.   Here’s to you, Keldon and Devin. Go Spurs Go."
2026-04-18 21:47:40,I thought we played in 2 play in games. Am I tripping?  Edit - yup we played the grizzlies in 2021 play in and lost. Both Keldon and Devin played
2026-04-18 22:39:00,I'm that lebron meme every time I see this guy in a Spurs jersey. Just the luckiest fanbase in the world.
2026-04-18 23:25:56,"Y’all taking in Ex Mavs Fans? As you can imagine, I was one of the many lifelong Mavs fans and a huge basketball fanatic, I used to be one of those people who would try to watch every game and keep up with every team. I watched the team when it looked like Yogi Ferrell was our best player. Luka was my favorite player ever, he truly felt like Dirks successor, they were an embodiment of the Mavs. Since the night of the trade, I haven’t watched a single game or interacted with much media related to the NBA.   Sorry for the rambling, but all of this is to say is how does the community feel about Ex Mavs fans that would like to become spurs fans? I just found out the playoffs just started, and honestly i miss the sport. Being a fan of any other team really wouldnt feel right. The Spurs are the only org that id seriously consider joining for a multitude of reasons, but I just wanted to do a vibe check on the community.   Sorry again for the rambling, and of course if this post doesn’t belong on the subs i apologize and can be deleted 🙏🏾"
2026-04-18 23:28:22,I accept the admission fee to spurs fandom in any form of payment
2026-04-18 23:29:12,Spurs were in Dallas long before the mavs. They are Dallas's and Texas's og pro basketball team.
2026-04-18 23:30:32,"i dont know how people switch teams. while back, i tried to be a rangers fan because houston was so bad, and i couldnt do it. ill watch other teams play but i dont root for any of them."
2026-04-18 23:31:00,Wemby's arms are long enough for all of you!
2026-04-18 23:33:16,"All that's left is to enjoy that feeling in your chest when you're losing the bet; after all, we're all gambling addicts."
2026-04-18 23:37:15,"We rejected the Mavs by nature, you rejected them by will. Welcome aboard 🫡"
2026-04-18 23:43:20,"You are Welcome bro. I always rooted for other teams fan while my Spurs were outta the playoffs. Its cool to be fans of both teams. You guys will be back as early as next season.  Flagg is a stud, dude is  gonna be a superstar soon."
2026-04-18 23:46:09,I’ve always had a healthy level of respect for the mavs. We had some great battles in the 2000s and Dirk did it the right way. If you were a rockets fan I’d say fuck off
2026-04-18 23:46:29,Kawhi Leonard and Tim Duncan combining to send the Spurs back to the Finals in 2014
2026-04-18 23:51:20,"Come one come all, you're more than welcome here. The more Spurs fans the better IMO.   The Spurs are my favorite team, but I also like the Mavs. I was shocked when they traded Luka. The Mavs have the largest market of any Texas NBA team [https://1075thefan.com/playlist/ranking-nba-teams-based-on-market-size/item/1](https://1075thefan.com/playlist/ranking-nba-teams-based-on-market-size/item/1)  IMO, that reason alone makes the Mavs an important team.    All the best brother."
2026-04-19 00:02:08,Every favorite has won today? 😭oh shit  means the last game gotta be a upset
2026-04-19 00:59:02,"Welcome Brother!  You've made a wise choice. As a lifelong Spurs fan- from back in the days of Vinny Del Negro, Chuck Person, et all...Being a Spurs fan has been one of the most rewarding experiences of my life!"
2026-04-19 02:50:01,"This was the team that got me hooked on the league. I was never into basketball, but when I moved for university in Toronto, my department had a fantasy league spot vacant. I went in as a seabiscuit/wildcard/rafi contender. But over the year, while default cheering for the raps I secretly loved these Spurs. They played like Brazil did in 1970, like how Eric Koston skated in person, like how Bill Evans and Scott LaFaro played jazz. It was art. A dance. Not something that you *express* yourself through but is in itself expressive, and elusive to harness or describe.   Spurs culture is an anomaly, even beyond the nba."
2026-04-19 02:55:34,"Pop up stands. Was thinking about those pop up stands you see around town now that playoffs are here. Always wondered if they just show up or get some kind of permit. Never got to ask, the last time the spurs were in the playoffs I was away for college."
2026-04-19 03:00:35,They’re selling unlicensed NBA gear something tells me they don’t have a permit.
2026-04-19 05:10:21,25% off Victor Wembanyama Spurs Nike Swingman Jerseys
2026-04-19 05:48:20,This 2014 Spurs squad was ridiculous. Crazy that it's been 12 years already
2026-04-19 07:01:24,Spurs playoff energy got me acting like this at 2am https://reddit.com/link/1splro0/video/5nxps07ai3wg1/player
2026-04-19 08:14:36,Go Spurs Go
2026-04-19 11:28:18,"Before we make our return to the playoffs, shout out to the Spurs stars that played with us during the mediocre years"
2026-04-19 11:32:28,I have DeMar’s jersey because he endured with us during some of our darkest times.
2026-04-19 12:15:24,"The San Antonio Spurs have started accepting applications to join “The Jackals”, the superfan section started by Wemby. Requirements include that you must stand and cheer for the entire game, must attend at least 75% of all home games. There is also a membership fee which comes with some additional perks like access to special Jackals gear and discounts at the arena and discounts on playoff tickets.   I always thought this was a good idea by Wemby. It’s nice to have a group that keeps the energy up during the inevitable lulls and they’ve sort of become a feature of the games themselves.    [Source](https://sports.yahoo.com/articles/want-part-spurs-jackal-fan-002824356.html)"
2026-04-19 12:17:36,"Man, I’m so hyped to watch Spurs playoff basketball again"
2026-04-19 12:27:22,Asking a time traveler how many championships Spurs have won
2026-04-19 12:27:39,Houston Rockets are fucking dogshit I hope they lose every game in the series
2026-04-19 12:31:33,Nope we gotta focus on the opponent in front of us bro👌
2026-04-19 12:32:52,"I have no resentment towards them, but I don’t want to think about them either.    The love of my life is the ‘25-26 team."
2026-04-19 12:38:45,Most Americans aren’t able to stand for more than a couple minutes.  Especially those big ass women in San Antonio.
2026-04-19 12:42:33,"Ah yes, team ""Kawhi f'd up Pops claim to all-time wins so we have to pretend we're still win-now"""
2026-04-19 12:51:49,I been a member of the San Antonio jackers for 7 years now brother I have been STROKING
2026-04-19 12:52:56,All of them sans Aldridge played a role in landing the alien 👽 shoutout to them!
2026-04-19 12:58:07,Howler section when for us? What team gets the Reaper section? 😂
2026-04-19 13:25:05,"Took all the home teams yesterday and enjoyed multiple cold ones. Classic first day of the playoffs has me tricked into thinking I'm a genius. Feel like it's Boston, OKC, Orlando (ooof), and San Antonio, but I'm still drunk.."
2026-04-19 13:29:14,"Ah, Wemby's 62-game rule."
2026-04-19 13:29:42,"Dundon Reportedly Lowballing Potential Blazers Head Coaching Candidates Dundon Reportedly Lowballing Potential Blazers Head Coaching Candidates  The new owner wants to pay lower than the industry standard, according to reports.  Conor BerginApr 18, 2026 at 6:38 PM EDT  Whenever the Portland Trail Blazers’ playoff ride ends this spring, the organization will be entering an offseason of uncertainty regarding its head coaching situation. While Blazers interim head coach Tiago Splitter has done an admirable job leading Portland to the postseason and is a contender to take the position on a permanent basis, reports have shown new Trail Blazers owner Tom Dundon is weighing his options on the coaching market.  One thing that could complicate the process: Dundon’s desired price point. According to multiple reports, the new owner is attempting to pay much lower than the standard NBA rate of about $4 million for the team’s next head coach.  In the latest of those reports, national reporter Jake Fischer of The Stein Line wrote Dundon apparently doesn’t want to pay over $1.5 million annually for the important role (subscription required).  It’s no reflection on the admirable job Tiago Splitter has done as Portland’s interim coach since replacing Chauncey Billups before Game 2 of an 82-game season. The consistent word for weeks about new Blazers owner Tom Dundon is his apparent desire to pay no more than $1.5 million annually for a new head coach. That’s well below the current NBA standard ... even for a first-time head coach.  From $1 million to $1.5 million is actually the price range for the league’s top assistant coaches, but Portland’s desire to spend so modestly on a full-time replacement for Billups has been widely communicated and figures to have a significant impact on the process no matter how attractive an NBA head coaching position — there’s only 30 in the world and all that — looks on paper.  Fischer reported the Blazers have so far “held some level of exploratory dialogue” with about 20 international and college coaches to discuss the position. However, unless Dundon raises the reported salary, the college route could also prove difficult during the Blazers’ search, Fischer explained.  High-level college coaches, however, also make far more than the Blazers appear willing to spend on a new shot-caller. As a result, Portland is most frequently projected by coaching insiders to hire a current NBA assistant to take over unless something can be worked out with Splitter, who has said publicly that he hopes to retain the job.  Outside of this story from Fischer, local sportswriter Dwight Jaynes and The Oregonian’s Bill Oram also reported in recent weeks that it is believed Dundon is shopping for a new head coach in around that range of $1 million per year.  The coaching search intel comes amid other media stories highlighting early signs of cost-cutting within the organization under Dundon. Sports Illustrated’s Chris Mannix reported some Blazers staffers were put in an inconvenient position at their Phoenix hotel on Tuesday because the franchise wanted to avoid late-checkout fees. Plus, for the first time in years, the Blazers won’t be providing free commemorative T-shirts to fans during Games 3 and 4 of their upcoming playoff series with the San Antonio Spurs, Blazers President Dewayne Hankins told KATU. (Although Blazers new minority owner Sheel Tyle promptly jumped in on X and said the team wasn’t giving away T-shirts because they’re doing something else at the Moda Center during the series).  Unlike different hotel checkout habits and free fan T-shirts, reports about Dundon trying to pay low for a head coach could carry more tangible implications for the Blazers’ on-court quality in the years to come.  [Source](https://www.blazersedge.com/trail-blazers-news/111501/portland-trail-blazers-tom-dundon-lowball-head-coaching-search-tiago-splitter-nba-news-san-antonio-spurs?utm_campaign=dhfacebook&amp;utm_content=%3Cmedia_url%3E&amp;utm_medium=social&amp;utm_source=facebook&amp;fbclid=IwY2xjawRRtDhleHRuA2FlbQIxMQBzcnRjBmFwcF9pZA80MDk5NjI2MjMwODU2MDkAAR7F45IT_bFzsB67_n5hV1BbXd4tpErZekr3KFyZJn1VXBv_gEHRIOCRsfkPFg_aem_ovCov7Aa8IBmZDkCioe08w)"
2026-04-19 13:32:10,Smart. Give them just enough live on so there is no chance that they can gamble with the excess
2026-04-19 13:48:35,Wemby bringing ultras to the NBA.  Good lad.
2026-04-19 13:53:22,"They all assisted in Pounding the Rock, grateful for their time and effort in the Silver and Black. They will always be welcomed back home."
2026-04-19 13:58:16,"I know the US’ fan atmosphere is infamous for being embarrassing, but I’ve watched a couple US college games and the sheer fan passion in those crowds show American crowds can get good as rest of the world, but for some reason it is just not there for the NBA.   If this means more variety than “defence defence” chants and blasting Jennifer Lopez “let’s get loud”, I’m all for it."
2026-04-19 14:28:22,"Will always die on the hill that Aldridge is going down as one of the all time greats for the Spurs, he was supposed to be second to Kawhi, who ended up leaving him and he did his best"
2026-04-19 14:28:53,"This is the kind of guy that attends one game each year and then says ""this is such good sports product.""  Sorry Portland, you deserve better...the league deserves better."
2026-04-19 15:34:06,"Streaming question for tonight’s game vs Portland Of course, the only options to watch tonight’s game is Peacock or Sling TV, since we aren’t allowed to just watch games for free on TV anymore I guess. I don’t have Peacock and they don’t do a free trial, I have gotten the Sling 1-day pass before, and I wanna get it for tonight’s game but there might still be “regional restrictions”. Can you only watch on Sling if you live in Texas? I’m from Tennessee and have had to watch most of my Spurs games this year on the crappy illegal streams, but I can’t do that for our first time back in the playoffs in 6 years. If I can’t watch it, I need all of yall in San Antonio to hold it down and help will these boys to a win! Go Spurs Go let’s get a W!!!  UPDATE: had no clue the game was also on NBC, which I get 😂 thank yall for the help, can’t wait to tune into this one with yall"
2026-04-19 15:36:16,"Just pay for peacock it’s 11.00 dollars not that deep brother, spurs have three games on there for round 1 alone"
2026-04-19 15:39:45,Spurs app says the game will be on Peacock and NBC
2026-04-19 15:40:04,"It’s on NBC. If you’re watching on TV, tune your stations.  If reception isn’t good, you can buy some rabbit ears (digital antenna, not the animal appendage) at Walmart, BestBuy, Target, etc.. They cost $20 or less and you can watch other national broadcasts (ABC, FOX, etc..)."
2026-04-19 15:41:25,It’s a prime time game on NBC tonight - free on TV!
2026-04-19 15:43:36,Not that it's great and holding my breath but so far with fanduel and YouTube tv I haven't missed a spurs game.
2026-04-19 16:01:51,"Advice for a Long-time european Spurs fan coming to the US for the first time Dear Spurs fans !  As the title says, I am an european who's been following NBA since 2016 and have been a spurs fan since Kahwi times. I am going for a conference to NOLA and will be road-tripping Texas from 22.5. - 26.5. Even though the chance is low, my biggest hope is seeing a playoff game live (atleast from nosebleeds) in that time frame, but I know it might be tough. I tried looking for official tickets to not overpay on resell sites, but I can't access the spurs app nor the fanclub from europe. Is there an official way of getting tickets as they get announced or is ticketmaster the only hope ?   And in case there won't be a game while Im in SA, what is the place to atleast get some merch or see anything spurs/basketball-related in the city ?   Thank you all for your help (and I hope we see eachother at the game !)"
2026-04-19 16:06:08,"Spurs Vs Blazers will be the best round 1 series Wemby is a generational talent but I don't believe in his supporting cast and as someone who has watched a ton of Spurs games and their 7 guys averaging 10 points will be completely gone in the playoffs. Portland has real depth that can be used, a slasher who can punish the mistakes of inexperienced players and Clingan is one of the best Wemby defenders in the league. I think it goes either way but the only series to go 7"
2026-04-19 16:07:12,"There are kick ass murals all over the city! Check them out. Also, I'd recommend going to The Rock at La Cantera. It's the team's training facility. While you won't be able to go inside, there's a Fan Shop for merch. There is also a really nice outdoor area that hosts watch parties on game days."
2026-04-19 16:08:18,I think the Spurs lack of playoff experience will be an interesting wrinkle even though they are objectively one of the best teams in the league.  Portland too lacks playoff experience though
2026-04-19 16:09:00,I... dont think it will be a breeze for San Antonio.  They will win the series however.
2026-04-19 16:09:28,Spurs in 5. 6 max. RemindMe! 2 weeks
2026-04-19 16:10:18,You don’t believe in the Spurs supporting cast but believe in the Blazers one?
2026-04-19 16:10:31,"Portland are better than people give them credit for. That being said, spurs in 5. I think they just are less talented  Edit: might be 5 closer games than people anticipate"
2026-04-19 16:12:15,"If it is an away game and the weather is good, your best option is going to watch it at The Rock in La Cantera since it is free.  Haven't looked to see if they are doing the watch parties at Frost Bank, but if they are doing it there, you could buy cheap tickets for that and would at least get to see the place."
2026-04-19 16:13:03,I’m way more interested in nuggets v wolves than any other round 1 matchup
2026-04-19 16:14:45,By what metric are you saying Clingan is one of the best Wemby defenders in the league?   They haven’t played each other since December 2024 when Clingan was a rookie and Wemby a Sophomore.
2026-04-19 16:17:12,Spurs in 3.  Blazers entire offense is predicated upon on a rim running SF.  And they're facing the greatest rim protector in 25 years.
2026-04-19 16:17:59,"This is now the second person I've seen confidently talk about this matchup in this way.   And considering the Blazers havent played Wemby in a season and a half, I have no clue how either of you came to this conclusion.   The Spurs are the more talented team. The Spurs are the deeper team. The Spurs have homecourt. The Spurs won the season series despite Wemby not playing. Their only exploitable issue is a lack of experience which Portland also has.   The logic to try to pick a Portland upset seems to be vibes.   Also I guess people are gunna keep doing the three guards critique until its ""right."""
2026-04-19 16:18:09,"We are being called sneaky too much and as a result fully expect us to get destroyed. We will be a legitimate threat next year, but not now."
2026-04-19 16:20:41,It’s going to be really tough to get tickets. The whole city is ready to celebrate Wemby’s first playoff appearance.
2026-04-19 16:26:31,The Blazers will be doing everything they can to not have Clingan matched up with Wemby
2026-04-19 16:29:39,"Reddit is something else.         Wemby doesn't deserve MVP cause his teams win when he's not there, and somehow simultaneously his team sucks.          The truth is, apart from Fox, we don't really know what this team is made of in the post season."
2026-04-19 16:29:58,"200,000 years straigth of winning the championship? They might cancel the leugue after the first 1000! Haha"
2026-04-19 16:30:25,"LaSharkus had such a smooth game man, his turnaround jumper was a thing of beauty"
2026-04-19 16:30:54,I know I'm biased but I just can't imagine this series being close. Maybe I'm wrong tho
2026-04-19 16:33:54,Some icehouse on the Mero Weso. Them boys are gonna be lit! (Don't worry. I'm acclimating you to San Antonio speech.)
2026-04-19 16:34:51,"Dallas Playoff Watch Party Once again, calling all Dallas/DFW Spurs fans!!  I want to set up a watch party at one of the bars here in DFW that work as a home base for San Antonio fans!  This is a roll call to see how many we would have interested!  GO SPURS GO! Por vida!!!"
2026-04-19 16:41:11,"I think those dates are when the games in Portland are scheduled. Someone else mentioned The Rock, and that’s the most Spurs atmosphere you’ll get here. They [go all out](https://therockatlacantera.com/spurs-playoff-watch-parties/) for road games, with the Hype Squad and Coyote out there. Or take in one of the popular sports bars, like Friendlies should have the game projected on a big screen."
2026-04-19 16:44:31,It should be a good series as the Blazers are playing well at the end of the season.  I think the Spurs could win in 5 because they are special this year. I don’t think their experience will keep them in through the West Championship. Someone will beat them. Just maybe the Blazers. Wouldn’t that be sweet!
2026-04-19 16:49:18,"Nice to see some other people having faith in Portland’s chances.  I am certainly in the camp of this series is all house money.   Great chance to learn and build from, any wins are a bonus."
2026-04-19 16:52:20,"Man I really wish Dejounte Murray coulda stayed. Probably would’ve never worked with the Castle/Harper/Fox combo, but he was always a favorite for sure."
2026-04-19 16:57:19,"The Spurs are a machine lol what??? Vassell, Fox, Castle, Harper, Champagnie, Keldon, Kornet, even Harrison Barnes is a legit contributor. While I do think that it will be a good series, there’s a reason that Spurs are 2nd seed and it’s not solely due to Wemby as amazing as he has been this season"
2026-04-19 17:15:37,Spurs in 3
2026-04-19 17:26:20,They'll sweep em
2026-04-19 17:29:52,"People are really overlooking how Spurs closed out the season. They weren't just winning close games, they were completely decimating the vast majority of opponents struggling only against Denver.   I don't want to take credit away from the Blazers but they are completely outmatched by a spurs team that had nearly 8 guys showing they can score 15-25 points on any given night.   We can get offence from a huge number of sources and have 3 leading guards to do it for us."
2026-04-19 17:59:57,"NBA Player Rankings for Playoff Series I mostly use stats like [https://www.sports-reference.com/stathead/basketball/versus-finder.cgi?request=1&amp;seasons\_type=forall&amp;year\_min=2026&amp;year\_max=2026&amp;player\_id1=suggsja01&amp;player\_id2=thompau01](https://www.sports-reference.com/stathead/basketball/versus-finder.cgi?request=1&amp;seasons_type=forall&amp;year_min=2026&amp;year_max=2026&amp;player_id1=suggsja01&amp;player_id2=thompau01)  76ers vs Celtics   1. Tyrese Maxey: 76ers  2. Joel Embiid (if healthy): 76ers  3. Jaylen Brown: Celtics   4. Jayson Tatum: Celtics   5. Paul George: 76ers  Honorable Mentions: Derrick White (Celtics), VJ Edgecombe (76ers), Payton Pritchard (Celtics)  Suns vs Thunder  1. Shai Gilgeous-Alexander: Thunder  2. Devin Booker: Suns  3. Chet Holmgren: Thunder  4. Jalen Williams: Thunder  5. Dillon Brooks: Suns  Honorable Mentions: Jalen Green (Suns), Collin Gillespie (Suns), Isaiah Hartenstein (Thunder)  Magic vs Pistons   1. Cade Cunningham: Pistons  2. Desmond Bane: Magic  3. Paolo Banchero: Magic  4. Franz Wagner: Magic  5. Jalen Duren: Pistons  Honorable Mentions: Ausar Thompson (Pistons), Jalen Suggs (Magic), Tobias Harris (Pistons)  Trail Blazers vs Spurs  1. Victor Wembanyama: Spurs  2. Deni Avdija: Trail Blazers  3. Donovan Clingan: Trail Blazers  4. Deaaron Fox: Spurs  5. Stephon Castle: Spurs  Honorable Mentions: Jrue Holiday (Trail Blazers), Devin Vassell (Spurs), Jerami Grant (Trail Blazers)"
2026-04-19 18:01:59,"Orlando laughing watching this, they def tanked that game in Philly cause they know this would be them right now."
2026-04-19 18:03:42,"You got Thunder and Suns right but the rest are kinda wack. Tyrese Maxey is NOT better than Jaylen Brown that’s such cap. Derrick White is absolutely better than Pandemic P. Jalen Duren is better than every single Magic player. Fox and Castle being worse than Clingan is ridiculous. Clingan isn’t even better than Jrue, who should be number 5."
2026-04-19 18:05:01,You think the 76ers have the 2 best players in the series?? No shot
2026-04-19 18:05:12,What’s crazy is Dundon assuming that this hasn’t been tried before.  If head coaches would accept 1.5m in the NBA… then the owners would pay them 1.5m.  They aren’t paying 4m on average out of the goodness of their hearts… that’s the going rate for an nba coach.
2026-04-19 18:15:11,Spurs watch party I want to watch the first playoff game today but do not watch games in public often. What are some good restaurants/ bars to watch Spurs games in town?
2026-04-19 18:19:11,5-14 maxey is the best player in the series. best joke of the year so far
2026-04-19 19:16:39,Biggest storylines heading into the Spurs’ playoff return
2026-04-19 19:18:27,You don't believe in his supporting cast that helped him get the Spurs to the second best record in the league? Are you mental?  I predict this threat will mysteriously disappear as the series closes out.
2026-04-19 19:19:22,[Jacob Tobey] The Fiesta starts tonight! 🎉 A little video essay to preview the start of the playoffs for the @spurs 🖤 Well done. 👏🏼
2026-04-19 19:36:19,Any reputable bar near you should suffice. It's our first playoff game with Wemby. A lot of folks will be excited every where.  I was at oyster bake last night and the amount of spurs love was awesome to see.
2026-04-19 19:38:19,"As we approach Game 1 of the 2026 NBA playoffs, here is a energizing video of the 2005 Finals run. Enjoy [San Antonio Spurs - Road to the Championship](https://www.youtube.com/watch?v=kE5FCaqQp_M)  Enjoy. (It lasts around 3 minutes). Go Spurs Go! Let's get Numero Séis!"
2026-04-19 20:01:47,I don’t think you’re gonna find one place not showing the Spurs game. Everyone will be watching.
2026-04-19 20:09:07,That was such a fun postseason. The Suns were on fire (wocka wocka) that year and I was surprised we took care of them in 5 games. Detroit had a great team that was more defensive minded like us and a lot of us who were fans back then definitely rooted for them the year before when they beat the Lakers in the Finals because of how LA squeaked by us with that BS 0.4 second shot. I had just graduated high school and received some cash from relatives. I banked it hoping we would go to the Finals and I could go to a game. I decided not to go to Game 6 because of that respect I had for Detroit and knew they had just as much chance to win as we did. Glad my gamble paid off. To this day my favorite sports memory. I couldnt talk for a couple days after because I was screaming so much during the game. There were Pistons fans sitting in front of me and they left in the 4th lol
2026-04-19 21:30:27,Magic +9 Spurs -11.5
2026-04-19 22:08:05,"Spurs downfall will be their lack of playoff experience. History has shown that good teams whose starters lack playoff experience (less than 2 years) never make it far. Why do people think it will be any different with the Spurs?  Playoff experience is huge at this time of the year and they don’t have a starter who has been there and done that (Harrison Barnes plays limited minutes coming off the bench).  They’ve played extremely well this year and should be proud of it but history has shown teams lacking playoff are an early exit so it’s strange that people are calling them real contenders.  In recent years examples of teams with a young core with little to no playoff experience that performed well in the regular season but lost early on in the playoffs.  25 Rockets was the second seed and was a first round exit  24 Thunder was the first seed and was a second round exit  23 Kings was the third seed and was a first round exit  22 Grizzlies was the second seed and was a first round exit  19 Nuggets was the second seed and was a second round exit  Luka, Shai, Giannis, Brunson, Cade, Banchero, Anthony Edwards, Kevin Durant, KAT, Sengun, Fox, James Harden all first round exits in their first year of the playoffs.  LeBron, Jokic, Jamal Murray, Embiid, Steph, Donovan Mitchell all second round exits in their first playoffs.  \*Suns in 2021 had CP3 a starter who had years of playoff experience and made it to the finals and 2017 Celtics had Al Horford who had years of playoff experience when they made it to the ECF  [https://www.espn.com/nba/standings](https://www.espn.com/nba/standings)"
2026-04-19 22:09:27,You're showing historical precedent to claim Wemby is going to fail? He literally shatters the mold on just about everything but you're saying we should judge by what we already have had happen.
2026-04-19 22:10:04,"Perhaps, but no team has ever had a Wemby before"
2026-04-19 22:10:14,experience does matter. their round 2 match up will be a real test
2026-04-19 22:10:51,We’ll see
2026-04-19 22:11:11,If there's ever going to be an exception to this... wemby could definitely be
2026-04-19 22:11:32,I mean our second year in the playoffs we won the championship  You absolutely cannot force me to overlook the Spurs
2026-04-19 22:11:42,Their downfall will be 3 point shooting
2026-04-19 22:12:26,"Bold Predictions for Game 1 What’s good Spurs fam!! As we’re only a couple of hours away from tip-off for playoff basketball 🔥  I would like to hear some bold takes from y’all for tonight’s game 1 against the Blazers!!  For example my wild prediction for tonight would be Wemby going 25/12/5 with 5 BLOCKS in his playoff debut 👽  Just curious and want to know what y’all got to make tonight more interesting!!  And as always, GSG!!!"
2026-04-19 22:13:18,"Usually, yeah. If anyone can buck the trend, it's Wemby.  We'll have to see."
2026-04-19 22:13:22,"Wemby competed against the US team in a great game with the second best player being Nicolas Batum. Wemby is playoff ready. So is Fox, Kornet and Barnes. More importantly, the Spurs organization is ready. Pop is still there everyday."
2026-04-19 22:15:50,"If their young role players play average, Wemby can carry them. He got a lot of rest in the regular season so I don’t think big minutes are going to be a major problem."
2026-04-19 22:19:39,"Their downfall will be losing to a superior or similar quality team, and that's most often the case with these. The Nuggets could beat them and the Thunder most likely would. That's just how it is regardless of any other stories.  Edit I cursed it."
2026-04-19 22:23:20,could it be possible we lose to a better team?? No?? Has to be lack of experience?
2026-04-19 22:23:43,Maybe wait till they play a fuckin game first lol
2026-04-19 22:24:32,10 blocks 32 points 7 assists for Wemby…
2026-04-19 22:36:58,"Maybe. But then again what's the point of this post? Do you want people to stop caring and write them off? Of course everyone is excited to see what this team can do. They've already far surpassed the expectations for the regular season.  The most likely scenario is them vs Denver in the second round and that series is going to be epic af  All the narratives around this Spurs squad and Wemby are epic. If anything, there's a lot of factors that point this will be an exception to this rule"
2026-04-19 22:39:55,Bro lists 23 Kings as an example and then doesn’t list Fox as a starter with playoff experience. If you’re going to post dumbass stuff like this you could at least try a little.
2026-04-19 22:46:21,Spurs are going to destroy them.
2026-04-19 23:17:32,Fiesta playoff t-shirts To you lucky folk who get to go to game 1…I’m dying for one of the tshirts and willing to buy it! Let me know! Go Spurs!
2026-04-19 23:22:16,Magic lowkey smart didn’t wanna play the Celtics in the playoffs so they toned it down for the 6ers beat the hornets now they playin pistons
2026-04-20 00:00:15,"Game Thread: Portland Trail Blazers vs San Antonio Spurs Live Score | NBA Playoffs | Apr 19, 2026 This post contains content not supported on old Reddit. [Click here to view the full post](https://sh.reddit.com/r/nba/comments/1sq99sr)"
2026-04-20 00:02:27,There is a reason why Brown/Tatum have won a lot of playoff games. Sure the origanisation as a whole deserve credit but Tatum and Brown are common factors over 9 seasons. I wouldnt ignore their experience and knowing how to win games deep in the playoffs
2026-04-20 00:08:25,"🏆 Series Matchup Stats | Western Round 1: Spurs (#2) v. Blazers (#7) # 🕕 Sun, April 19 8:00 PM CST | 📍 San Antonio | Trail Blazers (#8) vs. Spurs (#2)  | 📺 NBC / Peacock  Well family. I don't have much to say. Just wanted to share some Series Matchup stats as we prepare for **Game 1 in the PLAYOFFS**!!   Spurs have the regular season advantage (2-1) and Wembanyama sat all of those games. And they've only seen Castle once (Jan 3rd). In those games, Fox has been leading scorer with 27 PPG and he's also posted 3-STL in each match. Vassell is next with 18.5 PPG. Deni Avija has been scoring 31.7 agianst Spurs, but that's mostly without Wembanyama and Castle. Deni shot his worst in those matchups (40.9%) when Castle played but Blazers also won that game, but that happens with the 3-ball difference () and one of Harper's few bad shooting games.   Deni was impressive and fun to watch in the Play-In win versus Suns (41/7/12 on 64% from the field). He was driving mad to the basket. Deni  is big with some skills; However, Castle is also big for his position and just a strong as Deni.   Please enjoy the stats and analytics images attached.   Let the playoffs begin!   ======  # IMAGES ATTACHED   **📊 Pre-Game Team Breakdown**  \&gt; SAS (62-20) v. POR (42-40)   \&gt; Western 2nd (.756) | Western 7th (.512)  **📋 Rosters Available | PPG Leaders sorted**  \* Starter Stats   \* League Leaders, PPG  **✅ Season Leaders Chart**  \* Offense: PPG, APG, 3PM   \* Defense: RPG, BPG, SPG   \* Shooting: 3P%, FG%  **📋 Matchup Box Scores**  (#17 • 11/26/25 W, #35 • 01/03/26 L, #80 • 04/08/26 W)      \[2025 NOV 26: W 101-112\] [https://www.espn.com/nba/boxscore/\_/gameId/401809809](https://www.espn.com/nba/boxscore/_/gameId/401809809)  \[2026 JAN 3: L 115-110\]  [https://www.espn.com/nba/boxscore/\_/gameId/401810345](https://www.espn.com/nba/boxscore/_/gameId/401810345)  \[2026 APR 8: W 115-102\]  [https://www.espn.com/nba/boxscore/\_/gameId/401811016](https://www.espn.com/nba/boxscore/_/gameId/401811016)"
2026-04-20 00:18:40,I would really like to find one myself (live in Garland). Driving down to game 2 but would definitely participate in a future one!
2026-04-20 00:25:41,Spurs fans in the DC area Any Spurs fan in the Washington DC or DMV area that want to organize watch parties for the Spurs playoff games?
2026-04-20 00:55:29,So spurs blowout?
2026-04-20 01:00:39,Good thing I hedged last minute to break even. But very disappointed in Pistons you played all your starters of last regular season game to make a statement but come out fucking FLAT
2026-04-20 01:01:37,Open 3? Missed it. Free throws? Missed them. Lay ups? Missed them. This team blows dick. They are getting knocked out first round.
2026-04-20 01:11:06,Shoutout Spurs fans. They wore the shirts and it looks beautiful. Thunder and Spurs fans going bar for bar in ethical playoff crowds
2026-04-20 01:12:33,Reggie still mispronouncing Wembanyama at this point is just pure rage bait now.
2026-04-20 01:12:35,#1 seed lost to a play in team. Mna I'm sick
2026-04-20 01:14:35,"So many cold ones cracked today, I feel like I’m living a dream. What a great performance from Orlando. Somebody in here said Banchero stinks, but I think that guy stinks. Spurs cruise tonight..?"
2026-04-20 01:17:04,"Society needs more colors. All the cars now are black, white, and grey; new buildings are all some variation of a neutral color; stores have no personality. We need some fucking joy and bright colors are a simple way to bring that shit back."
2026-04-20 01:26:51,Apparently Wemby is just allowed to dive on top of everyone?
2026-04-20 01:34:56,Tim Duncan and David Robinson All Smiles as Victor Wembanyama Throws Down Electrifying Dunk
2026-04-20 01:39:02,Man imagine being a dallas fan. Imagine living in Texas and being a dallas fan knowing that San Antonio not only has a generational talent but this talent has convinced ownership to do a fan section and in the playoffs they are handing out shirts for a stands-mosaic. And on top of all that you cant come close to competing because a Nike exec came in and traded your generational talent and blew up all chances of the franchise being relevant for at least a decade.
2026-04-20 01:45:36,Spurs Twin Towers in attendance for Wemby’s playoff debut.
2026-04-20 01:46:23,What a night.. We are finally back
2026-04-20 01:47:18,Fox is a blur holy shit. Inbounded at 4 seconds. He got down the court and passed out for the 3 with time to shoot.
2026-04-20 01:48:25,[Highlight] Victor Wembanyama knocks down his second three-pointer of the night
2026-04-20 01:53:13,"[Highkin] In the latest of Tom Dundon's cost-cutting measures, the Blazers are the only playoff team that didn't send their two-way players (who are ineligible to play in the playoffs) on the road for Games 1 and 2 this weekend. Source: https://www.rosegardenreport.com/trail-blazers-two-way-players-watching-playoff-run-from-home/  The Trail Blazers had many season-saving wins in an up-and-down year on the way to the first-round matchup against the San Antonio Spurs that begins Sunday night.  Near the top of that list is a Nov. 21 road victory over the Golden State Warriors that snapped a four-game losing skid as injuries started to catch up with the Blazers all at once.  In that game, with the opening-night starting backcourt of Jrue Holiday and Shaedon Sharpe both dealing with calf injuries, it was rookie two-way guard Caleb Love that stepped up. Love played 37 minutes that night, scoring a career-high 26 points and hitting six three-pointers to help the Blazers outlast the Warriors and pick up a much-needed win to right the ship.  It was the first in a string of big performances for Love, who took full advantage of Portland's bleak injury situation to establish himself as an NBA-caliber player and help keep the team afloat.  The Blazers would not be in the playoffs without Love. Now that they've made it, he can't play because two-ways aren't eligible for the postseason.  And in a move that could only be attributed to more cost-cutting measures from new owner Tom Dundon, Love and the Blazers' other two-ways, Chris Youngblood and Jayson Kent, did not travel to San Antonio with the team for Games 1 and 2 and will be watching from home in Portland.  This is well outside of standard practice in the NBA. All seven other road teams on the first weekend this year's playoffs brought their two-way players to the games even though they can't play, sources close to those teams confirmed. They may be stuck in street clothes, but they're still being treated like they're part of their teams."
2026-04-20 01:56:48,"Great observation Reggie, if Portland was shooting 65% from three, they probably would be up double digits."
2026-04-20 01:57:55,"lol, billionaire doesn’t wanna pay the equivalent of loose change to send a few players to San Antonio"
2026-04-20 01:59:23,And they too wore the shirts. Vibes are through the roof.
2026-04-20 01:59:53,"Man, I didn’t think we still did the whole buy the team and cut costs thing. Usually if you’re a new owner you do the Mat Ishbia and try to spend your way into everyone’s good graces"
2026-04-20 02:04:28,Man I jealous of San Antonio's crowd. Even their franchise legends put on the free shorts. I don't think anyone in LA anywhere near the court wore them
2026-04-20 02:07:09,Deni hit Castle in the face w/ the ball lol
2026-04-20 02:07:22,"Deni pushes ball into castles face, screams and flops.. FOUL"
2026-04-20 02:07:37,castle obviously fouled avdija by letting the ball hit him in the face
2026-04-20 02:08:55,"Truly poverty franchise shit. So far he has:  Cut shirts for the playoff home games  Lowballed during the coaching search  Left staff waiting in the hotel lobby for hours rather than pay for late check-out  And now screwed our two-ways, especially Love who was a major contributor during the first half of the season.  This cheap prick couldn't have even waited to the offseason to sort this stuff out? He's saying ""fuck you"" to the fans, staff, and players, and also is demanding a $600 million renovation which he'll contribute nothing to."
2026-04-20 02:09:37,"Went to San Antonio for the first time in my life earlier this year and was shocked at how cool and nice it is. Had one of the best vegan restaurants I've ever eaten at too, Plantaqueria. It honestly made me baffled at why y'all hype the Alamo up so much, it kinda sucks compared to the actual city. It's just like an old church with a shitty museum in it, surrounded by a bunch of cooler stuff. Forget the Alamo, I say"
2026-04-20 02:18:54,Didn't know the Blazers got that type of whistle. Castle is hated by the refs.
2026-04-20 02:19:37,I challenge all redditors to enjoy some good basketball rather than whining the whole game
2026-04-20 02:21:06,[Highlight] Harper throws the lob to Victor Wembanyama for the easy slam dunk
2026-04-20 02:21:22,[Highlight] Stephon Castle tosses the lob to Victor Wembanyama for the dunk
2026-04-20 02:21:40,4 games today and all of them were full of whining about refs lmao
2026-04-20 02:22:53,Castle committed a textbook offensive foul by hooking Jrue's arm &amp; everyone in here lost their mind when it wasn't overturned. I feel like most of you only watch the NBA in the playoffs or something lol
2026-04-20 02:23:33,How the fuck did we not get a replay of that Wemby 3 from this broadcast ?
2026-04-20 02:23:58,Spurs up 10. Favorite to win in a sweep or 5 games and u spurs fans think the refs are here to rig it for Portland. 😂 Calm down.
2026-04-20 02:23:59,"Man. Portland may have gotten a couple of calls, but Spurs fans in here acting like FTAs are 50-2 and their whole team is in foul trouble. Portland took 7 total FTs in the half."
2026-04-20 02:26:56,This game thread is whinier than the OKC thread earlier lmao
2026-04-20 02:32:21,Portland fans just happy to be in here while watching Spurs and OKC fans bitch at each other.
2026-04-20 02:36:49,"In 20 years, he’ll join them in the stands to watch the Spurs newest number 1 pick dominate the league"
2026-04-20 02:36:58,Really bad sign for our future.
2026-04-20 03:18:26,"Wemby is the first player I have ever seen where every time I see them play I just think “what the fuck”.   Like Lebron at his peak, you would watch, and think “he’s just better than everyone else”.   Wemby, I’m like “how is this even possible”."
2026-04-20 03:25:57,Spurs fan from Boston hoping y'all can meet us in the Finals. Don't lose to Denver.
2026-04-20 03:26:11,"[Highlight] Wemby elects to drain a 3 (5/6 on the night, the most threes in a Spurs' playoff debut)"
2026-04-20 03:27:33,"33 points in the playoff debut is 1st for the Spurs and (as of now) [17th overall in NBA history](https://screwball.com/search?q=Most+point+scored+in+player%27s+first+playoff+game).  Interestingly, it is not the most of players on the Spurs team right now, as Fox had 38 in his playoff debut (though not for the Spurs)"
2026-04-20 03:28:37,3 Pointers made  5 - Wemby in playoff debut  5 - Duncan in playoff career
2026-04-20 03:30:05,"everytime i watch wemby i just find myself thinking ""look at this bullshit"""
2026-04-20 03:30:10,"With 35 points and counting, Victory Wembanyama has scored the most points by a Spur in their playoff debut The previous postseason debut high was Tim Duncan, who scored 32 points on 12/21 shooting against the Phoenix Suns in 1998; he had a double-double with 32/10 and 3 stocks (2 blocks, 1 steal).  Amusingly, both Timmy D and his coach, Gregg Popovich, were in attendance for this historic performance.  He has 35/3/1 with 2 blocks and has 3 minutes and 25 seconds to add on to this performance."
2026-04-20 03:31:56,"Wemby is really like that. We’re witnessing a generational talent develop in front of our eyes, can’t take that for granted."
2026-04-20 03:32:19,"Imagine all these people thinking Wemby was somehow gonna show up in the Playoffs and play terrible lol  ""We need to see him there first before seriously considering him for MVP"" like lmao here you go XD"
2026-04-20 03:33:33,Spurs fans are lucky
2026-04-20 03:34:51,Wemby is just so damn good. He might be the best player in the league after this season
2026-04-20 03:38:25,Your cat is spurs coordinated. 😊
2026-04-20 03:38:32,"Victor Wembanyama passes Duncan for most points in a playoff debut in Spurs history as they take game 1 against the Blazers: 35 PTS, 5 REB, 2 BLK, 1 AST on 13/21 FG, 5/6 3P, 4/5 FT in 33min Victor Wembanyama passes Duncan for most points in a playoff debut in Spurs history as they take the win against the Blazers: 35 PTS, 5 REB, 2 BLK, 1 AST on 13/21 FG, 5/6 3P, 4/5 FT in 33min  Source: https://www.espn.com/nba/boxscore/_/gameId/401869194"
2026-04-20 03:38:35,Don't lose to New York
2026-04-20 03:39:18,i mean he literally has goat potential if he can stay healthy and maintain longevity
2026-04-20 03:39:19,In his first damn Playoff game lmao
2026-04-20 03:39:33,"""can we wait for him to play a single game in the playoffs first"""
2026-04-20 03:39:51,Real cats told me Wemby would be a “playoff dropper” 🤣🤣 the same Wemby who went toe to toe with the AVENGERS.. Olympics… world stage… Wemby was arguably the best player on the court and real human beings really thought pressure would affect him? 🤣🤣🤣 stop it. #WEMVP #WEMBYGOAT #PORVIDA #GOSPURSGO
2026-04-20 03:39:57,"If this guy goes 5/6 from 3 in a game, I genuinely don't know how you beat this team."
2026-04-20 03:40:03,Ain't no way they zoomed 💀
2026-04-20 03:40:17,SPURS PLAYOFF WIN!!! WOOOOO GSG!!!! THE ARENA LOOKED BEAUTIFUL!!
2026-04-20 03:40:22,is that good? he only played 33 minutes so that must mean its a trash game and doesn't count right?
2026-04-20 03:40:51,"Spurs WIN Game 1 111-98, take 1-0 series lead | Game 2 Tuesday @ 7 PM on NBC/Peacock 🏀🏀🏀 3 wins from the Conference Semifinals, 15 wins from a Championship 🤘🏻"
2026-04-20 03:41:25,GGs yall i love watching Wemby man
2026-04-20 03:41:44,man playoff wemby is going to be out of this world. dude is special
2026-04-20 03:42:49,"Since the all star game,you can tell he will win a championship one day"
2026-04-20 03:43:42,Soooo are we going honking?
2026-04-20 03:44:18,"Man, seeing Timmy and Robinson sitting together at the game made me so happy."
2026-04-20 03:44:21,"Stephon Castle in his playoff debut against the Trail Blazers: 17 PTS, 7 REB, 7 AST (first Spurs guard getting 15/5/5 in playoff since Tony Parker) The entire Spurs team faces a new challenge in the playoffs and they come out the gate strong in game 1. Castle tonight ended up with 17/7/7 with elite defense played on Portland despite some rough shooting tonight. He is also the first Spurs guard getting 15/5/5 or above since Tony Parker.  https://www.espn.com/nba/boxscore/\_/gameId/401869194"
2026-04-20 03:45:47,"[Highlight] The San Antonio Spurs defeat the Portland Trail Blazers 111-98 in Game 1 of their series. It's the first home playoff victory for the Spurs since April 25th, 2019 when they defeated the Denver Nuggets in Game 6 of the Western Conference First Round."
2026-04-20 03:45:48,Wasn't even a good game for him either.
2026-04-20 03:46:02,castle is going to be easily the best two way perimeter guard in the league. I can see castle playing on the 2028 team USA roster because of how good he is defensively on the point of attack
2026-04-20 03:46:10,"Post Game Thread - NBA: The Spurs defeat the Trail Blazers on Apr 19, 2026, the final score is 111-98. This post contains content not supported on old Reddit. [Click here to view the full post](https://sh.reddit.com/r/NBASpurs/comments/1sqe777)"
2026-04-20 03:46:19,WE'RE BACK BABY!
2026-04-20 03:46:31,ON TRACK FOR 16-0    THIS IS PLAYOFF BASKETBALL!!!!   👽 on that 2K mode to poster Deni in the first quarter and the Nite nite alley oop from 🦊 in the 4th   🍍 with the 3rd quarter lock down blocks and buckets   🪉 making it look too damn easy    Team had plenty of SLAM Antonio lobs to offset the whack officiating (Is Josh Tiven a Spurs hater or something??)   Go Spurs Go!
2026-04-20 03:46:35,"15 MORE TO GO, GO SPURS GOOOOO POR VIDAAA!!!!  https://preview.redd.it/ryztni9to9wg1.jpeg?width=887&amp;format=pjpg&amp;auto=webp&amp;s=d770dd883d7d5d825bfa4acc3eb98c22152060b4"
2026-04-20 03:46:44,"It was a mid game from him, too. He's a boxscore stuffer even when struggling."
2026-04-20 03:46:44,"God I missed Spurs playoff basketball, absolutely electric. GSG!"
2026-04-20 03:46:46,"Great job Spurs!!! Also, refs absolutely sucked"
2026-04-20 03:46:46,Wemby is a god  Vassell is clutch  Josh Tiven should be put in the magneto prison
2026-04-20 03:46:56,Good job on the shirts y’all that were able to go! Fans did their job and it looked great on TV! Vamos Los Spurs!
2026-04-20 03:47:02,"Good first game from us, getting the W was the only thing that mattered and we did it   Wemby insane playoff debut, he’s the best player in the world   Still think there’s a few things we can improve upon.   The officiating was horrible   Go Spurs Go!"
2026-04-20 03:47:07,Victor Wembanyama is an 83.3% 3pt shooter in the playoffs.
2026-04-20 03:47:16,Terribly officiated game obviously in favor of Portland Floppers.. Still got the W! GSG!
2026-04-20 03:47:46,"Vic was uncharacteristically incoherent in the post game interview lol  Looked like he was on a high, dreamt of that moment for a while no doubt. 15 more"
2026-04-20 03:47:47,For some reason I completely forgot about the Demar Spurs and just thought they missed the playoffs the moment Kawhi left
2026-04-20 03:48:04,"can't wait to see how far this team goes, will be rooting for yall if/when the Celtics knock my Cavs out of the playoffs. free Palestine"
2026-04-20 03:48:08,He is going to go down as a great one. Almost had a triple double once again despite a not so good game from him. King of the castle.
2026-04-20 03:48:38,affects the game even when his shot isnt falling. the exact kind of player you need to win a ring
2026-04-20 03:48:44,FUCK OFF THE FACE OF THE PLANET I DONT EVER WANNA SEE THAT MF THIS SEASON. The whistle towards the end is fucking atrocious.  ANYWAYS GREAT DEBUT GAME GSG.
2026-04-20 03:48:56,"Wemby’s ass could NOT hear those post game questions 😂 Fully just winging it based on what he figured she was asking.  Amazing fucking start. Vibes absolutely immaculate seeing the Twin Towers, the shirts, Pop. WeMVP. Playoff Spurs I’ve missed you!!!!"
2026-04-20 03:49:50,"Castle takes a beating every damn game, but he's resilient as hell, still driving, kicking, and setting up guys."
2026-04-20 03:50:01,That’s what I have as the finals good luck to both of us
2026-04-20 03:50:05,I was there and the crowd was pissed about the refs. Were we overthinking it? Did the announcers say anything?
2026-04-20 03:51:25,Wemby is antiseptic
2026-04-20 03:51:41,"For what it's worth, Fox also had at least 15/5/5."
2026-04-20 03:51:43,"Shoutout to Luke Kornet for turning it the fuck up tonight! Announcers said that we were +12 in his minutes and it absolutely matched the eye test, our bench killed it.  Also shout-out to Kelly Olynyk for the killer team threads."
2026-04-20 03:52:19,"First playoff win in seven years.  Some notes:  * Victor Wembanyama is a force of nature. * Devin Vassell, though, should probably get the game ball. Snatched victory from the jaws of defeat. * The offense was inconsistent but the defense was stifling. * Deni Avdija is gonna be a thorn in his opponents' sides for a while. * Scoot Henderson came to play."
2026-04-20 03:54:19,wemby is amazing but holy shit TIL tim duncan dropped 32 points in his playoff debut as a fucking rookie 😭😭😭 this franchise will always have their generational big
2026-04-20 03:54:19,Did they do the drums at the end?
2026-04-20 03:54:38,Pistons ruined every team winning the home game to start the postseason
2026-04-20 04:03:18,I wonder how problematic that jumper is going to be later on in the playoffs because he was being dared to shoot. I see him becoming a liability once they get to OKC or Denver.
2026-04-20 04:03:24,The past years of watching the Spurs just to be angry is finally over. I really hope Keldon wins a ring for having to endure that shit and so Jeremy can get one too for trying everything before and after Wemby showed up.
2026-04-20 04:08:17,All praise to our starters from the upper level seat 🔥🔥🔥 So thankful to be a part of this atmosphere and watch our guys fight tonight. My first playoff game was unforgettable. So much adrenaline and emotions. GO SPURS GO 🔥🔥🔥🏀🏀🏀
2026-04-20 04:15:49,"Victor Wembanyama 35/5/1/2 and Stephon Castle 17/7/7 in their playoff debut, San Antonio leads series 1-0 Victor Wembanyama 35/5/1/2 13-21 FG, 5-6 3P, 33 MIN, he had the most points in a playoff debut in Spurs history  Stephon Castle 17/7/7 4-13 FG, 8-8 FT, not a great game for him but still the first Spurs guard getting 15/5/5 in playoff since Tony Parker  [https://www.espn.com/nba/boxscore/\_/gameId/401869194](https://www.espn.com/nba/boxscore/_/gameId/401869194)"
2026-04-20 04:18:54,"wemby dropping 35 in 33 mins in his FIRST playoff game is insane, dude’s ceiling is stupid high. castle numbers look way better than the game probably felt, but that’s a good sign tbh. spurs might be cooking something earlier than expected."
2026-04-20 04:21:29,"Wemby isn't the only talented spurs. You're forgetting castle, Harper,   fox and Johnson"
2026-04-20 04:21:54,Total game unders through NBA playoffs at closing line are now 7-1  The switch might flip to overs tonight. Be ready
2026-04-20 04:30:43,But when my team is dogshit for 10 years we get Deandre Ayton
2026-04-20 04:33:49,"In my honest opinion if these two guys are healthy and playing the spurs should never lose another game until they are out of their primes. It's like they have the 2021 championship bucks core with 2 players, wemby is Giannis + lopez and castle is jrue."
2026-04-20 04:37:10,"by the way, were those really the Spurs colors tonight? Why’d I think it was black and gray?"
2026-04-20 04:57:58,"Wemby already looks like a playoff cheat code and Castle just needs reps, that combo is scary fast   Still way too early for dynasty talk though, let it breathe"
2026-04-20 05:12:05,"[Jared Weiss] Victor Wembanyama was asked by ramonashelburne whether he feels the weight of following in the footsteps of Spurs legends like Tim Duncan and David Robinson. “I wouldn’t say weight. I would say it feels safe. It feels like if you trip, there’s a lot of hands that’s ready to catch you.”"
2026-04-20 05:12:25,"spurs actually have a huge chance in the finals, if they get past the nuggets or thunder, the regular season is volatile, while jokic clearly had the upper hand, it maybe a repeat of the 2022 playoffs, and while they dominated the thunder 4-1 this season, they just came off a championship and experience is something else"
2026-04-20 05:16:12,God damn we are a lucky fanbase
2026-04-20 06:49:36,"My favorite sound bites from Vic's post game comments were when he said they were only going to have to play four games against portland, that's it...👽🐐🧹  Secondly when asked about waiting for Fox to walk off the court together... Vic said ""Nobody Walks Alone"" 👽🦊"
2026-04-20 06:55:35,"[Highlight] The camera pans to a smorgasbord of Spurs Legends™ as Manu Ginobli, Tim Duncan, George Gervin, David Robinson and coach Gregg Popovich are in attendance for tonight's Spurs/Blazers playoff game"
2026-04-20 06:57:30,Prime Manu and healthy Pop + 2026 spurs =🏆🏆🏆
2026-04-20 07:01:20,I hope these dudes bought property when they were in the NBA. That shit is worth a shit load of money now.
2026-04-20 07:22:44,It’s so great seeing Coach Pop there and at practice looking healthy.
2026-04-20 07:32:22,He shoots like 80% on shots he thought he missed
2026-04-20 07:35:00,"I took four people to the Spurs playoff game and they tried to gouge me commemorative tickets for 15 a pop. I went to Wemby's first playoff game. I decided to take my brother, my niece, and an old military friend. Halfway through the second quarter, on the Jumbotron, the Spurs put up a QR code selling commemorative tickets for $15 apiece. I spent $1,300 on this experience. The nosebleed tickets were $170 apiece; we each spent $150 on alcohol. I just don't understand how much more money the Spurs need to get out of us. I get that pushing toward digital is going to remove some of these physical things. I know that you can't live in the past forever and that things are going to change. But if you're going to get rid of the physical, why are we now selling it back to us? It makes no sense.        I LOVE THE SPURS, and have spent thousands. I just don't feel like being gouged for these commemorative ticket stubs. It's greedy, disappointing, and cheap. Do the Spurs really need another $60 from me? I don't think that the Spurs are the only team doing this; I just thought that they were better than this. I will have to make my own I suppose."
2026-04-20 07:37:57,"Looking at the board today, I don’t see real value on sides. Lines are already adjusted after Game 1.  I’m sticking with unders here. Playoff basketball slows down, possessions matter more and defenses show up.  Wolves–Nuggets under still looks too high to me, same with Knicks–Hawks. These numbers feel more like regular season than playoff pace.  I’ll trust the tempo drop in these spots."
2026-04-20 08:43:30,Someone photoshop a llama onto Keldon's shoulder please.
2026-04-20 10:24:57,It's on Wemby now to prove that the Spurs can win a championship without Tim Duncan.
2026-04-20 11:42:10,This Wembanyama kid might actually be pretty good
2026-04-20 12:02:26,Yeah Shelburne can go right off the exit. The team was always going to do right by Wemby. That's what makes now so fun.
2026-04-20 13:22:19,"Playoff wins tastes so sweet. How to get your TWO free Taco Palenque tacos As folks may or may not know, Taco Palenque does a free breakfast taco now the day after a spurs playoff win. This is how you claim your TWO free tacos:  1. Do an online app pickup for a bean and cheese, add to cart, and use code ""spurswin"" to get your free first taco    1. Alternatively - just go inside and mention the spurs win free taco giveaway. 2. Pick it up, turn around and head to the salsa bar. 3. Taco Palenque wraps their tacos with double tortillas. Unwrap one of the tortillas, and scavenge the salsas.    1. Pay special attention to the grilled &amp; pickled onions and the diced salsas and fill up your extra tortilla, or move half of your contents to the new tortilla. You do you. But attack the salsas. 4. Enjoy your now TWO puro style tacos. 5. Repeat for all wins  GSG"
2026-04-20 13:25:57,none of those guys were as good as wemby
2026-04-20 13:38:59,[Mariano] Mitch Johnson on Victor Wembanyama’s first playoff game: “There’s a real desire from him… he has lofty expectations and goals… being in the playoffs is a big part of that”
2026-04-20 13:45:45,This is what a healthy organization looks like
2026-04-20 13:52:19,"Bill Simmons criticises the Spurs for doing 'Gimmicks' in the playoffs game. Zach Lowe's response : ""That's a horrible take."" 😂"
2026-04-20 13:56:48,"Spurs fans revive 'Let's Go Honking' downtown tradition after Game 1 win After the longest playoff drought in franchise history, San Antonio Spurs fans took to downtown streets Sunday night to honk in celebration after the team's Game 1 win against the Trailblazers."
2026-04-20 14:03:40,“I love our city man”
2026-04-20 14:09:11,"Victor is so incredibly intelligent and thoughtful. Already he has become my favorite player ever and I've been watching nba since the mid 80s. Wemby gets it, the Spurs get it. match made in basketball heaven."
2026-04-20 14:17:33,This is San Antonio fans version of the Victory Drum!
2026-04-20 14:25:04,We’re so back!
2026-04-20 14:34:59,I don't think most people who have never lived in San Antonio realize what a big deal Fiesta is in the city... The fact it is going on right now and this was the first playoff game in the city in 7-8 years makes the colored shirts really awesome.
2026-04-20 14:35:13,"It almost makes me furious how fortunate the Spurs have been with legendary players, then I remember how much I like and respect the franchise and fan base. If any team is going to have so much good luck I’m glad it’s this incredibly well run small market franchise."
2026-04-20 14:45:56,"A take so horrible that I even consider it racist.  The fact that he knows what Fiesta is, and what it means to San Antonio says it all.  Imagine a sports team embracing the local culture. Blasphemy…  He supports the Celtics. It doesn’t get more Boston than that. It’s in the name.  I don’t watch sports talking heads much and know very little about Bill Simmons. As it stands right now, he’s an idiot and most likely racist.  Yes I’m throwing out the race card. We roll these Fiesta colors out once in a blue moon, and he’s upset about seeing a culture being embraced. He couldn’t even give an explanation beyond “it’s gimmicky.”  Let’s go Spurs."
2026-04-20 15:53:44,"This is no longer your grandmas Spurs Team, We’re Global! You had a 22yr discount through those championship years. The two best options, 1. Take a trip to Paris, France 🇫🇷 and watch the Spurs game from a Parisian Sports Bar or 2. Pay the prices that every NBA fan has to pay and introduce yourself to our  NEW Parisian and world visitors to San Antonio. Remember, Austin Billionaire Michael Dell &amp; encore group (UFC) are the largest investor after the Holt family…. They are ready to build a stadium in Austin if SA doesn’t come through! GSG!!!"
2026-04-20 16:06:49,"Which announce teams have done a good job in the playoffs so far? I was thinking about this during the Spurs/Blazers game last night. Reggie Miller made a comment that was essentially ""Portland would be up by 10 if they made the 3 pointers they missed.""  Which, yeah, it would be a good strategy to shoot 70% on high volume 3's.     If that was a casual tuning in for the first game, what would they take or learn from that? Useful analysis would have been something like ""Portland is shooting uncharateristically bad from 3 tonight. Normally they shoot at X% but so far they are shooting at Y%""  or something like ""San Antonio strategy eems to be letting Portland shoot open 3's because the Blazers are a below average team"".  So, going back to the thread title, which commenting teams have done a good job of play-by-play AND giving good insight into the strategy going on during the game? I wasn't able to catch all of the games this weekend so I am really interested in y'alla thoughts."
2026-04-20 16:12:33,I swear Reggie couldn’t figure out that the blazers were having Clingan guard Castle because he kept saying that the spurs were setting up the switch and all they really had to do was pass him the ball
2026-04-20 16:12:45,Mural Roasters: Free drip coffee next day after Spurs win! Saw this on Mural’s instagram story. Hope they keep this up during the playoffs. Go Spurs Go!
2026-04-20 16:15:21,"Doris Burke was awful. Spent the entire game glazing the Thunder, offering surface level commentary, and gaslighting the audience by saying all the fouls drawn by SGA were legit."
2026-04-20 16:21:02,"I’ve only watched the Knicks and they were terrible.  Eagle endlessly spouting team trivia and obscure stats during the action, instead of focusing on the game.  SVG being a self-important blowhard.     They should change it so the higher seeded team gets to bring their announcers.  Or just do two feeds with both teams’ announcers."
2026-04-20 16:38:30,As a Spurs fan going from this nice season of Sean Elliot &amp; Tobey our announcers has been so awesome and then to turn into the 1st playoff game in almost a decade and hear Reggie Miller what's his face just struggle to comment anything insightful at all... kinda was the only bad part of the game.  Well that and I didn't have tickets.
2026-04-20 16:49:16,I'd love to be able to hear their convos during a game like this. Do they read the hell out of the game and analyze / break things down between the two of em?
2026-04-20 16:50:00,"[Highlight] NBC broadcast (Mike Tirico, Reggie Miller, Zora Stephenson) thoughts/storylines for Wemby + Olynyk, and Spurs legends at the game | vs POR 4.19.26 2026 Playoffs Round 1 Game 1"
2026-04-20 16:56:49,**Timestamps to help anyone watching this potentially skip to the parts that interest them:**  * 0:00 Pregame segment with brief preview followed by tip-off ([NBC's coverage of starting lineups found on NBA's YouTube](https://youtu.be/eadbv_XnpX0?si=Mkl3QrHeWQP98FY8&amp;t=30)) * 3:20 David Robinson and Tim Duncan at the game sitting next to each other * 4:12 David Robinson and Tim Duncan react to Wemby's moves on Avdija followed by Wemby 3PM and Vassell's defense on Grant * 5:21 Mike Tirico and Reggie Miller appreciate playoff basketball being back in San Antonio * 5:38 Wemby's first postseason block * 5:48 Keldon's first postseason points followed by end of Q1 recap * 6:06 Broadcast report by Zora Stephenson on Olynyk buying the team identical suits followed by Reggie Miller's thoughts on how this brings a team closer together * 6:56 Castle's one-handed dunk * 7:12 Fox halftime interview with Zora Stephenson * 7:56 Wemby's 21 points is the most in 1st half by a player making their playoff debut since 1997-1998 * 8:05 Kornet's fingertips dunk * 8:16 A look at the team's championship banners and Spurs legends at the game * 8:44 Wemby's second block of the game * 9:17 Broadcast report by Zora Stephenson on Wemby's increase in physicality and use of his voice * 9:50 Mike Tirico talks about how the crowd gave David Robinson and Tim Duncan one of the loudest ovations of the night when they were shown on the big board * 10:09 Wemby stepback 3PM to give him 35 PTS in his playoff debut * 10:15 A brief look at Wemby's pregame routine followed by Wemby recap * 10:41 Broadcast discussion on the team having a plan to make sure Wemby is healthy for the playoffs * 11:50 Wemby almost converts a monster dunk * 12:06 Final 12 seconds of the game followed by the broadcast team's brief recap of the game (had to omit a couple parts to get the video under reddit's 1GB video limit: [Vassell banging the drum](https://www.reddit.com/r/NBASpurs/comments/1sqez4u/nba_bang_the_drum_spurs_win_game_1/) posted by u/MikeBravoLima and [Wemby's postgame interview with Zora Stephenson found on NBA's YouTube](https://youtu.be/eadbv_XnpX0?si=ueMdkdsAfsBkROvh&amp;t=981))  **Links for postgame segments on NBA on NBC's YouTube:**  * **Broadcast crew's postgame segment:** [https://www.youtube.com/watch?v=japLA5YKgbc](https://www.youtube.com/watch?v=japLA5YKgbc) * **NBA Showtime postgame segment:** [https://www.youtube.com/watch?v=PP94V0xBlDQ](https://www.youtube.com/watch?v=PP94V0xBlDQ)
2026-04-20 17:31:42,"Man, I got chills when they were playing Seven Nation Army pregame and the crowd was singing it. All the sections in fiesta colors.... Spurs flags waving.... peak."
2026-04-20 20:46:44,Between Wemby matching Duncan's playoff debut record and Castle matching Tony's production.   Don't tell me they have a lefty guard off the bench too...
2026-04-20 21:35:57,Bill Simmons with an absolute shit take on the Spurs fiesta color shirts. Lmao this is fucking stupid
2026-04-20 21:42:26,"People are having fun and the vibes are good, what’s wrong with them, you’ve won five titles you can’t care about a first round series and have fun."
2026-04-20 21:43:47,Very young team. Star that transcends any pattern. Zero fear and ambition that almost borders on a healthy arrogance. The enthusiasm of a new beginning and probably a new generation starting a journey towards the top of this sport. Everything the NBA needs and instead this is the reaction. Then they complain if the sport is in decline.
2026-04-20 21:47:03,“It felt like I was at a parade” how dare we have some care for culture and team spirit
2026-04-20 21:47:52,"As Wemby and the Spurs get their feet wet, playoff fun begins"
2026-04-20 21:48:15,I’m pretty sure this wasn’t for Bill Simmons gratification. The team owners know their fans quite well and did this for them. Bill is an ass.
2026-04-20 21:50:12,Very shitty take. Felt like last night was a party celebrating our return to the playoffs and potential future glory.  So glad Wemby is making it cool to be passionate again. Not everything has to be non chalant.
2026-04-20 21:57:27,It’s the culture and they explained the colors during the game. Spurs have had these colors for decades. This is just rage bait.
2026-04-20 21:58:24,Sorry that we have actual culture to celebrate that isn't the throwing tea into the ocean and yelling racial slurs.
2026-04-20 21:59:47,"He’s right, we have won 5 championships and been there before. That’s why it’s cool to honor those that came before this team with the fiesta colors and the shirts, getting our fans involved and creating a home court advantage that highlights why we’ve won 5 championships before. This guy is a clown. Fiesta stadium looked absolutely awesome last night and we got a win + Wemby 35 points, I couldn’t give less of a shit about Bill Simmons in this scenario. GSG"
2026-04-20 22:05:25,Effective immediately.. Bill Simmons has been officially banned from all Spurs games and Fiesta events.
2026-04-20 22:05:56,Bill is pretty level headed most of the time but he has these random dumb ass takes like once a month and they are always related to some kind of fan experience or TV viewing thing. It’s weird.
2026-04-20 22:12:29,"DPOY Announcement RN Peacock Tune in live announcement in Peacock right now.  How we feeling??  I'm pretty hopeful and confident Wemby gets it.  Let's see how the voters felt.  They'll be interviewing ""the winner,"" after the announcement.   GSG :excited car honking sounds:  Edit: Gary Payton presents DPOY to...  Edit: VICTOR WEMBANYAMA OF THE SAN ANTONIO SPURS   !!!!!!!!!   Edit: UNANIMOUS"
2026-04-20 22:19:35,Victor Wembanyama is your 2025-26 Kia NBA Defensive Player of the Year!
2026-04-20 22:20:16,"It is shocking to me that the Magic are +190 to win the series right now. The Pistons win games with their size advantages and bullying teams with physicality. Those advantages don’t exist in this series, this is a brutal matchup for them.  Before the playoffs, I save up as much as I can so I have a larger bankroll for the playoffs. I sit back and patiently wait for opportunities where I see a mispriced line and I hammer them. This is the first opportunity of this postseason for me.   The wrong team is favored here, the Magic will win this series."
2026-04-20 22:21:17,"Should the Spurs try to move up in the lottery? The spurs have two picks this year, ATL and their own which are projected for #20 &amp; #29. Should the Spurs try to bundle their picks and move up? I think both sides have legitimate arguments:  \-The Spurs also have a pretty great record for drafting later in the Lottery and finding hidden gems (Manu, Tony, Kawhi, White, Murray, Johnson, Vassell, soon Carter). They are also fantastic at development. With our core being so young, having two extra depth pieces could stamp the Spurs dynasty by providing the depth in the front court positions we need right now.  \-However in such a stacked draft class getting a top end pick could mean another all-star level player which might push the Spurs into KD warriors-level Talent. However we would have the issue of trying to find minutes for all our players or worse if the pick busts and we end up losing two picks for nothing. Finally, and maybe most important, how the hell would we pay for 5/6 all-star/all-defense level players lol.   What’s everyone’s thoughts on this? At this point I trust the Spurs scouts enough that no matter where we land I think our FO will find someone who will fit with the team, but would you rather they swing for depth or talent?"
2026-04-20 22:22:25,"We don’t have our own, this year is a pick swap; ATL has 29"
2026-04-20 22:23:01,"Doubtful we do anything, too early in the playoffs to tell."
2026-04-20 22:26:50,Thats our boy! GSG
2026-04-20 22:27:09,"We don't have 2 firsts, and even if we did, 20+ 29 isn't moving us up very far at all  Until Wright actually does it, I'll assume we aren't moving up"
2026-04-20 22:33:17,"I’m giving him a mulligan, he switched to Keldon for 6MOY, days after declaring on-air Jaquez got his vote. Also he put Castle 1st team defense, he gonna need any and all points to get 2nd team"
2026-04-20 22:33:43,"It's crazy how he only got his DPOY now. Should have had three if we are being honest. But well, his first DPOY had to be unanimous."
2026-04-20 22:33:59,"The unanimous vote probably means he won't win MVP because the voters will feel he's been rewarded enough. Will take Finals MVP, instead."
2026-04-20 22:40:21,"What's the hotter take:  1. Wemby should have three DPOYs already (the other two not unanimous), as a rookie if voters were paying attention, and last year if games played wasn't an issue.  2. Wemby should have been the unanimous DPOY this season even if NOT considering his blocked shots at all. Like if the intimidating effect his blocking ability has on opponents was still present, but the actual blocked shots somehow never happened."
2026-04-20 22:42:08,"Almost 9% difference in field goal percentage, some DPOYs it's been like a 1% difference, for Gobert it was around 3% usually.  &gt; He averaged a league-leading 3.1 blocks in 64 games this season, and the Spurs allowed 10.2 fewer points per 100 possessions with him on the floor. **Opponents shot just 40.7 percent from the field against him and 8.7 percentage points worse than average** when he was the closest defender, according to NBA stats, both the best in the league among those who contested at least 500 shots this season."
2026-04-20 23:00:18,Wemby won this award in October
2026-04-20 23:05:54,He must be straight cringing finding out we all went honking last night 😂 Sad sack.
2026-04-20 23:08:20,That sure sounds most valuable to me.  Too bad he doesn’t shoot enough exciting foul shots!
2026-04-20 23:17:18,Our pookie bear Wemby 🥹
2026-04-21 00:08:55,Spurs Playoff Intro (sorry for the terrible camera work) Thought I'd share since I didn't see it posted anywhere else
2026-04-21 00:23:39,"One day.   One day, I will go to San Antonio and watch my team of 20+ years in person."
2026-04-21 00:46:42,He’s still salty Spurs got Duncan and not Boston. Look it up.
2026-04-21 01:58:41,"Victor Wembanyama is the 4th Spur to win Defensive Player of the Year, joining Kawhi Leonard, David Robinson and Alvin Robertson 👏 Four players winning DPOY is the most-ever for any NBA franchise. No other franchise has more than two 😲"
2026-04-21 02:02:14,"wetbananas is making me scared bro   i thought we had more time   this dude in his what 3rd year? is making mvp leaps , dpoy feats"
2026-04-21 02:03:24,LOL so cultured with MC Escher. Won’t be surprised if Wemby had a hand in it
2026-04-21 02:49:46,That's Spurs basketball for you. Defense first.
2026-04-21 03:05:25,How the hell did Timmy never win DPOY??? Also I completely blocked from my memory that Kawhi won with the Spurs
2026-04-21 04:07:59,"Why didn't the Spurs keep Dominique Wilkins after a solid '97 season? The year before they got Duncan, the Spurs has signed Dominique Wilkins, who put up solid numbers in one of his final seasons. Why didn't San Antonio bring back the Human Highlight Reel for a second season?"
2026-04-21 04:18:31,they probably knew duncan was coming and didn't want to pay aging star money when they were about to get generational talent. wilkins was still decent but at that point in his career you're looking at diminishing returns vs salary cap space for building around your new cornerstone
2026-04-21 05:13:16,"Given the belt that the Thunder and Celtics delivered to the asses of Phoenix and Philly, OKC and Boston finals would be insane and imo, it would be peak. FINE, it might be too early in the playoffs to even reliably PREDICT the finalists for each conference but hear me out, two of the deepest teams in recent history since the fuckass Warriors Avengers in 2017 clashing in the NBA's biggest stage? That's something we haven't seen since like the Showtime Lakers and Bird Celtics or Jordan's Bulls against that underrated Suns team with Charles, Kevin Johnson, and Thunder Dan.  Ofcourse, r/nba hates Shai and the refs (dw, I hate them aswell because what the fuck? 27% from the field and got carried by like 17 free throws? Jesus.) and y'all hated Boston 2 years ago because ""doo doo Finals run against injured teams"" but who doesn't love a brawl between two powerful antagonists in a story? We got peak fiction like Risotto vs Doppio or Maul and Savage against Palpatine for example.     Sure, hoop fans might want a Wemby finals, Cade finals, or even another Lakers vs Celtics finals more BUT YOU CAN'T DENY IT, the defending champions with a 10 something man deep team FIGHTING the former champions whom they took the crown off last year (who largely retained their depth and Tatum returning and cooking) for the throne would be peak narrative.   ...or it just ends up as ""who gets the whistle more?"".  Tl;dr: Celtics vs OKC this year would be peak entertainment and is a helluva way to start off the Wemby dynasty (TRUST, IT WILL HAPPEN, MY SPURS WILL RETURN TO RELEVANCE). Either way, it's just my opinion at the end of the day, this sub just won't chill for the most part but eh, that's the internet for you."
2026-04-21 05:22:22,It’s been one game
2026-04-21 05:31:41,Spurs possible Playoff opponent: Denver vs Minnesota series tied 1-1 👀 Who would you rather the Spurs see in the 2nd round? 🏀
2026-04-21 05:33:20,Whatta matchup. I still think the Nuggets get it as the Twolves are a bit hobbled but I'm glad they've at least made it a series tonight. Divincenzo can hit those clutch ass threes when needed.
2026-04-21 05:34:27,Super important for our guys to get this series done quickly and hope Wolves v Nuggs is a long one.
2026-04-21 05:36:32,The result of the Lakers/Rockets game will be the same regardless of whether KD plays (Lakers win again)
2026-04-21 05:37:58,"Let us worry 1st Spurs round 1 match. Step by step, little by little until we reach the Finals."
2026-04-21 05:44:09,"One thing's for sure, Wemby absolutely needs to tune into the film for Gobert's defense on Jokic. In a class of his own tonight tbh, haven't seen Jokic that lost ever"
2026-04-21 05:45:55,I really hope this series goes to seven and the boys finish the blazers quite quickly. if does goes to 7 games and we finish the blazers off quickly. it would be huge for our chances to go to the western conference  this as the either nuggets or timberwolves would be quite fatigued .
2026-04-21 05:45:57,I’m so confused because for the past week this sub has been telling me that the Nuggets would breeze past the hobbled Wolves and then that we were 100% playing the Nuggets in the second round and that they were going to beat us as well. Now I’m watching this series and they barely won the first game at home and now they’ve lost the second game at home. I just don’t understand because this sub is usually totally right about everything.
2026-04-21 05:52:57,"Begging the guys to put Portland away earlier and get plenty of rest, this Denver wolves series is gonna be a dogfight and if we can be done early we’ll have a great advantage"
2026-04-21 06:24:26,I hope we match up against the wolves. Ant is going to be gassed and still hobbled if this series goes 7 games and they play the Spurs.
2026-04-21 07:55:51,Wolves. I want Gobert vs Wemby.
2026-04-21 14:36:45,"Wemby broke 3 records in less than 24 hours all standing for a combined 69 years Most points by a spurs playoff debut (Tim duncan, 1998)  Youngest DPOY (Dwight howard 2009)  Closest to unanimous DPOY (Ben wallace 2002)"
2026-04-21 14:40:54,"Wdym by ""Closest to unanimous DPOY""? Didn't he win DPOY Unanimously? Wouldn't you just say    ""First Unanimous DPOY""?"
2026-04-21 14:44:42,Most 3s in a spurs playoff debut too
2026-04-21 14:59:49,How we feeling about the spurs vs blazers under 220.5 total?
2026-04-21 15:00:44,"[The Athletic] Blazers owner Tom Dundon doesn’t care that others say he’s cheap &gt; But instead of worrying about defensive strategy, or his rotation, Splitter was worried about the team masseuse. By order of new owner Tom Dundon, all members of the Blazers’ traveling party — with the exception of players and coaches — had to check out of their hotel at 12:30 p.m. in an effort to avoid late-checkout fees. &gt;  &gt; Splitter, the team’s interim head coach, had just heard an earful from the masseuse, who had nowhere to provide treatment for the players ahead of that night’s game. And she wasn’t the only one complaining. Splitter eventually called a confidant, and vented his frustration. &gt;  &gt; “I told (Splitter) he can’t be focused on this while he is about to coach his most important game,” the person Splitter called told The Athletic. “And he was like, ‘But what if the masseuse decides that she doesn’t want to do a good job because she’s angry and then she doesn’t do a good job on Deni (Avdija)? Then it affects me, too.'” &gt;  &gt;  &gt; ----------- &gt;  &gt; To wit: The Blazers are the only NBA team in the playoffs who are not traveling their two-way players, a move to save on hotels and food first reported by The Rose Garden Report. Also, the team’s traveling party of support staff was trimmed — the award-winning team photographer and digital reporter did not travel with the team for its playoff series in San Antonio. And as Splitter has done an admirable job as interim coach — he was thrust into the position before the season’s second game when Chauncey Billups was arrested by the FBI in a gambling probe — Dundon has conducted a phone-book’s worth of interviews with college and pro coaches, breaching the etiquette that sitting NBA coaches are usually afforded. &gt;  &gt; ------------- &gt;  &gt; When he bought the NHL’s Carolina Hurricanes in 2017, he made several cost-cutting moves, including firing the team’s broadcasters and skimping on the salaries of coach Rod Brind’Amour and his staff. Yet, in the wake of those moves, the Hurricanes have become one of the NHL’s elite teams. &gt;  &gt; Armed with the confidence that his approach works, Dundon sent out an edict to Blazers managers shortly after he and his investment team took over on March 31 after 81 percent of the $4.25 billion sale closed. &gt;  &gt; “The directive was ‘Why are we wasting money? Let’s think about this prudently,'” a team source told The Athletic. “Essentially he was saying, ‘Let’s make things like (the traveling party) be about who needed to be there, not it-would-be-nice-if-they-come.'” &gt;  &gt; ---------- &gt;  &gt; “The amount of disrespect (toward Splitter) that’s going on is beyond description,” a league source said. “It’s like, every day a new name is coming up. It’s the most vicious thing I’ve encountered in 30-plus years.” &gt;  &gt; Reports have said the Blazers have tried to low-ball offers to college coaches, as well as an offer to Splitter with a modest raise from his current salary of $850,000 as interim. However, multiple sources said Dundon has not made an offer to Splitter. &gt;  &gt; ---------- &gt;  &gt; If Dundon has made one thing clear in his first month as owner, it’s this: He cares more about winning than he does people’s opinion. He vows he will spend on the roster — a source said he is already committed to dipping into the salary tax next season to land a star player — and has been matter of fact about his disdain for frills, his popularity be damned. &gt;  &gt; When asked at his introductory news conference whether he cared if he was liked, he said “on the list of things I care about, it’s lower.” &gt;  &gt; -------- &gt;  &gt; “I ought to tell you, I don’t think he gives a rat’s ass what is said about him,” the league source said. “Most owners care. They insulate themselves because they care very much about their image and profile. He doesn’t give a f—. He doesn’t even flinch with this stuff.” &gt;  &gt; The team source says that indifference is one of Dundon’s “superpowers” — he isn’t easily influenced by the sway of public opinion. &gt;  &gt; “He is unapologetic,” the team source said. “All he cares about is what is good for the team and what makes the team win. Which means he is going to be OK making tough decisions.” &gt;  &gt; ------ &gt;  &gt; As for the fans? When they arrive at the Moda Center for Friday’s Game 3 against San Antonio, there will not be the customary free T-shirt waiting on the seats. When team president Dewayne Hankins announced the no-shirt decision, fans were up in arms, chalking it up to another cheapskate move by the new owner. &gt;  &gt; On the contrary, Dundon was thinking about the players and how he could create a competitive advantage. &gt;  &gt; “Tom’s point of view was how do we get even more home-court advantage?” a team source said. “So he wanted to experiment a little bit with something that could create noise, and where 19,000 are waving something when the Spurs are shooting free throws. That’s better than a T-shirt.” &gt;  &gt; Time will tell if Dundon’s approach will be better than to what this once-proud franchise had become accustomed. But everyone agrees, it has been an uneven start. &gt;  &gt; “His heart is in the right place,” the team source said. “He is going to build this thing into a winner, I know it. And I know three years from now, or five years from now, people are going to love it. &gt;  &gt; “But over the next 12 months, they are going to hate it.” &gt;  &gt; ------  Source: [The Athletic](https://www.nytimes.com/athletic/7213935/2026/04/21/blazers-tom-dundon-nba-owner-expenses-money-cheap/?source=emp_shared_article&amp;unlocked_article_code=1.clA.xNL4.EQlGddmoFdGC)"
2026-04-21 15:03:53,&gt;“Tom’s point of view was how do we get even more home-court advantage?” a team source said. “So he wanted to experiment a little bit with something that could create noise  Bring back the vuvuzela cowards
2026-04-21 16:20:21,Spurs Set the Tone in Game One of Playoffs Against Trail Blazers | Full Mini-Movie
2026-04-21 16:20:36,"Youngest DPOY ever... He finished 2nd three years ago only due to bad team record and was the absolute favorite last year before his health issue. That's just crazy.  I remember watching him in France 4 years ago and telling myself ""there is no way this dude don't win a DPOY during his career""... But now i feel he could win 10 if healthy."
2026-04-21 16:46:19,"No Tim Duncan in there, arguably *the* best defender of the 3 older Spurs DPOY, has none is the biggest injustice in DPOY selections IMO"
2026-04-21 17:09:14,Spurs/Trailblazers u222.5 Lakers/Rockets o205.5 Parlay for +208 on betRivers
2026-04-21 17:35:10,I am bored and at the airport waiting for my flight to SA for tonight’s game. Assuming we fall short in the playoffs this year which is very likely. Steph Curry for a 1 or 2 year rental. Who says no? I don’t want to hear logical arguments just fantasy and delusions loll. #GoSpursGo
2026-04-21 17:47:24,"Shut up, fuck. What kind of mentality is this?  ""Assuming we fall short in the playoffs this year which is highly likely."" And the audacity to put #GoSpursGo at the end. We're on game 2 of round 1 and we already have this outlook? C'mon man, enough with this energy. We are top 10 in every meaningful stat, why can't we win it all?  https://preview.redd.it/733nh8iqzkwg1.jpeg?width=1079&amp;format=pjpg&amp;auto=webp&amp;s=1057ee6204b769a413726a74e644e9d262120f2a"
2026-04-21 17:54:21,We are set at PG. Wouldn't want to stunt the growth of Castle or Harper
2026-04-21 17:54:51,"Yeah I’m with you, I don’t want rental legends either. Curry in any jersey that isn’t Warriors just feels wrong as hell.    Spurs already got their guy, just need time and reps. If the defense is real and the young dudes keep leveling up, that window is gonna open way sooner than people think."
2026-04-21 23:00:17,"Game Thread: Portland Trail Blazers (0-1) vs San Antonio Spurs (1-0) Live Score | NBA Playoffs | Apr 21, 2026 This post contains content not supported on old Reddit. [Click here to view the full post](https://sh.reddit.com/r/nba/comments/1ss3r6d)"
2026-04-22 00:18:17,Victor Wembanyama receives his Defensive Player of the Year award and then celebrates with his teammates ahead of Game 2 in San Antonio.
2026-04-22 00:36:27,Can spurs just do fiesta court and jerseys every game? I miss them already
2026-04-22 00:37:23,Fox with the “fuck it Wemby up there somewhere” pass lmao
2026-04-22 01:09:42,"Fox standing there with his hands down, Advija hits him, foul on fox"
2026-04-22 01:11:32,by this game thread you would think every call has gone against the spurs and they’re the plucky underdog lol
2026-04-22 01:13:07,The Spurs fans crashout over the last 5 min is crazy lmao
2026-04-22 01:14:32,"Wemby officially in concussion protocol per Shams, that is brutal. The dude is a joy to watch for all NBA fans and we're going to miss out b/c of a fluke injury."
2026-04-22 01:15:27,Why do refs not call fouls if someone plays though contact but do call a foul if they flop. I don't understand.
2026-04-22 01:17:26,"I check this thread, read 5 comments and expect Deni to have like 8-10 free throws already based on what they're saying. Check the box score and see he only has 3 free throws..."
2026-04-22 01:25:12,Broadcast be like sucks for wemby but how has this affected the betting markets
2026-04-22 01:36:05,H-E-B going to be stocked with Wemby prayer candles by 6 AM tomorrow
2026-04-22 01:53:30,how the fuck is that a foul  Fox pulls the chair and Sharpe falls into Harper and Harper gets whistled for the foul
2026-04-22 01:53:30,Portland is literally getting calls without us even touching them WHAT THE FUCK
2026-04-22 01:54:51,We Love you GOAT!
2026-04-22 01:56:52,That Wemby fall was insanely brutal his head bounced off the court so hard hope the guy's ok he might not even be able to come back from that for at least the next game or 2
2026-04-22 01:58:46,castle needs to stop this driving into 5 bodies shit
2026-04-22 01:58:52,You can just hear the disappointment in Reggie's voice when the Spurs score or do anything good.
2026-04-22 01:58:53,Give the ball to Harper and scoot and everyone else get off the court  This shit is awesome
2026-04-22 02:07:30,"Playoff hopes I think we can get though this series without wemby so don’t think this is a doom and gloom our playoff chances are over post. This is a post reminding everyone how fast our rookies are progressing.   Steph is in his second year scoring triple doubles and being first team defence calibre player along side our DPOY hes still improving and that 3 ball is slowly… very slowly coming along  HARPER our rookie guard giving fox a run for his money, imagine he has the same leap Steph has or anywhere close he’s going to be lethal. His defence is also very solid  Carter Bryant is just such a fun player to watch. The difference between him from game 1 to now is unreal. He’s going to get confident and the games going to slow down… hes going to be a real problem.  FOX he’s a great player and can lead the team when we need him to. He’s also going to give harper a lot of good lessons.  I’m really glad wembys not gone down with a typical big man injury, this is manageable he’ll be back. We got this.    All the way from the UK at 3am! GO SPURS GO!  hope I can get down there some time in the next couple years, shi is expensive though, Yall are lucky ash."
2026-04-22 02:08:47,The choice of when and when not to call fouls in this game has been intriguing. And that’s for both teams.
2026-04-22 02:10:16,He’ll probably be back for game 3 ngl lol
2026-04-22 02:14:22,The only winner of this game is OKC somehow.
2026-04-22 02:14:49,Didn't know they extended Wrestlemania what is going on
2026-04-22 02:14:59,Blazers and Spurs will need to combine to form a 14 man roster by the end of this series
2026-04-22 02:15:26,"Jesus Christ, we might see Plumdog billionaire and the corpse of Mr Biyombo playing meaningful minutes at this rate."
2026-04-22 02:35:15,"Just a warning to everybody Fanduel just allowed me to put my hedge on Spurs Money line in in a split second and they usually make it wait like five seconds when it’s live. Anytime I see that it means they are welcoming Money and that team is going to lose. Do what you will with that information but I can almost guarantee a Blazer win here. If you want to take Spurs a crazy odds and hope that it swings and then take the blazers go for it, but I wouldn’t do anything crazy on Spurs."
2026-04-22 02:41:31,"Post Game Thread - NBA: The Trail Blazers defeat the Spurs on Apr 21, 2026, the final score is 103-106. This post contains content not supported on old Reddit. [Click here to view the full post](https://sh.reddit.com/r/NBASpurs/comments/1ss8ucw)"
2026-04-22 02:41:51,"On track for 16-1   *sigh   🙏 up for 👽 the fall video just puts knots in my stomach and he’s gonna need to rest up and recover. Mr 💯 with the wrist injury as well   This was a battle end to end and the team has built on the season games when they had to play without Wemby, amazing poise by 🪉 even with Scoot jawing in his ear, 🏰 absolutely a rock, 🍍 an absolute stud, 🦊 providing stability, 🍦playing big and 1️⃣1️⃣ making the most of his minutes.    Get well 👽 and 💯 the team has your back, let’s close it out at home.    GO SPURS GO!!!"
2026-04-22 02:41:54,Fox and Castle. Shame
2026-04-22 02:42:18,Portland has to injure two spurs to barely scrape by with a win lol
2026-04-22 02:42:22,Still waiting for this playoff Fox who'll be worth his contract to show up.
2026-04-22 02:42:26,Brutal game from the guards minus Harper. Just praying Wemby is okay but that was a big bummer
2026-04-22 02:42:26,I just want to hear that Wemby will be back next game 😭
2026-04-22 02:42:34,fox pissed me off all damn game
2026-04-22 02:42:37,It happens  Spurs in 5
2026-04-22 02:42:54,We gave that game away was up like 13 with 7 minutes left
2026-04-22 02:42:56,"Wemby, Harper, barnes hurt. Fox shit in the clutch, Castle airball. FAWK"
2026-04-22 02:43:04,"Harper, as a rook, is the most stable ball handler of this team. You know things will turn out good. I can’t feel that with Castle and Fox clutch time. They just rush or brick."
2026-04-22 02:43:17,"No one stepped up, Wemby went down and everyone remained pedestrian.  Rest, adjust, go back at it. Nothing easy in the playoffs"
2026-04-22 02:44:04,I don’t wanna be a hater but when will Fox finally step up and do his thing
2026-04-22 02:45:19,tough loss this team needs to learn how the fuck to close games and fox hasn't been clutch in a bit. i thought this series would go five but if it goes six thats fine. wemby's health is the most important thing now
2026-04-22 02:46:12,The thunder fans are gloating too much. It would be hilarious if they lose the game tomorrow.
2026-04-22 02:46:20,That jump ball was the biggest scam I’ve ever seen. That momentum changed the game
2026-04-22 02:46:47,Absolutely disgusting from Fox down the stretch. Taking multiple fadeaways and dribbling out the shot clock instead of attacking the rim. He was brought here to lead this young team and give us a strong second option on nights like this and the dude hasn’t shown up in multiple games in crunch time.
2026-04-22 02:47:59,"Spurs 57 million dollar man De'Aaron Fox through 2 playoff games: 17ppg, 3.5rpg, 6.0apg on 49.9% TS [Source](https://www.statmuse.com/nba/ask?q=de%27aaron+fox+stats+this+playoffs)  Fox is in year 1 of a 4 year, $229m contract. He averaged 18.6/3.8/6.2 on 57.8% TS in the regular season. Does his production justify his salary?"
2026-04-22 02:48:27,Fox was never a winning player
2026-04-22 02:49:40,"Be Grateful For some of us long time Spurs fan , I’m am so happy we are back . Let this be a lesson in being grateful that we are an excellent team and we are back in contention. Too many of us was looking to far ahead at Den/Min and forgetting that injuries are part of the game .   With that being said , Blazers played the game of their lives and only won by 3 with no Wemby . Fox News to step it up and Castle need to slow it down.   I hope Wemby , Barnes , and Harper are good to go for game 3. This series is gonna be a war . It’s playoff time !!! It’s been a long time , enjoy it"
2026-04-22 02:50:13,He getting traded if he doesn’t pick it up ngl. Especially with Harper looking so good dude is auditioning for his job
2026-04-22 02:50:40,We can easily be down 3-1 before Wemby comes back
2026-04-22 02:51:21,"Tough loss but I’m just enjoying seeing us in the playoffs again.  They are a solid team and this will be a tough series, especially if injuries come into play."
2026-04-22 02:51:35,Idk why some of our fanbase defend this guy.
2026-04-22 02:51:50,"You can take Fox away from the Kangz, but you can't take the Kangz away from Fox."
2026-04-22 02:52:27,"I got downvoted and kept getting downvoted the day spurs signed him he is not and ever been worth that much especially with harper and with #2 pick on horizon that turned out to be harper. just insane, fox is also a cancer if you bench him ask SAC fans. he is just sucking up valuable clutch mins for harper and castle development"
2026-04-22 02:53:15,Fox News gonna step up what
2026-04-22 02:54:20,Yeah it’s a pretty shitty contract. What pisses me off is that they fucking paid him and pretty much told him to take a backseat to castle.  Why the fuck would you pay someone that much money and not utilize him correctly? I’m not saying he would be a perfect player but this dude is not playing like kings fox at all.
2026-04-22 02:56:25,[Charania] San Antonio's Victor Wembanyama has been diagnosed with a concussion and will have further testing on Wednesday.
2026-04-22 02:57:03,how am I supposed to be grateful when our 200 mill player can’t crack 20 points
2026-04-22 02:57:38,Would’ve been fucking nice to have the security and not blow a double digit lead. Game 4 is going to be a must win.
2026-04-22 02:57:44,Fuck. Im guessing we won’t have a timeline until the further testing tomorrow
2026-04-22 02:57:44,Oh nvm this shit chalked. Fox #1 option hoops LMFAO goodbye
2026-04-22 02:58:48,Love how reactionary our fanbase always seems to be. No one can ever calm down…
2026-04-22 03:01:25,"The difference between 1-1 and 2-0 with wemby missing multiple games is massive. We HAVE to win one of two in Portland. If not, we may be cooked"
2026-04-22 03:03:03,"thank you !    I read so many ""it's lost"", ""f\*ck ref"", ""coach/fox are bad""  Ok, we lost ONE game, still 5 to play, let's be positive ! \^\^"
2026-04-22 03:03:19,"I hope you understand that without wemby we’re cooked. Not just against portland, but against any playoff team.   Without him we are a terrible half-court offensive team."
2026-04-22 03:03:29,Guessing that means he will see the independent neurologist tomorrow and we'll know for sure.
2026-04-22 03:03:38,Fuck. Fox.
2026-04-22 03:03:38,"People severely underestimated this Blazers team, not realizing that they were one of the most injured teams in the entire league. I was confident the Spurs would still handle business, but without Wemby, this series is up for grabs"
2026-04-22 03:03:59,I think if we just played to our level of talent and the scoot comes back down to being barely in the league like he was the first half of his career we’ll be fine
2026-04-22 03:04:46,This first round series will decide if Fox is worth keeping this season and its not looking good.
2026-04-22 03:04:47,fuck. really need to reset friday and have our guards step up
2026-04-22 03:06:28,"Dude, we very likely just won 62 games for nothing. Not feeling grateful"
2026-04-22 03:08:55,This guy really just said “enjoy it” to a late game playoff collapse after our franchise corner piece gets concussed with an unknown return timeline
2026-04-22 03:09:32,This is what Kings fans were talking about. Fox disappears constantly!
2026-04-22 03:12:40,James Harden fits better with Wemby than Fox
2026-04-22 03:12:40,"[Charania] ""Per NBA guidelines, Wembanyama cannot return to full participation for 48 hours but can resume gradual activity in 24 hours as long as his symptoms don't worsen. Then he must hit several benchmarks while being symptom-free before he is cleared to play. He'll then require clearance from team doctor in consultation with league protocol director."""
2026-04-22 03:13:52,"He could have tried to break his fall but knowing how competitive Wemby is he tried to pass the ball to keep possession resulting in this crazy fall. He needs to play safely, we would rather have him out there even if he has turnovers."
2026-04-22 03:18:01,This might be some of y’all’s first playoff run so lemme tell you… Nobody goes 16-0. Players get hurt. Things go wrong. But…. Teams bounce back. Players play through pain. Coaches make adjustments.  We’ll be just fine. Go Spurs Go.
2026-04-22 03:18:49,I hope Wemby does less spin moves shit in the future. He can literally shoot over everyone...
2026-04-22 03:25:12,"""Wemby came out in game 3 wearing an onion on his belt, which was the style at the time..."""
2026-04-22 03:26:07,Spurs lost game 2 to the #8 seeded Minnesota Timberwolves in 1999.   They didnt lose again until the NBA Finals (1 game)
2026-04-22 03:28:28,Exactly - overreactions and emotions are running high cause of the concussion but the team will be ok. Do I feel sad and disappointed? 100%. But they’ll come to play with a vengeance in Portland
2026-04-22 03:29:39,https://bsky.app/profile/joshdubowap.bsky.social/post/3mk2ik6fx4s2u  The last time we blew a 14 point lead in the playoffs was 2003. Guess what happened afterwards?
2026-04-22 03:30:07,I feel like half this sub is not old enough to remember game 6 in the 2013 finals. Boy oh boy…they would’ve had a melt down.
2026-04-22 03:30:49,Remember when Duncan tore his meniscus in the 78th game of the season in 2000? That was a doozy
2026-04-22 03:37:38,"Have there been any 9/10 seeds that could’ve have upset a 1 seed? Going back to before the play-in tournament, has there been any 9 or 10 seeds that could’ve upset a 1 seed after winning the play-in?  I thought the Hornets would have a chance to at least play in the playoffs with how incredibly hot they became.  The 2009-2010 Grizzlies were a 10 seed and 40-42. The year before they upset the Spurs as the 8 seed. They were actually not hot at all and sputtered to end the season, losing 9 of the last 11. Even with that being said, they weren’t upsetting the #1 Lakers in 2010.  2013-2014 Phoenix won 48 games and are one of the best records to miss the playoffs in 29 years. They would’ve been a #9 seed but would’ve had to take on the revenge-seeking #1 Spurs, who went on to win it all.  Some of you more knowledgeable NBA historians might know better than me, who could’ve been a 9/10 seed to advance before the play-in was invented?"
2026-04-22 03:39:32,He’s okay guys lol. He has a minor concussion. I was in a car wreck completely knocked out and played in a basketball game 5 days later… yall acting like bro died. He’s gonna be okay. He might miss a week or two but; it’s gonna be okay guys. Calm down
2026-04-22 03:40:39,"2024 Warriors. Went 47-36 (Play-in loss, became 10 seed) And they closed out the season 27-12. They would've played the 57 win Thunder, and they match up really nicely against them at the time"
2026-04-22 03:41:28,Mid 30s here and I agree. Enjoy it and be patient. It only gets harder from here and if you think you are a nervous wreck now I suggest getting it together before we run deeper. I am noticing less toxic doom and gloom on the live threads now though. Cmon yall. GO SPURS GO!!!
2026-04-22 03:42:58,I remember us back in 2003 losing game 1 in the first round against the Suns. Its alright.
2026-04-22 03:50:31,Remember when Spurs loss Kawhi and had no Parker in the 2017 playoff series against the Rockets.
2026-04-22 03:52:19,If anyone is here cause they hear Grant Hill and expected Jamal Crawford here you go lol
2026-04-22 03:52:19,tell them Unc
2026-04-22 03:59:36,Everyone is dooming  The series does not end at 1-1. Wemby did not have a season ending injury. Everyone needs to calm the fck down 🤣 the team is good. Trust.
2026-04-22 04:09:23,"I've watched so much Spurs playoffs but today was really unpleasant. Our guys dropping like flies and going to POR 1-1 without Vic for at least two games... This series is going to test everyone more than we expected, just hope we get to see Vic back game 5 or 6"
2026-04-22 04:19:53,Finishing a game without him isn’t the same as preparing for a game without him. I’m not panicking yet.
2026-04-22 04:20:45,Played the game of their lives? Their MVP today was awful and they still won.
2026-04-22 04:20:49,"OG who remembers when Timmy hurt his knee at the end of the 2000 season and Pop _shut that shit down_. There were no timelines, no wondering if we made it deep enough, it wasnt worth it to risk someone that young and that good.  Shit happens in the playoffs, it's all about matchups, adjustments, and lucky breaks. You have to enjoy meaningful basketball more than fretting winning it all every single playoff game. Series are long, _enjoy meaningful basketball_."
2026-04-22 04:26:38,"-7 game series against Detroit where the first 4 games were blowouts -Manu’s foul and 1 against Dirk -Zaza Pachulia - The Grizzlies - OKC sweep after a 2 game lead - Manus Broken Elbow - Tiago’s constant torn calf - Parkers Torn Quad - Uncle Dennis - Brent Barry and Parker  I could go on and on - I love the Spurs forever and will always want them to win, but I am glad I’m older in my late 30s and have less of a panic attack after every time they lose"
2026-04-22 05:41:29,"""At your highest moment, be careful that's when the devil comes for you."" Yall. What is up with that? Its like everytime someone gets injured, it happens to them right after something good happens or right after something that they celebrated.  Anthony davis im here, im here. Gets injured the same game.  Jimmy butler going against his old team and its good vibes. Then he injures himself.  Luka doncic has a big game with the rockets before going against okc. Gets injured with okc.  Rockets projected clear winners vs lakers. Kd gets injured.  Even before this game, i was looking at all the injuries and everything that was going on when they happened. If im nostradamus and i follow the trends.  I was having visions that when something good happens to wemby like maybe dpoy celebration, that something would happen. And i was skeptical about it. And now, say it aint so.  I mean at this point if you follow the the trend, whats the best thing that could happen to shai first? Win mvp. Do you think he gets injured the next day on game 1 finals?  I digress. More on how the spurs use wemby. If they want to preserve wemby. They have got to stop letting him iso walk down guards on the perimeter. He just doesnt compete with the high level guards. They are too quick for him. You could see him over compensating and having to go full speed out of control trying to match the guard. He tries to beat him to the spot and dives in head first. That guard has him beat and pulls the chair on him. He loses balance and face plants. I just dont think thats his game. His game is more back to the basket shoot over you type deal like kobe or mj or dirk. If you try to mold him into a jamal crawford, kyrie, harden guard. Hes just gonna over compensate by going full speed out of control to try and beat the guard, and i feel like wemby is beat more times than not and it feels like the guards are just a step faster than wemby even when wemby tries to go full speed.   The sooner the spurs realize this, the better. I just think the way its going now, It's not a good long term solution for wemby, if preserving wemby like the spurs said they would was the goal."
2026-04-22 05:48:54,"You have a point. Whenever something good happens to  Wemby, something bad follows. So when he won DPOY and had a great game 1, I had a bad feeling he would get injured in game 2."
2026-04-22 06:00:52,What are your predictions for the rest of the first round of the playoffs after what happened tonight? Here are mine:     West:     Thunder in 4     Lakers in 6     Nuggets in 7     Spurs in 7 (if Wemby doesn’t return)     East:     Pistons in 7     Cavs in 4     Knicks in 7     Celtics in 6
2026-04-22 06:02:29,"Lakers in 7, Thunder in 5, Nuggets in 7, Spurs in 7, Pistons in 6, Cavs in 5, Knicks in 6, Celtics in 7"
2026-04-22 06:02:30,"lakers look legit and if Luka keeps sleeping 15 hours a night, he'll be back for game 1 against OKC/Suns"
2026-04-22 06:02:37,I’m taking Portland in 6/7 if Wemby doesn’t return. Don’t like the guy but Deni is getting free eats at the basket without Wemby
2026-04-22 06:05:21,West feels mostly chalk but Nuggets/Thunder series are the ones I could see flipping.   East has a couple 7 game coin flips waiting to happen.
2026-04-22 06:07:31,"Thunder - 4  Lakers - 6  Wolves - 7  Spurs - 5 without Wemby  Pistons - 7  Cavs - 4  Knicks - 6  Sixers - 7 (bold one but this isn't the same old Celtics, Tatum is still coming into form, their bigs suck, and Derrick White couldnt hit water falling while falling out of a boat lately, plus Embiid is probably going to play at some point)"
2026-04-22 06:07:37,"Celtics in 7  Knicks in 5  Magic in 6  Cavs in 4  Spurs in 7 (With Wemby coming back at all for the series), Blazers in 7 (Without Wemby coming back)  Nuggets in 6  Lakers in 6  Thunder in 5"
2026-04-22 06:08:42,"I haven’t changed except the Lakers/Rockets. Thunder in 4, Lakers in 6, Nuggets in 6, Spurs in 6, Pistons in 6, Cavs in 5, Hawks in 7, Celtics in 5."
2026-04-22 06:13:32,"Lakers in 3, Thunder in 4, Wolves in 7, Spurs in 6, Magic in 7, Cavs in 4, Atlanta in 7, Sixers in 6"
2026-04-22 06:15:30,East:  Knicks in 7  Cavs in 5  Celtics in 6  Magic in 6     West:  Lakers in 7  Nuggets in 7  Spurs in 6 (assuming Wemby comes back in G3 or G4)  Thunder in 4
2026-04-22 06:21:22,"Prediction: KD will be a Spur next season - he'll be traded for Fox after both teams have a disappointing end to their playoff runs in the WCSF The Rockets may win this series, but they'll be wiped out by OKC next series.  The Spurs will win a surprisingly competitive first round series, and then they'll struggle and ultimately lose to the winner of Nuggets/Wolves.  San Antonio, realizing that Castle and Harper are for real and are ready, will start planning how to give both good minutes. With Wemby's extension kicking in in summer 2027 and Castle's extension the year after, it becomes necessary to start thinking how to shed salary.  The Rockets realize that they desperately need a PG. While FVV comes back next year, there are concerns about his level coming off of a serious injury. The locker room will be fractured after KD throws his teammates under the bus.  In a surprising turn of events, San Antonio and Houston will swap their secondary stars. No meaningful draft equity will be moved, although some salary matching may be required (KD makes 44m next season vs. Fox making 50m).  San Antonio gets a starting spot for Harper and meaningful minutes for both young guards, gets a reliable scorer in KD who will get off the book the summer that Castle's rookie extension kicks in.  Houston reformats the roster, getting a star-level PG in his prime.  Rosters  Rockets: Fox, Thompson, Eason, JSJ, Sengun (FVV, Sheppard, Adams, ... on the bench)  Spurs: Harper, Castle, Vassell, KD, Wemby (Champaigne, Johnson, Carter-Bryant, Barnes, Kornet on the bench)"
2026-04-22 06:24:32,"So Spurs is the next team that might look a rebuilding team after Nets, Phx and Houston. Spurs? After that Wizards KD homecoming in DC? 💀"
2026-04-22 06:25:50,"Thunder in 4, Spurs in 6, Nuggets in 7, Lakers in 6, Pistons in 7, Celtics in 5, Knicks in 7, Cavs in 5"
2026-04-22 06:30:07,"Nah, they're getting Giannis. RIP"
2026-04-22 06:33:25,"Spurs FO is too smart to make that trade. On paper KD fits into any team's lineup like a glove but at some point when he's left all 5 (FIVE!) organizations he's played for bitterly and 4/5 worse off than when he joined them you have to wonder what the common demoninator is. Plus the Spurs are already good enough to win one, winning a championship comes with having a lot of luck and even extremely durable young teams like OKC and Boston eventually crack (see: Warriors 2019 Finals, Celtics last year) and they'll get their shot if Wemby is healthy, plus Spurs have already shown this year they can beat anybody anyways."
2026-04-22 06:34:14,"Why would the rockers want fox who cant shoot when they already have a younger guard named amen who cant shoot?  Fox, amen, and sengun on the floor is basketball terrorism."
2026-04-22 06:35:02,Rockets would be insane to take on the Fox  contract. And they’re giving up a better player in the deal? No shot.
2026-04-22 06:35:42,Why would the Rockets take on that Fox contract? Next season is the 1st year of his 4 year $221M extension.
2026-04-22 07:03:05,"[Highlights] Scoot Henderson full highlights vs. San Antonio Spurs tonight (106-103 W) - Game 2 - First round of the 2026 NBA Playoffs:  31 Points on 11/17 FG (64.7%), 5/9 from 3 (55.6%), 4/6 FT (66.7%), 1 Offensive Rebound, 1 Steal, 1 Block, and a +/- of +9 in 38:01 minutes played."
2026-04-22 07:17:01,The Spurs are never going to trade for Kevin Durant.
2026-04-22 07:35:04,My only comment for this is that Fox makes 50M?!
2026-04-22 09:14:09,LOL on what Earth would the Spurs give up anything for KD. Dude is a toxic nightmare who destroys teams.
2026-04-22 09:17:29,Fox is like 7 years younger. I don’t see San Antonio doing this unless they get value in the deal
2026-04-22 10:25:14,West:   Thunder in 4   Lakers in 6  Nuggets in 6  Spurs in 6   East:  Pistons in 7  Cavs in 4   Knicks in 5   Celtics in 5.
2026-04-22 10:44:20,"Trail Blazers coach Tiago Splitter says he’s 'trying to be a pro' amid reports that new owner Tom Dundon has already begun speaking candidates to replace him. [Link to the full ESPN story](https://www.espn.com/nba/story/_/id/48556720/blazers-splitter-dundon-reports-trying-pro)  SAN ANTONIO -- Portland Trail Blazers interim head coach Tiago Splitter said he's ""just trying to be a pro"" and focus on the team's first playoff appearance in five years as reports swirled about new owner Tom Dundon talking to outside candidates to replace him.  ""Just trying to be a pro,"" Splitter said before the Blazers' 106-103 win over the San Antonio Spurs in Game 2 of their first-round playoff series Tuesday night. ""[I] try to focus on my locker room and my staff to stay and think about basketball. Same way when I got the job and all the stuff that was going on.""  Splitter was named Portland's interim head coach after Chauncey Billups was arrested by the FBI as part of a federal investigation into a rigged high-stakes poker scheme with links to the mafia. Billups pleaded not guilty to charges of money laundering and wire fraud.  Splitter took over the morning after Billups' arrest and has led the team to a 42-40 record, the No. 7 seed in the Western Conference playoffs and presided over the development of All-Star forward Deni Avdija, who was named a finalist for Most Improved Player this season.  **Sources close to the situation told ESPN that Splitter was given a raise from his assistant coaching salary and discussed a longer-term contract during the season. The salary presented to him to continue on as head coach was far below a standard NBA head coaching salary, and further discussion was tabled until after the season, sources said.**  ""He got thrown in a difficult situation,"" Avdija said after the Blazers evened the series on Tuesday night. ""It wasn't easy for him to just all of a sudden take the head job. But I think he's done phenomenal. He's getting the best out of everybody. He's believing in each and single one of his players, and we love playing for him. He's a winner, he's a competitor. He knows how it is to win a championship. He's passionate, and he got all the tools to be a great coach, and that's what he's doing.""  **The Oregonian reported last week that Dundon wants to pay in the range of $1 million per year for a head coach.** His goal, according to the report, is to run the organization more efficiently, just as he did when he bought the NHL's Carolina Hurricanes. On Sunday, the Rose Garden Report added that as part of the franchise's new cost-cutting measures, the Blazers did not bring any of their two-way players on the road for the playoffs, something that no other playoff team did.  **NBA reporter Jake Fischer reported this week that Dundon had started speaking to 15 to 20 prospective candidates, including college coaches and NBA assistant coaches.**  Sources told ESPN that one of the Blazers' other recent cost-cutting moves was cutting back on complimentary tickets to home playoff games for support staff.  Asked before Tuesday night's Game 2 whether the awkward situation was affecting the team as it prepares for the playoffs, Splitter said he spoke to the players at the beginning of the play-in tournament and advised them ""that it's not a time to be in your social media now and reading everything that is out there or even on TV. A couple coaches that I had gave me that advice. I know it's hard. Social media is part of our lives, but trying to just focus on basketball."""
2026-04-22 10:48:36,They’re rivals
2026-04-22 13:11:45,"[FREE TO READ] The Spurs lost Victor Wembanyama and looked vulnerable right away. So what now? SAN ANTONIO — At long last, Victor Wembanyama felt like a given. Ailments, injuries, fears it could all come crumbling down, lay by the wayside. Finally, after years of anticipation and apprehension, Wembanyama’s time was here.  Then all the momentum for Wembanyama to have his moment, and the Spurs to lift to heights that seemed far-fetched back in the fall, suddenly came under threat.  There have been so many times when the Spurs’ franchise cornerstone has twisted an ankle or hit a knee and gone down in pain, only to spring to life like nothing had happened moments later. But this was different. It was yet another example of how much he is willing to put the league’s most meticulously maintained body on the line, and the price he has paid.  [Read the rest for free here ](https://www.nytimes.com/athletic/7218174/2026/04/22/spurs-lose-wembanyama-concussion/?unlocked_article_code=1.c1A.-Uib.arct_Jeu9NZy&amp;source=athletic_user_shared_gift_article_reddit&amp;smid=re-share-ta)"
2026-04-22 13:55:02,Castle shot two airballs in the fourth quarter. Mind you one of them was from like 10ft away from the hoop. Hes good but that dude is not ready yet.
2026-04-22 14:00:14,"This is where we find out if they are a championship team.  If they can't beat the 7 seed, even without Vic, then they aren't there yet."
2026-04-22 15:11:05,This is where a vet - Fox? Vassell? KJ? - or a young guy - Castle? Julian? - had the opportunity to make their mark. All fell flat big time. Vassell has never in his career hit a game winning shot. Never. This team doesn’t have anyone other than Vic with the mentality of putting the team on their back.
2026-04-22 16:26:37,Overreacting harder than most Spurs fans! Quite the accomplishment.
2026-04-22 17:37:34,Spurs would need to include a 1st
2026-04-22 19:33:56,"After head injury, 'Wembanyama Watch' officially commences in San Antonio Nearly a decade ago, the Spurs' last deep playoff run all but ended when Zaza Pachulia slid under the feet of Kawhi Leonard.      The circumstances are different this time, but you can forgive Spurs fans their flashbacks.      Wemby Watch is on."
2026-04-22 20:21:53,&gt;The Spurs know what that looks like without Wembanyama. It got them through the regular season. But the playoffs are an entirely different challenge. Can it get them through the postseason? They may have to find out.  That paragraph sums it up pretty well. They’ve won without Vic before and looked good for a while. But they fell apart at the end. Hopefully they have a more complete game in Game 3
2026-04-22 21:22:46,"Light the candles at St. Mary's, begin the prayer vigil at Antioch.  Wemby Watch has commenced."
2026-04-22 21:39:11,Kevin Durant is not worth it for the spurs
2026-04-23 01:21:49,"[Spurs Nation] Spurs guard Dylan Harper, on his reaction when Victor Wembanyama went down: “I tried to talk to him. He was like, ‘I’m doing good, my head just hurts a little bit.’ We're obviously going to pray for him. He’s one of the toughest guys I know. He's going to shake back real quick.” Didn't see this posted yesterday (if it was, please let me know so I can delete), hope Vic's recovery is progressing with no setbacks.🤞🏽"
2026-04-23 05:29:22,[Shams Charania] Reporting for Inside the NBA -- Spurs' Victor Wembanyama conducts cardio work Wednesday as he works through concussion protocol:
2026-04-23 05:38:06,sounds like as good of news as it can be. but I would expect wemby to travel but sit out game 3 and maybe look at playing game four.
2026-04-23 05:43:45,Good to hear. Hope the guys bring it for game 3 and win one for him.
2026-04-23 05:48:33,"Seems like good news. Let the guys steal game 3, Wemby come back on game 4 and we seal the job at home."
2026-04-23 07:54:54,"Regardless of Wemby’s condition I want us to win in 7 games. This team needs to feel the pressure. I believe it woke up the 2014 Spurs when Dallas took them to 7 games. I think this team, with its well documented playoff inexperience, needs that wake up. It’s not easy. We don’t need “rest” like we did in 2013 or 2014, we have a rotation of mostly young guys. They need the experience of do or die before facing the Nuggets/Wolves or OKC."
2026-04-23 12:37:01,Total free throw attempts through the first two playoff games Rank|Team|FTA ---|---|--- 1|Denver Nuggets|63 2|Detroit Pistons|62 3|New York Knicks|57 4|Los Angeles Lakers|54 5|Toronto Raptors|52 6|Orlando Magic|51 7|Cleveland Cavaliers|50 8|Minnesota Timberwolves|49 9|Oklahoma City Thunder|48 10|San Antonio Spurs|47 11|Houston Rockets|44 12|Atlanta Hawks|42 13|Boston Celtics|40 14|Phoenix Suns|40 15|Portland Trail Blazers|35 16|Philadelphia 76ers|34
2026-04-23 12:40:22,The depravity of this place when OKC wins only makes me want to see them win more.
2026-04-23 12:42:20,Blazers leading the league in drives this playoffs but second to last in free throws. Makes sense. I expect a lot of spurs fans complaining tomorrow when that flips
2026-04-23 14:04:56,"Wemby, please don’t play Game 3. Let’s the guys carry you this time"
2026-04-23 14:10:33,"I’ve had a few major concussions, as well as brain surgery. Take every report with a grain of salt. Every person experiences concussions differently, and each concussion a person has can be very different in how they experience it and recover. Issues can and will swing wildly day-to-day, even hourly.   In general, cardio work is going to raise the HR and blood pressure, which could potentially exacerbate the concussion symptoms.   So this report could indicate Wemby is merely testing himself to see what he can handle and what issues are present, or it could indicate that he’s completely fine and just staying in shape with low-load exercise. Literally the entire spectrum."
2026-04-23 15:23:22,The spurs have never won a title without going 1-1 in the first round 1999: 1-1  2003: 1-1  2005: 1-1  2007: 1-1  2014: 1-1  If they won that game Itd be wraps on the title hopes
2026-04-23 15:33:37,"But according to most of the game 2 thread we need to trade Fox, fire Mitch..."
2026-04-23 15:33:49,Lmao yall need to chill out we will be fine
2026-04-23 15:35:02,Losing in that way with Wemby going down and honestly Barnes going down was a big shock to the system for the young guys. The fact they let it slip away like they did will give them the “experience “ points they need to develop and grow. Got to hit them clutch free throws boys!! We got this.
2026-04-23 15:40:12,"2014 first round Dallas took us to 7 brutal games, then we absolutely cooked the rest of the way. We got this folks."
2026-04-23 15:41:53,thanks for posting that perspective. it's important to keep in mind as we all have been in different states of panic since our boy went down
2026-04-23 16:11:46,Counterpoint: The spurs have never won a title *with* Victor Wembanyama on the roster. Which streak will end first?!
2026-04-23 16:29:16,[Weiss] Mitch Johnson says Victor Wembanyama is doing well after his concussion and will travel with the team to Portland today. His status for tomorrow’s Game 3 is still up in the air
2026-04-23 16:30:14,Perhaps they should blow a 20 point lead in the 4th quarter of game 7 and lose so that they learn the hard way not to mess around. Then have some locker room drama as they point fingers at each other. This way they can mature faster. We should root for that to happen.
2026-04-23 16:30:58,"Wemby will reportedly travel to portland Game 3 is still up in the air, but no reason to travel with the team unless he will play game 4.  Source: [https://www.cbssports.com/fantasy/basketball/news/spurs-victor-wembanyama-traveling-for-game-3/](https://www.cbssports.com/fantasy/basketball/news/spurs-victor-wembanyama-traveling-for-game-3/)"
2026-04-23 16:34:46,He’ll be back for Game 3.
2026-04-23 16:35:59,I'd be surprised if he played in game 3 but him traveling in itself is a great sign. Usually you wouldn't want him to fly if he's not doing well.
2026-04-23 16:37:35,Good sign for sure. We're so back. Now I need scoot to chill the fk down and become his normal self again
2026-04-23 16:39:46,"He still needs to pass the non contact test, and the full contact practice test, before he can get clearance from the team doc and the league doc. Seems highly unlikely he'll play game 3.  That said, I think one of the most undervalued parts of Wemby's game is how he affects game planning and coaching. I would wager that Wemby takes more coaching time and effort than any other player, just because you need to plan for his impact on both sides of the ball. Leaving the possibility that he will play open is just good gamesmanship, and maybe a way for Wemby to contribute from the bench, by wasting some of their prep effort."
2026-04-23 16:40:54,I think we were lucky that we had 2 days vs 1 day before Game 3. This man may actually play.
2026-04-23 16:43:32,I would guess if he's traveling he's playing but I guess we'll see.  Also I wouldn't say shit until game time either. Let it be a surprise for Portland.
2026-04-23 16:44:10,"Hold him out of at least Game 3.  Concussions are no joke.  And it is a good chance to see if Fox, Castle, and Harper can step up."
2026-04-23 16:44:54,Would be huge for the team to win one without him. We can do it
2026-04-23 16:46:38,"There’s 7 games for a reason. This team is good enough to finish this series in 5 or 6, especially since wembys injury is not that serious compared to what it could have been"
2026-04-23 16:48:36,"I don’t care if we lose tomorrow, do not bring him back early."
2026-04-23 16:49:13,the fact that his status is even up in the air reassures me that he'll be perfectly fine for Game 4
2026-04-23 16:52:26,Glad to hear. Still would rather he rest and come back for game 4
2026-04-23 16:55:04,"If he’s traveling, then I’m pretty optimistic he plays game 4. Game 3 still seems like a bit of a long shot since that’d be pretty quick to return, but if he did that’d be fantastic"
2026-04-23 16:56:22,"I love to hear it, but I also think he should sit game 3 for sure. No need to risk anything this year. Remember, this year is a bonus year for us!"
2026-04-23 17:06:28,Mitch saw Fox hard choking and he don’t want nun of it lmaoo
2026-04-23 17:07:28,"Positive indicators on Wembanyama's condition Victor Wembanyama will fly with the Spurs to Portland on Thursday afternoon, but his status for Game 3 of the team's first-round playoff series with the Trail Blazers has not been determined, coach Mitch Johnson said after practice."
2026-04-23 17:35:00,If he isn't going to play game 3 I'd rather him rest at home one more day but that's why the Spurs have medical staff and I have athlete's foot I can't shake.
2026-04-23 17:39:33,"Spurs have never won a title without going 1-1 in the first round 1999: 1-1  2003: 1-1  2005: 1-1  2007: 1-1  2014: 1-1  If they won game 2 vs Portland, it would have been wraps. Incredible execution to give up a 13 point lead in the last 8 minutes to secure the loss.  credit to u/keldpxowjwsn for his post in r/NBASpurs: [post link](https://www.reddit.com/r/NBASpurs/comments/1stlwt7/the_spurs_have_never_won_a_title_without_going_11/)[](https://www.reddit.com/user/keldpxowjwsn/)"
2026-04-23 17:42:01,Amazing foresight by Wemby
2026-04-23 17:42:30,"Wemby a true baller, sacrificing his brain health to secure the ring"
2026-04-23 17:50:42,"OKC was 2-0 in the first round when they won their title, just like they are now  Unstoppable force vs immovable object"
2026-04-23 19:07:24,The ~~Spurs~~ Timberwolves have never won a title ~~without going 1-1 in the first round~~
2026-04-23 19:15:08,For God so loved the game of basketball that he gave the world his second son Timmay
2026-04-23 19:54:09,A Chinese monk told Wemby this is the only timeline where they win
2026-04-23 20:01:39,"Not quite sure why everyone is so mum about the league's protocol. What exactly is it?  Some sides clam that the league leaves it up to the team's doctors, while Mitch heavily implied that the league has more control over it than that.   Which is it?"
2026-04-23 20:39:05,"Why I feel that the spurs can still make the conference finals without Wemby Wemby in game 2 fell and got a concussion, yes big, huge deal, by leagues and miles best defender in the league. He's 7'5 moving like a pg, can shoot threes, rebound, score, ya da ya da you get the point. Wemby's important for the team. However, this isn't really a problem, I think the spurs don't need to rush wemby into coming back just yet until they face the okc in the finals. They are 12-6 without wemby and 50-14 with wemby. Although it clearly shows wemby does help out the team, the spurs have shown themselves to be one of the best run systems even without wemby in the nba. Luke Kornet, Stephon Castle, Dylan Harper, DeAaron Fox, and Carter Bryant still comprise of a very strong core and can easily carry a great offense, along with unbreakable defense. The Spurs are easily gonna win in five games. The Nuggets and the Wolves look like a bloodbath, Jokic is being hacked, with murray and edwards both scoring at their own will. It seems like jokic struggles to shoot from three cause of wrist injury and  his efficency and games right now are looking a far cry of what he normally is capable of before injury. Being forced to play 65 games has really worn jokic down, so without a clear best player in the world, its up to anyone and it will go in seven. The Spurs on the other hand are well rested after winning an easy series in five. As such, the nuggets, even without wemby are probably going to lose, most likely in seven games. So Spurs fans, don't worry, you guys will do fine without wemby, but once you all face the thunder, bring him back cause he would've had a month to rest and the spurs will beat the thunder in seven."
2026-04-23 20:42:42,no shot we're beating the nuggets wembyless
2026-04-23 20:43:03,I don't know... for me Wemby is the accelerator of everything. Even ambitions. Without him we are truly the team of the various predictions at the beginning of the season.
2026-04-23 20:44:19,No we just lost to Portland 2 days ago.
2026-04-23 20:45:08,"The problem is, the center rotation without Wemby might be the worst out of all the playoff teams. Once Luke sits it’s open season. They could probably get past Portland because Portland doesn’t have any dynamic bigs. But you’re dreaming if you think we can beat Denver or Minnesota without Wemby.  Also, the concussion wasn’t serious enough to justify him missing more time than necessary. There’s no point in even having Wemby on the team if you’re just gonna hide him until you feel like you have to play him. That’s not what he wants, not what the Spurs want, not what the fans want."
2026-04-23 20:50:00,"If Wemby is out for this entire series and the next, you might as well kiss the WCF goodbye. We dont have the frontcourt depth to withstand two playoff series without him."
2026-04-23 20:52:02,"No we are not , stop overestimating the spurs without wemby and also stop underestimating the blazers, nuggets and Minnesota"
2026-04-23 20:53:31,"I’m not sure we can win this series without him, their bigs were swatting everything near the rim and our offense sort of had no way to adjust to that. They had like 11 blocks, they were daring us to shoot and we went into the paint every single time.    Without wemby someone has to get hot shooting"
2026-04-23 20:54:42,"Because they can.   (And everyone seems to be forgetting, because this sub is all about the navel-gazing, that other teams can get injuries too.)"
2026-04-23 20:57:18,Leading neuroscientist weighs in on Victor Wembanyama's brain injury and NBA protocols Chris Nowinski ducked out during a break of a high-level meeting with NFL players and executives so he could talk about [Victor Wembanyama](https://sports.yahoo.com/nba/players/10094/).
2026-04-23 20:57:24,To be honest we should not have any trouble betting this Portland team without wemby if we are true championship contenders.. time for fox to the earn that contract tbh .. when Timmy needed help Manu and tony carried.. this dude has the biggest contract in spurs history he averaged 25 a game in sac he needs to be better period.. Friday is the biggest game of his life
2026-04-23 21:06:57,"Oh man. People rly overanalyze those superstar-less win records. Very simple question, do you think the spurs maintain a 12-6 pace if wemby's out all year?"
2026-04-23 21:11:45,Not without Wemby
2026-04-23 22:23:21,There is 0% chance the Spurs will rush him back when he isn't ready
2026-04-24 00:06:14,Lol I love these kinds of stats. It's like the universe is telling us something. It also means we're still in this thing baby! Wemby gonna lead us to a chip. Bring on the next game! Screw Jokic and his flailing antics. Come on you Spurs!
2026-04-24 00:25:12,"Oh man, this is huge news! I'm so hyped to potentially see Wemby back on the court. It's gotta mean he's close right? Why else would he even go? Hopefully, this means we get to see him light it up for Game 4. Let's get this W! Go Spurs Go!"
2026-04-24 00:25:59,Injury Update: #Spurs say Victor Wembanyama (concussion) is QUESTIONABLE to face the Trail Blazers in Game 3. #PorVida
2026-04-24 00:30:45,Keeping Portland on their toes.. they don’t know what to expect an Alien invasion or not.
2026-04-24 00:31:01,Wemby is  just different man
2026-04-24 00:40:04,"I'm a little conflicted about this.  On the one hand, if he is absolutely 100% and medicos are clear that he is fit to play - then sure, he should play - and no doubt our chances of winning are much higher.  On the other, I always side with the Spurs of being extra conservative regarding player health and well-being, and prioritising long term development over anything else (and this goes double for a player like Vic), and if there is any doubt at all he should rest more.   And, we have shown in the regular season that our non-Wemby lineup is good enough to beat them, but I think it would do a lot for the rest of our playoff chances, both in terms of pure confidence but also building rhythm for non-Wemby minutes going forward, if we can win game 3 without him."
2026-04-24 00:46:14,Wow. This is basically a miracle. If he plays then the Spurs Medical Staff is the Michael Jordan of Medical Sports
2026-04-24 00:46:40,"I expected this if for no other reason than to keep Portland from being able to game plan.   That being said, yeah I think he's gonna play lol"
2026-04-24 00:53:47,SIX MAN WEMBY?
2026-04-24 01:04:31,"I'm going heavy on the Nuggets, no way are they losing but knowing I will be betting them, I expect the Wolves to have a career night"
2026-04-24 01:05:17,It’s comforting knowing that if he does end up playing he’s 100% good to go. Trust in Spurs medical staff!
2026-04-24 01:29:34,This isnt the nfl people.    Reoccurring head injuries are pretty rare.   It wouldn't be all that shocking if he is cleared to go either in game 3 or game 4.    This isn't the spurs pushing him. If he is good to go he is good to go.
2026-04-24 02:11:10,"Even without Wemby, we could beat Portland if we are mentally ready. It's time for our young team go balling."
2026-04-24 03:11:53,"This team thrives on confidence. If we can win game 3 without Wemby, then game 4 with him it outs the guys in a positive confident mindset and we go into the next series as predators."
2026-04-24 04:43:44,Lakers spread looks too good to be true 🤔.   Only thing I'm willing to take is spurs/blazers under 220.5 and maybe the 215.5 under for the Boston game...
2026-04-24 05:24:58,"I think the Jokic era Nuggets of championship contention will officially come to a close after this series This might be a hot take, but I genuinely believe this.  For the first two months of the regular season, the Nuggets were like the Rockets. They were one of the favored teams coming into the season and they started very hot. Everybody thought they were the real deal. Then they both got major injuries and they went into a deep slump. The Rockets got slandered for it, but the Nuggets didn't for some reason.   When Jokic came back from his injury, he was playing really poorly by his standards and the team was horrid on defense for the rest of the season. Yet despite this people chose to cherrypick a couple of games, like Spurs game when Jokic outplayed Wemby and decided that this was the real Nuggets despite the large sample size saying otherwise. It reminds of the Warriors after the 22 chip when people gave them the benefit of the doubt not out of merit, but out of respect for Steph. Even the teams were not that good and Steph didn't play as good as he used to, people still wanted to believe. I think the same thing is happening here with Jokic.  A lot of the hype for them are coming outside of Denver because the fans there actually saw that this team was holding for dear life ever since Jokic came back from his injury. I remember a couple of weeks a go, people were pointing out the 12 game winning streak at the end. But when you look at it, that's one of most fraudulent I've ever seen. The Nuggets played a bunch of tanking teams like the Jazz and Grizzlies, and they were getting mauled. The starting Nuggets roster with Jokic on the floor were losing to Cedric Coward. They only won that game and others like it because the tanking teams literally pulled out their good players for end of the bench guys in the 4th quarter.  Over the past 3 years we saw this team really decline. We saw Jokic, despite being dominant, struggle year after year in the playoffs, Aaron Gordon who's vital for the team has had his legs shot by injuries, and we saw Mike Malone, their championship coach get fired. Everybody complained that the issue with the Nuggets was that they had no depth or that Jamal Murray needed to be in better shape. Well Jamal Murray is playing the best basketball of their career and this team does have depth on paper, yet they're getting dominated by the TWolves. I don't think this is an exaggeration, this Twolves team is inferior to the one from a couple of years ago imo, and this Nuggets team is supposed to be better than the one from two years ago... but the Nuggets look so flawed.  I think Jokic's injury this season marks the end of his prime. I think SGA has officially snatched the crown for being the best player in the world. I'm fairly confident that the Twolves are going to win this series in 5-6 games making the Nuggets a first round exist. I also see no moves the front office can make to make this team a champaionship contender if Jokic is going to playing at the same level he's playing now. I think it's over, and this offseason is going to be the start of a lot uncomfortable convos surronding Jokic and the Nuggets."
2026-04-24 05:27:59,they got lucky they face play-in teams in 2023
2026-04-24 05:28:11,It was one game
2026-04-24 05:30:06,and you cherrypick this game
2026-04-24 05:31:15,I already know nuggets will win game 4 and Jokic will put up 35/18/15 on 83% TS and then all their stans will spam this sub glazing Jokic
2026-04-24 06:22:22,"Game 4 - Likely https://basketnews.com/news-245722-victor-wembanyama-takes-major-step-forward-in-concussion-recovery-before-game-3.html  Hopefully he can perform full contact practice on Saturday, to be available Sunday."
2026-04-24 06:26:16,"It was an absolutely unacceptable performance. Shocking, actually. However - I’m not gonna completely explode until they officially lose this series. If/when that happens, heads gotta roll"
2026-04-24 07:40:40,"Leaning under 215.5 in Boston–Philly, feels like a slower playoff game.  Also Portland looks interesting at home if Wemby is out, small spread and decent spot."
2026-04-24 07:41:22,stopped listening when you thought we needed to be told that wemby is very good
2026-04-24 10:09:58,"[Oram] The Trail Blazers are open to the possibility of Damian Lillard returning this season — possibly in this series against the Spurs. Source:  https://www.oregonlive.com/blazers/2026/04/the-blazers-playoff-run-is-writing-its-own-story-lillards-return-could-rewrite-it-entirely-bill-oram.html  \&gt;However implausible it may seem, the franchise has not completely ruled out the possibility that Lillard could make a surprise appearance in the postseason this year, multiple sources said. Obviously, the longer its run lasts, the more realistic such a long-shot scenario becomes.  \&gt;Monday will mark one year since Lillard tore his Achilles tendon in Game 4 of Milwaukee’s first-round playoff series against Indiana. That was 13 days before Jayson Tatum, who returned to play on March 6, tore his Achilles tendon.  \&gt;A source said Lillard is “close” and that his return before the end of the postseason is “not impossible.” Any appearance would need to be in a later round or “deep, deep” in the series against the Spurs. At a minimum, the team is being open-minded about the possibility.  \&gt;You can only imagine the Moda Center roar if Lillard were to run out of the tunnel in uniform, let alone check into a game. The very idea of it summons memories of Brandon Roy’s gutsy return to the court in the 2011 playoffs just eight days after arthroscopic surgery to repair his meniscus.  \&gt;It would be an iconic reintroduction for Lillard, who has not played in a Portland uniform since March 22, 2023."
2026-04-24 10:22:41,"""That's a bad shot"" - Wemby after Dame's game winning 3"
2026-04-24 18:07:36,"Agree about the Jokic Decline. But I think the departure of players like KCP, MPJ also played a role here. Then you have AG’s injury on and off. Then you also can’t forget the fact that Jamal Murray is a player who has torn his ACL. Then you also can’t forget they fired Michael Malone out of nowhere. It is not an isolated incident  About SGA, yeah he is a great player and you can say he is one of the best, but to say he is the best is an overstatement both talent wise and achievement wise. SGA is obviously great but more importantly OKC is a very stacked team that we rarely see in the recent years. It is more of a coincidence of how these contracts play out perfectly at the right place and the right time.   I think some people are pushing SGA more out of an act of desperation.   When Bron and AD won the bubble championship, people were saying AD was going to take over the league in the next five years.   When Luka debuted NBA, people were saying he and Giannis will dominate the league for the next ten years. They acted like no player else was even worth mentioning  When Giannis and Jokic won their championships, people were saying the leagues were fucked and they compared Giannis and Jokic to Shaq.  When Ant made a sublime jumper, people were quick to compare him to MJ  When Wemby debuted the league, people were quick to act like he is a player that only comes once every one thousand years.  Why? They are so reactive and they are desperate. Also, the media needs materials to write about. They are trying to insert whatever next name possible into the mix of LeBron, Kobe, Shaq, Curry these all time greats……  Yet they don’t take into the consideration of how everything work in the long term grand scheme of things.  Calm down"
2026-04-24 18:25:52,Spurs + Celtics ML. Do we really think either one of these 2 is losing 2 straight in playoffs?
2026-04-24 18:40:37,Bos ml spurs ml rockets spread
2026-04-24 19:02:05,"FYI, Fiesta Jersey's Have Been Restocked on SpursFanShop Not sure how long they're going to keep restocking these. Most players have been restocked will all sizes available. Order yours now, GSG!"
2026-04-24 19:26:33,"Yooo w coms!! I got Kornets city edition about two weeks ago, but I really wanted a castle jersey"
2026-04-24 19:28:19,"conversely, I think the nuggets are going to make the WCF and everyone is going to think ""man they really turned it around"""
2026-04-24 20:54:14,4/24 #NBA Card 🏀   Celtics -7.5 (-110)   Spurs u220.5 (-110)   Spurs ML (-140)   67-22 L89 Plays✨
2026-04-24 21:24:24,FYI - ordered from them last year with a discount code. Code applied during checkout but was still charged full price. Support said it wasnt their issue but the payment system. Not cool.  Overall I'm happy with the quality other than I chose a Fox jersey instead of Harper 🥲
2026-04-24 22:34:30,Spurs star Victor Wembanyama increases activity in advance of Friday's game
2026-04-24 22:34:44,"KD has been ruled out tonight, take the Rockets on a discount, they aren’t going down 0-3"
2026-04-24 23:18:07,Something’s up with the Castle jerseys rn :(
2026-04-25 01:17:43,"Sham's just reported that the Vic's VapoRub has been applied So Vic should be ready to for sure... Nombre Chut Up, Go SPURS Go 😎  https://i.redd.it/zprlgvatm8xg1.gif"
2026-04-25 01:30:15,"Game Thread: San Antonio Spurs (1-1) vs Portland Trail Blazers (1-1) Live Score | NBA Playoffs | Apr 24, 2026 This post contains content not supported on old Reddit. [Click here to view the full post](https://sh.reddit.com/r/nba/comments/1suyeob)"
2026-04-25 03:27:39,"Lebron won his 187th career playoff game tonight. James is now tied with the Chicago Bulls franchise, who also has 187 wins.  There are now only 7 franchises with more playoff Ws:  Lakers - 470  Celtics - 425  Sixers - 251  Spurs - 223  Warriors - 212  Knicks - 201  Pistons - 189"
2026-04-25 03:29:00,If he doesn't leave the Lakers soon he'll never catch them smh
2026-04-25 03:30:11,Remember when he lost his ten point game streak early this season? Mans just needs to conserve his energy more but he's still got that gear.
2026-04-25 03:36:59,Prime circlejerk topics right now   - Dearon Fox is on a max   - Bane got traded for hella picks   - Mikal Bridges overpay
2026-04-25 03:52:49,Two travels now on castle not called resulting in 4 points
2026-04-25 03:56:18,Damn Fox is pissed. That was a natural shooting motion just like Booker. The funny thing is the crew chief that Booker called out is the same one in this game.
2026-04-25 03:58:00,Wow he actually lost his tooth
2026-04-25 03:59:07,Yeah lose part of his tooth but it’s not a foul rightttt
2026-04-25 03:59:49,Holy fuck did Fox fuck his tooth up?
2026-04-25 04:00:39,Bro lost a tooth and got called for a foul. Insane
2026-04-25 04:04:44,That Fox-Avdija play should’ve really been inciDENTAL contact.. right? Right?  I’ll see myself out.
2026-04-25 04:05:09,deni has more fts than the entire spurs team
2026-04-25 04:07:35,Honestly worst call of the game was Steph Castle up and down no call.
2026-04-25 04:09:59,Winning a ring requires immense luck especially as a center who plays no defense.
2026-04-25 04:23:15,"I mean, Vassell quite literally pushed him 😂"
2026-04-25 04:26:39,"NBA franchise with most playoff wins: Lakers - 470  Celtics - 425  Sixers - 251  Spurs - 223  Warriors - 212  Knicks - 201  Pistons - 189  LeBron - 187  There, fixed it."
2026-04-25 04:54:43,Harper a future superstar
2026-04-25 04:54:44,Harper is the best player on the court right now and it’s not close.
2026-04-25 04:54:45,OH MY GOD DYLAN HARPER
2026-04-25 05:03:12,dumbasses were tryna tell me “Kon” was better than Harper LMFAOOOOOOOOOOOOOOOOOOO
2026-04-25 05:08:20,I hate that we don’t get any replays of the foul. Gotta get them gambling commercials in I guess
2026-04-25 05:08:35,Thank you NBA gods for giving us Dylan Harper! Kid is just insane!
2026-04-25 05:17:58,This is an all-time carry job by Kevin Harlan. Can’t ask for a better performance by one of the greats when his supporting cast is at this low of a level. We’re all witnessing greatness.
2026-04-25 05:20:50,"Spurs come back from down 15, win Game 3 120-108 and take 2-1 series lead | Game 4 Sunday @ 2:30 on ESPN 🏀🤘🏻 2 wins from the Conference Semifinals, 14 wins from a Championship 🏀🤘🏻"
2026-04-25 05:21:01,"Post Game Thread - NBA: The Spurs defeat the Trail Blazers on Apr 24, 2026, the final score is 108-120. This post contains content not supported on old Reddit. [Click here to view the full post](https://sh.reddit.com/r/NBASpurs/comments/1sv35vx)"
2026-04-25 05:21:11,"STILL On track for 16-1    Dylan Harper #2  Scoot Henderson #00   Everyone knows 2 &gt; 00, so Dylan is greater than Scoot, it’s just math    🪉 with that SILLY DUNK, (Scoot messed up and woke up the beast in Harper)    Great coaching adjustments and closing out the game, I guess Portland just doesn’t know what time it is without Dame    👽 the best teammate and the look away when Harper dunked it was hilarious lol.    Go Spurs Go!"
2026-04-25 05:21:13,Dylan Harper
2026-04-25 05:21:14,THE DYLAN HARPER GAME
2026-04-25 05:21:14,DYLAN. HARPER.
2026-04-25 05:21:20,HUUGE win. and i'll be thinking about that kornet three for a few weeks at least
2026-04-25 05:21:21,Game went the same way the city of Portland has the last 20 years.
2026-04-25 05:21:22,DYLAN HAPRER GAME GOT US BACK IN IT HUGE WIN
2026-04-25 05:21:24,"Really embarrassed by a lot of our fan base in the game thread tonight.  If you’re gonna give up by halftime, just don’t bother watching us anymore. GSG"
2026-04-25 05:21:24,"Everyone one of you who vanished in the 3rd does not deserve to enjoy that win, Harper is the truth"
2026-04-25 05:21:26,"GOODBYE DOOMERS, THIS IS WHY WE'RE THE 2ND SEED. GO SPURS GO"
2026-04-25 05:21:26,I've seen enough harper needs to start over fox. He is him.
2026-04-25 05:21:27,"In their first road playoff game, Harper and castle combined for 60. We’re gonna be good for a long time"
2026-04-25 05:21:31,# HARPER BELT TO ASS THAT SCOOTER FRAUD
2026-04-25 05:21:33,Good win Spurs
2026-04-25 05:22:04,"Need to stay off the live threads. So many pathetic losers giving up the moment we have a bad play. Fuck those guys, GSG!!!"
2026-04-25 05:22:15,I’m sorry Harper. i wasn’t familiar with your game
2026-04-25 05:22:20,Let's get a posting ban going for all the doomers who wanted to trade everybody and fire Mitch down 6 on the road at half time.
2026-04-25 05:22:33,Castle had 33? Didn't even feel like it. This was definitely Harper's coming out party though.
2026-04-25 05:22:45,People want to just talk about Dylan Harper but Carter Bryant played amazing. Hit a HUGE step back three and then shut down Deni without fouling for most of the second half.
2026-04-25 05:22:46,"WHERE THE FUCK IS EVERYONE IN OUR OWN SUB SAYING IT WAS A WRAP   “IM DISAPPOINTED  KNEW THIS WOULD HAPPEN” CHIEF KEEF AINT THIS, CHIEF KEEF AINT THAT  SHUT THE FUCK UP"
2026-04-25 05:23:12,"In their win over the Trail Blazers, the Spurs’ 3-Headed Backcourt of Stephon Castle, Dylan Harper and De’Aaron Fox combine for 78 points, 16 rebounds, and 14 assists on .565/.533/.818 (.700 TS%) Huge game from the team’s 3 PGs, Castle kept them in the game early, Harper sparked the comeback, and Fox closed the game out late as the Spurs pull off the comeback win in Portland without Victor Wembanyama.  Source: https://www.nba.com/game/sas-vs-por-0042500153  Edit: Harper also had the youngest 25+ point double double in playoff history with his 27/10 rebounds!"
2026-04-25 05:23:14,San Antonio and Portland fans can unite on one front tonight. These refs are dog water. They were giving out shit calls like Oprah giving out free cars
2026-04-25 05:23:22,Scoot should've stayed quiet bro 😭 Harper was going crazy in the 4th
2026-04-25 05:23:29,Dont let carter beyant statline fool you. He was so impactful. The newbie trios outplayed the vets and won a playoff game
2026-04-25 05:25:28,"What a game, both teams kicked each others ass"
2026-04-25 05:26:32,Feed that Harper dunk into my veins!
2026-04-25 05:26:35,If get on here and talk about Dylan Harper but if at this point you don’t know you are just an ignoramus   THE KID IS  HIM
2026-04-25 05:27:48,Don’t let Spurs fans see you implying Fox isn’t the worst player in the NBA.
2026-04-25 05:28:09,"Keldon is 26, Vassell is 25, Vic is 22, Castle is 21, Bryant is 20, Harper is 20. My God"
2026-04-25 05:29:34,Wait WTF happened??? Spurs seemed cooked and I had to go to work and see this when I come back???
2026-04-25 05:34:01,"Spurs Backcourt Choices With both Castle and Harper dropping both 25 plus tonight the spurs have a good problem to have to be honest -  do they have harper hold bench till further notice as in maybe later next year or do they sacrifice Fox sooner rather than later to presumably ramp up the growth of Harper. I don’t want to be prisoner of the moment because its just one game and Fox is a Vet, former all star, clutch player of the year. I genuinely think they will end up having Harper hold bench just as long as they make deep playoff runs and get to the finals soon, if not they will probably scapegoat fox and trade him in a couple years if they dont reach the finals in a year or two. I dont think this has happend in the NBA before to this degree with 3 high performing guards, thoughts ?"
2026-04-25 05:35:37,"For how impactful Jrue Holiday was, our rookie matched him plus some! Jrue Holiday: 27/6/2/4stl | 11/17 | 5/9 3pt in 36:30   Dylan Harper: 27/9/3/1/1 | 9/11 | 4/5 3pt in 24:47  8 less minutes!  \-----  Also, I do wanna say, I've been a Fox defender this season and he did help us seal the deal at the end of the game today, but man, I hope he can turn it around in these playoffs. He has been a shotchucking momentum killer.   Either way, LET'S GO SPURS, on to Sunday!"
2026-04-25 05:36:08,I mean I think you have to trade Fox ASAP while he's still in his prime and you can get value for him. Maybe they'll let him go in the expansion draft if they can't find someone but I think a team is gonna be willing to take him this summer if they try
2026-04-25 05:36:11,No one’s taking on that fox contract.  Harper is already better than him but they have to play fox because they jumped the gun and paid him
2026-04-25 05:36:52,&gt; because its just one game  Dylan was arguably clutching games for the Spurs by the 1st month of this season  it hasnt been just one game  to Fox's credit he was already deferring to Steph and Dylan by the in season tournament
2026-04-25 05:37:30,"Manu was often either the Spurs’ best, 2nd best, or 3rd best player and he had no problems coming off of the bench.   Spurs are fine."
2026-04-25 05:39:06,Congratulations spurs fans. You lost 1 more game than the blazers in 2023 so you got wemby over scoot. And you lost 1 more game in 2024 so you got castle over Clingan. And you lost 2 more games in 2025 so you got Harper over pick 10
2026-04-25 05:40:54,"This sub is really low on fox for some reason. Like by the way people talk about him you'd think he's a negative player. He's still playing solidly, I think it's fine to have him start and let harper be on the bench. It's not like harper isn't getting minutes or something.   That said, he is a little overpaid for his contract, and it might be a problem when it comes time to pay wemby and castle. Maybe spurs will need to attach some picks to move him."
2026-04-25 05:43:37,"Harper was so efficient tonight, that shooting percentage is crazy good for rookie in playoff game"
2026-04-25 05:43:46,"Harper's been ready. Even in the regular season when he had opportunity, he put up numbers that wpuldve had him right there in the thick of the ROTY conversations. Idk how tradeable Fox is but SAS can sleep soundly knowing they have their future guard waiting to be unleashed"
2026-04-25 05:49:39,"I recall a podcast where Dylan Harper basically referenced James Harden coming off the bench early in his career so I think Harper accepts that even some superstars didn't start day 1. Though I see this as harper only provisionally accepting a bench role. Eventually, he's gonna deserve to be a starter. Hopefully, the team-wide chemistry the spurs seems to enjoy and hopefully more winning would make this phase enjoyable for him and the team"
2026-04-25 05:51:47,"Harper is good and is the future. That's for sure  HOWEVER  Letting rookies/sophomore experimenting different roles help develop them in the long run. Wemby had that opportunity. Castle had. Others also had, the most memorable one is Sochan PG role. Other team do that too, like Cooper in the playmaker role early this season.  On the other hand, Spurs is in win-now mode, earlier than expected. It is difficult to give Harper bigger role while still asking him to experiment. I am fine with him still playing behind Fox for the moment. Also, Fox may seem not playing up to his contract, but he can be damn good in every other game, and even on days he didn't shoot way, he moves so quick that can disrupt the defense and that doesn't show on the score sheet.  BUT  This is playoff time, not experiment time. I am perfectly fine letting Harper play more during playoffs."
2026-04-25 05:59:26,So play 7 games before a tough series with min/denver and then having to play a tough Okc team before going to the finals. You may not think they need rest but that’s your opinion. Also the more games the higher possibility of someone getting injured
2026-04-25 06:12:56,Trade Fox
2026-04-25 06:23:52,"Spurs back court duo of Castle and Harper combined for 60 points and 41 years of age on 19-30, shooting 7-9 from three. Absolute monster game from them on their first road playoff game of their career when it was critically needed with Wembanyama sitting out due to injury."
2026-04-25 06:26:28,Who did the kings get for the Fox trade?
2026-04-25 06:26:46,Castle + Harper = 41 years      Lebron James = 41 years old
2026-04-25 06:37:10,Jrue had a great game. But I'm glad he was a little quiet in the second half
2026-04-25 06:59:55,Fox was a +8 tonight although it isn't the best metric. Don't love the contract though but he'll be gone in 2 years.
2026-04-25 07:06:19,It’s crazy. Both in their first year right? Very impressive man. Wembanyama is 22 himself. What a future the Spurs have ahead of them.
2026-04-25 07:10:38,"Spurs rookie Dylan Harper with the 5th playoff 20 point/10 rebound double-double by a rookie in the last 15 years Jazz Donovan Mitchell had 22/11 &amp; 27/10 against OKC in 2018. VJ Edgecombe brought 30/10 to the Sixers win against Boston on Tuesday. The last before that? Warriors rookie Harrison Barnes dropping 26/10 against the Spurs in 2013  Career highs of 27/10 for Harper tonight on elite efficiency. He's been fearless all season, incredible to watch him step up tonight &amp; help take over the game for a W. Future is so bright.  Source: https://www.statmuse.com/nba/ask/nba-rookies-with-20-points-10-rebounds-in-a-playoff-game"
2026-04-25 07:14:06,Spurs are so lucky getting 2nd pick from like 10th
2026-04-25 07:24:56,"Harper, Castle, Victor—has the Spurs already assembled their championship-winning roster for the next 10 to 15 years? Perhaps I'm speaking too soon, but based on the current situation, I have no reason not to believe that they could be a trio-like combination for the Spurs over the next decade."
2026-04-25 07:29:12,You let anyone on the team not named wemby walk before this kid.  He is going to be so fucking good ma
2026-04-25 07:30:38,"You know, this duo is incredibly imaginative. Victor's unstoppable defense and burgeoning offense, Castle's explosive attack, and he even developed a three-point shot. Harper is a master strategist with excellent rhythm; he can handle the ball in isolation plays or create space, and of course, his three-point shooting has improved remarkably."
2026-04-25 07:31:41,"Just need to be smart with contracts but yes, it’s a matter of when not if, if they can keep wemby and Harper on the team long term    Keep castle and Bryant and it’s a gravy train"
2026-04-25 07:36:25,That’s the three. The role players will change around them.
2026-04-25 07:38:27,Spurs rookie Dylan Harper with the 5th playoff 20 point/10 rebound double-double by a rookie in the last 15 years
2026-04-25 07:52:45,Anyone else think the wemby castle harper trio is very similar to kd russ harden?
2026-04-25 07:58:28,Carter Bryant played some incredible defense on Deni idk man
2026-04-25 08:23:58,"the core for the next decade or so will be wemby, cb, castle, and harper"
2026-04-25 08:56:07,"The Spurs’ Castle Harper Fox “point guard trio” would have combined for 80 points except Fox missed two free throws at the end of the game with the outcome already decided (Rockets not trying to hold a lead here), so instead we get the much less satisfying 78 points."
2026-04-25 09:22:51,Dylan Harper is going to be so huge in the years to come.
2026-04-25 10:35:33,"I think Castle Victor would win championships with just the two of them. They play so well together and their strengths synergise so well, on offence and defence. And then when you look at them on the bench they are always talking to each other, analysing the game and critiquing what they did previously.  Harper and CB being absolute studs is just the cherry on top."
2026-04-25 14:03:53,"Genuine Question: What western team is the weakest in this playoffs so far? Obviously OKC, Spurs, and wolves are doing okay. Denver is widely considered as title contenders but are currently down 1-2. Suns are down 0-2 but they are battling the league’s best team. Lakers don’t have Luka and AR yet they are rolling right now. On paper it should be Portland, but the rockets are looking awful. What’s your opinion?"
2026-04-25 14:09:31,Depends what you value more. The Suns have the guard play but have no size to protect the paint. The Rockets have size and absolutely no guard helping their playmaking. I think they're equally as bad.
2026-04-25 14:33:38,Thank god we weaseled a game off the Spurs
2026-04-25 14:36:21,Rockets bro they play like they all have cte
2026-04-25 14:42:17,Rockets. The entire team has regressed. Amen didn’t take the next step. Shepherd is still so defensively limited. Sengun has kinda sucked post all star break. What on paper should probably be the 4th team in the west has looked dysfunctional and lost in the playoffs against a super injured Lakers.
2026-04-25 16:15:57,"[San Antonio Spurs] The second duo (Kevin Durant and Russell Westbrook) in NBA history, age 21 or younger, to each score 25+ points in the same playoff game."
2026-04-25 16:31:25,Spurs were down by as many as 15… they ended Game 3 on a 53-26 run over the last 17 minutes and won by 12 👀🏀
2026-04-25 17:49:03,Spurs bigman who rarely shoots from three swishes their first attempt in the first round of the playoffs with the team going on to win the game. Where have I heard that before? 🤔
2026-04-25 17:50:01,"""It isn't the same as the Duncan shot. The stakes were so much higher"" perchance but how different are they really? could you possibly even say its a third of the highlight? 🧐"
2026-04-25 19:13:37,"Something underrated here is that castle and Harper are able to take a lesser role and focus on defense without being the centerpiece of either with Fox and Wemby. Probably means they won’t get all star and all defense recognition for a while until at least their second contract, which will help tremendously with team construction. We saw this with Jokic and Murray, or even Trae and Jalen Johnson, having a much reduced role masks talent and helps rosters stay together for much longer"
2026-04-25 21:52:05,"An attacker (Castle), a playmaker (Harper), and a defensive anchor (Victor). If the two guards manage to bolster their shooting even more, and add to that general health, this core is pretty scary indeed."
2026-04-25 21:52:58,Kornet came into the league as a 3pt shooting big man. He hurt his shoulder and just stopped shooting them because the injury weakened his shoulder and sapped his range.  It's been a few years. Maybe he's been working behind the scenes to get back to that form. Good for him. the shot looked pure.
2026-04-25 22:58:06,"Reading NBA reddit makes me thankful social media wasn't around when MJ played The way some people overreact is so incredibly baffling. In the last few days including today I have seen posts here and in other groups discussing Pistons should trade Cade, Nuggets should trade Jokic, the Spurs need to trade for a star to win NOW (even though they are super young as a core in their first playoffs together), last week there were Magic blow it up and trade everyone and now they are up on the 1 seed.   Imagine if social media was around when Jordan was playing and we had this year in year out until he was 27 and finally won a ring. The amount of ""Bulls should trade Jordan"" and ""Jordan just puts up empty stats"" posts would be off the charts.   Maybe we dont need to overreact to every single game as if it's the end of someone's career if they drop a game or series? The best player to play this sport didnt win until they were 27 in their 7th playoff series."
2026-04-25 23:00:34,"Bill Russell would have been ruining the NBA with his try-hard “jumping up to block shots” and stopping the truly great players, like Bob Pettit, Bob Cousy and Jerry West from dominating"
2026-04-25 23:06:50,"Cade, Jokic, Murray, Brunson, Durant, Braun, Durant, Sengun, Ball, and Fox are all absolute trash.    Rudy Gobert was trash like a month ago and is now Dikembe Mutombo.    It's so ridiculous."
2026-04-25 23:07:49,"We had Usenet, mIRC and then newsgroups and forums.   They were all just as toxic as r/NBA, so y'all young ones didn't miss anything at all.   The players were absolutely not a part of it, but the fandoms were just as stupid back then as they are right now. Nothing's changed.   You can actually go on Google groups archives and look through old Usenet posts. You'll find the same shit. I used to be on alt-raps back then. Used to get into a lot of spats with ppl over some of the dumbest shit ever."
2026-04-25 23:13:59,We had talk radio after games then where we got to listen to callers give drunk irate takes.
2026-04-25 23:54:28,"Gratet Spurs Fan Blessed Spurs fan. Last night (and game 1) I was thinking 🤔 just how lucky I have been to witness absolute greatness my entire life (basically).   First, I fell in love with the Spurs as a young kid. A player was nice to me and I have been a stan ever since. Robinson's neighborhood, Sean Elliot's Taco Cabana, Malik Rose's Phillys Finest subs, Tim's Blackjack Auto, not to mention the Ice &amp; DRobs school &amp; community projects, Elliot on the mic, Danny holding his own on the TV, same with DBrown too.... Just awesome stuff. Seeing so many greats STILL involved in any way with the team has been exceptional &amp; not the norm.   Along the way it has been stellar play leading to 5 chips &amp; a playoff streak that's legal to drink. Manu and NOW... KJ being named 6th MOTY. DRob &amp; Duncan being named MVPs of the entire league. Man, just love being a fan of this team.  Even in the down years I was still an 'every dayer' because even though the Cowboys &amp; now Texans have sent me into being a free-agent NFL fan, I will NEVER not be a Spurs fan Por Vida.  THEN, getting the 1st pick (Wemby) was the best day  (night) for so many reasons. The narrative was always like 'Spurs will never win one' and then Timmeh &amp; 5-ohh did it twice (take that asterisk). Manu had me smiling from ear to ear so often my cheeks would hurt 😎. But winning ""THE Next"" was special, and we knew it. Spurs were back baby. I said early in his rookie year when everyone was all eyes on him to see his flaws or whatever (more like jealousy) that ""by year 3 is when the winning starts"" and I got dog walked for ? reason. I just remember how things go in Spurs world &amp; only Tim was the exception because he entered a ready-to-go team (took a minute but once they got going it was curtains).   Wemby has been a breath of fresh air. Insightful, courteous, smart, talkative, swag rizz, fearless, wants greatness, worldly, mega star, winner, hard worker (not a Shaq), well read, humble but then expectant too, coachable (like Duncan), eye catching plays &amp; views, &amp; more. Deserved DPOY all 3 years but will take this year there was zero doubt first unanimous &amp; youngest ever. Greatness.   That's why IMO last night's win was HUGE. Yeah it's only in the first round but that's the kind of play/game that makes a team TRULY contenders. No Wemby so talking heads gave the Spurs no chance...enter Dylan Harper.   We all know that Castle is gonna give it all he's got. He has been fantastic. But who was gonna step up minus the 'big guy'... Scoot &amp; Dylan have been jarring since game 1 BUT last night Harper put on a ""Manu show"" and it was glorious to see the rook play like a seasoned vet. A budding star. A future All Star? Before last night talking heads were saying like 'Spurs shoulda drafted Kon' but I would take the dog that is Dylan Harper over Kon any day of the week. Kon disappeared in the play-in....Dylan dog walked the Blazers IN the playoffs.   Don't know WHAT will happen next but kinda feel like THIS is what Keldon Johnson said ""start of something really special"" and I am. Here. For. It. 💪 GSG!"
2026-04-26 00:17:11,"Which Team Would Most Disappointing If They Lost In The First Round? OKC, SA, LAL, BOS and CLE are going to win. So there's five teams you can't count.  Of their opponents, you definitely can't include PHX, POR or TOR. Those teams had successful seasons. Far exceeded expectations.  There's eight teams.  In real-time. the Pistons losing in the first round would be disappointing, but if you look at their overall season and the fact no one even going into the playoffs took them serious as a contender, then you can't really call their season a disappointment. And Orlando had a very disappointing season overall, but a competitive first round series gives them hope for next season.  10 teams.  Atlanta is getting the #5 seed is their NBA Finals this season. A hell of a season for them.  11 teams.  So, that leaves five.  And, honestly, Philly is only on the list because of having Embiid.   Of the remaining four, he's my order of where a first-round series loss would be just a disaster:  4) Houston. The KD move was a win-now move. I get the injury to FVV definitely didn't help them. But, I'm not going to pretend the guy is Magic Johnson. He played 60 games last year and had a 12.8 PER. If you are unfamiliar with PER, 15.0 is the baseline for a decent player. And everyone knew going into the series he was out. Everyone still picked Houston to win. The franchise feels directionless.   3) Minnesota. They've made two straight WCF. Taking two steps back would obviously be a big disappointment. Unlike Houston, the Wolves do have a player that makes you excited about the future. But, losing in the first round would be incredibly disappointing for them. And lead to a very interesting offseason. Gobert and Randle would be entering next season on expiring deals. They could decide to just run it back one more time, but I have to think they'd move one or both.  2) Knicks. I don't view them as a title team, but they do. And they gave up with their future draft capital to form their team. I feel a conference finals run would be fine based on their talent, but a first-round loss? Can't be an option.  1) Denver. I've often said I don't get the kid's gloves treatment with Joker. He IS amazing. In a just world, he would win MVP this year. Which would be his FOURTH. I don't care what player you are talking about. Ever. A 3 or 4 time MVP in his prime? What other possible option is there other than making the Finals??? All the talk in Game 82 was about the Spurs being silly for not ""avoiding"" Denver in the second round, but they could end up ""avoiding"" them by....Denver not making the second round."
2026-04-26 00:18:11,Facts. Wemby has one rough shooting night and half this sub is like “Spurs gotta cash in before his value drops” then two games later he’s the next GOAT again.  If MJ had Reddit they’d call him a choker for losing to the Celtics and “fake empty stats merchant.” People forget development and continuity matter. Let these young cores cook a bit.
2026-04-26 00:24:50,"Game 3 Observations - Rookies become Rocky Castle - continues to be the ""foul"" machine taking matters into his own hands. A big step up.  Kornet - Even shooting a 3-Bolt. He also knew the playoff mode with playoff hard fouls.  Harper /Bryant - A combined +42. Rookies become Rocky. Harper's breakout game is a surprise to non Spurs fans. He is such a poised chilled player. He also did trash talk but most importantly supported by muscles/action. After taunting Harper, Harper had two blocks and Scoot went downhill from then onwards.   Bryant - a defensive x factor. Blazer players complained that they did not receive a memo that Carter is a Bryemby that blocks everyone. He now seldom fell for foul baiting.   Mitch Johnson - Two great pieces of work. CB bringing up the ball since the opposing center left him tons of space. It relieved some pressure to the guards. In 2nd half, CB was defending Avdija while KJ became the center battling position against Blazers Center. CB quick feet is quite effective. While I am surprised CB was sub out in final minutes but it's nice to see the 3 guards monster."
2026-04-26 00:27:01,Dylan Harper played like a seasoned veteran in Gm3
2026-04-26 00:27:17,CB is everything Sochan was supposed to be
2026-04-26 02:52:10,"Donte DiVincenzo becomes the 4th jersey number 0 in the playoffs to suffer an achilles tear in less than one year.  Nine 0s and three 00s remain in the playoffs. |Jersey Number|Player|Team|Games (RS+Playoffs)|Minutes (RS+Playoffs)| |:-|:-|:-|:-|:-| |\#0|Aaron Holiday|Houston Rockets|60|803| |\#0|A.J. Lawson|Toronto Raptors|27|247| |\#0|Anthony Black|Orlando Magic|67|1959| |\#0|Christian Braun|Denver Nuggets|47|1494| |*#0*|*Donte DiVincenzo*|*Minnesota Timberwolves*|*85*|*2593*| |\#0|Jalen Duren|Detroit Pistons|73|2043| |\#0|Jayson Tatum|Boston Celtics|19|635| |\#0|Jonathan Kuminga|Atlanta Hawks|39|921| |\#0|Ryan Dunn|Phoenix Suns|73|1389| |\#0|Tyrese Maxey|Philadelphia 76ers|73|2782| |\#00|Jordan Clarkson|New York Knicks|75|1320| |\#00|Royce O’Neale|Phoenix Suns|81|2270| |\#00|Scoot Henderson|Portland Trailblazers|33|848|  The Thunder, Spurs, Cavs, and Lakers are the four #0 resistant teams remaining."
2026-04-26 02:53:48,How many of these posts do we need god damn.
2026-04-26 02:58:51,"Also why is this bs still on live, nothing happened they love glazing the orange man"
2026-04-26 03:23:19,"Spurs watching NBA fans dogpile the Nuggets for drawing the Wolves by winning their regular season finale, not realizing we were just so genuinely ass they couldn't lose if they tried"
2026-04-26 03:26:39,Nah us losing game 82 was 5D chess lmao.  ^(/s)
2026-04-26 03:31:02,NBA Teams that recovered from a 1-3 deficit in NBA Playoffs Rank | Team            | Series Details  \-----|-----------------|--------------------------------------------------------------  13   | 2020 Nuggets    | Won 4–3 vs Clippers (from 1–3) – West Semifinals  12   | 2020 Nuggets    | Won 4–3 vs Jazz (from 1–3) – First Round  11   | 2016 Cavaliers  | Won 4–3 vs Warriors (from 1–3) – NBA Finals  10   | 2016 Warriors   | Won 4–3 vs Thunder (from 1–3) – West Finals  9    | 2015 Rockets    | Won 4–3 vs Clippers (from 1–3) – West Semifinals  8    | 2006 Suns       | Won 4–3 vs Lakers (from 1–3) – First Round  7    | 2003 Pistons    | Won 4–3 vs Magic (from 1–3) – East First Round  6    | 1997 Heat       | Won 4–3 vs Knicks (from 1–3) – East Semifinals  5    | 1995 Rockets    | Won 4–3 vs Suns (from 1–3) – West Semifinals  4    | 1981 Celtics    | Won 4–3 vs 76ers (from 1–3) – East Finals  3    | 1979 Bullets    | Won 4–3 vs Spurs (from 1–3) – East Finals  2    | 1970 Lakers     | Won 4–3 vs Suns (from 1–3) – West Semifinals  1    | 1968 Celtics    | Won 4–3 vs 76ers (from 1–3) – East Finals  https://www.landofbasketball.com/statistics/playoff\_series\_3\_1\_recovered.htm
2026-04-26 03:32:37,i am now rooting for this series to go to 7 with injured wolves winning so spurs can have an easy 2nd round and beat the thunder to save the nba
2026-04-26 03:32:45,If Edwards is out for the series it's a possibility
2026-04-26 03:32:52,I mean if the Wolves are about to miss their backcourt &amp; best player for the rest of the series. The nuggets are practically set for a Mickey Mouse comeback
2026-04-26 03:32:53,"It's doable for Denver, but they have to get their heads out of their asses. They have done NOTHING to prove Jaden McDaniels wrong"
2026-04-26 03:32:59,This tells me we’re due for a comeback
2026-04-26 03:33:14,never forget that kawhi and PG had the worse game 7 by a duo in nba history.
2026-04-26 03:33:24,Spurs played the game to lose. they just dont want it to be obvious../s 😂
2026-04-26 03:33:39,I still remember that 2016 series like it was yesterday. My favorite series of my lifetime with second being 8th seed Warriors over the Mavs.
2026-04-26 03:33:57,If Edwards is out for the whole series it might happen.
2026-04-26 04:13:26,"What’s going on with this sub and the Fox slander? Facts, we’ve just had an incredible regular season and Fox has been a major part off that, he’s been key in winning a number of games and getting us to where we are right now.   He’s a leader, a great team player, he gets everyone involved and has stepped up big time throughout the season. I’ve been a member of this sub since 2015, been through all the heart break we finally have something amazing going on and we’ve got these insufferable, toxic people talking nonsense and bringing this place down, as spurs fans we’re meant to be better than this and it’s getting boring real fast.   If you really must vent that bs keep it on toxic platforms like X don’t lower our sub with it.  Here’s his [stats](https://www.basketball-reference.com/players/f/foxde01.html)  He’s basically had one of his best seasons on record with 72 games played!"
2026-04-26 04:16:56,I think anyone can talk about anything they want regarding the spurs on this sub. That’s the point of discussion .
2026-04-26 04:18:21,"Last time we were awesome, social media hadn't hit it's toxic peak yet. Also, this time will be different, as due to Wemby, we have a ton of bandwagon fans like the warriors have had for years. A good portion of the online fan base hasn't been Spurs fans until this year"
2026-04-26 04:21:01,"The discussions people are having about Fox on this sub is not slander. For someone being paid as much as he is, there are times when his play has been worthy of criticism. Given the situation with Castke and Harper, it’s no surprise people bring up his future on the team."
2026-04-26 04:26:35,Some of the language has been over the top but he's not playing great since the All-star break. This is a guy who dropped 60 in a competitive game last year for the Kings. And he was awesome when Wemby was out with the calf strain.
2026-04-26 04:29:13,Fox is a great addition. We had to spend the money on someone. To get a decent PF other teams wanted draft picks and Castle. We were also lucky to get Harper afterward. Chill out on the Fox slander he is good. He sometimes has rough games but we have so many other players were not solely relying on him. Hes also a great locker room guy. Better to have Fox then give up Castle and all our good picks for Durant or Giannis.
2026-04-26 04:34:59,We want him to play like a max contract player should. Nothing more than that. Just meet the expectations that you are being paid for.
2026-04-26 04:35:30,Idk if gambling chat is acceptable here but since Edward’s and Donte are injured i was intrigued to see the odds of the 3-1 commbank and the sports book I looked at has Denver barely over a 2-1 odds to win the series thats gotta be the lowest for a 3-1 comeback right
2026-04-26 04:37:13,"Policing Fandom isnt a good thing. Toxic negativity, and toxic positivity are the same thing, just opposite sides of the spectrum. Fox is capable of more. But the guy has been a role player. He isnt stepping up, makes bad decisions late in games, pretty much ends momentum at times with his shooting. He hasnt stepped up. In fact he let two rookies and Castle outshine him. We need him without Wemby, and he hasnt done that in the playoffs. And he's been mediocre since All Star break."
2026-04-26 04:48:19,People aren't actually watching the game closely enough  The blazers were gluing their best defenders to Fox treating him like the threat he is which is what allowed Steph and Dylan to do what they did last night
2026-04-26 04:50:20,The alternative is to have that KD persona - throw up great stats at the expense of our young studs growing … looking at where rockets are now… I’ll take fox anyday
2026-04-26 04:50:54,Does this sub even have mods? Surely they can make some kind of Fox hate boner megathtead so the rest of us can discuss basketball in peace
2026-04-26 04:53:38,Criticizing Fox is all good. Criticizing him after a bad ass win is just hater activity. The dude literally played a decent game in a playoff road win.
2026-04-26 05:01:49,It’s not slander to say he is underperforming his salary and is going to get in the way of our other guards. He is great and I don’t think anyone hates him. He has served an important role on this team and hopefully we get a chip with him. Soon we will have to pay wemby castle and harper though.
2026-04-26 05:09:02,I'm just rooting for him. He's definitely helped us maintain leads and had a solid season overall. I want to see him catch fire in a playoff game.
2026-04-26 05:12:52,Who wants to lose money on Rockets one last time with me??
2026-04-26 05:17:44,Fox is getting paid superstar money for mediocre play.
2026-04-26 05:28:49,"The whole theme this year is that the spurs are a real team.. Team basketball. The guy who is going off goes off.. 7 players (so close to 8!) on double digits..   Yet everyone wants fix to play like Kobe.   But that's not spurs basketball.   Dude has played selfless basketball and worked his butt... We've grown Castle and Harper.. And he has absolutely put the team on his back when it's been needed.   The fact is that all the people bitching about Fox in the playoffs or Fox since Allstar were the same assholes screaming that we should trade Fox in the offseason because we didn't need him.   He could take over the game, score 60 and they would be bitching that he's trying to be ""t by e man"" over wemby..   The haters are going to hate and I'll just keep blocking their asses because they aren't worth listening to.   Fuck em"
2026-04-26 05:38:30,Feels similar to when LMA joined &amp; how some folks could just never appreciate him even during the 60+ Win season until the whole Kawhi exit saga happened. Wouldn't be too surprised if that becomes the case again. Folks need to realize that Spurs just ain't trading Fox no matter the outcome. Spurs proven themselves time &amp; again that they rather figure shit out with the players than trade especially after how long that Kawhi saga lasted to how long we actually kept LMA than trading him.
2026-04-26 05:38:38,Have to remind people that we started Mason Plumlee that game
2026-04-26 05:40:11,"He also could have very easily played ball dominant in the regular season. We would probably be praising his production too, if his early tenure is anything to go by.   Instead, he took a smaller role to let Castle and Dylan develop. Remarkable leadership and sacrifice for the good of the team. Hating on him is myopic imo"
2026-04-26 05:53:42,"Expectations. Fox is earning 50mil a year. its his first year with the team since the trade. im sure he is still feeling out his role. hes not really the go to guy  since we have wemby and we have lots of talented guards. i think hes good and doesnt deserve the hate he gets. great at getting to the basket, really good mid range shooter, but very streaky 3pt shooter."
2026-04-26 06:01:47,The Fox hate is disappointing given we wouldn’t be where we are without him.
2026-04-26 06:03:27,I love him and all the boys. Even our Polish Prince! We should back our guys through all their tough spots not just when they're kicking ass.
2026-04-26 06:05:13,Why are the timberwolves only -168 to win the series??? Why should I not bet like 500 bucks on this? I understand the injuries but they just need to win 1 more game out of 3.
2026-04-26 07:29:25,"Yeah, honestly crazy the amount of slander that's out there. The next time someone wants to slander Fox or anyone else on this team, please think about what Wemby or Pop or whoever would say to you if you said what you were about to post to his face.  It's fair to criticize Fox for some of his performances this season, but he's absolutely been a huge reason why the team has performed so well.   Edit: I also cringe every time he bricks a three without driving towards the basket or starting a play so I'm not saying I don't see why people are so critical of him,, but he's been a crucial part of this team all year, and I definitely don't think we'd be in the position we're in right now if it weren't for his leadership."
2026-04-26 07:36:48,Most of the people in this sub barely understand how to watch basketball and/or have never played the sport at any competitive level. Every true ball knower respects the fuck out of Fox. I have several friends who have played at very high levels collegiately - they all praise Fox.   I'm a big fan of Fox. He's one of the best guards in the NBA and we're so lucky to have him.
2026-04-26 08:05:10,"People just need to chill and learn how to express criticism while showing fervent support.   Fox's our guy. He's choose to be with us, one of the few. And after he join the team, we get to 62 wins by being one of the main guys. The chemistry will only go up from here.   Don't do you evaluation based on boxscore. Basketball is a holistic game. If you only have time to boxscore watching, refrain from making harsh criticism. Qualify them.   From a scale of 1 to 10 with 10 being the best, your assessment of Fox should never be lower than 7 even if he just score 0 points in a game. ""God what a horrible game game, but I am sure he will bounce back"" should be your response. Because whatever Fox's doing, it's working for the team. Get it? It's working  Or do you want Fox trying to ballhog and steal opportunities from Castle and Harper? Because that's what you are encouraging him to do."
2026-04-26 09:53:31,Casual viewers don’t know how basketball works on a deeper level. I’m so glad we have fox. He makes life easier for us.
2026-04-26 10:01:17,"Someone recently asked me the difference between the American and British sports media, and my answer was ‘Americans dig deep for the most random stats like ‘Chicago haven’t lost on the road on a week night wearing the black pin stripe since 13 October 2019’ while the English say things like ‘they played really well tonight. Let’s see how they go on a cold Wednesdee night in Stoke’."
2026-04-26 10:09:26,"you wouldn't feel this way if two 20-year-old rookies and a 21-year-old 2nd year player didn't step up to win this game.   spurs melted down in the final 5mins of game 2 and the 28-year-old in his ""prime"" on a max contract guy did nothing of value.   mvp candidate was out and a young team was letting go of the rope, these are the moments he should be stepping up and he hasn't."
2026-04-26 11:00:33,"Fox will be paid as much as Jokic at a point and for that money, he doesn’t have the production necessary. If we have to deal either Castle or Harper because of his mammoth contract, it will he a monumental mistake."
2026-04-26 12:57:05,Its because we didnt go undefeated. Everyone was expecting the spurs to go undefeated with him on the team. So we got to blame someone.
2026-04-28 15:54:39,Harrison Barnes knows these San Antonio Spurs are chasing a higher standard - Andscape
2026-04-26 22:36:19,"San Antonio vs. Portland, Final Score: Spurs dominate second half in 114-93 Game Four Victory - Pounding The Rock"
2026-04-26 23:28:38,Spurs' path to sixth title just took two massive jumps in less than 24 hours - Air Alamo
2026-04-28 19:46:00,"Thunder vs Spurs feels predestined for West finals, not just for this year's NBA Playoffs - The Oklahoman"
2026-04-28 14:00:00,"Road to the NBA Finals: NBA Playoff Predictions, Picks for Every Game on Tuesday - Sports Illustrated"
2026-04-28 05:04:00,"2026 NBA playoffs: Schedule, scores, news and highlights - ESPN"
2026-04-13 07:00:00,"Who’ll win 2026 NBA Finals: Thunder, Spurs or Celtics? Anonymous player poll results - The New York Times"
2026-04-14 07:00:00,"2026 NBA playoffs: Predicting each series, including the Finals - ESPN"
2026-04-28 17:25:05,"Portland Trail Blazers vs San Antonio Spurs: Where to watch Game 5 tonight, time, channel and more - Yahoo Sports"
2026-04-28 13:24:28,"2026 NBA playoffs first-round series odds: Celtics, Spurs favored for close-out wins - The Athletic - The New York Times"
2026-04-27 00:32:20,4 takeaways: Victor Wembanyama returns and De'Aaron Fox keys dominant 2nd half in Game 4 - NBA
2026-04-26 05:00:00,"San Antonio Spurs | NBA, Basketball, History, & Notable Players - Britannica"
2026-04-28 08:00:01,"What channel is Spurs vs. Blazers on today? Time, TV schedule, live stream to watch Game 5 of NBA Playoffs series - sportingnews.com"
2026-04-28 22:11:00,"Trail Blazers vs Spurs Prediction, Picks & Best Bets for Tonight's NBA Playoffs Game 5 - Yahoo Sports"
2026-04-27 15:16:47,"Spurs, Celtics Skyrocket in Latest NBA Finals Odds; Lakers Remain in Top 8 - Sports Illustrated"
2026-04-25 07:24:30,4 takeaways: Dylan Harper's career night spurs San Antonio comeback over Blazers Game 3 - NBA
2026-04-28 14:41:00,Trail Blazers vs Spurs Same-Game Parlay for Tuesday's NBA Playoffs Game 5 - Yahoo Sports
2026-04-26 23:09:00,Spurs overwhelm Blazers late in Wembanyama's return - ESPN
2026-04-26 19:30:00,Blazers Look To Even Series Versus Spurs Sunday Afternoon At Moda Center - NBA
2026-04-28 12:00:02,"Trail Blazers vs. Spurs Prediction, Odds and Best Prop Bets for NBA Playoffs Game 5 - Sports Illustrated"
2026-04-27 11:00:00,Is 'foul up 3' a game-winning strategy or clutch-time saboteur? - ESPN
2026-04-26 22:36:19,"San Antonio vs. Portland, Final Score: Spurs dominate second half in 114-93 Game Four Victory - Yahoo Sports"
2026-04-27 14:40:00,"2025-26 NBA Title Odds: Thunder, Spurs Remain Favored - FOX Sports"
2026-04-28 10:31:04,"Carmelo, Vince & T-Mac On LeBron🧹sweep Rockets, Spurs To NBA Finals, Knicks Doom Day | NBA Showtime (64ESTIjAmX) - Fathom Journal"
2026-04-25 06:25:01,"Recap: Celtics, Lakers & Spurs all win on road to take leads - NBA"
2026-04-26 14:22:00,"2026 NBA playoffs first-round series odds: Lakers go for sweep, but Rockets are favored - The New York Times"
2026-04-14 07:00:00,"Spurs-Trail Blazers: Schedule, how to watch, predictions & analysis - NBA"
2026-04-27 15:34:42,"Ex-Spurs owner Holt, captain trade drug smuggling, extortion claims - San Antonio Express-News"
2026-04-14 07:00:00,Why ESPN predicts Spurs to win NBA title - San Antonio Express-News
2026-04-19 07:00:00,What will the energy in San Antonio be like if Spurs make the finals? - MySA
2026-04-14 07:00:00,Portland Trail Blazers Playoffs Schedule vs. San Antonio Spurs Set - Blazer's Edge
2026-04-21 07:00:00,"Nuggets 114-105 Spurs (Apr 16, 2019) Final Score - ESPN"
2026-04-18 07:00:00,How to Watch Portland Trail Blazers vs. San Antonio Spurs Game 1 - NBA Playoffs on NBC - NBC TV Network
2026-04-02 07:00:00,NBA playoff futures: Back the Spurs? Will 76ers surprise? - ESPN
2026-04-15 07:00:00,NBA Playoffs 2026: Is postseason experience now a playoff tax? Why Wemby and the Spurs can win it all - Yahoo Sports
2026-04-19 07:00:00,"Trail Blazers vs. Spurs in Game 1 of playoffs: How to watch streaming live, game preview, odds - OregonLive.com"
2026-04-14 07:00:00,How the Spurs roster will look for the playoffs - San Antonio Express-News
2026-04-12 07:00:00,Playoff Path and History: Stakes for Spurs on Final Day of Regular Season - Sports Illustrated
2026-04-13 07:00:00,"NBA playoffs: Nuggets secure No. 3 seed with win over Spurs, sending Lakers to No. 4 - Yahoo Sports"
2026-04-26 16:19:00,"Spurs vs Trail Blazers Prediction, Picks & Best Bets for Today's NBA Playoffs Game 4 - Covers.com"
2026-04-13 03:37:44,2026 Playoffs: West First Round | SAS (2) vs. POR (7) - NBA
2026-04-16 07:00:00,These are the top 10 playoff runs in San Antonio Spurs history - San Antonio Express-News
2026-04-18 07:00:00,"2026 NBA playoffs schedule: Game times, dates announced for entire first round - CBS Sports"
2026-04-08 16:09:33,Trail Blazers Face Spurs Wednesday In Final Road Game Or The Regular Season | Portland Trail Blazers - NBA
2026-03-05 08:00:00,How Spurs made NBA Finals potential extremely clear during franchise tradition - Yahoo Sports
2026-04-21 13:28:21,How to watch Portland Trail Blazers vs. San Antonio Spurs Game 2 - NBC TV Network
2026-04-22 15:54:54,NBA championship and Finals MVP odds: No. 1 seed Pistons now 45-1 to win title - ESPN
2026-04-13 07:00:00,"Predicting the 2026 NBA Finals Winner: Thunder, Spurs, or Celtics? - Sports Illustrated"
2025-12-17 08:00:00,"NBA Cup takeaways: Spurs, Knicks set for final as Wembanyama, Brunson surge - The Athletic - The New York Times"
2025-12-14 08:00:00,"Victor Wembanyama, Spurs shock Thunder to make NBA Cup final - ESPN"
2026-03-10 07:00:00,Do Spurs or Celtics have better shot at 2026 NBA title? Experts make picks ahead of potential Finals preview - CBS Sports
2026-04-26 18:19:00,"Spurs vs Trail Blazers Prediction, Picks, Odds for NBA Playoffs Game 4 - Action Network"
2026-04-25 12:58:00,"NBA playoffs winners and losers: Bronny James makes impact, Spurs are more than Wemby, Celtics' math adds up - CBS Sports"
2026-03-06 08:00:00,"San Antonio vs. Los Angeles, Final Score: Spurs complete 25-point comeback in a wild finish, 116-112 - Pounding The Rock"
2026-04-18 07:00:00,NBA playoffs 2026: Previewing all 20 teams still vying for the title - ESPN
2026-03-20 07:00:00,Spurs end 6-year playoff drought behind Wembanyama's game winner - ESPN
2025-12-17 08:00:00,Can the Spurs turn their NBA Cup run into a Finals berth? - ESPN
2026-04-12 07:00:00,Nuggets beat Spurs in final game of 2025-26 - NBA
2026-04-26 15:30:00,Final Injury Report for Spurs-Trail Blazers Game 4: Will Victor Wembanyama Play? - Athlon Sports
2026-02-25 08:00:00,The Bounce: Are the Spurs ready to win it all … this year? - The New York Times
2025-12-17 08:00:00,"NBA Cup final: Prize money, odds, streaming info for Knicks vs. Spurs in Vegas title game - The Athletic - The New York Times"
2026-03-26 07:00:00,Victor Wembanyama isn't sole reason why Spurs are title contenders - NBA
2026-04-09 07:00:00,"Who Could Spurs Face in Playoffs? Tiebreaker Scenarios, Play-In Schedule - Sports Illustrated"
2026-04-18 07:00:00,"Spurs 103-74 Cavaliers (Mar 27, 2017) Final Score - ESPN"
2025-12-17 08:00:00,Knicks-Spurs: 4 takeaways as New York captures Emirates NBA Cup - NBA
2026-03-11 07:00:00,Controversial ejection mars potential Finals preview between Spurs and Celtics - San Antonio Express-News
2026-04-20 07:00:00,"Recap: 2026 NBA Playoffs, R1 | Celtics, Thunder, Magic and Spurs start 1-0 - NBA"
2025-12-15 08:00:00,Spurs mull bringing Victor Wembanyama off bench in Cup final - ESPN
2025-12-14 06:21:55,"San Antonio Spurs vs New York Knicks Dec 16, 2025 Game Summary - NBA"
2026-04-22 18:09:54,Watch Chris Broussard's bold Spurs NBA Finals prediction - First Things First - FOX One
2026-02-17 08:00:00,Spurs have secret weapon to crashing the NBA Finals nobody is talking about - Air Alamo
2026-04-25 01:15:00,Victor Wembanyama will not play for Spurs in Game 3 vs. Blazers - ClutchPoints
2026-04-28 03:24:48,"Wembanyama Gives Spurs Realistic 20% Title Shot in 2026, Finals MVP Favorite if They Win - International Business Times Australia"
2025-12-16 08:00:00,Knicks-Spurs: Emirates NBA Cup 2025 Championship preview - NBA
2026-04-03 07:00:00,This San Antonio store is offering free furniture if the Spurs win the NBA Finals. But there's a catch. - kens5.com
2026-03-19 07:00:00,"San Antonio vs. Phoenix, Final Score: Wemby lifts Spurs past Suns in final second, 101-100 - Pounding The Rock"
2025-12-13 08:00:00,Victor Wembanyama returns to give Spurs emotional edge against Thunder in NBA Cup Semifinals win - NBA
2026-04-15 07:00:00,San Antonio Spurs Get Major NBA Playoffs News - heavy.com
2026-02-24 08:00:00,Spurs Climb to 3rd in NBA Title Odds as Top Teams Maintain Dominance - Yahoo Sports
2026-03-12 07:00:00,Can Victor Wembanyama and the Spurs win the title? They'd have to upend 50 years of NBA history to do so - CBS Sports
2026-03-01 08:00:00,"San Antonio at New York, Final Score: Spurs can’t get out of the mud against the Knicks, 114-89 - Pounding The Rock"
2025-10-17 07:00:00,Warriors vs. Spurs for an NBA Finals bid? What needs to go right for every West team - San Francisco Chronicle
2025-12-11 05:44:58,"San Antonio Spurs vs Oklahoma City Thunder Dec 13, 2025 Game Summary - NBA"
2026-02-17 08:00:00,"Doug Moe, who coached Spurs to brink of NBA finals in 1979, dies at 87 - San Antonio Express-News"
2026-03-22 07:00:00,Spurs’ path to a championship just became a lot clearer - Air Alamo
2026-01-13 08:00:00,"Alex Caruso thinks Spurs are a Finals team, for more than just Wemby - Yahoo Sports"
2026-03-22 07:00:00,AUSTIN SPURS CLINCH PLAYOFF BERTH IN 20TH SEASON - Austin Spurs
2026-04-11 07:00:00,If NBA playoffs started today: Projecting first-round matchups in season’s final weekend - The New York Times
2026-03-09 07:00:00,How deep do you think the Spurs will go in the playoffs this year? - WOAI
2026-04-13 07:00:00,Will Wemby take the Spurs to the finals? - The New York Times
2025-10-15 07:00:00,San Antonio Spurs most rebounds in a playoff game - NBA
2026-03-12 07:00:00,"Gordon Hayward Predicts NBA Finals Winner, Shares Why He Likes Spurs in Western Conference - Sports Illustrated"
2026-02-24 08:00:00,Recap: Spurs defeat Pistons in potential NBA Finals preview - NBA
2025-12-15 08:00:00,This is where Spurs fans can watch the NBA Cup Finals game vs. the Knicks - San Antonio Express-News
2026-03-20 07:00:00,"Victor Wembanyama drills game-winner to lift Spurs past Suns, clinch team's first playoff berth since 2019 - Yahoo Sports"
2025-12-15 08:00:00,When is the 2025 NBA Cup Final? Where to watch Knicks-Spurs battle for trophy - NBC New York
2026-03-25 07:00:00,Spurs playoffs tickets: When and where to buy them - San Antonio Express-News
2026-02-17 08:00:00,How Victor Wembanyama and the Spurs turned adversity into wins - ESPN
2025-12-17 08:00:00,"Knicks rally to beat Spurs, win first NBA Cup final - Al Jazeera"
2025-12-16 08:00:00,Spurs' biggest flaw was on full display during crushing NBA Cup Finals loss - Air Alamo
